{"type":"FeatureCollection", "features": [
{"type":"Feature","geometry":{"type":"Polygon","coordinates":[[[-68.10514813607412,-54.850078844970106],[-67.87359720712305,-54.8153031243732],[-68.63626344190322,-54.34637142153345],[-68.78366458411577,-54.23481696763587],[-68.86927821361554,-54.139025829097505],[-69.31483808479051,-53.52791607113276],[-69.38632950454783,-53.54131133344992],[-70.09725790811243,-54.46640278702962],[-70.09744781698252,-54.46653125361731],[-68.10514813607412,-54.850078844970106]]]},"properties":{"featurecla":"Land","scalerank":0,"min_zoom":0}},
{"type":"Feature","geometry":null,"properties":{"featurecla":"Land","scalerank":0,"min_zoom":0.5}},
{"type":"Feature","geometry":null,"properties":{"featurecla":"Land","scalerank":0,"min_zoom":0.5}},
{"type":"Feature","geometry":{"type":"Polygon","coordinates":[[[147.37290532584072,-41.73990085954313],[146.31226941784547,-41.8680966071087],[146.13831149233428,-41.84925529661998],[146.60075791612368,-42.64778350000259],[147.37559190963546,-41.83376104004764],[147.37290532584072,-41.73990085954313]]]},"properties":{"featurecla":"Land","scalerank":0,"min_zoom":0}},
{"type":"Feature","geometry":{"type":"Polygon","coordinates":[[[167.92201555711324,-45.667815252803805],[169.07741128063319,-45.864020735647046],[169.73106147482738,-45.47424823568167],[170.60705191590392,-43.86335781346349],[170.74072807824396,-43.743906525913395],[170.9059726933533,-43.64745964319664],[171.59416832410196,-43.3251843279864],[173.19176826462473,-41.630509132963965],[173.0018538392787,-41.620510275631645],[172.73230811051286,-41.63548956412217],[171.9375765993059,-42.926144088062536],[171.7990641652941,-43.03799480729783],[167.9779623499136,-45.48181006924925],[167.92201555711324,-45.667815252803805]]]},"properties":{"featurecla":"Land","scalerank":0,"min_zoom":0}},
{"type":"Feature","geometry":{"type":"Polygon","coordinates":[[[177.21232608261204,-38.56489396408499],[176.71971274779463,-38.61825862790365],[176.55874586043177,-38.60278313412506],[176.4038996554887,-38.56524714322356],[176.26011228409627,-38.50685122843185],[175.53020911449053,-38.12862175939279],[175.43687902216254,-39.000202752712745],[175.3673969425333,-39.13552011714131],[175.2656023875867,-39.25505752631251],[175.4748465189591,-39.33398001406267],[175.62472622625324,-39.44689274902451],[175.73859469105736,-39.582722843921665],[175.94274609010378,-39.9110018267318],[176.2089643577762,-39.55322259899478],[177.12632600643397,-38.78485318400833],[177.21232608261204,-38.56489396408499]]]},"properties":{"featurecla":"Land","scalerank":0,"min_zoom":0}},
{"type":"Feature","geometry":null,"properties":{"featurecla":"Land","scalerank":1,"min_zoom":1}},
{"type":"Feature","geometry":null,"properties":{"featurecla":"Land","scalerank":0,"min_zoom":0.5}},
{"type":"Feature","geometry":null,"properties":{"featurecla":"Land","scalerank":0,"min_zoom":1.5}},
{"type":"Feature","geometry":null,"properties":{"featurecla":"Land","scalerank":1,"min_zoom":1.5}},
{"type":"Feature","geometry":null,"properties":{"featurecla":"Land","scalerank":1,"min_zoom":1.5}},
{"type":"Feature","geometry":null,"properties":{"featurecla":"Land","scalerank":1,"min_zoom":1}},
{"type":"Feature","geometry":{"type":"Polygon","coordinates":[[[45.4247218791027,-24.810486933316845],[46.44844860987459,-24.419641014064897],[47.437547431255666,-21.387603568393473],[48.7039441080459,-17.80808289848298],[48.77557537108582,-16.908810464223436],[48.83384804569737,-16.767807769791766],[49.708067163623916,-15.161330833881227],[49.35656811128062,-13.816142271456245],[49.299546051427264,-13.715051692850182],[48.2196079671365,-15.120737907434096],[46.69662766919687,-16.409306184282713],[46.58461591048345,-16.464612581666493],[46.46447644552967,-16.501072090593016],[45.0007915244125,-16.817671525902707],[44.736279532850915,-17.457964368989124],[45.21152915570857,-19.422621293017375],[45.203452355512084,-19.559810005015127],[45.06575289505241,-20.305172411183804],[44.99373623450262,-20.439468658129304],[44.16575579232805,-21.64332312104695],[44.05061106024771,-22.053934734529854],[44.728009901643276,-24.501408194248725],[45.4247218791027,-24.810486933316845]]]},"properties":{"featurecla":"Land","scalerank":0,"min_zoom":0}},
{"type":"Feature","geometry":{"type":"Polygon","coordinates":[[[144.41461876254735,-15.074231065466417],[144.17144655698138,-15.219059488103495],[144.03353247377632,-15.2569722979377],[143.8906197839122,-15.268595060728705],[143.74805828924613,-15.253492588008173],[143.61118423745222,-15.212230343294502],[143.48511457724217,-15.146352599269454],[143.37455071193514,-15.058322897029582],[143.28360006528456,-14.951429396150745],[143.2156226927237,-14.829659168759347],[142.86807703323285,-14.029716031316951],[142.8251641667345,-13.895135296720435],[142.8111037746932,-13.787696367043905],[142.7733077354621,-13.068149630633268],[142.4436795621571,-12.536218620204945],[142.41331807352407,-12.602998531667374],[142.24690526757954,-13.705953003678607],[142.44139438029237,-15.113318431141252],[142.40660631781196,-15.276563199185674],[141.55699521396556,-17.702084880306483],[141.47484393697124,-17.814942388243452],[141.37154239602722,-17.910810293766033],[141.25086304521747,-17.986158245555664],[140.40201870122183,-18.39250747842923],[140.24324085914515,-18.417475404898493],[140.08248658170922,-18.409914296214144],[139.92710284257592,-18.37016978593115],[138.91795536852655,-17.99975539026234],[136.6451936524531,-16.455298178640625],[135.02173528862994,-15.55100178465302],[134.92781382453296,-15.46006456735507],[134.8522476838944,-15.354455787549721],[134.79742906123073,-15.237560744895475],[134.76507603001352,-15.113120374562879],[134.70721271994424,-14.68512734907063],[134.72199217669308,-14.557620735829685],[134.7599313255704,-14.43468473803834],[134.81978749230396,-14.32022691299606],[135.76731336471903,-12.843117309495168],[135.3980068591838,-12.962259318677594],[135.25438319656232,-12.967272135767736],[135.11250664034253,-12.944967570116125],[133.23130576450234,-12.447592702462176],[133.23005826187858,-12.446854680602048],[133.15950593283523,-12.566581849160887],[133.05485585339122,-12.664873973828028],[132.9323970421316,-12.74115980394438],[132.7969120898901,-12.792450900603775],[132.65370563442298,-12.816736355588175],[131.42800206359905,-12.904290085856239],[131.1278640269742,-13.07952254783069],[129.9391274099407,-14.894358055493207],[129.82861231945105,-14.987004005946297],[129.70137822861176,-15.056889814814975],[128.52124982659632,-15.54939320440545],[128.38455181124456,-15.56787838501877],[128.2466585925577,-15.561699672972916],[128.11233979204997,-15.531070824561722],[127.98623754394885,-15.477051161573664],[127.87270148971207,-15.401507777104086],[126.89571858383538,-14.61149691665893],[126.1037626704905,-14.875530511936331],[124.21186972576817,-16.70029102460548],[124.07307736835317,-16.769223257095156],[123.46371794237703,-16.997898214075178],[123.03637655681068,-17.51884731742887],[122.97899854763367,-18.39339167865013],[122.91563549653205,-18.542643720309236],[122.8187116709026,-18.674744166189136],[121.29512451120141,-20.28436934826497],[121.14303627111546,-20.363828027281414],[120.97563404233512,-20.408895887933475],[119.47975961297755,-20.64266815376971],[117.65696855000691,-21.442224816713637],[117.52717855342736,-21.465036411468656],[117.39509742494224,-21.4668247507832],[116.88887009839445,-21.43307731073133],[115.21262699191074,-22.37478233274959],[114.56927238305363,-23.346617952012245],[114.19419413410924,-24.491902340288288],[114.24251545669692,-25.496100686179474],[114.91161560156871,-27.827781154774165],[115.83628354112429,-29.233956476492875],[115.87251265937756,-29.39352103154597],[115.97335838073604,-30.45228847480654],[116.63603331735008,-32.07628893875455],[116.64922060612568,-32.19394476304976],[116.63944819955877,-32.31184001778113],[116.36250102328167,-33.74228050844423],[116.29435950779255,-33.86442822677885],[116.22099739454421,-33.96878518732531],[116.90700461912728,-34.3313477727044],[117.73880629704576,-34.3313477727044],[119.58044302971125,-33.33237172339935],[119.75417268888299,-33.29167523465949],[121.24354686691632,-33.07713885686979],[123.13059511415946,-33.15812041056744],[123.5078803161587,-32.528639826100964],[123.60455201325877,-32.4348826543714],[123.71872273974661,-32.35647850656276],[123.84700125468419,-32.29572882449878],[125.94623178359538,-31.502502033261372],[126.09932243048478,-31.48263839804843],[126.25408504202646,-31.486807720999174],[127.01211770745847,-31.566599773106113],[129.35725047271336,-30.891357800936728],[131.46558465019575,-30.788188885582656],[131.6309105822773,-30.822740495820142],[133.4067573350584,-31.364653417123193],[134.83529731886077,-32.078540263528794],[134.9678448607915,-32.213776473572096],[135.93457800421504,-33.4704283063427],[136.0657964042274,-33.421298575657524],[137.77764626242765,-32.938661812838745],[137.94247478631198,-32.932225312271676],[138.10576390520106,-32.95222793422917],[138.26159063922927,-32.99794433336899],[138.40428381743297,-33.06771495976169],[138.5286181282744,-33.15900232811785],[138.6299972978463,-33.26847767921577],[138.70462118869924,-33.39213583028001],[138.74963129042538,-33.525435154798835],[138.76322881423417,-33.663458739388126],[138.744759537571,-33.801091850664285],[138.6947598200896,-33.93320994393707],[138.34261959860376,-34.619431850201295],[138.6929652532829,-35.03502839859797],[140.08534768523216,-35.5770806447162],[140.22276301379287,-35.68138902817337],[140.3302846997208,-35.80684627091645],[140.40297450650056,-35.947864770533954],[140.811023186315,-37.048274578362985],[141.1772764478706,-37.38358399926075],[143.36773279558398,-37.97670146646458],[143.99948323250487,-37.49995311483823],[144.15685453253167,-37.43450591796519],[144.32709016528398,-37.39447290522323],[144.5037979648833,-37.38135404838054],[144.68036367603372,-37.3956403916047],[144.85017790902148,-37.4367971793432],[145.00686299082872,-37.50328223195527],[146.25904975888741,-38.163025231398784],[147.89657636540832,-37.15659668653029],[148.0733057292716,-37.104244922177934],[149.1466188908614,-36.88359236479741],[149.19605371647842,-36.36247797406367],[150.15188025000734,-34.129377855649935],[151.0303781920778,-32.602964045525084],[151.17059359346075,-32.48582279315221],[151.75322895037414,-32.09915508550914],[152.0840843815327,-31.44816710568956],[152.70663158605208,-28.195511239786153],[152.3068299429297,-27.390956689418573],[152.2923980908266,-27.220939851552533],[152.3444384941196,-26.152947697277735],[152.152835841692,-25.633233676576896],[150.2355406249187,-23.832039269880244],[150.1619270317586,-23.692535576317947],[150.12279778785353,-23.541820472018],[150.05929163185985,-23.079717552332813],[149.5140473924989,-23.04787698442871],[149.37498547417323,-23.003091703083573],[149.24765893921236,-22.934958549741673],[149.13664034884607,-22.845936038990093],[149.04589205945464,-22.73923070405165],[148.97862400512506,-22.618677520084635],[148.22972413836,-20.8822274717316],[145.87226749431363,-19.467793054358946],[145.7723880510445,-19.35616218716308],[145.6986248944405,-19.227755457891778],[145.65397894750797,-19.08790983267704],[145.42817346318904,-17.98138406345904],[144.934790117951,-17.019575883185922],[144.90832677898865,-16.91240537949302],[144.64938145349933,-15.324435390508459],[144.41461876254735,-15.074231065466417]]]},"properties":{"featurecla":"Land","scalerank":0,"min_zoom":0}},
{"type":"Feature","geometry":null,"properties":{"featurecla":"Land","scalerank":1,"min_zoom":1.5}},
{"type":"Feature","geometry":null,"properties":{"featurecla":"Land","scalerank":1,"min_zoom":1.5}},
{"type":"Feature","geometry":null,"properties":{"featurecla":"Land","scalerank":1,"min_zoom":1}},
{"type":"Feature","geometry":null,"properties":{"featurecla":"Land","scalerank":1,"min_zoom":1.5}},
{"type":"Feature","geometry":null,"properties":{"featurecla":"Land","scalerank":1,"min_zoom":1}},
{"type":"Feature","geometry":null,"properties":{"featurecla":"Land","scalerank":1,"min_zoom":1}},
{"type":"Feature","geometry":null,"properties":{"featurecla":"Land","scalerank":1,"min_zoom":1}},
{"type":"Feature","geometry":null,"properties":{"featurecla":"Land","scalerank":1,"min_zoom":1}},
{"type":"Feature","geometry":null,"properties":{"featurecla":"Land","scalerank":1,"min_zoom":1.5}},
{"type":"Feature","geometry":{"type":"MultiPolygon","coordinates":[[[[107.7579353060215,-6.897278838106523],[107.10840602737858,-6.663383868098303],[106.63492826393482,-6.64365548702486],[106.68039797345531,-6.664314845878609],[107.7579353060215,-6.897278838106523]]],[[[111.14721562419344,-7.302183973079778],[111.14102582660453,-7.315330151231403],[111.04550998422273,-7.4241652926970225],[111.03668733110484,-7.430860484214581],[111.60753935933184,-7.584274085649669],[112.15137881563165,-7.600727766297695],[112.13142609915268,-7.568239148707899],[111.14721562419344,-7.302183973079778]]]]},"properties":{"featurecla":"Land","scalerank":0,"min_zoom":0}},
{"type":"Feature","geometry":null,"properties":{"featurecla":"Land","scalerank":1,"min_zoom":1.5}},
{"type":"Feature","geometry":null,"properties":{"featurecla":"Land","scalerank":1,"min_zoom":1}},
{"type":"Feature","geometry":null,"properties":{"featurecla":"Land","scalerank":1,"min_zoom":1}},
{"type":"Feature","geometry":null,"properties":{"featurecla":"Land","scalerank":1,"min_zoom":1.5}},
{"type":"Feature","geometry":null,"properties":{"featurecla":"Land","scalerank":1,"min_zoom":1}},
{"type":"Feature","geometry":null,"properties":{"featurecla":"Land","scalerank":1,"min_zoom":1.5}},
{"type":"Feature","geometry":{"type":"MultiPolygon","coordinates":[[[[133.67530356691552,-2.7723308789744907],[133.46067275400912,-1.3948651541289865],[132.549587113888,-1.1386136225743881],[132.45428952415313,-1.2109169603306276],[132.91470317483913,-1.9257664126406309],[132.95550612680773,-2.060679612406529],[132.9691819251423,-2.2009567263917615],[132.95519744752315,-2.3412035770042134],[132.9274362722251,-2.432238242972135],[133.67530356691552,-2.7723308789744907]]],[[[136.76217370608265,-2.8696268572539068],[135.97045475926157,-3.828943451712136],[136.18861638086545,-3.8564032591138893],[136.28873633435344,-3.891558746136312],[138.37894473486705,-4.822133853740255],[138.49735289998586,-4.931709098835292],[138.58834364133466,-5.064785857936794],[139.08630722150951,-6.005854477883914],[139.3738578565532,-7.269737458669275],[139.3666124843183,-7.406488326642752],[139.33333005225145,-7.53939226297339],[139.29425988211185,-7.622882449187214],[140.2607684057733,-7.589770489585205],[140.39615655039316,-7.623959108595602],[140.52244788790796,-7.683212973744127],[140.634969964867,-7.76534165913646],[141.37593102786934,-8.423357360791922],[142.542128280486,-8.605567278052717],[142.61727474700092,-8.57050838163496],[142.57502556816746,-8.209472786177136],[142.5953166965021,-8.077095753409546],[142.64003600816898,-7.9507383233548765],[142.70761269837212,-7.834778629171446],[142.7956898135347,-7.7332312308436455],[142.90120734613888,-7.649609240620056],[143.02050859377675,-7.5868039476469455],[144.59092790804388,-6.948882392313908],[144.7157677808435,-6.932150385715349],[144.8416393396431,-6.937119424655952],[144.96474900461462,-6.963639727553651],[146.39295524457964,-7.416775135528224],[146.45531548782773,-7.457989902666935],[146.23340576726187,-6.8002413657894705],[146.22774036529563,-6.656899923560877],[146.25084446089926,-6.515296080099435],[146.30177454795137,-6.381067665005963],[146.32562610268243,-6.3432851987055585],[145.61445844969168,-6.057712249282579],[145.5082946733426,-5.9763882801710055],[145.41908693592262,-5.876953294439242],[145.3499001462008,-5.762835382224303],[145.30310467393852,-5.637966340477555],[145.21257966515194,-5.304730031896436],[144.25040104328247,-4.496017933028249],[142.52304034122386,-3.9828844622737494],[140.7970220689291,-3.2929537954654364],[139.7378659642285,-3.091330877804483],[138.199521770075,-2.4186522272956203],[137.62646321074328,-2.4186522272956203],[136.76217370608265,-2.8696268572539068]]],[[[146.8721637175168,-8.0383802448265],[147.12770714681392,-8.497078398505224],[148.00683132818435,-9.27747183252586],[147.55310801308315,-8.542669563954172],[146.8721637175168,-8.0383802448265]]]]},"properties":{"featurecla":"Land","scalerank":0,"min_zoom":0}},
{"type":"Feature","geometry":{"type":"Polygon","coordinates":[[[120.81314276774201,-2.1031547183815813],[120.69324930179165,-2.071268449497984],[120.55876794489409,-2.0029385204488355],[120.441523321303,-1.908064561403981],[120.0303117132911,-1.488638663264071],[119.59394920703868,-2.6139920284319444],[119.64425022785161,-2.662319456778354],[119.68346393249222,-2.5795542515236045],[119.769240097925,-2.464834880759856],[119.87606342324861,-2.3693733176562266],[119.9996949324324,-2.2969549677134564],[120.13523144327381,-2.2504511729344063],[120.27729939398796,-2.231705655014614],[120.42026717266464,-2.2414615868567154],[120.55846761664968,-2.2793321926897483],[120.68642191417807,-2.3438160491861404],[120.79905608003273,-2.4323564771682546],[121.51144830373815,-3.1264218101835812],[120.84703762328368,-2.201078076989172],[120.81314276774201,-2.1031547183815813]]]},"properties":{"featurecla":"Land","scalerank":0,"min_zoom":0}},
{"type":"Feature","geometry":null,"properties":{"featurecla":"Land","scalerank":1,"min_zoom":1}},
{"type":"Feature","geometry":{"type":"Polygon","coordinates":[[[96.83897407359387,4.601808597717519],[97.76029062158965,3.7513582550296696],[97.820897700986,3.6638273989707577],[98.24589272685442,2.9406684990861933],[99.1220124933571,2.294280684532108],[99.20461354549431,2.1890343164884607],[99.26625714875836,2.070313609126171],[99.85709350084537,0.6151557682482912],[100.72097034228622,-0.20072946111263965],[101.98914073061786,-2.3824127242365623],[103.08508482464674,-3.660220777583974],[104.31246444387494,-4.495445684612987],[104.98743471490894,-5.131347772704394],[105.10040999665844,-5.131347772704394],[105.12934811866981,-4.234213873859634],[105.32701232224694,-3.2459590610343887],[105.21933161131285,-3.1166474765878887],[104.65668222599739,-3.026304960365146],[104.52522592476798,-2.9634399184230937],[104.4091669183319,-2.8754010080473575],[104.31326804328441,-2.7658050327947588],[104.24146062672412,-2.6391529129765106],[103.80163219764549,-1.6387618931237475],[103.03216957108752,-1.2847500667997653],[102.92332130533838,-1.1890272345206265],[102.83590347102209,-1.073414149372102],[102.77346929380705,-0.9426148231096746],[102.73855480224265,-0.8019501738206738],[102.73257656260158,-0.6571415117400681],[102.75577486191271,-0.5140779679718261],[102.80720443925442,-0.3785772577940696],[102.91409928842548,-0.16479999794925512],[102.61103139042086,0.023332750892860635],[102.51285763939376,0.1355862998396359],[101.96844651907584,0.9066916141406076],[101.38766006701253,1.3849155966852869],[100.50087224857386,1.396975874186319],[100.3582263386974,1.4431808063371907],[100.22826286040227,1.5179539694456412],[100.11663215195256,1.6180447870740453],[99.20268829615374,2.6277748363392233],[97.8357796787542,3.742153922316328],[97.134153888633,4.568266679924384],[96.83897407359387,4.601808597717519]]]},"properties":{"featurecla":"Land","scalerank":0,"min_zoom":0}},
{"type":"Feature","geometry":{"type":"Polygon","coordinates":[[[115.83257923460413,-2.333120581424858],[115.84369424634701,-1.3661886806191548],[115.88094253998715,-1.2371706222858716],[115.94154294230685,-1.1173310589156409],[116.02337816950518,-1.0108524913878723],[116.12359091464864,-0.9214509185392832],[116.78645547574415,-0.4330729042216665],[116.79601765534849,0.2444805299416571],[116.83943850152897,0.38306920071910605],[117.20085981400231,1.1969918233283967],[117.28184928328858,1.2980688122761501],[117.36723543321749,1.3721737494066535],[117.33296100945606,1.4081976955674589],[117.2576190600041,1.5272505977751616],[117.20694966297192,1.6587073363163434],[117.18290334938347,1.7975186386529602],[117.18640949124541,1.9383518618424338],[117.21733993124278,2.0757955177141514],[117.21773530297884,2.0769867229094325],[117.24679447416406,2.164294317238867],[116.6547590041199,2.931665946598747],[116.60259234304684,3.0723400857729093],[116.58079636946333,3.220763385234348],[116.59033311885779,3.3704712999359234],[116.63080101130815,3.5149405516595276],[116.70044986380053,3.647873155195116],[117.37739770186006,4.6449295250652565],[117.470651403646,4.727257721759894],[117.57675158302233,4.792345402400946],[118.10513071133364,5.056612851657334],[118.11331518086601,5.068905424334983],[117.29527288084634,5.404789385307928],[117.1779840571276,5.503311994685109],[117.08422530888362,5.624270768303117],[117.01823873633559,5.7622117559929755],[116.98302135295702,5.910911633443662],[116.97807595805284,5.950065125793318],[116.95732245240727,5.961588599142827],[116.7313015232809,5.6531055992171435],[115.0946502621836,4.373419950722325],[113.43129563186629,2.5247657039797065],[113.3067327133664,2.4499249260999862],[113.16966467423705,2.4016150188810217],[111.94109151747926,2.103798683811103],[111.79835294220497,1.539406737805303],[111.71675699695177,1.4078363600998127],[111.60887964179601,1.2967813376933093],[111.47972540729853,1.2113914469055829],[111.33528374241672,1.1556261873103575],[110.46197331103566,0.9340235093306016],[110.33679638296798,0.9341310107822501],[110.21353515929657,0.9559464784785032],[110.09592573910095,0.9988085853256284],[109.82198804364997,1.126642898866785],[109.77667032152186,1.0775575816648155],[109.81164972313297,-0.18626986512330926],[110.68182294486665,-1.2572025175629642],[110.73593459468586,-1.3848849627930888],[110.76451521989618,-1.5205794476362724],[110.84670458059017,-2.257208220200935],[111.85615213709453,-2.2984802687387584],[111.98296306918387,-2.339267438216083],[112.10008087941203,-2.4027116993034032],[112.2034921138863,-2.4866393716244852],[112.2896513017537,-2.5881747102229724],[112.33561329850895,-2.6537954607621796],[113.17288846165357,-2.3854872098270534],[113.32711153834644,-2.3854872098270534],[113.47779534560658,-2.4183174030075505],[114.82165473750645,-2.8845623865803884],[114.94747254457243,-2.980601808369386],[115.04923321442939,-3.1017883180318497],[115.12772440447687,-3.2194378498018494],[115.47288621694668,-3.084382140305117],[115.83257923460413,-2.333120581424858]]]},"properties":{"featurecla":"Land","scalerank":0,"min_zoom":0}},
{"type":"Feature","geometry":{"type":"Polygon","coordinates":[[[124.66802710744827,7.0335632259239205],[124.67652983161857,7.063640424401217],[124.7437004604086,7.192832657329867],[124.83574207241674,7.305953351613392],[125.43870036701678,7.8918201362547595],[125.55656878641919,7.9571738613717935],[125.68465461409981,7.999719047698314],[125.71813491978043,8.004285410582774],[125.68343019522582,8.277881811188525],[125.64993020704054,8.427487099512886],[125.07132935353833,8.28780900428773],[124.18755302493594,7.6163273667451845],[124.49756812582763,7.3703805256209485],[124.57977479659212,7.254777387778534],[124.63752272265997,7.125433056672571],[124.66802710744827,7.0335632259239205]]]},"properties":{"featurecla":"Land","scalerank":0,"min_zoom":0}},
{"type":"Feature","geometry":{"type":"Polygon","coordinates":[[[80.43617720752756,8.137541099836843],[80.55322841514818,6.987809029224894],[80.67372343219485,6.794700734881657],[80.88864282664763,6.857909620664467],[80.98104755758942,6.919558080984031],[81.04783554646015,7.369416998661696],[80.50228901554301,8.371148903136119],[80.43617720752756,8.137541099836843]]]},"properties":{"featurecla":"Land","scalerank":1,"min_zoom":1}},
{"type":"Feature","geometry":null,"properties":{"featurecla":"Land","scalerank":0,"min_zoom":1}},
{"type":"Feature","geometry":null,"properties":{"featurecla":"Land","scalerank":1,"min_zoom":1}},
{"type":"Feature","geometry":null,"properties":{"featurecla":"Land","scalerank":1,"min_zoom":1}},
{"type":"Feature","geometry":null,"properties":{"featurecla":"Land","scalerank":1,"min_zoom":1}},
{"type":"Feature","geometry":null,"properties":{"featurecla":"Land","scalerank":0,"min_zoom":0}},
{"type":"Feature","geometry":null,"properties":{"featurecla":"Land","scalerank":1,"min_zoom":1.5}},
{"type":"Feature","geometry":{"type":"MultiPolygon","coordinates":[[[[120.97771651578202,16.258062054290132],[120.99849174752293,16.303196308059057],[121.08048918126681,16.416170535093688],[121.1835337330897,16.512024834250667],[121.30384308932149,16.58721391249214],[121.61564454370594,16.743312605767944],[121.6998783971186,17.03343119211623],[121.38267665253375,17.663103772203666],[121.23554871930612,17.730929592658697],[121.13875702647223,17.443700925596573],[120.97771651578202,16.258062054290132]]],[[[120.96940492806051,14.998648846223647],[120.92062608298153,15.83774150253667],[120.82921239287705,15.164720634104865],[120.96940492806051,14.998648846223647]]]]},"properties":{"featurecla":"Land","scalerank":0,"min_zoom":0}},
{"type":"Feature","geometry":null,"properties":{"featurecla":"Land","scalerank":1,"min_zoom":1}},
{"type":"Feature","geometry":null,"properties":{"featurecla":"Land","scalerank":1,"min_zoom":1}},
{"type":"Feature","geometry":{"type":"Polygon","coordinates":[[[-70.78096386149463,19.049050845562757],[-71.002334160379,19.175416110520235],[-71.88734944785644,19.15083198192046],[-71.90550754243118,18.91234575413532],[-71.6834300781526,18.823429576036617],[-71.16999449126743,19.006007130402157],[-70.78096386149463,19.049050845562757]]]},"properties":{"featurecla":"Land","scalerank":0,"min_zoom":0}},
{"type":"Feature","geometry":{"type":"Polygon","coordinates":[[[109.81240281284494,19.24615922644733],[109.51137954195886,19.16410507400642],[109.4103751315864,19.06346116657994],[109.41005522296705,18.993034457826067],[109.79564816575389,19.22017113204155],[109.81240281284494,19.24615922644733]]]},"properties":{"featurecla":"Land","scalerank":1,"min_zoom":1}},
{"type":"Feature","geometry":null,"properties":{"featurecla":"Land","scalerank":0,"min_zoom":0.5}},
{"type":"Feature","geometry":null,"properties":{"featurecla":"Land","scalerank":0,"min_zoom":1.5}},
{"type":"Feature","geometry":null,"properties":{"featurecla":"Land","scalerank":0,"min_zoom":1.5}},
{"type":"Feature","geometry":null,"properties":{"featurecla":"Land","scalerank":0,"min_zoom":1}},
{"type":"Feature","geometry":null,"properties":{"featurecla":"Land","scalerank":0,"min_zoom":1.5}},
{"type":"Feature","geometry":{"type":"Polygon","coordinates":[[[-76.86104064135577,20.568652227295612],[-76.96350000619681,20.626411171645092],[-77.52054113612581,21.017190249301823],[-77.27878373019621,20.568652227295612],[-76.86104064135577,20.568652227295612]]]},"properties":{"featurecla":"Land","scalerank":0,"min_zoom":0}},
{"type":"Feature","geometry":null,"properties":{"featurecla":"Land","scalerank":0,"min_zoom":1}},
{"type":"Feature","geometry":null,"properties":{"featurecla":"Land","scalerank":1,"min_zoom":1}},
{"type":"Feature","geometry":null,"properties":{"featurecla":"Land","scalerank":0,"min_zoom":1.5}},
{"type":"Feature","geometry":null,"properties":{"featurecla":"Land","scalerank":0,"min_zoom":1.5}},
{"type":"Feature","geometry":null,"properties":{"featurecla":"Land","scalerank":1,"min_zoom":1.5}},
{"type":"Feature","geometry":null,"properties":{"featurecla":"Land","scalerank":1,"min_zoom":1}},
{"type":"Feature","geometry":null,"properties":{"featurecla":"Land","scalerank":1,"min_zoom":1}},
{"type":"Feature","geometry":null,"properties":{"featurecla":"Land","scalerank":1,"min_zoom":1}},
{"type":"Feature","geometry":null,"properties":{"featurecla":"Land","scalerank":1,"min_zoom":1}},
{"type":"Feature","geometry":{"type":"MultiPolygon","coordinates":[[[[135.9730387022461,34.59637566392966],[136.70771075608647,35.19450686500719],[136.85132886257063,35.2593537999086],[137.007370624267,35.301094260069455],[137.17028668052447,35.318239534477335],[138.7825236476192,35.36302579186479],[139.62023192677384,35.69881125333057],[139.8967196199205,36.09099604179671],[140.09618555440144,37.192937453057795],[140.07496819066617,37.68052519274768],[140.02982073188033,37.64568509788358],[137.82478582332547,36.21757102920959],[137.66408623265264,36.16341112172893],[137.4935474713193,36.13529356516387],[137.31952702322224,36.13426563407753],[137.1485015355418,36.16036559478804],[137.0431883237069,36.194408335934824],[136.412465122221,35.127291494954925],[136.29900574690097,35.02331962947668],[136.1634394997762,34.939090484970414],[136.01082104474344,34.877708301245576],[135.9158836835512,34.85671087831166],[135.95876313807767,34.73260682150187],[135.9730440313798,34.59689094677117],[135.9730387022461,34.59637566392966]]],[[[140.9653156686454,39.420097147822716],[140.9696071754331,39.42490327760836],[140.96331777285152,39.8915244296453],[140.90114105296882,40.04440287542296],[140.9653156686454,39.420097147822716]]],[[[131.03963667956492,33.189919124032095],[130.9406686055495,33.0775468879329],[130.83229066902516,33.00772431600006],[130.94450390647125,32.89807992048721],[131.03963667956492,33.189919124032095]]]]},"properties":{"featurecla":"Land","scalerank":0,"min_zoom":0}},
{"type":"Feature","geometry":null,"properties":{"featurecla":"Land","scalerank":1,"min_zoom":1}},
{"type":"Feature","geometry":{"type":"Polygon","coordinates":[[[142.3398143778835,43.21372347038929],[142.88496236447114,42.975072651308594],[143.32954950289852,43.49097866585072],[143.38822828543277,43.52859214367909],[143.30255547085997,43.5747501080944],[143.1933451622422,43.64287795662597],[142.58202188201997,44.07793201027615],[142.3398143778835,43.21372347038929]]]},"properties":{"featurecla":"Land","scalerank":0,"min_zoom":0}},
{"type":"Feature","geometry":null,"properties":{"featurecla":"Land","scalerank":0,"min_zoom":1}},
{"type":"Feature","geometry":null,"properties":{"featurecla":"Land","scalerank":0,"min_zoom":1}},
{"type":"Feature","geometry":null,"properties":{"featurecla":"Land","scalerank":1,"min_zoom":1}},
{"type":"Feature","geometry":{"type":"Polygon","coordinates":[[[-53.76724353455971,47.53362498209381],[-54.34246342812007,48.64384265990161],[-56.24594397407895,48.94288229989942],[-56.42743267648122,49.0091543185196],[-56.587137702249635,49.096492423950075],[-56.71937259622405,49.20185599465697],[-56.819320787060015,49.32155615919556],[-56.883215075675494,49.45137423564826],[-56.91934486278159,49.557315459349816],[-57.47684478413606,48.76395127233421],[-57.57516433531512,48.67816511295576],[-58.031658608884435,48.334034395211056],[-56.07104069503848,48.358607721111895],[-55.87211518390125,48.32267781764816],[-55.687466249971514,48.26199908614446],[-53.811037187861565,47.481035813416476],[-53.7908684147665,47.47840626858267],[-53.76724353455971,47.53362498209381]]]},"properties":{"featurecla":"Land","scalerank":0,"min_zoom":0}},
{"type":"Feature","geometry":null,"properties":{"featurecla":"Land","scalerank":1,"min_zoom":1}},
{"type":"Feature","geometry":null,"properties":{"featurecla":"Land","scalerank":0,"min_zoom":0}},
{"type":"Feature","geometry":{"type":"Polygon","coordinates":[[[-7.69465690658246,52.768337400456346],[-7.207593686014789,53.37126542536042],[-6.917834507238611,54.49790077974579],[-8.328687810820977,53.69044001453276],[-7.965392044577515,52.92463971752349],[-7.965274198664764,52.78789571704003],[-8.005246071466495,52.661842761747984],[-7.69465690658246,52.768337400456346]]]},"properties":{"featurecla":"Land","scalerank":0,"min_zoom":0}},
{"type":"Feature","geometry":null,"properties":{"featurecla":"Land","scalerank":1,"min_zoom":1}},
{"type":"Feature","geometry":null,"properties":{"featurecla":"Land","scalerank":1,"min_zoom":1}},
{"type":"Feature","geometry":{"type":"MultiPolygon","coordinates":[[[[-3.335128367406255,56.88527001203156],[-4.134939588573961,56.83282281214618],[-4.390478286994494,56.85541275810935],[-4.633523353328844,56.90447781666998],[-4.683035246967876,56.92095617036038],[-4.795417980565381,56.74905173602108],[-4.458571115923296,55.73729305714443],[-2.8882359215787186,55.158475370958655],[-3.3558673930432654,55.76225016850876],[-3.3814486633348197,55.92610182410664],[-3.335128367406255,56.88527001203156]]],[[[-2.2776178624996666,54.37008575756019],[-1.8962171384944209,53.44320648303226],[-1.9068518209207796,53.303767381888456],[-1.9621818306281322,53.16816929920712],[-2.059737140753915,53.0414674440038],[-2.1955630743185988,52.92834321458027],[-2.364406741050694,52.83294256437499],[-2.5599308275309105,52.758737525784774],[-2.7749454741722506,52.70841353637495],[-3.001651268401645,52.68378430708403],[-3.231888484371548,52.68573530340768],[-3.712328532822203,52.717783058263436],[-3.9775246594199047,52.13669910443556],[-3.2510533871420564,51.49535214416538],[-3.1783830260430324,51.355558974127476],[-3.1530694690189924,51.20946091490824],[-3.174501828090373,51.07112127406809],[-0.9112539430315991,51.468652227295614],[0.04448888162958331,51.468652227295614],[-0.07234290955882024,51.618867779005825],[-0.11078255937016873,51.77087652813302],[-0.09613119969468728,51.92447488260212],[-0.028527561548114762,52.07260307887555],[0.10440863654656932,52.274177906634606],[-0.06446520377589593,52.30273999741377],[-0.25978149720696886,52.37454403205973],[-0.429465694442339,52.46775629492434],[-0.5671917039532248,52.578999575654976],[-0.6676778026567796,52.70421612224763],[-1.4210717318316743,53.9101743591925],[-1.7630365717639584,53.99439901801859],[-1.9510560511311197,54.080079344488894],[-2.1080807323350506,54.18528588332353],[-2.2281160533530264,54.306172298737],[-2.2776178624996666,54.37008575756019]]]]},"properties":{"featurecla":"Land","scalerank":0,"min_zoom":0}},
{"type":"Feature","geometry":null,"properties":{"featurecla":"Land","scalerank":0,"min_zoom":1.5}},
{"type":"Feature","geometry":null,"properties":{"featurecla":"Land","scalerank":0,"min_zoom":1.5}},
{"type":"Feature","geometry":null,"properties":{"featurecla":"Land","scalerank":0,"min_zoom":1.5}},
{"type":"Feature","geometry":null,"properties":{"featurecla":"Land","scalerank":1,"min_zoom":1.5}},
{"type":"Feature","geometry":null,"properties":{"featurecla":"Land","scalerank":1,"min_zoom":0.5}},
{"type":"Feature","geometry":{"type":"Polygon","coordinates":[[[-15.689957056805074,65.13246657247042],[-16.319958292344104,65.48807440382458],[-16.38437921269928,65.55807064999263],[-16.992795706724085,65.36283374019536],[-17.32010358686779,65.30910819684982],[-17.665897082084836,65.28347888760698],[-18.016841464929215,65.28693252843526],[-18.35945376610303,65.31933631534463],[-18.680491258133603,65.37944179321289],[-18.86761709066976,65.42398358612614],[-19.73940165608402,65.12669113400361],[-20.034858163823024,65.07090557626572],[-20.349138489374248,65.03897734348719],[-20.671745091488177,65.03196893849402],[-20.99197226461549,65.05011309943798],[-21.29917356998814,65.0928069274752],[-21.583030155048903,65.15862714014705],[-21.83382361434858,65.24536661799638],[-22.112867582027782,65.36069280168559],[-22.13315269889602,65.29037819874156],[-20.707396978036748,64.94592009486003],[-20.474419035160214,64.84008997083056],[-20.297870348439172,64.71634626427237],[-20.18440242091067,64.57992106628635],[-20.137776971308778,64.43650008934809],[-20.14236952465594,64.40501982545577],[-18.855743475967376,64.26375267046721],[-16.052154917749625,64.90277540772829],[-15.689957056805074,65.13246657247042]]]},"properties":{"featurecla":"Land","scalerank":0,"min_zoom":0}},
{"type":"Feature","geometry":null,"properties":{"featurecla":"Land","scalerank":0,"min_zoom":1}},
{"type":"Feature","geometry":{"type":"Polygon","coordinates":[[[-172.7615915334072,66.22505933195062],[-173.42363034706,66.26187438717255],[-173.50154101848466,66.20417892899303],[-173.7237518352992,66.09567389977903],[-173.99213148831043,66.00635378263446],[-174.29659577987746,65.93943456309688],[-174.6260502875699,65.8973045576205],[-174.96872607148268,65.88145821589568],[-175.31250555827788,65.89245583088534],[-175.64524232694572,65.92990865522502],[-175.95508035820254,65.99248921510974],[-176.23077846142107,66.07796696777358],[-176.46204406281754,66.18326976041199],[-176.63987730606857,66.30457170817385],[-176.75692149548698,66.43740799992068],[-176.80780946482452,66.57681664036456],[-176.80977418506035,66.61307029495268],[-176.80754848220676,66.88030992812874],[-178.12232655525114,67.32742382303765],[-178.21450313178673,66.11449694124175],[-178.16133739800165,66.11446577358014],[-177.7979878227477,66.08193266925907],[-177.46088900140592,66.01863601622593],[-174.2453412524157,65.21957466701663],[-174.25866722011622,65.57181453573814],[-174.17974946129928,65.69969026592774],[-174.04434839418985,65.81936377489801],[-173.85643750510314,65.9266591175051],[-173.62204511707185,66.0177821438928],[-173.34910333520327,66.08947252595321],[-172.7435753171632,66.21705164555074],[-172.7615915334072,66.22505933195062]]]},"properties":{"featurecla":"Land","scalerank":0,"min_zoom":0}},
{"type":"Feature","geometry":null,"properties":{"featurecla":"Land","scalerank":1,"min_zoom":1.5}},
{"type":"Feature","geometry":null,"properties":{"featurecla":"Land","scalerank":0,"min_zoom":1}},
{"type":"Feature","geometry":null,"properties":{"featurecla":"Land","scalerank":0,"min_zoom":0}},
{"type":"Feature","geometry":{"type":"MultiPolygon","coordinates":[[[[-93.09115794837749,69.69435744509953],[-94.2706024820766,70.54014278277594],[-94.30520039040374,70.31456912750582],[-93.09115794837749,69.69435744509953]]],[[[-76.38870697742438,61.676908808584336],[-75.92530421264121,59.790672757911],[-75.98782753672658,59.636947436759655],[-76.11405596164363,59.49363941590166],[-76.82638799752542,58.86754774089184],[-76.08458311457349,58.37647278676587],[-75.98217419734459,58.23060178908908],[-75.24670679791946,56.57786684818239],[-75.26861083600048,56.423769642785416],[-75.349188015896,56.27578812815123],[-75.48412345580023,56.14065879741904],[-77.41760478735647,54.614105350232194],[-77.65880478525678,54.51712631772379],[-77.96425621838894,54.422567566871024],[-77.94553358267252,54.39914312289742],[-77.8899962479439,54.27571446703506],[-77.41809000056863,52.554331244324565],[-77.4355464944058,52.4326469125909],[-77.4863656782851,52.31450525620605],[-78.15904570704521,51.184336896939],[-78.29620173641939,51.06873663744543],[-78.46664155117772,50.97241256695663],[-79.42182148724334,50.547760103137676],[-79.64118997045526,50.50016910617759],[-79.87096663798846,50.481581656858125],[-80.10190955112513,50.49274511280469],[-80.32473630602854,50.533210718783465],[-80.53044694274897,50.601349262343405],[-80.71064358745394,50.694408281719284],[-82.40253955974339,51.782665058995505],[-82.51902232908336,51.94306252005043],[-83.6763852900143,54.240166065329696],[-83.67307603740167,54.390583929445285],[-83.64873732629549,54.51053506591696],[-85.36079807387789,54.61185443769623],[-85.58991624966804,54.66605658321806],[-88.22519833617449,55.47986484705116],[-89.7638558524469,56.238301660361806],[-91.02232705573208,56.54358636411165],[-92.21764016542339,56.382768436486515],[-92.46939342818445,56.38737609557688],[-92.71511872633711,56.4183208426902],[-92.9460364122389,56.474499635251604],[-93.15380899225785,56.55390334607613],[-93.3308034391797,56.65367759923217],[-93.4703490117264,56.77021110370541],[-93.56698559479005,56.899250674013444],[-94.28926433248732,58.18405495074453],[-95.22142841983923,58.2846145704301],[-95.46381831024817,58.351197615533444],[-95.67720591780548,58.441392842637455],[-95.85320828575549,58.55176165977939],[-95.98468141564202,58.67806152996095],[-96.0660169220689,58.81538960489353],[-96.09341479795903,58.9583556536453],[-96.07050881182785,60.23059170468851],[-96.00712698666538,60.349558060852225],[-94.21417894279821,62.59019071213081],[-93.08736732738515,63.35170481276832],[-92.83966272770355,63.44581714582535],[-92.55324655592048,63.515134791569075],[-92.24039169367205,63.556629181796545],[-91.95851518231966,63.58017026075398],[-91.33960779073698,64.4030821224832],[-91.15832669338636,64.51729933161714],[-90.92801091430962,64.614097771185],[-90.65720996262857,64.68968439124667],[-90.35634039050778,64.74106869223978],[-90.03724694357646,64.76620315875303],[-89.40134096184926,64.78892964270243],[-88.7933858705977,65.15292087566469],[-87.52421394376886,66.45503196509323],[-87.46314965017132,66.48409402849347],[-87.78811534173589,66.5022869485043],[-88.13467965830502,66.55076056895862],[-88.45120214995057,66.62551987901786],[-88.72518874913752,66.72368801769984],[-88.94543050596783,66.84144922079977],[-90.10969347714727,67.63404995536895],[-90.19640955199563,67.78758033285274],[-90.19340940747728,67.9445899691801],[-90.07120728426646,68.33477937035862],[-91.95787081722105,68.98278230872153],[-92.21712791745912,69.08881182752496],[-92.2532484583108,69.11062056936387],[-92.23973041812084,69.06374712668051],[-92.27791570675417,68.92193327123977],[-92.91396177415676,67.79342403233585],[-93.07540358309481,67.67357016575065],[-93.29108283428147,67.56696981441847],[-93.55317511549242,67.47715882214409],[-93.85262622018544,67.40708060955056],[-94.1794424577558,67.35900976368387],[-94.52297004621862,67.3344955215499],[-94.872163637086,67.33432451173601],[-95.2158470924911,67.35850221364112],[-95.54297145271805,67.40625282921067],[-96.6363689623587,67.6087152072682],[-96.84058273615182,67.42481476096748],[-97.04479434337416,67.3216577772769],[-97.29204712987456,67.23394928183441],[-97.5743867070953,67.16436244303947],[-97.8830325774612,67.11499823538425],[-98.20860957002644,67.08733656548299],[-101.61334319437472,66.93411879221576],[-102.00936761007996,66.96450555017282],[-105.24426534855333,67.36661734957622],[-105.54135266377182,67.44099154010378],[-105.79857912361693,67.53513251291503],[-106.8923172578388,68.01107362418942],[-107.22263722940556,67.98630767684715],[-108.91018031769028,67.39932972252666],[-109.21498749552676,67.33781854577595],[-109.54273814826134,67.29822994582946],[-113.45794165700944,66.98153041080538],[-113.81961275312912,66.99196749864966],[-114.1698984062281,67.02917673340848],[-114.49621267840826,67.09182832744251],[-114.78660641635311,67.17767002982654],[-115.03012032013424,67.28358866304237],[-115.21715220481481,67.40569864975225],[-115.33983496319041,67.53945830145149],[-115.5715593483742,67.8974883831277],[-121.47858481696687,68.89603756575782],[-121.97922740597866,69.03351710841532],[-125.75205338189828,68.78134814453892],[-126.14485010716017,68.79522217953156],[-126.52349423005369,68.83606228817727],[-126.8742633951906,68.90239900278591],[-127.18415739005626,68.99182894659208],[-127.4412820576626,69.10107920376797],[-128.37746182802312,69.58086168164151],[-128.9809540196103,69.52949181272224],[-132.2534529346808,68.82539949917663],[-132.6681327978915,68.78838647928313],[-133.09461823523247,68.7831943959704],[-133.51505071613786,68.81004091176057],[-133.83977749444972,68.84363112480546],[-135.43398840648905,68.29570492364083],[-135.79713656763093,68.22880887700927],[-136.18837104421345,68.19044224997353],[-136.59199694797937,68.18213606798935],[-136.99196863578538,68.20422083150366],[-137.37234334879128,68.25581704329872],[-143.77747024401353,69.37862304312225],[-144.61959341378267,69.28799594775319],[-145.0006817033164,69.2822016367638],[-145.3785628190593,69.3008763907153],[-153.5565034539873,69.98970212885735],[-156.57659451766762,70.52925445121038],[-160.33022054323087,69.82458751083954],[-163.12258468967258,68.08131665883984],[-160.07270703392186,66.39475331576317],[-159.9638961313832,66.25760160069703],[-159.92596504315424,66.11447612211659],[-159.95925842857855,65.9711698001802],[-160.06128535722482,65.8333867486846],[-160.22699721663804,65.7065232126493],[-160.4491284450186,65.59547362922683],[-160.71856942338107,65.50446549694259],[-161.02474925813453,65.43692470903363],[-161.35601481651355,65.39537166712583],[-161.7,65.3813477727044],[-164.11184219944948,65.39285400990329],[-164.41422746488237,65.42702367965568],[-164.69791390354996,65.4828176592668],[-164.9540927319133,65.5585308423895],[-165.04341269682615,65.59632220229574],[-165.62114732791767,65.44851482254379],[-165.10174839855668,65.13625367754405],[-165.10829584200687,65.16548714636158],[-162.27314113049326,65.26472839015385],[-161.94469608788947,65.23592963672694],[-161.63706637469653,65.18027964720719],[-159.87749445045853,64.75037406416752],[-159.65058012352011,64.64924581127467],[-159.47547598631638,64.53098522231357],[-159.35840987328032,64.40027740476812],[-159.30310800974712,64.26223010512838],[-159.31077357467873,64.12215956375404],[-159.38018209666313,63.98537990134965],[-159.50786717840552,63.85700469004876],[-159.68836932473522,63.74176704531333],[-162.06905621454015,62.48873794193188],[-162.34027226882029,62.40912050140772],[-162.63992409698605,62.356386586009414],[-162.95592113319398,62.33264487632878],[-163.2756593492757,62.33884127884405],[-163.603041371112,62.3606840709162],[-164.4802158534712,61.46737653681697],[-164.0863646388472,60.906742686995095],[-163.13702319256672,60.47302311213828],[-161.33667163539081,60.321219085632364],[-161.0664813548347,60.252118943326025],[-160.83262959509437,60.15616658290434],[-160.64555416026192,60.037794034218834],[-160.51326932925662,59.90241541637761],[-160.44567457943845,59.76549759582619],[-160.41362134835052,59.76792260268252],[-160.12518250799673,59.75948535422809],[-159.84654394141916,59.721366959902376],[-159.58977775442855,59.655227103121],[-159.36584561603254,59.56393192419159],[-158.4397292212126,59.09546957589432],[-157.18504753285683,59.04318828811615],[-156.92433954189593,58.990811673516646],[-156.69017081917391,58.9122723016203],[-156.49222812383283,58.81089146501535],[-156.3384647972,58.690922725094914],[-156.2347870557996,58.557351334544435],[-156.18486782728294,58.41566754499499],[-156.1885279992107,58.31460698898575],[-155.23498110468748,58.6666289417548],[-154.99562913627977,58.847060017259984],[-155.27516238379454,59.04974630402747],[-155.36935358648626,59.186276028919195],[-155.40873915023798,59.32970659857633],[-155.3910366521582,59.474262691721],[-155.316246928949,59.61405029522297],[-155.18677084682477,59.743298044224375],[-155.00742019104993,59.85660543992493],[-153.41873236333893,60.64363209413478],[-153.17777466275612,60.709487386031896],[-152.91513159180812,60.75159558922522],[-152.64061449394103,60.76837236412754],[-152.3645646701104,60.75918470805197],[-152.09739221117633,60.72437940469455],[-151.84910999722746,60.6652674178743],[-151.62889539999765,60.58406534282198],[-151.4447086344048,60.48379801334564],[-151.30298964962344,60.3681688063886],[-151.03743639611892,60.094627104980276],[-149.0669599242188,60.5471787811978],[-148.28103303043696,61.337136397618494],[-148.07224394301164,61.44471660516277],[-147.82074482393668,61.52930508530672],[-147.53732714796314,61.58716959621886],[-147.2344345564344,61.61573920103368],[-146.9255389254756,61.61373915087573],[-146.62443218109684,61.58125880274721],[-146.34449127026878,61.51974683606463],[-143.64379727283838,60.74447862823701],[-142.5004733771744,60.818237304443215],[-142.24387351984436,60.802617959446295],[-141.99732266224345,60.76490211739405],[-139.05391982676014,60.14715043531083],[-138.83434165013563,60.055480535090204],[-136.97381628262815,59.08915670194374],[-136.26853878988155,58.90433695090409],[-133.72879784627435,58.79190443660164],[-133.4756336400677,58.73996870827575],[-133.24788697102323,58.66294798409819],[-133.05460169329606,58.563968421794065],[-132.9032400977042,58.44701688271001],[-132.79939940129938,58.31676052526975],[-132.3555063356911,57.54690923619402],[-131.12035652653776,56.70823773831209],[-131.02937549745113,56.598968839399156],[-130.97318166400282,56.48286101238985],[-130.77632618070265,55.87008453954487],[-129.54934140743794,55.23280914462392],[-129.42135215455573,55.11058107144387],[-129.3386974344357,54.97626744077871],[-129.30421546202692,54.835236007483196],[-129.28719850064343,54.59159743856429],[-128.25408292516715,53.915608380214465],[-128.14812332778862,53.77499541573548],[-128.09579826281146,53.62426308453791],[-128.02881667479934,53.20664454563203],[-127.12293370452622,52.91723800615996],[-126.96141591651114,52.82436642138724],[-126.83210053761965,52.71478079389361],[-126.73939849042539,52.59243784449175],[-126.68631309791682,52.46171972605754],[-126.42104184501902,51.367737752347864],[-125.02685535231166,51.020276567514344],[-124.87827230923419,50.95434798403987],[-122.1108931792783,49.465022611804315],[-121.99944065019959,49.361088695358774],[-121.91818729883292,49.245966608589406],[-121.43380431108719,48.312003405292785],[-121.4227789736864,48.1739381262366],[-121.45155444029811,48.03701948743221],[-121.51876334847366,47.90628587661729],[-121.62167396884468,47.78651146028095],[-121.7563250390663,47.6820393392498],[-121.91769228906983,47.5966340373948],[-122.09987833342853,47.533356850129174],[-122.29631892912643,47.49446662666482],[-122.49999999999999,47.481347772704375],[-123.2507748079319,47.481347772704375],[-123.11884216282296,47.18338521750927],[-122.88551736631845,45.61491628450991],[-123.16299586221335,43.61768793179473],[-123.52533947893117,42.756588402534305],[-123.23884501471225,42.08332261237524],[-123.23772864976745,41.93257026709525],[-123.44122801764755,40.394184740268386],[-122.92599834729606,39.29453621147318],[-122.2874483019105,38.620164934099826],[-120.92692067648466,36.510172656435515],[-119.7964203529948,35.07163096258098],[-118.13373523819348,34.70198175513502],[-118.00044008583521,34.63850239345162],[-117.88299418450914,34.55664063396903],[-116.5733250717299,33.433518955858645],[-116.49159162389208,33.29203526088854],[-115.91963281879816,31.92941089217811],[-115.59294508074953,31.350067380571534],[-115.64104725145401,31.877146080007783],[-115.60950795437344,32.010250602368316],[-115.54888304863462,32.135924879699864],[-115.46124029625688,32.249644319301304],[-115.3496523730054,32.34729848881811],[-115.21809582185875,32.42534515084129],[-115.07131060588905,32.48094489889348],[-114.91462487046931,32.51207037086706],[-114.7537519517253,32.517584942440735],[-114.59456876050548,32.497287109014145],[-114.44288614959511,32.4519183737335],[-112.65740865202154,31.732958991274916],[-112.53739391504915,31.64298121225513],[-112.43969697646341,31.535280589879385],[-112.36778768052369,31.413774103653722],[-112.32416686844215,31.282864458103347],[-112.31028858849237,31.147275927989163],[-112.31208495051563,30.94285714752416],[-111.54495763378733,29.340347522461798],[-109.85473421209198,27.68634358836916],[-108.71501346848531,26.943281776804007],[-108.62030308235033,26.83388865669821],[-108.55098299288576,26.71030906090628],[-108.50955184974494,26.57715178001649],[-108.49745028263322,26.439365967635574],[-108.5150215193146,26.302054750890434],[-108.55778596977328,26.122314925339122],[-107.93588510979444,25.738796731084946],[-105.39469633121493,23.140263626566444],[-105.33775730944402,23.043197152689714],[-104.4964102197178,21.25054872733271],[-104.47969917020032,21.101273134837687],[-104.4965839647544,20.952016214880338],[-104.54623130448677,20.809277668563045],[-104.62639704538569,20.679255645270125],[-104.82968752725039,20.416700336712456],[-104.43129425732859,19.80134301436996],[-103.17178817652109,18.96014952136148],[-101.57026345036157,18.546814648290173],[-101.4457517945381,18.474651130338778],[-100.48700892095407,17.78871354685414],[-96.52825391943513,16.4072640673804],[-94.7874265924805,16.913749551159103],[-94.65006728397636,16.91705668830855],[-94.51439749829851,16.896281391346395],[-94.38500564131114,16.852126605846742],[-92.92360145218595,16.190156686369455],[-92.8241162956587,16.110443143608112],[-91.78654230037287,15.117790004551681],[-90.95784495681094,14.620060022363424],[-87.60204611912886,13.80765397212594],[-87.48967837072458,13.747667176614659],[-87.38972453731174,13.669698506360898],[-85.10603368100752,11.520995578663374],[-85.03807511191114,11.408229963659226],[-84.99216886062288,11.285241407019077],[-84.96981371208447,11.156124545379123],[-84.97172101401699,11.025172301252375],[-85.02189622091595,10.559380442231786],[-84.03270267637836,10.046441836562524],[-84.06184966273663,10.09621974629047],[-84.56201821667325,11.180181720958347],[-84.58234770083007,11.320874850104065],[-84.57405479389192,11.462741067882538],[-84.53742166465412,11.600232001255904],[-84.201859862188,12.487303999001968],[-84.28753313400809,13.176757269616367],[-84.27272619768709,13.29649037006133],[-83.97536135965042,14.693833510043754],[-84.62501200625816,15.15316333045397],[-85.88298617320814,15.267516025911405],[-86.3052892535537,15.095013614482227],[-86.48092071084838,15.081966071926963],[-89.13171864466793,15.202996827952514],[-89.27497116785186,15.253106721236025],[-89.40474700340725,15.330218081636783],[-89.51564435674032,15.4311310515544],[-89.60302656479529,15.551653127133408],[-89.6632149954539,15.68676961225917],[-89.69364602845098,15.830848605893964],[-89.69298522423202,15.977872733875774],[-89.66119293921967,16.121688616042956],[-89.59953713425288,16.25626409282383],[-89.51055099711955,16.375942584762875],[-89.0560149903348,16.8701087731352],[-88.80690412453536,18.35620946306464],[-88.73379040322966,18.492888388648506],[-88.6316535498896,18.611702858098973],[-88.52475077997805,18.692392838065803],[-88.11370790314874,20.512422484936785],[-88.05753797331296,20.619881011486004],[-87.98301499360038,20.717098593196333],[-87.90530351232404,20.802380722854306],[-88.4212695823303,20.78518028224815],[-89.66352483690757,20.43053862524642],[-90.05947354566301,18.998430308157545],[-90.13120590957162,18.88224530535879],[-90.22446558702023,18.78070122845031],[-90.33597601700346,18.697327742618437],[-91.09457527023297,18.242246335617192],[-91.21009108306546,18.2042650787439],[-94.419348595269,17.431940642892613],[-94.57917791935262,17.441951239621133],[-94.73323393154939,17.4838535316797],[-94.87462308925652,17.55577389322871],[-94.99700048913175,17.654493675311247],[-95.26429058721779,17.921051357248476],[-96.27588102758368,18.225934584518285],[-96.41427691254573,18.32193702321724],[-96.52653738636106,18.444972630888227],[-97.92433917126746,20.38440308191788],[-98.62112901687328,22.359406630380416],[-98.62561712494124,22.502966106317047],[-98.46140257117801,24.47151769977531],[-97.9624780961156,25.921216836325648],[-98.15769763405855,27.44981796370219],[-98.13354078352376,27.582618062074108],[-98.08179863433237,27.7090855630896],[-98.00420379983547,27.82476053453512],[-97.13140906722634,28.846505185028448],[-96.97434250128524,28.93912588247881],[-96.07885310916575,29.342842422319634],[-95.15923125963319,30.098042418336263],[-95.03111805984882,30.15874975334072],[-94.89256763033201,30.198974795758133],[-93.31743403961481,30.516283105746925],[-93.1901036238719,30.516783799354673],[-91.4188250241294,30.390229718872387],[-91.25778626854036,30.333347103732606],[-91.11419435178007,30.248668928320583],[-90.59757045708936,29.868652227295605],[-90.36645874347454,29.868652227295605],[-90.43132039066992,30.218222659659453],[-90.4123928902183,30.355745791636537],[-90.36315653871243,30.487567998316266],[-90.28533348766528,30.6087615568627],[-90.18174300408548,30.714778297568532],[-90.05620798556059,30.8016254428888],[-89.9134172435557,30.86602219568511],[-89.75874781266803,30.905529994276687],[-88.47056122668378,31.118652227295605],[-86.2366067308349,31.104800966994404],[-86.0796027560167,31.06378904913426],[-85.93511128401548,30.997219440529637],[-84.93880131030076,30.421369363673577],[-83.7305040418246,30.66816956934014],[-83.55943870127156,30.658332130795344],[-83.39442085689211,30.618454194033465],[-83.24253395737495,30.550250709093486],[-83.11026325117012,30.456649749998235],[-83.0032077561134,30.34165952175977],[-81.88487557643062,28.806646467186418],[-81.841115036735,28.66021047394392],[-81.83335353310899,28.508983929314535],[-81.86178221028348,28.35968234834985],[-81.98337439381598,27.974179443954544],[-81.0173128769861,26.230597367561746],[-81.00522115619876,26.216212957683688],[-80.88147741102576,26.838106518513197],[-81.90214008829767,29.308587923196104],[-82.33505496867573,30.714636946457308],[-82.32358449578747,30.877095180313496],[-82.14184551559758,31.697679063847545],[-82.07988286557769,31.810909599002184],[-81.9956238774489,31.913261379917557],[-80.83109195966566,33.07117982347545],[-79.79580049622642,33.67912737871667],[-79.10899032006118,34.39985082064859],[-78.95398863548421,34.48618848986801],[-76.96176334178541,35.34875499163072],[-76.68441914645439,35.699108191397265],[-77.21069964525658,37.91155530436687],[-77.18924249732254,38.05862661331443],[-77.12981398772281,38.19909233487433],[-77.03474875203213,38.32693761735994],[-76.90796374901902,38.436657699189304],[-76.75481345282175,38.52350484700796],[-76.58186838223551,38.58370553422218],[-76.39662485231344,38.61463588732738],[-76.22567674288793,38.62888669749547],[-75.08960614274243,39.96996026197455],[-74.88890161630852,40.90169679014234],[-74.8039944733094,41.032768736446016],[-74.68537720180151,41.148086113797625],[-74.53787260166155,41.24280100263503],[-74.3675996441598,41.312912278825195],[-74.18171604855169,41.35544681007586],[-72.28555665837338,41.63309444895303],[-71.65705346566021,41.90017602806781],[-71.77393566186052,42.93566379360794],[-71.72999631998402,43.08094495174254],[-71.64575331633742,43.21644926732429],[-70.8365322521538,44.18499396108106],[-70.6836308051608,44.28323361799042],[-70.50554088883347,44.3568445181222],[-68.68110920756868,44.936953604843985],[-67.80674325952775,45.70137776817844],[-67.6328987591668,45.78385396249047],[-67.43825240813499,45.839663633751854],[-67.23115181768752,45.86639849117208],[-65.39449826494612,45.95919581001916],[-65.45606992813087,46.0742028853582],[-66.1731590626016,48.011987427255356],[-66.16529732534782,48.1516812383777],[-66.11690046477075,48.28770390144254],[-66.02950363460167,48.41485970152679],[-65.97379756684302,48.466086134802275],[-66.19038995323811,48.45164875743808],[-69.58004254775689,47.07636213240153],[-69.78117326892463,47.040492627850604],[-69.98860504358875,47.03182313543084],[-70.1945966639119,47.05067725505848],[-70.3914541848694,47.096351039908534],[-70.57178473767377,47.167136226459675],[-70.72874600987508,47.2603770073434],[-70.85628703136565,47.37255943337263],[-70.94937472768801,47.49943186544831],[-71.00419917491523,47.63615407294058],[-71.01834884885268,47.7774715586202],[-70.99094573321969,47.917910477901486],[-70.9227293432538,48.05198715319543],[-70.81607897175876,48.17442475994438],[-69.22998556896,49.58856399790101],[-69.03654963567948,49.67798676850064],[-68.00176155957256,50.052292893274185],[-67.18127918421841,50.769238965110645],[-67.02024120237314,50.85096153987708],[-66.83796226148004,50.91266680915102],[-66.64062526437827,50.952236868338886],[-66.43499399639006,50.96830904823087],[-63.80657895645569,51.01906480598819],[-61.699357157828786,50.82602592642717],[-60.56944193196046,50.928797103288474],[-59.358746203352226,51.659876401166926],[-59.13259273721048,51.72783741476423],[-57.73608855747467,52.03403790198387],[-56.89527066484583,52.47347930852796],[-56.925671117773184,52.89059053980672],[-57.87140674264443,53.334123340365934],[-58.01866732386466,53.46104709651126],[-58.11781215478954,53.60368945193766],[-58.3783645959438,54.12782666201992],[-60.22355667416731,54.5946473048267],[-60.385721749082556,54.66527859633913],[-62.83195545981706,55.918962048283355],[-62.96490573707937,56.0394868749151],[-63.05370059768216,56.172179577438584],[-63.094487927135965,56.311985231027585],[-63.085167692518624,56.45352211940426],[-63.02555015043574,56.59128224737827],[-62.83330167525645,56.89463302235428],[-64.65271180211577,58.75822881347849],[-65.15992763456454,58.279461395107326],[-65.39994041056856,58.165784014071654],[-67.08500435578613,57.54716416614377],[-67.32761126961103,57.50212124101307],[-67.58141170081406,57.48227555176565],[-67.83758975043753,57.48831597337457],[-68.08726182231712,57.52003294702701],[-68.32172996710797,57.57632448955899],[-68.53273505714792,57.655227996583854],[-70.3883548079296,58.50582238563776],[-70.53531073929214,58.62340278023343],[-70.63646561883243,58.753540192630204],[-70.68751926666177,58.891383292094154],[-70.96793883739697,60.41139871132934],[-71.7760145511229,60.4620411323935],[-72.01825254569573,60.509386262192066],[-72.24040363067344,60.57682373765618],[-72.43562507707338,60.66231936364587],[-74.11881224329474,61.52764105355797],[-74.40687891620023,61.490561615827964],[-74.72951491973897,61.482327965884416],[-75.04873465357551,61.50639637630744],[-76.38870697742438,61.676908808584336]]],[[[-113.52807561592724,27.59950640097937],[-113.54916992805938,27.504537286413942],[-113.4629930223178,27.4576956105625],[-113.52807561592724,27.59950640097937]]],[[[-72.31689606889942,11.150551370125893],[-73.07318826395363,10.60696412640062],[-73.19256076309247,10.56081880612981],[-73.31827583576887,10.535842603519031],[-73.44648909952157,10.532799207511149],[-74.03460049627566,10.569556602291721],[-74.82816795449546,10.142563430366554],[-74.96365451650364,9.209640966086273],[-75.03047639620289,9.072384027588406],[-75.12502990406355,8.952088761851419],[-75.24306027715032,8.854137501166063],[-76.57994015104175,7.982875302445948],[-76.728062066034,7.941549651547334],[-76.88163941575725,7.9320300837529505],[-77.03380132619843,7.954742550621646],[-77.177739338466,8.008670745165444],[-77.69040218656993,8.264903563020729],[-77.55539205161436,7.857818735062489],[-76.87337514837607,7.059775011119506],[-76.81627824844793,6.935742332912089],[-76.78383462407243,6.803234815574979],[-76.77719240185696,6.667028135407493],[-76.82427095727968,5.6613532191226845],[-76.42980729444865,3.861349768669209],[-76.44300586537618,3.7129064058248087],[-76.48659106778028,3.570369150864538],[-76.55867683156018,3.439862667800524],[-77.46096763195763,2.172987404752144],[-77.58536560223497,2.080536243244731],[-77.7266874660776,2.01686196458512],[-77.87837307717173,1.9849201127766731],[-77.91361968476701,1.9813955189459285],[-78.22092999167917,1.0522725659614618],[-78.30044338717327,0.9367767570755908],[-78.40086662064519,0.8389128049932978],[-78.5183779723429,0.7624044017847335],[-79.28373328230292,0.36444176046617766],[-79.2850215646522,0.2773209147737551],[-79.30823066853588,0.1552540631254889],[-79.3521176742282,0.03900902958801074],[-80.01793163220975,-1.3216471304037778],[-80.10261929070408,-1.4188221583146912],[-80.10473048093958,-1.42050970265252],[-79.58224311046575,-3.3446035812476946],[-79.58486134442434,-3.482950241600898],[-79.61399729180084,-3.6182313638680696],[-79.66858197124554,-3.745429751092021],[-79.74660093274392,-3.859825752835687],[-79.84516731863413,-3.957172755441133],[-80.506967932082,-4.495168740138613],[-80.61171335139151,-4.740123787985145],[-80.24791556898815,-5.531894685101867],[-80.22813474000363,-5.677819641106435],[-80.23865365349964,-5.824694094364951],[-80.27706493200255,-5.959378415103575],[-79.21585686006962,-6.714881206591825],[-79.1233275478183,-6.8399861734206375],[-78.31791619608188,-8.22155529503057],[-76.45676844840459,-11.851451159985691],[-75.56530220316938,-13.280027608025627],[-75.5285707101164,-13.394275552475252],[-75.33868058605401,-14.218857824372792],[-73.06134499023635,-15.734584393292009],[-70.98058761065366,-16.788662154912554],[-70.87610018839717,-16.885633319568907],[-70.79301725734416,-17.00003827572774],[-70.73448093774803,-17.127606268903342],[-70.70273181086704,-17.26356635740702],[-70.6955928095857,-17.318908850267757],[-69.8456648944433,-17.814637193294917],[-69.74808228247836,-17.914971854031645],[-69.6721259815552,-18.03104612900317],[-69.6205717791327,-18.158685562477704],[-69.59533164376148,-18.293290619194597],[-69.32378070839854,-21.60447553480021],[-69.9069809594014,-25.779753579787627],[-70.113262518537,-27.8277532144019],[-70.15555067691757,-27.937678198124306],[-70.66234607597168,-28.966635429384915],[-70.52322902434653,-30.172170977212666],[-70.55780705592913,-30.318577762606143],[-70.79755811249439,-30.972728639603776],[-70.59971370569933,-32.43544523891123],[-70.61786868599118,-32.55385320928689],[-71.13832615197019,-34.49711978081974],[-72.35773627252287,-37.44495317947748],[-72.45104520190678,-37.555586871477686],[-72.5687684576839,-37.65056592572372],[-72.59060467294323,-37.66258789825602],[-72.27354698093677,-39.29563693040791],[-72.30709173989509,-39.44926433811075],[-72.38295191612266,-39.593657982489],[-72.79451461995181,-40.18012161890509],[-73.02814246630415,-41.440251759146726],[-72.91939199457424,-41.47706027325857],[-72.05561686969698,-41.863250231125306],[-71.92075596325584,-41.972117042943964],[-71.81831192596368,-42.099132182285025],[-71.75276270723484,-42.23899619486983],[-71.72711039720457,-42.38583759719047],[-71.74271879430313,-42.53345074228755],[-72.31530370785124,-44.720774146405],[-72.40865118187128,-44.84774108787293],[-72.53609088015703,-44.958927668434264],[-72.69262593819451,-45.049815258721026],[-72.87198450010465,-45.11669046392314],[-73.0668763275257,-45.156809504597305],[-73.26930883275853,-45.16852166068341],[-73.47094574910979,-45.15134436069611],[-73.55362553367968,-45.13187098775857],[-73.74279365054736,-46.019243252458814],[-73.86204282093586,-46.170895168117866],[-73.94893198830266,-46.25443744146684],[-73.66141047459408,-46.31446598265793],[-73.4839917994644,-46.3953578056216],[-73.33351348992807,-46.499222937277366],[-73.21624804738519,-46.621847740329294],[-73.13721906368089,-46.75822738391038],[-73.09997260094083,-46.90275667911803],[-73.10639070216857,-47.04944988722719],[-73.15656019846523,-47.192182745092815],[-73.24871037723538,-47.324948115837614],[-73.37923181788862,-47.442114862646235],[-74.23663466997507,-48.06188062935683],[-74.50478702150231,-48.730737294675755],[-74.38572688395924,-50.224057029911684],[-73.89359986060626,-50.87428734662542],[-73.85774922798706,-51.02585982428117],[-73.79804198868362,-51.917495147745],[-72.0248128726359,-52.866550995677365],[-71.99053972900589,-52.69765721156801],[-71.90911100425932,-52.575547684544055],[-71.79288506265578,-52.46441185886967],[-71.64591111430576,-52.36788757732257],[-70.0630569700974,-51.49126442599857],[-70.28587410736066,-50.75865671266155],[-70.26516801257779,-50.61869114173042],[-70.20215499413364,-50.48393419871363],[-70.09956132492032,-50.35947627072437],[-69.96152229492591,-50.249981100807254],[-68.75357556356545,-49.45443114698085],[-68.07082914210741,-48.32009911734034],[-67.94004311503569,-48.20814194594605],[-67.7793630870918,-48.11525860910995],[-66.94566674366813,-47.71941535874732],[-67.08989216054744,-47.68747940816294],[-67.24801850701486,-47.618854732220974],[-67.3853482092272,-47.53241368345517],[-68.48946459237352,-46.676078417075814],[-68.57374467817426,-46.556924545729906],[-68.62447928378037,-46.429139744160935],[-68.64016631944195,-46.297110502538345],[-68.62052348246316,-46.16533691572628],[-68.56646367599619,-46.0382784002038],[-68.48003148341415,-45.92020508744308],[-67.23436537712941,-44.55506096682912],[-67.0782264086751,-44.460198644884585],[-66.89884527406613,-44.3895850167802],[-66.70348899514148,-44.346054012761975],[-66.5,-44.33134777270438],[-66.39900865513587,-44.33134777270438],[-66.12661825889691,-43.249372517941005],[-66.04402634463213,-43.12674338244278],[-65.93148740943765,-43.01762931728146],[-65.58571374352088,-42.740192580181805],[-65.93034993270587,-42.25179764703932],[-65.96587881173689,-42.09958335514184],[-66.04494295870384,-40.96080325586292],[-66.00365781903244,-40.82535641960011],[-65.92891291545516,-40.69841276529834],[-65.82364820220957,-40.58465927458471],[-65.69187272874083,-40.48827387093825],[-65.53850552651961,-40.41278050305208],[-65.36919411992874,-40.36092910765111],[-65.19011678461143,-40.334603304279206],[-65.00777389261178,-40.334757849018786],[-63.87481795984782,-40.41868190522892],[-63.14190534506422,-40.21274712991885],[-63.265733048258625,-38.76483487711185],[-63.22594466564319,-38.627193121536585],[-63.152703992640255,-38.498236239433574],[-63.04896975169162,-38.38287593823114],[-62.91880714593009,-38.28548441810421],[-62.76722235619301,-38.209737173744685],[-62.599972219937506,-38.15848305335052],[-62.423355745289726,-38.13364490004866],[-62.24399340223154,-38.136153148242265],[-61.269767023108216,-38.22471426548831],[-59.50459124739761,-38.0041197765753],[-58.383674109446645,-37.63123485123447],[-57.81488982059327,-36.862771045644344],[-58.208285439970524,-36.18833778863523],[-58.23593715442459,-36.05580864529135],[-58.232543072728554,-35.92143852434944],[-57.98073482361391,-34.2355698375292],[-57.914686286018764,-34.10763762761131],[-57.82032967872437,-33.99256866760728],[-57.70125678274896,-33.8946143087894],[-57.5619265019423,-33.8173804901962],[-57.40749890719883,-33.763701990751066],[-57.243651125673466,-33.73554470509353],[-57.076380550805,-33.73393844687683],[-56.91180049767231,-33.75894193372528],[-56.75593317990768,-33.80964079456837],[-55.95134327761142,-34.14786850815407],[-55.14460328437637,-34.212405985810534],[-54.384000179131895,-33.849446579693776],[-53.4473439694447,-32.836166086508186],[-52.950189430935666,-31.844736861613665],[-52.83100162151639,-31.7268998596657],[-51.37203607057601,-30.55659912032193],[-50.24618967779881,-28.75625193831147],[-50.14712046880065,-28.664108049728437],[-49.62347070476277,-28.254615552378944],[-49.2603005432925,-27.110445879664987],[-49.290639239442,-25.7990624176523],[-49.259347075713244,-25.678650155158408],[-49.2056948403302,-25.564837339756295],[-49.131320659669875,-25.460970566257036],[-48.2390375746485,-24.407211306427484],[-46.86744070330588,-23.48884451595379],[-44.92948463208864,-22.677439227262287],[-43.15420204534489,-22.231347772704385],[-42.52489725719794,-22.231347772704385],[-42.41298269752003,-21.976540829654343],[-42.331461388491675,-21.874318969452748],[-42.2319181347422,-21.786970204956507],[-42.11746478758694,-21.71719960954271],[-41.63908693773238,-21.478449538410786],[-41.45713184809861,-20.618492401625733],[-41.37205761404831,-20.47832769890142],[-40.48402777409701,-19.330321245416982],[-40.3217823187683,-18.035509006982057],[-40.26367517612933,-17.905889849793954],[-40.18020043214001,-17.789516879394423],[-39.96359023086235,-17.542983443782404],[-39.647120932416996,-15.600416241874989],[-39.675620000949465,-13.660006129539159],[-39.62629336461898,-13.509176684841256],[-39.544286620904344,-13.372477557152248],[-38.31529012890541,-11.755302087050552],[-37.6636604406145,-10.651004009701646],[-35.81333694532938,-8.652342140098849],[-35.497037422958705,-7.3569398940185105],[-35.891994485992704,-5.848171408091093],[-35.93655295654431,-5.80995104880498],[-37.520408743484815,-5.443908840639113],[-37.66698227885945,-5.347810167343551],[-38.91463627116318,-4.291559617351472],[-40.178513089916834,-3.57523153343518],[-41.52630826101927,-3.621674062373776],[-44.718280015021634,-2.794475303378737],[-44.84522962187414,-2.7144379660960767],[-44.952770343652354,-2.6098200792643627],[-45.32561102500785,-2.1622465985863766],[-48.754200624278475,-0.9575475276652473],[-50.605430536028365,-0.7886670928778688],[-50.74242370248015,-0.7318341544630583],[-50.864829863368,-0.6480922169084583],[-50.96743629168764,-0.54100877959658],[-51.045874645985705,-0.4151451216325919],[-51.09680647474778,-0.2758617794095457],[-51.1180646605496,-0.1290901867047624],[-51.108745047097,0.018919778945142515],[-51.069244584137095,0.16186565372578765],[-50.753546178734176,0.9689396015769635],[-51.15452380513531,1.588685912977045],[-51.90861079415377,3.757413727036781],[-53.23173236749349,4.74928107474449],[-55.04673189231646,5.297957097127729],[-55.893301123772076,5.0335680851002484],[-56.06920551026403,5.04121448999125],[-57.41906165493321,5.283095869785756],[-57.55641233597786,5.355951027977461],[-57.67492431224909,5.456402607739168],[-59.5544755272888,7.430249918775534],[-60.59015927672695,8.0229034619981],[-61.91686155475133,9.168586336976864],[-62.631823450561605,9.268665186570699],[-62.763009347065186,9.326798070285871],[-62.88011544944242,9.409196260702563],[-62.978587163768665,9.51266249383961],[-63.153275264159745,9.736826199183877],[-64.07075393369263,9.884787554905323],[-64.51316071769543,9.490779794869095],[-64.63710011969918,9.429676422560279],[-64.77049256133517,9.392773209652177],[-64.90854028413243,9.3813970664079],[-65.04628104559627,9.395956964853223],[-65.17876344572436,9.435929470811399],[-66.37910494059798,9.924830677130304],[-68.3032537676187,9.838569197078874],[-68.4406522571746,9.871495662825044],[-68.56906269818896,9.929871258550996],[-68.68368222021543,10.011514924937865],[-68.78021495244545,10.113374509721256],[-69.25043210698736,10.716734648388329],[-70.00562130513786,10.686526445127932],[-70.50136887197651,10.508178572093207],[-70.32463800913395,9.926336746579459],[-70.32357616215909,9.785867004484361],[-70.3502519656852,9.647876005537139],[-70.40361455276341,9.517629344001945],[-70.48160137400994,9.400091441077038],[-71.23787203655819,8.49514143412694],[-71.36231508182742,8.413557454648668],[-71.50094608745538,8.35880788961532],[-71.64793714029447,8.333192900899611],[-71.79711437895462,8.337788351574236],[-71.94221352839439,8.3724012399246],[-72.0771389879818,8.435577692751108],[-72.19621628891585,8.524663199738052],[-72.29442797019058,8.63591269095197],[-72.36762349932663,8.764646074147217],[-72.76274542761654,9.698026753429081],[-72.77927602522077,9.837269946085646],[-72.76805852873193,9.977026716560992],[-72.72948510709865,10.111976396445794],[-72.31689606889942,11.150551370125893]]],[[[-85.77814066578962,66.8410316429918],[-84.29411417141122,67.03416490061387],[-83.42510107389379,67.3531178991452],[-83.8810758716064,68.15153194484223],[-83.84210218947243,68.30474177126172],[-83.49019053853294,68.93482658712442],[-83.60033893405686,68.97586160428354],[-83.67019251462432,68.63889339962923],[-83.7837474930081,68.51781149557631],[-85.77814066578962,66.8410316429918]]]]},"properties":{"featurecla":"Land","scalerank":0,"min_zoom":0}},
{"type":"Feature","geometry":{"type":"Polygon","coordinates":[[[-107.69281473550012,72.31348565789172],[-110.06763082939906,71.79764993985752],[-110.52753276698984,71.7495123701485],[-111.00821477321973,71.73146260981567],[-111.49055403926899,71.74421875445573],[-111.95538560386218,71.78727351165605],[-112.38399464752088,71.85890748827516],[-114.50777322692676,72.2973122531779],[-116.07687679469517,72.12898362539254],[-116.41620129270956,71.89514914555225],[-116.28665235820418,71.87539686367714],[-115.93775789491461,71.7716479901565],[-115.66936825267825,71.64709184975432],[-115.4923054810876,71.50752863792573],[-115.41260311193653,71.35932295759201],[-115.4315834901996,71.20908364180096],[-115.6795609751453,70.65194995202687],[-114.47679772237517,69.64434870806538],[-112.89415960084679,69.30180535637587],[-109.507385391577,69.49868561356756],[-106.31851572541927,69.90703130102112],[-105.9570247575954,69.91864804101922],[-105.59530030253565,69.90789327210835],[-105.24534722762507,69.87512459744515],[-103.61628114770255,69.66480150678747],[-103.48453815588724,69.78924290812748],[-106.19619321613828,70.56846485461334],[-106.45067873686767,70.70685612673148],[-106.60786671552265,70.86046001674507],[-107.59280573387076,72.28577151185814],[-107.69281473550012,72.31348565789172]]]},"properties":{"featurecla":"Land","scalerank":0,"min_zoom":0}},
{"type":"Feature","geometry":null,"properties":{"featurecla":"Land","scalerank":0,"min_zoom":1.5}},
{"type":"Feature","geometry":null,"properties":{"featurecla":"Land","scalerank":0,"min_zoom":1}},
{"type":"Feature","geometry":{"type":"Polygon","coordinates":[[[-66.19839142119378,67.31594596422693],[-70.07893470146081,68.15649772632125],[-70.34437771556809,68.25780491979333],[-70.55351686226567,68.37614211157702],[-70.69773922840936,68.50716147380041],[-70.77049326199021,68.64597168503195],[-70.76767091671383,68.78729894150828],[-70.68795188050802,68.92567378463355],[-70.53307310448545,69.05563995906805],[-70.30798074488712,69.17197871480089],[-70.02082133483857,69.26993883116755],[-69.50926427415573,69.41153700926702],[-70.3720524832064,69.99924046276381],[-72.35769853875857,70.29289590492981],[-72.62993325859252,70.3600100273707],[-78.64873817022414,72.01909006681375],[-80.92180696777011,71.98800409860524],[-81.37178092480849,72.02045278141946],[-81.79452933705107,72.07879596394746],[-82.1747470003196,72.1609631016412],[-82.49815654297454,72.2640065020968],[-82.75194896488097,72.38417601269536],[-83.44968441071654,72.79112758390724],[-85.48841432130227,72.50327917963243],[-85.92832012844505,72.45524168793185],[-86.3894621417783,72.43291828795525],[-86.85606816267745,72.4370715326312],[-87.30078981241871,72.46679383115749],[-87.78578468347993,72.14721115732742],[-87.39521715161261,71.02651019195537],[-87.34152993591074,71.00209589328131],[-84.41335613530109,70.64872695058051],[-81.12106450648064,70.46811674956814],[-76.8974599264288,70.45547729979904],[-76.51067638983201,70.41646933934419],[-76.15461346566603,70.35315252895313],[-75.84271968013462,70.26798194584825],[-75.58633228420261,70.16422364381825],[-73.35021102611884,69.02756087293767],[-71.76946984769477,68.4920891836471],[-71.58452745086885,68.3835319627229],[-71.45641946596021,68.26451349223976],[-70.79784356390438,67.38637596484321],[-70.79301452648156,67.25533066480816],[-70.84953979908332,67.12611701353956],[-70.96461372268452,67.00296912558984],[-72.89730039560729,65.37526045233882],[-73.1405157168651,65.2653282845008],[-73.43102019960389,65.17829634125927],[-73.75662404412357,65.11769882155781],[-74.16423197330039,65.0612461515722],[-73.97778840928021,65.02700614799771],[-70.82990380497758,64.24405314446696],[-70.60602302533252,64.13917660344744],[-70.43590262646589,64.01682952539709],[-69.78482470205678,63.41298955071185],[-68.26628825338294,63.01168289080283],[-67.86164854569624,62.95269159430977],[-67.87416379346472,63.02263803055645],[-67.82207584342342,63.151640247842586],[-67.71828993925816,63.27415412853454],[-67.56572082216128,63.38599266106481],[-67.36910989337473,63.48328668725597],[-67.13492025915379,63.56263297112144],[-66.55260003636943,63.72355620408842],[-66.7706413014318,64.02982718205692],[-69.62675970071993,65.32343779516529],[-69.78505342889876,65.45608092159492],[-69.87584751189151,65.59934651713675],[-69.89422811021404,65.7472732937638],[-69.83817767871487,65.89360370837404],[-69.70886490753014,66.0320423271867],[-69.51080707973908,66.15653376513292],[-67.84986017420431,66.95611479550028],[-67.5536294814675,67.03453548577797],[-67.22254993362363,67.08840493452949],[-66.8699961734513,67.11551505959132],[-66.51043308653838,67.11474894243356],[-66.15868553543622,67.08613819915345],[-65.8291771315037,67.03086134695114],[-65.63795416689048,66.97903265031893],[-66.19839142119378,67.31594596422693]]]},"properties":{"featurecla":"Land","scalerank":0,"min_zoom":0}},
{"type":"Feature","geometry":{"type":"Polygon","coordinates":[[[-99.31014989172955,72.55687927313332],[-99.38140223229351,72.76021777546629],[-99.58598487567046,72.64123598991478],[-99.31014989172955,72.55687927313332]]]},"properties":{"featurecla":"Land","scalerank":0,"min_zoom":0}},
{"type":"Feature","geometry":null,"properties":{"featurecla":"Land","scalerank":0,"min_zoom":1}},
{"type":"Feature","geometry":null,"properties":{"featurecla":"Land","scalerank":0,"min_zoom":0.5}},
{"type":"Feature","geometry":{"type":"Polygon","coordinates":[[[-122.32167232752741,71.88493203166004],[-121.24096281582104,72.88452020080356],[-120.87095199609622,73.02085700817524],[-118.98137411100583,73.55307990431105],[-121.39399281111882,73.70329985299975],[-121.42632172315001,73.59227603535047],[-121.54392798790676,73.4672857194355],[-123.30694919552963,72.02503176852773],[-122.69267266227754,71.81468095621219],[-122.32167232752741,71.88493203166004]]]},"properties":{"featurecla":"Land","scalerank":0,"min_zoom":0}},
{"type":"Feature","geometry":null,"properties":{"featurecla":"Land","scalerank":0,"min_zoom":1}},
{"type":"Feature","geometry":null,"properties":{"featurecla":"Land","scalerank":1,"min_zoom":1.5}},
{"type":"Feature","geometry":null,"properties":{"featurecla":"Land","scalerank":0,"min_zoom":0}},
{"type":"Feature","geometry":null,"properties":{"featurecla":"Land","scalerank":0,"min_zoom":0}},
{"type":"Feature","geometry":null,"properties":{"featurecla":"Land","scalerank":0,"min_zoom":0}},
{"type":"Feature","geometry":null,"properties":{"featurecla":"Land","scalerank":0,"min_zoom":0}},
{"type":"Feature","geometry":null,"properties":{"featurecla":"Land","scalerank":0,"min_zoom":0}},
{"type":"Feature","geometry":null,"properties":{"featurecla":"Land","scalerank":1,"min_zoom":0.5}},
{"type":"Feature","geometry":{"type":"MultiPolygon","coordinates":[[[[125.6052458554644,72.89353104756027],[125.57923857284771,72.7904622603732],[125.43120230520209,72.66438194393253],[125.20987546610664,72.5484041633538],[124.92377826454396,72.44630231920428],[124.58305069247905,72.36134072233662],[124.19909238184661,72.29619573090284],[123.78423221875185,72.25289546129373],[123.3514274370205,72.23277663600788],[122.91398660190275,72.23645730554945],[118.2688543299164,72.41479207926847],[117.84968861966455,72.46708497377726],[117.46798438574346,72.54163579072389],[117.13678390078185,72.63599908644642],[116.86796545449137,72.74703775386224],[116.67185343965282,72.8709989199273],[116.65708343964369,72.88807840198258],[113.41202456954335,72.89826583356782],[112.89741332971107,72.9482848850401],[107.88550315763977,73.6166382776741],[107.51118139927146,73.70609623981277],[107.20061349516095,73.81355525976454],[106.96570776802538,73.93535204236288],[106.81638575338332,74.06725106626178],[106.76008121908757,74.20456170278335],[106.8012250856508,74.34228146471038],[106.94075686683163,74.47526529927201],[107.17571995495035,74.5984184418172],[107.49901062955765,74.70690707073437],[111.00532354846061,75.6403326353271],[109.43249157715842,76.0589294613494],[106.17716150392545,76.25400143947188],[105.61703502188436,76.30080938958358],[105.10125391006845,76.37153007516328],[104.6479052576195,76.46378812805855],[104.49833062580383,76.50307957670263],[104.04829076898957,76.62897606122564],[100.60445016518442,75.85824843247354],[100.14129942589821,75.79587476443311],[89.70980131300414,74.61466659081515],[89.27520750171107,73.74416595534385],[89.0858263712863,73.61967102150156],[88.82010793667148,73.50707712271327],[88.48824180279551,73.4101082282143],[88.10201768986391,73.33191500670301],[87.67443301673659,73.27500107597776],[87.21934079464644,73.24116843235909],[82.59540831458224,73.02174305037106],[81.81211158499353,72.02106207513347],[81.58624461680687,71.89711684660045],[81.28929859436286,71.78898356546362],[80.93318794890142,71.70059976066446],[80.53139970311429,71.63513602147187],[80.09855363983269,71.59491367363555],[79.65,71.58134777270436],[76.67659657331379,71.58134777270436],[74.37600346498046,70.86123723743755],[74.01533402832945,70.79518503107636],[73.62518401130383,70.75176379834551],[73.21822722830946,70.73236942445891],[72.80749777134356,70.7376226143247],[72.40610939034583,70.76735541129483],[72.02697779101723,70.8206148271564],[71.6825357723613,70.89568369075418],[71.38443218545922,70.99011930874114],[71.14320832793881,71.1008109347554],[70.9679497703104,71.22405728097594],[70.86591789590247,71.35566527810484],[70.68725744120322,71.71623296801977],[68.92515726795929,70.8548151640374],[68.98399728565371,69.7371091476712],[70.9047178613874,68.9687071617099],[71.0721926116495,68.83389713909864],[71.15821738491097,68.68954641709372],[71.16066912746443,68.54187310690982],[71.08105659943868,68.39711623702875],[70.92418794921147,68.26127568490021],[69.97703231278047,67.64504968186016],[69.71300686608829,67.5460577109233],[69.4053991602161,67.46810144069086],[69.06557490395662,67.4139700884058],[68.70576038590181,67.3855850798485],[68.33869871397887,67.38394898926911],[67.97731714044158,67.40911950074724],[67.63439873560888,67.46020792251512],[67.32225063859416,67.53540222620839],[63.019185470520796,68.76642581772056],[62.91656466623017,68.65822091541897],[62.711592368495495,68.53160443389129],[62.44284991534851,68.42248576501777],[62.12172258306126,68.33515344800122],[61.761186686236336,68.27299725428335],[58.16965527262892,67.78628037022628],[53.44314790226872,67.4816676854215],[53.059288077018245,67.50081577654193],[52.69256251319867,67.54884901673005],[52.357416776178546,67.62389254961704],[52.26772524137512,67.65458375300635],[49.38354140168167,66.9517071558901],[47.47668464371534,66.0909367808618],[47.19117968220717,66.01560143344119],[46.87682651143631,65.96323013284744],[46.54451480621255,65.93561496226299],[46.205593520598356,65.93369665779903],[45.87157805914997,65.95754046059697],[45.777367067279755,65.97200906398939],[45.39961947143056,65.64419381535276],[45.184906318998515,65.53995981613542],[44.92797979029307,65.45403868274457],[44.63794550474925,65.38935458605881],[44.32479095162103,65.3480907836723],[43.99909871744317,65.33163200035115],[43.67176703570532,65.34052882596143],[43.35373504919123,65.37448376034739],[43.05570872591057,65.4323587395782],[42.39400703474763,65.59283678144826],[41.413045623530984,65.18065082140139],[41.20575962141125,64.31208941504217],[41.092959997831855,64.18594950592238],[40.929022834363174,64.07107666726367],[40.720116211977576,63.97138174741602],[40.473706327191955,63.89022111411912],[40.198292213460114,63.830301752668205],[39.90314113801305,63.79360778186725],[39.59802809893435,63.78134828727031],[39.29297977844094,63.79392622266252],[38.998021233551896,63.83092816084246],[38.72292256794272,63.891134809997496],[37.289280796174154,64.27602382400732],[35.67799565877447,63.755641434984966],[35.375114509070315,63.70583208954685],[35.05660533330979,63.682864071888304],[34.73418648336953,63.68758139943614],[34.41968631847466,63.71981088172771],[34.12470987124445,63.778367046734495],[33.860302805384116,63.86108614448203],[33.636609734636565,63.964889498098024],[33.46252681895616,64.08587655610654],[33.345353041358656,64.21944781431368],[33.2904504885099,64.36045719342344],[33.06494276943032,65.73293428011284],[32.1284578204703,66.59390315360625],[32.08041214633826,66.73413409762476],[32.10272050367571,66.87537760426916],[32.19571474024744,67.01212753042911],[32.356861210163025,67.13896197001712],[32.58068188254681,67.25076978243953],[32.858830011336465,67.34297779859689],[33.18034480025323,67.41176571326284],[33.53209241933126,67.45425423262289],[33.89937813694578,67.46865218659693],[34.266690165486345,67.45435038549314],[34.61851532522582,67.41195395443495],[38.15522227149815,66.82159867766946],[39.01995346221604,67.07513815059279],[38.65744250610923,67.52286636124349],[35.59843334598491,68.3943385597903],[32.889037369155666,68.65990914497988],[32.51653459443593,68.74736763048605],[32.20384535998005,68.86213536410655],[29.81303814814484,69.92633155734565],[27.578804141704758,70.45189523455312],[25.84425267143622,70.37960113044409],[24.550350334716555,69.71604071540418],[24.270240234161363,69.62885359215937],[23.95145616549058,69.56017814660862],[23.60397822714257,69.5120971623763],[20.388266239516653,69.17509044631626],[16.335152151155047,67.40276927733069],[13.878531779055905,65.55125061249373],[12.367723950463162,64.36538916882519],[9.761927368427546,62.98277585212997],[7.036090435650143,62.09390204640013],[6.563237075475852,61.763019084898424],[6.9989944701489595,58.839459023914245],[7.630687273823343,58.93327109750884],[9.465113419677634,60.01350713873209],[9.691428203388174,60.0875928823549],[9.942366014894443,60.13877231136959],[10.208615440759337,60.16512657546163],[10.48018828645071,60.165664028729104],[10.746859035925267,60.14036442286789],[10.998620749891296,60.09017981367263],[11.226125817380867,60.01699211687063],[11.421081927134162,59.923530277936095],[11.576579235552526,59.813252656955136],[12.053522826702544,59.409962699344966],[13.76133113245336,56.72053325351908],[13.88168712583071,56.78013240389286],[14.09777531079304,56.85091870779348],[14.335233241455484,56.897394353925975],[14.584917105903967,56.9177567805621],[14.837132985930856,56.91121407439898],[14.984460466257458,56.89943712558737],[15.151015448992393,57.20249117797157],[15.5313052265286,58.923944772138384],[15.640781160809096,59.05474612360465],[15.799204682457717,59.171691828592],[16.000596424525096,59.27002376446892],[16.237020131226785,59.345702959376176],[16.75175324939611,59.47519815101608],[17.17887081586331,60.01891549526691],[15.719186407967188,61.077304057272585],[15.628805916136095,61.22013775527827],[15.601147555876082,61.368889170551476],[15.638292146995743,61.517173276557344],[16.40035486523947,63.03308875893219],[16.52487224521918,63.14144319471254],[16.68918979390438,63.23852315012126],[19.841315095786335,64.75849222344111],[20.60710798174396,66.00305735861578],[20.76247041746665,66.11490558515621],[20.96593573179375,66.21351604494163],[21.211177414470313,66.29556920281053],[21.490219704219527,66.35827272395922],[23.519606609800384,66.70226992361312],[23.87345944997111,66.71857343405524],[24.228421308705588,66.70647878007104],[24.56967982625056,66.66649142043543],[24.883130328721695,66.60027712390152],[25.156080452892198,66.51057619344117],[25.377838246923428,66.40106561182104],[26.984123234066836,65.3761412218015],[27.078433153413215,65.24046933374825],[27.106909380541367,65.09970019401047],[27.069480001607985,64.9593104664213],[26.968586257764432,64.82467725814067],[26.808941075275108,64.70087986924014],[26.597233623735814,64.59252376893728],[23.759947779677304,63.36663729974949],[22.703128501581105,62.49861222417842],[23.064547952845906,61.73978935874283],[23.05054332680019,61.60585147354967],[22.8494808678031,60.9318964117961],[23.30580859272946,60.67734022295625],[26.08514741296796,61.11636206185859],[28.190173696267102,61.21540337779893],[28.491057085017008,61.18577780535912],[28.77203215674776,61.12649638907273],[29.02059781640334,61.04022876624466],[30.259267965878557,60.481149632030416],[30.41062419758835,60.353779796967224],[30.505136929648394,60.213739319546086],[30.539475473219795,60.067062797222455],[30.51297758459543,59.91998906252473],[30.42754269203355,59.77869197077255],[30.287424186428478,59.64902758711235],[30.09894952753826,59.53630647846446],[28.74311788529946,58.890370524239366],[28.469808305715574,58.82289818723293],[28.17545711796771,58.78700365567452],[27.873271441068027,58.784293008239146],[26.00075824369607,58.87138782949476],[25.565543574487407,58.80184538957447],[25.707324274345225,58.69333495928874],[25.788311178979875,58.56435079569452],[25.82093876630293,58.4297264725779],[25.804588321998587,58.294298160758885],[25.342134070403738,56.81105051121931],[25.234181426524508,56.68641103597421],[25.085622883501838,56.575227266696665],[24.902082585268474,56.48146280884001],[24.690281685838205,56.408434097957574],[24.457800156873912,56.35870779564327],[24.212831103522245,56.33402347775929],[23.96393164029892,56.33524225758626],[23.71977248939169,56.362321655458366],[23.48888729805526,56.414316833812386],[23.279422301947157,56.489408192318415],[22.700826246850824,56.7415958752333],[22.424887636472917,56.556429757801254],[22.494480302490032,55.0964626157949],[22.436907687303727,54.96563977106685],[22.338237406957525,54.843225924671174],[22.202223089588124,54.73344056222689],[22.03379304903998,54.64003622706197],[20.21354462340968,53.811692565135374],[19.985610404793317,53.758808906505976],[19.74473159908951,53.733498438490344],[19.500205428082303,53.73673695410726],[19.261447967449328,53.76839969305532],[17.709117736559882,54.07108781022994],[14.458986960678764,53.063947638612035],[14.237970418472022,53.03607252645294],[14.012270564309269,53.0332544313926],[13.789548053919503,53.05558904469312],[13.577377665246596,53.10231747885511],[13.383027789627075,53.17184832765722],[12.496334985493448,53.558301927063965],[12.490823799043289,53.55593262466337],[12.266312525952918,53.50598856090042],[12.029964920890027,53.482898078633426],[11.79062983254937,53.48752490062669],[11.557250709471687,53.519696063992086],[9.985776654436437,53.84453420414144],[9.944503936273025,53.75255700503419],[9.835805985829072,53.62259224831713],[9.686044611113909,53.50803560424687],[9.501436060254768,53.41341080372202],[9.289421084493789,53.342427865402975],[7.515062422904929,52.868357403234626],[5.615026514330633,52.518007752050416],[4.838917741141931,51.23110088134284],[4.702061659530204,51.11690696415226],[4.532588136534209,51.02171515910297],[4.337142369229926,50.949159042976746],[2.611697256802772,50.44169789054359],[2.354807702435742,49.83506365069631],[2.227963182781966,49.70611298570969],[2.0625162372007795,49.597182862263665],[1.8659465334356824,49.51304758570997],[-0.21329897562929204,48.80839802935911],[-0.7719825005037916,48.186886441625305],[-0.9122958009179774,48.09522433590993],[-1.0747396762975296,48.02187141787103],[-1.2540158733181086,47.969183748587774],[-1.4443461145628136,47.938847672353084],[-1.6396408553097317,47.931831894964226],[-1.8336717757182701,47.94836021502149],[-2.1024848707097554,47.98787832936342],[-2.1005440663840127,47.98645432215542],[-0.27497767194537825,46.325572907809146],[-0.20609447012365123,46.2038104962386],[-0.170462877821964,46.075419412273206],[-0.16903706963546591,45.944679793304985],[-0.4509921556383762,43.779293299332956],[-0.5495924767056922,43.625975149582814],[-1.1807071922687529,42.90895601602397],[-1.3330780440678303,42.81250393069391],[-1.508683156446223,42.74064680059224],[-1.700271233365599,42.696325133740565],[-1.9,42.68134777270436],[-4.458287478670058,42.68134777270436],[-7.7549621669776085,43.00129122926619],[-8.07929600651116,42.83965294313171],[-8.075799577090445,42.83538655655852],[-8.02754971251205,42.66805430521851],[-7.80704003508477,40.67522358682118],[-7.846164891361601,40.535243954522265],[-8.49789972570782,38.961541740719255],[-8.098895177370752,38.66293637629557],[-8.004358925441158,38.52772099636842],[-7.949136369471076,38.3798281389058],[-7.935541128334207,38.22611206578806],[-7.9590953957774255,37.73700810822533],[-7.457870620455736,37.81862507116367],[-7.273536411298898,37.80486687661126],[-6.136480588965803,37.60787346368286],[-5.9665738205370324,37.52976294434627],[-5.82227519569456,37.42429232035825],[-5.316911941503339,36.962815580644815],[-4.812201392354264,37.3166339048567],[-4.6588224760199495,37.375050683102316],[-4.494220516702166,37.40937594247892],[-4.324370175496466,37.41836113180346],[-2.603641590149829,37.37925620533804],[-2.0707222953389253,37.97472689264108],[-1.916721842002247,38.066693621695705],[-1.7412552345211192,38.13079814013332],[-1.3217483869264097,38.24285269936429],[-0.9544818814761502,38.75477453035366],[-1.1788068124980795,39.070920438447295],[-1.2202457638110598,39.206877448806104],[-1.227050353796782,39.34648257937602],[-1.1987580202397508,39.48446658142478],[-1.1362394247484224,39.615590602911645],[0.051296103001297465,41.446482092617956],[0.19556929426527891,41.556898436897335],[0.36848537929870884,41.64143435683355],[0.5619301415543746,41.6960753971695],[1.626793710385804,41.90107400816051],[2.0975153976455516,42.22562247529645],[2.1416212341661742,43.26771465805882],[2.209989978116133,43.41032604502803],[2.318257715967934,43.53931345199542],[2.461793783967381,43.648875997860266],[2.6342789702189755,43.73405695124896],[2.827978917764513,43.79098369138319],[4.496603926701568,44.117616737442724],[4.719354082959068,44.108165138071904],[6.315804404417224,43.90862337063208],[8.50188735203708,45.010555391511026],[8.708388404969003,45.05563023036988],[8.923861489157112,45.068452130504674],[9.138216534237609,45.04842034593278],[9.341421508063577,44.99647324812992],[10.79220376396804,44.47979056213908],[10.926885687787426,44.39439330633442],[11.037705003068359,44.29310466557823],[11.121165205340402,44.179241394172536],[11.174713611506537,44.05651145330592],[11.402322233103476,43.298434169197144],[12.670307136655474,42.29859531866743],[13.92320687096047,41.88636178078161],[13.263784472439035,42.324716608899564],[13.154717605645109,42.463190372169684],[12.748174417174981,43.138435863397696],[11.866445548686418,43.613498240454604],[11.745988417892269,43.72853773363958],[11.659332053888477,43.858586743002455],[11.610145709756397,43.9984816866128],[11.32741534474602,45.435370212969985],[11.354495121991144,45.571329434771776],[11.418220653423655,45.701174528268105],[11.51648320606396,45.82010953767847],[11.64583733387409,45.92371205373819],[11.801604318424424,46.008106495428386],[12.792959644791429,46.424643483904454],[13.003938057091062,46.461481665604296],[13.22152462694546,46.46693948226965],[13.435874300498009,46.44076989869342],[13.63730506342959,46.384156733916384],[15.567108600917622,45.64483454923541],[15.719694606912865,45.529196641296956],[15.832077020548262,45.39295578369662],[15.899070256270502,45.2427702747279],[16.08699206301004,44.56526220484976],[16.657156857859775,44.056117465331134],[19.534137628095205,42.8462508151111],[19.662298299146048,42.74815140876692],[20.404232238600386,42.03435326265801],[20.472559924444397,41.9086534564685],[20.50774054554705,41.77563400585938],[20.508721935447284,41.64005911549589],[20.366989918573793,40.439240603491825],[21.93093121127281,38.605004085283014],[21.979459714334407,38.50360785311596],[22.220147230690927,37.84990177019165],[22.336836968017817,37.917930636230324],[22.49667030661442,37.977323325611565],[22.847137997698617,38.07568259076716],[22.228906072246893,38.50278835592814],[22.134976533237435,38.614125059309],[22.06872965415801,38.737072139275476],[22.032567672376356,38.867443187273864],[21.91845534799342,39.69881403969453],[21.944793643293018,39.828762413966196],[22.00167692945747,39.9528253673287],[22.08734045840304,40.06680546998332],[22.19900723527151,40.16682619158548],[22.33296771336279,40.24946957908998],[22.484699052171003,40.311899945717805],[23.725406156101702,40.71312504419573],[24.21266952866263,41.406601626741825],[24.35643629874852,41.51320747785063],[24.527284677182035,41.594614501799015],[24.717492193694564,41.647100893935374],[24.91837379250883,41.668259483821636],[25.12070872783238,41.657118190303564],[26.414039466502803,41.46429087814417],[26.568006162840177,41.40121868624537],[27.012715466693294,41.77390109936397],[26.680535627277337,42.519055571528526],[26.67821620221351,42.67332134832761],[26.720828370717612,42.824389808741465],[26.806712962306893,42.96525143489742],[27.601873631430053,43.95496138414158],[27.897614779500906,45.151713513291924],[27.979601507457478,45.272577775386296],[28.092414965837083,45.38052819356362],[28.232212585700218,45.47173048139735],[28.826966264802767,45.791029577672944],[29.968225927942054,47.08010378930229],[30.11102913694108,47.17074727311864],[30.276374906564385,47.241732531417505],[30.458496883445598,47.29054973705163],[30.65097266889112,47.315466907227254],[30.846970739132907,47.315598125321785],[31.039519649486827,47.29093872256868],[33.777811720756326,46.73872336386988],[33.949799830782666,46.66171293087034],[34.04342861431718,46.59849968471232],[34.0822254660871,46.648742194074835],[34.20583997491243,46.754077425939066],[34.35652711886682,46.84149018294687],[34.5289098439717,46.90779221878521],[37.21807891322301,47.701265260743135],[37.422209399179636,47.7184056312594],[37.62741327996221,47.70853086819203],[37.82576856215628,47.672022391405875],[38.00964854309244,47.61028845549603],[38.17204576859448,47.525703531709794],[38.30685966472491,47.421507215904334],[39.20171971517991,46.54266096692794],[39.267346873591144,46.401361642329526],[39.28927495236098,46.25378430107027],[39.26691715458129,46.106242066154394],[39.201568395356915,45.964996535049906],[39.09629341695598,45.835996109833594],[38.46635217010788,45.21661245883771],[38.47967025966896,45.14365130252066],[39.266872326383364,44.894589594006845],[39.41431607944685,44.807317286250864],[40.91824001778526,43.71758712722309],[42.10667593252651,43.184034927181635],[42.234470061131084,43.08112451303998],[42.3323583336666,42.96210154818852],[42.39680268457534,42.8314904069731],[42.42558577168533,42.694225808512854],[42.50275639951403,41.46402743910137],[42.46547522976432,41.336627446662206],[42.398335216081385,41.216349525281046],[42.303676382463316,41.10710581046797],[42.18468919879577,41.01243137804432],[42.0453011447623,40.93537605631491],[40.696270579759144,40.331063703632275],[40.541445085645314,40.296179625881244],[40.38117539053535,40.281737209538676],[38.16424232107099,40.24532416862906],[37.95695617741606,40.2961902437608],[34.95949531391401,41.32498582103157],[33.74604325186426,41.28821502937663],[31.421768639501458,40.411463547067235],[31.254647961316557,40.38573464588373],[31.084218170432802,40.38307806012885],[29.829934631025452,40.44910622173099],[29.569527963593135,40.03594535469511],[29.457587675945824,39.936047081775364],[29.324066742603843,39.8533313591009],[29.17340793397266,39.79050827087238],[29.01057077476107,39.74962986179681],[28.840877995185963,39.73202848983538],[27.723798158103243,39.69479668413298],[27.468704604987604,39.48544915245054],[27.537157792613026,39.43623622461211],[27.627745180032736,39.32334457196198],[27.68966421425343,39.19945377637287],[27.720932154912656,39.06884324741461],[27.720646186941213,38.93600011440343],[27.688991284068933,38.80546293859936],[27.627210176821603,38.68166708144744],[27.417566534080862,38.3533123521426],[27.785516483917657,38.07340357500057],[27.872270508883215,37.957197206874426],[28.209431036883196,37.38653820430103],[28.903203485971435,37.40817540811603],[29.099540830287054,37.362268353573754],[29.277514217957442,37.28218331909423],[29.691709742739523,37.041921974622454],[30.18822167798907,37.33903860482891],[30.335768752022204,37.387009566814406],[30.49175305337494,37.41344156177429],[30.651197478252918,37.41748995003593],[31.943994523669545,37.341727324750906],[32.125101367885975,37.28332643251219],[32.285828723571385,37.19509082135183],[32.79982925795346,36.84031783110585],[33.622112288557965,36.89336319561963],[34.15034340752222,37.369382142553526],[34.30433622729999,37.44570620151962],[34.47466195659709,37.49584592999039],[34.65430828688369,37.51772908885969],[34.83584621232722,37.510449929073076],[35.01176187182897,37.47430982695108],[36.03413923312043,37.155299307717776],[36.1846691370568,37.05816070963828],[36.30531457342458,36.93748090325268],[36.98584120340176,36.04142683015031],[37.03058382926509,35.88308321280497],[37.030207441288596,35.720651313172816],[36.83783093248708,34.449319459939],[36.78305788007322,34.333893355754505],[35.7354410649985,32.56553861816547],[34.96192032958144,30.820318625417187],[34.85490970166804,30.70266760972598],[34.72218264081581,30.606436179811993],[34.56944002555771,30.535709837450646],[34.40318527783642,30.49348387995127],[33.016131593490535,30.281481806724962],[32.87896082773954,30.288932439050814],[32.74502014033094,30.31563764167511],[30.922185737844977,30.816675697871748],[30.370152580575294,30.755345601345425],[29.152750296901594,30.16513304769323],[28.974015573578328,30.13418343793815],[28.791796497594788,30.13742154456236],[28.614671688432722,30.174694892289367],[26.36422565797649,30.877474464639995],[25.008220774959096,30.841654738096494],[24.83639939870963,30.88326623609797],[24.678545022945467,30.95500279977408],[24.541734013204334,31.053665498767096],[24.432155052998723,31.17484346840741],[24.367287868569928,31.26481274568487],[22.917032403808516,31.539316779995225],[22.77314704591502,31.606211804929266],[22.646927703031764,31.695418874797024],[22.543113276601698,31.803628165052164],[22.434274668324043,31.942410084588808],[21.208290140498658,31.972310197177286],[20.736535460037906,31.548729643202158],[20.885351463987863,31.064034785309598],[20.88432307532892,30.93179486854421],[20.85510615965739,30.80195175937552],[20.798796577597443,30.67888330707727],[20.71738393437117,30.566722962800693],[20.613673655435104,30.469224476781722],[19.523464270302966,29.63209014420384],[19.370166099130053,29.570572922962317],[19.205819224424836,29.53722726451219],[19.037148923584574,29.533416474681545],[18.871046229987613,29.559296272878306],[18.71430377989677,29.613808811860267],[17.671187593053443,30.087171491489748],[15.279994841326424,30.777830271628048],[15.13956770381713,30.864894542076147],[15.022749814129574,30.974802938173582],[14.934558401653526,31.102917321922494],[14.620502515746626,31.687829474045255],[13.699947424269203,31.994218322335154],[12.431379562695895,32.09649871402062],[10.651017354065523,32.68790844954278],[10.523739299929879,32.767953627031474],[10.416047882226747,32.866344052803534],[9.36361628181731,34.044363670787746],[9.303387275277512,34.18583178463136],[9.27982434030558,34.334561140585336],[9.294145125966317,34.48409402910112],[9.345923824112019,34.62790366812736],[9.433075270186112,34.759680151005554],[9.551915290481015,34.87361269571814],[9.973567986445406,35.200139236122325],[10.025800566005735,35.51491468592932],[9.192934485106633,36.45558471793309],[8.625906006421852,36.25460647298887],[8.47524957124965,36.233891894931986],[8.322439655997039,36.23405083833662],[6.307449965935353,36.374630122048934],[4.984501796994926,36.14440940395441],[1.715603402460092,35.89824603952035],[0.2049099828133728,35.2315712183342],[-0.8359357040991026,35.03166067636375],[-1.779860232765016,34.49874069431199],[-1.9267499584851437,34.45512063860037],[-2.080623651089151,34.433609679600245],[-2.236666020699101,34.434880643141106],[-4.8231790428793095,34.647853278275186],[-5.505424853281712,34.851997833031334],[-6.208177365581663,33.668013680146906],[-6.325642285179452,33.56256752384122],[-6.465689525076582,33.47856698856324],[-8.077566377481117,32.69784517186831],[-8.535770571029468,32.20833827178948],[-8.939260818953949,31.144139259089055],[-8.721012319198186,29.92945372381805],[-8.74195585411486,29.79036706260229],[-8.793533901080881,29.657443362600908],[-8.873679340508414,29.53571198436985],[-8.979275170135269,29.429761873536275],[-11.275707918653799,27.53704739630283],[-11.431306473356699,27.47178083460313],[-11.598809755282819,27.43694457545561],[-12.148655738284303,27.375867625519366],[-13.214645909886386,26.06497361396484],[-13.360309403954147,25.971997844822035],[-13.795612882210968,25.754829345058962],[-14.433407947967375,24.11605614633969],[-14.551257006303455,23.984141761408985],[-15.293671814645565,23.327039560674702],[-15.551247044228068,22.38382942162385],[-15.64652110893317,22.246688523334342],[-16.20470280011157,21.61222261735598],[-16.25177551355673,21.20779182764999],[-15.614689130162102,20.42114050071549],[-15.561168152321107,20.288785995224263],[-15.536410765945135,20.149158207891574],[-15.386371210695414,18.149184034614187],[-15.744270653383293,15.912528652779319],[-15.803437005345087,15.789357033036255],[-16.380265859495644,14.833557145974993],[-15.975755199470077,13.782088450901353],[-15.88114934929311,12.411509073759968],[-15.616676692020699,12.066689824053869],[-14.406464505414878,11.47196376086701],[-14.302137325554055,11.376980999266946],[-14.21857433745401,11.263998057725598],[-14.158913872796058,11.137294535772853],[-13.966094466567556,10.594087844323079],[-12.65702431780501,9.316718148996003],[-12.591770217017197,9.20646910558782],[-12.547346012140189,9.086556593468453],[-12.319709296483081,8.246570456714327],[-11.063546002546992,7.410149367609758],[-8.64949993019445,5.491016130122534],[-7.520459735313744,5.114638511465959],[-6.021093696764613,5.704630775095923],[-3.952358199429807,5.917086193166477],[-3.8282036865103417,5.8980138880891415],[-2.0091451457423712,5.45433230264331],[0.8521885717938738,6.645056825871835],[2.634449002129198,6.9686522272956175],[4.485136149807449,6.956003504762395],[4.615501620604701,6.918503958676672],[4.736496527843553,6.8574774399959155],[4.84385606277067,6.775077606109309],[5.605457226649159,6.068540005368147],[6.298629349334442,4.9686522272956015],[6.603949362405793,4.9686522272956015],[8.443810266094749,5.466469684852858],[8.583496305691023,5.46382401374133],[8.720044578568402,5.434414675857938],[8.848324954896999,5.3793469353734285],[8.963521308354611,5.300689836564685],[9.06131371730416,5.201397598830799],[9.138040997394835,5.085197605815827],[9.538772043873452,4.3270571396278665],[10.40372184911499,3.4413447845996465],[10.471699844218719,3.3082029045407313],[10.51061287066747,3.163903371968549],[10.518790628824036,3.014688522584959],[10.49589245539391,2.8670104713653117],[10.104687676900385,1.3829970185038782],[10.12705571472938,1.3513245180572564],[10.186122999602548,1.2141787656746426],[10.215564340301174,1.0677898896895333],[10.214113572594284,0.9184779769195222],[10.18183742489341,0.772688302655625],[9.583532468601614,-1.0224534305433846],[9.984375269891126,-1.7235666638301559],[11.668187004472705,-3.5566452567882],[12.531628032397753,-4.690509521722239],[13.438248435818688,-6.718132030085815],[13.973357981454965,-8.481528868422803],[13.972382953840057,-8.62915033018643],[13.940908398016447,-8.773459204129159],[13.880229487495143,-8.90835942005483],[13.723555380813249,-9.177877372161529],[14.399940488645077,-10.541996422919715],[14.425340113572725,-10.657844478183442],[14.431034508489397,-10.77622005757222],[14.36252172998123,-12.226696824553805],[14.308673628479843,-12.369400762815381],[14.225218627446196,-12.497816555602295],[13.39353399073448,-13.517341721583083],[12.908870298216067,-14.670899676518316],[12.409454933833107,-16.697652997290408],[12.529402528350078,-17.77639464341581],[13.294544504898813,-18.734459436746825],[14.03583903982013,-20.517186778061205],[14.956829362181244,-21.80558575574234],[15.000720351309461,-21.92100087987579],[15.02291977377496,-22.041649752438843],[15.178342150124182,-23.741261207845085],[15.953302619380754,-26.810426329536423],[17.226471189226633,-28.47422789408787],[19.01615880101005,-31.468844240643858],[19.04391689543041,-31.633491085340673],[19.104467872122697,-33.510529515277675],[19.770196808715845,-33.977021777788],[22.407016457113205,-33.14130841658094],[22.581790738505255,-33.13183697832229],[25.577269883894036,-33.224008644114605],[27.670262625572885,-32.17974439106194],[29.391267745779427,-30.69950457280619],[30.592533864425327,-29.076064639057638],[31.68602724453927,-27.97920167459469],[32.2573832917513,-25.09480075975639],[32.32653171937604,-24.96936412402856],[32.42107979169444,-24.85842809397679],[32.53740430281724,-24.766171210376044],[32.67109190384903,-24.696060276791165],[34.57714423099696,-23.90679064204756],[34.678306786796036,-23.806115735524354],[34.76524034836237,-22.247842053683165],[33.95803561947277,-20.68453059595587],[33.93412121281326,-20.544511476301736],[33.94004674425382,-20.40282328387749],[34.07652899636077,-19.570991261456534],[34.13524960727063,-19.447281022589507],[34.217457821002796,-19.336129727778623],[34.32020799595374,-19.24146083372321],[35.79458264948354,-18.11365711538055],[36.9700087061689,-17.01014393382895],[37.086349195998345,-16.94673193752835],[39.02264001189458,-16.097379054800697],[39.485832891833404,-15.670851102205711],[39.993949739478474,-14.661422059610825],[39.8728603127446,-14.340912667231446],[39.85893006545486,-14.219187044490232],[39.775228471462185,-11.018589324759347],[39.338619456700634,-10.50316087599656],[38.493733451111375,-8.669599114805683],[38.47404338192354,-8.531698908150801],[38.48162156472424,-8.392633060948858],[38.69029631911941,-7.030879255961509],[38.094191654362085,-6.2019214500971085],[38.04738187460498,-6.067792645435127],[38.028017955681996,-5.927130646861071],[38.03683450651286,-5.785427636028845],[38.07346661582578,-5.648212221718002],[38.575162883855825,-4.3415777716172075],[38.64242300754639,-4.244521220966369],[38.724682286994806,-4.159737435220537],[38.987704072616445,-3.929734270208592],[39.64330689662477,-2.163983885958294],[39.74268661340744,-2.0405800699639243],[39.86668844125215,-1.941920803273451],[41.10945207053013,-1.1595560227162],[42.64301403092302,0.8193745606537832],[46.04808808881782,3.3724363584992694],[48.00474082299341,5.76072325154598],[48.80570340903158,7.129844069346138],[49.871708516112676,9.464100031361339],[50.32278842907701,10.780319865181447],[50.33102886885103,11.019775222097168],[49.386852127183666,10.738243826515369],[48.545619708071975,10.688639209519723],[46.83416534401428,10.100482272367849],[44.04585090276982,9.733327853570351],[43.89328989461948,9.760762770503113],[43.75002067197509,9.819310457198242],[43.622491090384486,9.90633816924283],[43.51645256927354,10.017930203188408],[42.79855603526234,10.97149902306578],[42.75108059306558,11.084644989861848],[42.72382294723904,11.204052814953712],[42.60369565015049,12.068543564924857],[40.70906084395957,13.958612702448711],[38.701467170526826,15.412672494953659],[38.61675360549294,15.519394555798161],[38.55405593091716,15.639428779544357],[37.777498887922725,17.5416400821042],[36.94200027290358,18.11421937945148],[36.84442081084228,18.24001354287248],[36.777646727336226,18.382844383037128],[36.341499843104486,19.71700256576854],[36.338248258226926,19.85434514126779],[36.42106833507233,20.911729625257575],[36.17694708376216,21.599470415661802],[34.921217952394414,22.674676766813967],[34.84249300149874,22.7966936788183],[34.79120148544463,22.930583030048112],[34.769417547970036,23.071145950329612],[34.77808175682249,23.212908241201085],[34.87614984204909,23.788454963839047],[33.326098688567,25.923141330787285],[32.557524425696286,27.546845520239867],[32.538522442004044,27.68626508339195],[32.55049252122,27.826297562353684],[32.59309442421094,27.96158841329019],[32.664804000379334,28.08694478757881],[32.762955343480385,28.197537642356448],[32.88383092044998,28.28909245461498],[33.02279823657552,28.3580603208185],[33.17448884928241,28.401761682130477],[35.13741977917535,28.76856703798493],[35.30145338871233,28.75619641989272],[35.459256364811004,28.715157281985096],[35.60435187875896,28.647137222943375],[35.73081429089643,28.554928863334418],[35.83351993496404,28.44230904929854],[37.61194085011762,26.030512880490164],[38.14729813778902,24.76978051077102],[39.04705988021205,24.216272709575478],[39.142110464031546,24.114575412656983],[39.21474064932897,23.998539640914547],[39.80499686949758,22.776775391087114],[39.82673566686586,22.649273633878128],[39.906666407518514,21.53172082122865],[40.38051527306494,20.83459978297177],[41.55039227463019,19.94389394496187],[41.64408891698598,19.798625471681994],[42.402308195967635,18.22176940786738],[43.32449991655282,17.066220326097127],[43.37756547451781,16.927568973646647],[43.39983728400481,16.781469041094095],[43.44354953078496,15.783986476615796],[43.904417997851816,13.441291330138618],[43.935753316852775,13.383598941313476],[44.70096178263645,13.409105162604599],[45.253351614534076,13.906494749127766],[45.380516532602186,13.969235425219448],[45.517768909524996,14.007071758575131],[47.174992211664986,14.299557071889433],[48.33976182444834,14.644795136317883],[49.176901877368024,15.321770377278684],[49.29840368968464,15.376330252714244],[51.54772591972849,16.155505339324602],[51.73345275985148,16.72907257856484],[51.80810621802254,16.84134808693046],[51.90320002473534,16.938480061776914],[52.01547699370617,17.017111394730613],[52.14107067162447,17.07452044107611],[54.06553251913039,17.748200814913908],[54.77581797084428,17.88973652924685],[55.09005068704359,18.383029687828834],[55.20718150957008,18.482654543530643],[55.343599998806134,18.55709015072258],[55.493381826471214,18.60309185532822],[55.65,18.61865222729562],[55.81243972314497,18.61865222729562],[55.97240117704706,18.95408991208019],[56.06197888626251,19.057020930724402],[56.17023275480398,19.14248316035713],[56.293428345232,19.207507434478824],[56.94180459276991,19.478065062353863],[56.88644337827425,19.756019635215637],[56.90421808326604,19.90576716774939],[56.954870798219076,20.04872758829995],[57.03625142685911,20.178590152577407],[57.14483007991978,20.28960720245627],[57.91367605617173,20.924626473557908],[58.84724931762896,22.263321861765327],[58.28735330095916,22.925356023180864],[57.05180086523193,23.25609104942057],[56.92841475593303,23.325759070432007],[56.820980340748974,23.41504295159898],[55.72593373462762,24.523823933830716],[55.66928803155932,24.628193858028965],[54.44953641322648,23.510675456844083],[54.32214948883016,23.444602615584383],[54.18368985790096,23.401291899386017],[54.03892256141452,23.38223148163721],[51.69456239901954,23.28786783224501],[51.5537690260338,23.31765426870612],[51.42124222815887,23.370590965233564],[51.301445993863574,23.44489942262904],[51.198434251310175,23.538079726584115],[51.11571686505822,23.64699140527693],[50.64325835752068,24.44350951532804],[50.6113402531081,24.60031540421772],[50.61820820250883,24.75966537965024],[50.68769169815721,25.174645948347088],[49.86466607427111,25.263396286026225],[49.72541427540872,25.315643854584728],[49.59943004905281,25.39061231764818],[49.49120773072201,25.48564364677744],[49.404637254819754,25.597361702519017],[49.34286513112023,25.721787705763884],[49.30817725037854,25.854477608370967],[49.301908141430715,25.99067722711344],[49.32520414055911,26.381201893804594],[48.18526679642068,27.232072265174672],[48.104828977450886,27.330750467677927],[48.04417796153338,27.440057416181823],[47.28828238246002,29.1784207955352],[47.27621524725159,29.321886785695042],[47.297172673827674,29.46457500026635],[47.35044871051186,29.60075369047237],[47.43401982499106,29.7249300783401],[48.37686611570841,30.82240321045541],[48.49551337951004,30.90285531624459],[48.62926103726143,30.96354822770267],[48.773685675373024,31.002463197739306],[48.923986801011026,31.01830377170345],[49.07515537076835,31.010541752655524],[50.3760776514407,30.82813304362688],[50.517436029356055,30.772088446349738],[50.64406272960245,30.694388219756885],[50.75153543169297,30.59777145425506],[50.83613911234359,30.485634704123992],[52.06179786484555,28.450921193924618],[52.89382452824184,28.22877481555329],[53.04498098348975,28.133243585229586],[53.90066849620678,27.446339454963525],[54.656062037759,27.25741631848802],[56.360345024883436,27.857896423780055],[56.53184066388947,27.868097142506524],[56.70188488072614,27.845983513269104],[56.86273203588292,27.792563436768038],[57.44605510085941,27.51738418334463],[57.56077076146069,27.420412551369356],[57.6518210327188,27.3054150964073],[57.715762413141455,27.176840760256574],[58.008546318464646,26.3834592468714],[61.547982067469725,25.82208017901064],[64.48253325703918,25.96640291546728],[66.39953513031229,26.167267334431706],[66.54506978710407,26.146862053874536],[66.68388526215767,26.102736122833694],[66.81121316478978,26.036408831721108],[66.9226997619704,25.950160551462748],[67.01455922468107,25.846950618576102],[68.01539708633395,24.472838216519026],[69.89555392603394,23.36446626846006],[69.99929083990732,23.24938857947657],[70.07472133821194,23.117057088335827],[70.1186501578041,22.973232330043693],[70.12927378347057,22.824155781862537],[70.10624160242774,22.67627595670518],[70.00964445602986,22.321757879766576],[70.83335424426967,21.558348812665322],[71.1200325358383,21.50099186239595],[72.47696993416146,22.05043934223194],[72.62458497068135,22.068264218485897],[72.77315073843616,22.0594853261903],[72.91711052238317,22.024431093829843],[73.05108754962238,21.964412306825995],[73.17009385240353,21.881670909647596],[73.26972150687018,21.779292820075522],[73.34630808654327,21.661088699973195],[73.39706985599095,21.53144794117201],[73.42019818870283,21.395172098793],[73.5559916400631,19.30090628750692],[74.25359958718025,16.27193416742953],[75.14020820796397,14.866244923741522],[75.17725621334377,14.746618332209506],[75.54578468104148,13.017873127822082],[76.39648915063586,11.648878640042883],[77.2329101492723,9.289968407352069],[77.5040511007654,9.018619439903889],[78.30506361954048,9.968893603891456],[78.80047298664208,10.773900406046664],[78.89977151767981,10.866210834745367],[79.01487839061072,10.938725103798498],[79.12369870791022,10.981754444265393],[79.13190723258248,12.203496429679527],[79.18225653148036,12.350823175360969],[79.54473130730166,13.120591788363294],[79.30888715363155,15.21998307333736],[79.34039619955354,15.368640393223135],[79.64108592366327,16.23994544805229],[79.71664722099024,16.34990229909554],[79.81193878215741,16.444737346555794],[79.92376203589379,16.521240534542002],[80.04834461693686,16.576818744731266],[81.45918047060808,17.059903869328497],[81.46037570383102,17.128543781811196],[81.49664222955953,17.25427303752755],[81.55616502352089,17.371657070737648],[81.63701689506364,17.476810952443653],[81.7365518379238,17.566248023864134],[83.42762708516702,18.82508298479089],[84.5866390213602,20.071280523126358],[84.72070729936664,20.14845978035724],[86.02286920987517,20.73286658895068],[86.26656972228763,20.999739292952015],[86.23340409702809,21.589690971561115],[86.26502275783658,21.722595074737377],[86.32312632501278,21.847559311050404],[86.40568473084296,21.9600748248015],[86.50976619018036,22.056071652688228],[86.63163766774927,22.132069533246174],[86.76689834992217,22.18530806890892],[86.91064150275682,22.213850773812286],[89.62959489395838,22.506741332898127],[89.79233268525321,23.103021778280368],[89.87113483867333,23.225950586179785],[89.97496099760328,23.33208352414002],[90.09972974890952,23.417192068688504],[90.24049525878605,23.47787784086094],[90.39164623812495,23.511713534562155],[90.5471369381394,23.517344287515854],[91.59048205438249,23.44696668158299],[91.72721081665547,23.402567485250668],[91.85255484622263,23.335692526277654],[91.96217699173259,23.24866710264585],[92.05230741154426,23.144511751057262],[92.11987402137873,23.02683361789614],[93.0234670323476,21.00766263185255],[94.98200926509718,18.512180255801443],[95.03210958049645,18.382406424774832],[95.30022765872276,17.359664293533235],[95.29949649105704,17.23509731067761],[95.27627121897045,17.11252065558005],[95.1098492892942,16.527042949331108],[95.21954406065903,16.4936278907837],[96.83265096499464,17.6016393143264],[96.96890208847222,17.647542041486414],[97.11188072964876,17.66773016760086],[97.2562759293545,17.66145348579411],[97.39672220627017,17.62894527105248],[97.52800600234296,17.571413291236244],[97.6452654520664,17.490993335320297],[97.74417483597341,17.390667311057463],[97.82110605479652,17.274149478652145],[98.29729670456025,16.376088405744227],[98.79681250419675,13.931636395792504],[99.1817969082418,13.375664576407408],[99.22704206320599,13.22360350087444],[99.23695670287555,13.065590390229868],[99.19474414168839,12.229625068329934],[99.2764346614566,12.45701671186406],[99.38815850539405,13.593247300690031],[99.43681711187126,13.717528706917788],[99.50827003805395,13.830954807207055],[99.6000912499395,13.929624147940384],[99.70914240069615,14.0101380351031],[99.8316793087925,14.069719757175989],[99.96348146637172,14.106312507411609],[100.1,14.118652227295618],[101.14424117690183,14.104862827834673],[101.2829139147124,14.064027102988584],[101.41067073271556,13.997721308002744],[101.52259628834186,13.908502931419516],[101.61439961817521,13.799809543372337],[101.68257944084701,13.675823471212992],[101.72455609001685,13.541308108887591],[101.73876545279116,13.401422706988534],[101.73373057020393,13.351310085427254],[101.8731227559278,13.348574568851117],[102.03651869581306,13.28946996173933],[103.05560461501182,12.764432670503547],[103.15820529489469,12.668311695495799],[103.23988174323307,12.554720144789709],[103.96959244132027,11.293680581114216],[104.59837755461447,11.17598192357465],[104.7102412254654,11.125504516538342],[104.811861637007,11.05732161024331],[105.65859448178196,10.362698698666923],[105.73649586726629,10.251760935501306],[105.79191772800567,10.128447993027716],[105.79828393748805,10.101488499059299],[106.80194351594754,10.956791330662158],[108.49650140849613,12.056326451856355],[108.6042237887622,13.394328733018769],[108.21332308681677,14.980611736884976],[107.72936152663817,15.574128313838877],[106.81968626358396,16.192287056283945],[106.73329782332438,16.291582432900007],[104.95618333771488,18.757411348609413],[104.91077844518684,18.88344951679302],[104.89067804878881,19.01524953684232],[104.8966309238174,19.14829470460851],[104.92849454266742,19.278014896512598],[105.2272971290736,20.091273587290765],[105.29920475920248,20.194544895747192],[106.19175761570156,21.23966332725346],[106.30511288232249,21.316902753601095],[108.23759862673772,22.37624092078769],[108.38273411784863,22.41038643967304],[108.53228867884579,22.41802892116664],[108.68062626425666,22.3988802906131],[110.16571578171025,22.056084260373236],[110.29029006524468,21.990846700997043],[110.32476153140769,21.96392733503485],[110.41179283365072,22.021595482551135],[110.54253922806903,22.077693895964302],[110.68230119008939,22.110289583750923],[111.67709443012869,22.252423605191268],[113.78258538602277,22.847779035917775],[114.37407525577433,23.279806834696654],[114.50316803944582,23.33178487563485],[114.64039154722926,23.36153515169429],[115.6057944142589,23.48748213485976],[118.08483644094805,25.068415844307232],[118.9274104736458,26.139647229209835],[120.54183895301144,28.62981193738323],[120.6698441585966,28.731555186056912],[120.81954813749198,28.80733754678355],[120.98421815782478,28.85373016479473],[121.01207379067841,28.858798592760298],[121.20513972290433,29.654244374793116],[120.52135033326043,30.349996696645903],[120.45294220567166,30.486184416142017],[120.41830442702435,30.63157186292707],[120.4190605294924,30.779985899963744],[120.45533959310018,30.925096636379777],[120.5257435192432,31.060686958642695],[120.62738083260372,31.180922069279696],[120.75597015601873,31.280606925194775],[120.90601268743279,31.35541920134538],[121.05788711802302,31.413974041780016],[121.05722008088873,31.488516390035233],[119.77553411102164,33.16868375147364],[119.51364132295005,33.882436295747475],[118.56287226579495,34.36793674068624],[118.44902848578243,34.470782437743274],[118.3611080646748,34.58973821035242],[118.30248530104362,34.720395559900545],[118.27548392794853,34.85789107917158],[118.28127258208114,34.99708241103407],[118.31979840958293,35.13273783312356],[118.38976447953668,35.259732976406866],[118.96105277554246,36.052146182720996],[119.0560214585766,36.13363770682483],[119.50099593636507,36.450022712513835],[119.48978285613637,36.4513381816381],[119.33530833084087,36.49331427160776],[119.19266895285325,36.556983684119366],[117.37993269615697,37.56400070060484],[117.25747892015153,37.69630627554164],[116.67297329907514,38.53271006922808],[116.63352107600734,38.67865078295696],[116.63342822599724,38.82781241110334],[116.67294271499841,38.97376973708117],[116.75058865082084,39.110196785330764],[116.86319021782326,39.23114531853033],[117.00597787250136,39.33131294810096],[117.1727781088748,39.40628736886063],[118.40791257726003,39.833218726566486],[119.00041122847759,40.41962245992039],[119.11351451962493,40.490368191730774],[121.26917697769903,41.60921203373554],[121.44854000875864,41.65253551856084],[121.63589694286154,41.668574146528066],[121.82381390150954,41.6566911064978],[122.00483261813413,41.617358259175234],[122.17179459951512,41.552135568108525],[122.31814795916566,41.46360341988057],[122.43821991885838,41.35525174709351],[123.0176441394155,40.68590077176258],[123.07216366725768,40.55632867608558],[123.09004586186576,40.442737944004364],[124.18845702653559,40.66711826258253],[124.38406784511177,40.66134259391233],[124.57377374224505,40.62488165316836],[124.74924251994935,40.559340398380115],[126.0440207987836,39.92024422636674],[126.16613049394068,39.809935861886856],[126.25661291791891,39.68300092267729],[126.31192612479032,39.54466512820962],[126.33002068434902,39.40059086272285],[126.3103902694348,39.25663976365784],[126.25405517086972,39.11863278574605],[125.93830134527545,38.54480554295108],[126.57710880158533,38.38513495761364],[126.72037421605219,38.31090893129231],[126.84315423028485,38.21688729422743],[126.94113528972639,38.10644065142141],[127.01093965321719,37.983511614599934],[127.05023422531957,37.85246730186896],[127.05779505009826,37.7179390451451],[127.00395998421645,36.849857737872995],[127.42608319914206,35.80471234786115],[127.43423569796587,35.674150502368896],[127.41520615746029,35.28790931687949],[128.46042766009077,35.65760443117863],[128.56364279546355,35.82226074273956],[128.55449988872397,36.62402125860294],[126.65018487978081,39.558871038237335],[126.61759904299134,39.70294868747744],[126.62354234094633,39.84912441628559],[126.66801058227183,39.99133939034585],[126.74938129715375,40.12366203709147],[126.8644438649906,40.24054010875141],[127.00850460842832,40.33704229890725],[128.7242566232358,41.260393554533486],[128.69551489394985,41.68776728796898],[128.73157543748346,41.81529609230488],[128.79814102185333,41.935839484649],[128.89316014853807,42.04538256695936],[129.79298748900118,42.878439808022335],[131.87926966962473,43.95093238626275],[132.05488380248136,43.996422658146855],[132.23935989623075,44.017311962178525],[132.42603069273682,44.01284445921681],[132.60814118185655,43.983181865646465],[132.77911853472662,43.92939697585442],[133.51377584055356,43.63511062220503],[134.1799119111784,43.94338254522201],[137.27522082273688,46.6556790358563],[137.6652353881556,47.430024400085266],[139.00477158680974,48.71626399651092],[139.49584401750022,51.4523128701359],[139.5639902638062,51.564393263957406],[140.21216436941464,52.40049070795452],[140.17476357799342,52.83611610758042],[139.36416922315016,53.43956925433281],[137.10196644022548,53.28370139632015],[136.8572630257891,53.31064771444737],[136.62654025617627,53.36665910782154],[136.41929996745867,53.44944557520794],[136.24421174122492,53.555606523473806],[136.108777377935,53.68075310737256],[135.87173324459232,53.95642576500592],[134.71798144741982,54.07675318014442],[134.50351535768652,54.13750806328873],[134.31239538916682,54.22111087904555],[134.15170391597866,54.3245328016565],[134.02754775319278,54.444002335246495],[133.94482507934768,54.57512830795158],[133.90701336552283,54.71304780507707],[133.91598899996268,54.85259609188615],[133.97189146430793,54.988494300535244],[134.07304612756772,55.115549174136994],[134.21595936404552,55.22885760107502],[137.95550791069792,57.577953397560506],[141.3691589109358,59.63049536287534],[141.6451576181603,59.71076204254127],[141.95057860064404,59.757351525773785],[145.46532408966164,60.06843939073977],[145.68318133158277,60.062687785412756],[148.15141640422323,59.90087171449498],[149.1661734640506,60.29488059125266],[149.456691163554,60.34785211899711],[149.763826520529,60.36842474811535],[150.0727161178779,60.35560118207579],[151.90805592732573,60.161676572858724],[152.1691740853471,60.088749891126724],[152.39315070832257,59.990141530921555],[152.5702481389871,59.870303697834565],[152.6930922799602,59.734593536806265],[152.72319407214871,59.66595280616633],[152.79116323707444,59.67221737722395],[152.77366625411264,59.742667179303524],[152.79839022347699,59.89150046607769],[152.88438051646517,60.03451497387276],[153.02861838852206,60.165420077343384],[155.63705112547999,61.96248577203925],[155.84478805057375,62.04379561096226],[156.08077819693665,62.10629851931636],[156.33735129711715,62.14792235663955],[159.22105963761118,62.467702983476286],[159.5113598629406,62.46181794873813],[159.7937464881824,62.43048173637079],[160.0577042542157,62.37486650138249],[160.29353713748355,62.29704337455183],[160.49277490541098,62.19989096083188],[160.64849845051734,62.08697127805263],[160.75556938789484,61.962381174226564],[160.83276744237293,61.8402400249788],[161.34590610123388,62.061983852631485],[161.90778549153342,62.81855678039747],[162.10458173234838,62.940316818935635],[162.35462349731387,63.0402128826769],[162.64671197416305,63.113576279209255],[162.9673435927115,63.15694733739234],[164.4862809391025,63.26846230166754],[164.80462287650076,63.25026284473441],[165.1076086534368,63.203137105049265],[165.3822558667829,63.12912202403212],[165.61703287538748,63.03139650285917],[165.8023945203837,62.914120327162756],[165.93117019817768,62.78223020758894],[165.99879137918322,62.64120754717583],[166.00336381689644,62.496832757200494],[165.94560355552682,62.354939643151006],[164.97572317281535,60.82887897376853],[164.82590215774735,60.71400362756531],[164.6355512528713,60.61474994014298],[164.4923953206218,60.552000294135624],[165.9378997658647,60.52572069006922],[168.40379111153032,61.22689666755883],[168.67369548266075,61.26017841320818],[168.95200733066548,61.26820731160863],[169.22838557237097,61.25068478442683],[170.29312101431466,61.13239933655002],[173.17695003153835,62.35276169887883],[176.98170694593466,63.19872743802782],[177.3422060976103,63.218643433840946],[177.41347601814573,63.21503227006038],[176.70425868132236,63.93345004316638],[176.65819422214702,64.06149398495734],[176.66528495025415,64.19108379286995],[176.7260389100773,64.3179958429367],[176.83917162725388,64.43803636307123],[177.00155390452133,64.5471850365695],[178.28192822188527,65.24570604149358],[178.03205123312813,68.5454630299712],[175.00801682218406,69.20344438445917],[172.71736104556047,69.29067229489297],[172.7869621969974,68.91352581717267],[172.68392024582042,68.76379049052623],[172.49684208131492,68.62528402575194],[172.23544337507758,68.50412809082285],[171.91216280565337,68.40558844925306],[170.3651355184826,68.03899242650351],[170.00564301985654,67.99710107997834],[169.63192855243145,67.98144437350348],[169.25709688715514,67.99257132825035],[168.89428058345607,68.03009187286384],[168.55631120906006,68.09268672634782],[168.25538293479917,68.17814129652557],[168.00270187188224,68.28340424540882],[166.77631929082017,68.89499033838834],[164.18380079343265,68.9290928486286],[160.91755567888825,68.73144103393044],[160.52634098951324,68.74741710554586],[160.1503112200799,68.79026749371386],[159.80310716470436,68.85845026207704],[159.4976201968199,68.94949435557442],[159.24560773061987,69.06006602810622],[159.0572867757656,69.18606281992378],[158.13237481738943,69.96603359871541],[156.51535411231663,70.30261454830023],[152.80192489648374,70.13305048784117],[152.3438477130132,70.16039571202747],[151.91222270519629,70.21999769160982],[151.52627189023372,70.3092413105397],[148.547105414887,71.1695087594141],[148.2980746000812,71.29935311276931],[147.87245643570319,71.58042352857579],[141.81142191998026,72.01392344297295],[142.1153781798517,71.51631484813143],[142.07445999124874,71.37701899505882],[141.95095290484915,71.24283081234786],[141.7510237770738,71.11867996743146],[141.48323238154802,71.00903990039933],[141.1580907746669,70.91779352433481],[140.78763756077828,70.84812531836329],[140.38503936276317,70.80243860878416],[139.96422201250888,70.7822964756581],[134.59365534164144,70.69281916595166],[132.19056841647907,70.14587728101739],[131.80298926187987,70.10132853890929],[131.39841014583465,70.0821030881868],[130.99051404786576,70.08885073951684],[130.59305938665102,70.12134362028975],[130.219565914812,70.17848147193203],[129.88299240918724,70.2583175625073],[129.5953967019682,70.3581059115029],[126.41891223233236,71.66031924430351],[126.25629271024768,71.77332677311223],[126.15656177783465,71.89335368169615],[126.12383548925258,72.01692770950173],[126.13126377330002,72.770626014824],[125.74820250490795,72.88591746964075],[125.6052458554644,72.89353104756027]],[[48.280923727287814,40.92798531071868],[46.61077429269146,42.697597757852435],[46.55041311437376,42.819059264757854],[46.52051614781576,42.94648423019753],[46.5222353797686,43.07577249047995],[46.57585554388629,43.46617253086726],[45.77447552700306,44.31702234401941],[45.71347744499226,44.452329679464256],[45.69078388097509,44.593562197636324],[45.70755794225831,44.735216982194764],[45.76342570046834,44.87173476316675],[45.85644655828986,44.99771936621869],[46.96308146016921,46.15347869080227],[47.112614302139626,46.241312535678],[47.28377632671403,46.307877953310964],[47.47032060285248,46.35071885764706],[47.96159560638555,46.42839120822312],[48.29743599727975,46.86123478637467],[48.46556371841615,46.97188401828119],[48.66591985395446,47.054162823299144],[50.95592114742323,47.74940515336493],[51.16080428910313,47.768162539951405],[51.367214198706336,47.75968561730395],[53.42390954980159,47.52222726553328],[53.61546660745684,47.457123359120274],[53.783251075153316,47.367117456648806],[53.92036577003623,47.25598442190748],[54.02130270484989,47.128358416915376],[54.082153833083986,46.98952537296618],[54.10073563930849,46.845192438802854],[54.04866309719329,45.10543897873082],[53.988508947389356,44.97112800730582],[53.89281548876014,44.84762423620968],[53.765407916139765,44.73958965988034],[53.61122830021281,44.65107857149638],[53.4361404733733,44.5853962894432],[53.24671490453145,44.54498624148648],[53.05,44.53134777270437],[52.09714320688383,44.53134777270437],[51.94256316250091,44.0878367927957],[52.13886862632101,43.68353797789964],[53.06884099045022,43.38644391001082],[53.22953694623566,43.281843305222644],[53.35466815330464,43.15422009890574],[53.438392640181156,43.0097767761622],[53.52147015952391,42.80525006398219],[53.69339415545163,42.8186357031345],[53.88388147429951,42.80572974225413],[54.067119292934755,42.765616280503394],[54.23591151224014,42.699875634405934],[54.38368311205237,42.61109100014777],[54.50475195820612,42.50273789255697],[55.62844677155667,41.22952257734936],[55.68278355335616,41.095675178609135],[55.70151503396318,40.95643140781134],[55.684153247413086,40.81708924488821],[55.631576861736946,40.682917375129854],[55.54596523625617,40.55895829597942],[55.430689125529135,40.44984436887929],[55.290165774529285,40.35963259947323],[55.12968597093351,40.291662825215866],[54.061410524916525,39.949668045382445],[53.88763647213838,39.9319213765688],[53.771734287454215,39.936628930735864],[53.84601897060159,39.79420375411532],[54.520180034691194,39.484414483018035],[54.65305756509933,39.36894100415048],[54.75051751375389,39.23410285884879],[54.80820439295516,39.08622356056761],[54.82368432434899,38.93219654398986],[54.7270154574897,36.794325413782325],[54.672425589851834,36.66215035848386],[54.58731278677229,36.54084192403316],[54.474962229736846,36.43489184115234],[54.33961692523166,36.34820646382145],[54.186315542117256,36.28397043335896],[54.02070993199093,36.244537085936415],[52.27654980417432,35.98166604062195],[52.1322486320518,35.98763380231757],[50.565042124291715,36.16882122836565],[50.40835526726812,36.225061475074426],[48.60253008514644,37.06077284781605],[48.47591713756152,37.16935943596065],[48.379605347486084,37.29626388607718],[48.31779534108632,37.436162377288625],[47.92813437737528,38.78585988553502],[47.94377798434434,38.93648353189068],[47.99971291645419,39.08121339344875],[48.09368237148798,39.21359548557298],[48.2216726252478,39.32769164435816],[48.348981885064866,39.41931650563575],[48.60896162880472,40.4459397858602],[48.280923727287814,40.92798531071868]]],[[[15.62944422588511,40.85023397953692],[15.87050776868246,40.69095085587281],[16.22474912277157,40.606495747164416],[15.62944422588511,40.85023397953692]]],[[[102.80151907506045,2.632375848880834],[102.78136084448606,2.764846132399591],[102.68980725197176,4.610312903810176],[102.40075213562298,5.027263712192028],[101.15829360193689,6.176747023292267],[100.97961605829744,6.28724489712116],[100.98588177604177,6.276827383406581],[101.01951442477569,6.117640271523185],[101.01627420360467,5.955011473116075],[100.93909127694612,5.381520634055854],[101.35432707422899,4.25730758976167],[101.94427580741691,3.244843842208454],[102.80151907506045,2.632375848880834]]],[[[160.68080421724397,58.437865037863276],[159.19659999021934,57.490873109146285],[158.94469639755772,57.40529667238266],[158.6647308783418,57.35130013154769],[157.750098365048,57.23354570574323],[157.15345359609236,56.529956367106045],[156.73174530339594,55.37820759427723],[157.18279180884062,53.27454138598923],[157.32803509721006,52.855219245980386],[157.42962493889,53.2018909035848],[157.5248992558825,53.32185902460963],[157.65608601605766,53.42916795486432],[157.81882529192708,53.520043999382324],[158.00753821049452,53.591268749950295],[158.21561814768847,53.64030507281133],[158.94502452071004,53.76642211718825],[159.19099955872878,54.60091033411853],[159.29031704095036,54.722124017052465],[159.42755113584178,54.830418280633744],[159.59805562383735,54.92190254385668],[159.79586495520815,54.993265471122584],[160.86364604804334,55.30030467970207],[160.89011079174617,56.257190306607846],[160.97318792489622,56.39833459945456],[161.1076434429679,56.526885145890596],[161.28806651059443,56.63720131789408],[161.5068314015458,56.72439647768717],[161.75440426057955,56.784577515042365],[161.80157830498078,56.78999467512526],[161.83819511123744,57.322173792303445],[160.8621441016509,57.857573042984086],[160.73252058969692,57.988553379284845],[160.65545117454195,58.13079278868116],[160.63479072988545,58.278359512470004],[160.6721138544525,58.42502553345188],[160.68080421724397,58.437865037863276]]]]},"properties":{"featurecla":"Land","scalerank":0,"min_zoom":0}},
{"type":"Feature","geometry":null,"properties":{"featurecla":"Land","scalerank":1,"min_zoom":1.5}},
{"type":"Feature","geometry":null,"properties":{"featurecla":"Land","scalerank":1,"min_zoom":1}},
{"type":"Feature","geometry":null,"properties":{"featurecla":"Land","scalerank":1,"min_zoom":1}},
{"type":"Feature","geometry":null,"properties":{"featurecla":"Land","scalerank":1,"min_zoom":1.5}},
{"type":"Feature","geometry":null,"properties":{"featurecla":"Land","scalerank":1,"min_zoom":1}},
{"type":"Feature","geometry":null,"properties":{"featurecla":"Land","scalerank":1,"min_zoom":0.5}},
{"type":"Feature","geometry":null,"properties":{"featurecla":"Land","scalerank":0,"min_zoom":0.5}},
{"type":"Feature","geometry":{"type":"Polygon","coordinates":[[[15.616369546975603,78.74675890648541],[15.703668625548435,78.84408290390546],[16.094726207063513,78.98026668875254],[16.27936177289257,79.01967653208412],[15.266690024591952,79.23181342001146],[14.979824518908897,79.29844398555683],[15.616369546975603,78.74675890648541]]]},"properties":{"featurecla":"Land","scalerank":0,"min_zoom":0}},
{"type":"Feature","geometry":null,"properties":{"featurecla":"Land","scalerank":0,"min_zoom":0}},
{"type":"Feature","geometry":null,"properties":{"featurecla":"Land","scalerank":1,"min_zoom":1}},
{"type":"Feature","geometry":null,"properties":{"featurecla":"Land","scalerank":0,"min_zoom":0}},
{"type":"Feature","geometry":{"type":"Polygon","coordinates":[[[-91.83001948942923,79.918152090816],[-90.61668447726035,79.22354778973394],[-90.41319052253166,79.297613782728],[-90.52398628548475,79.3283975585734],[-90.82087480248333,79.45824397694301],[-90.8502826513294,79.47626429640762],[-91.49912024765064,79.87677940631623],[-91.83001948942923,79.918152090816]]]},"properties":{"featurecla":"Land","scalerank":0,"min_zoom":0}},
{"type":"Feature","geometry":{"type":"Polygon","coordinates":[[[-82.80890580173279,76.98726074610266],[-82.88733347996165,77.03471343516324],[-82.98948025775924,77.17634476610628],[-82.963677457811,77.31968554147639],[-82.80672092394147,77.45898661368929],[-82.52093391105956,77.58847517909162],[-79.42114543956367,78.6421903340885],[-79.89488837445093,78.88062130705761],[-79.96895645551972,79.02194510671715],[-79.89563068156755,79.16330066446223],[-79.67219189574496,79.29906150168127],[-79.30240979896591,79.42361536592523],[-78.79730310599734,79.53162238036116],[-74.55337232674287,80.24313428126358],[-68.6140769829477,82.1711981997954],[-70.69922251798484,82.39105034319837],[-77.5004022988181,82.42255223116747],[-85.83763634619967,81.6153172650415],[-85.13920209623566,81.16843020707091],[-83.68492790295167,80.83729369085557],[-83.42547117314884,80.73105742900525],[-81.22987922726281,79.44892280977756],[-81.22327362210768,79.3112765071888],[-81.35669103612898,79.17589560109226],[-81.6204234207368,79.04757456729625],[-84.75686073594173,77.77834359538953],[-84.52638240236136,77.13646767712],[-84.62547189322558,77.03796107309627],[-82.80890580173279,76.98726074610266]]]},"properties":{"featurecla":"Land","scalerank":0,"min_zoom":0}},
{"type":"Feature","geometry":{"type":"Polygon","coordinates":[[[-44.46013507371244,60.947353553328995],[-43.970595107988714,61.90984465859187],[-44.36423568805323,62.66571803626168],[-44.3531836531163,62.80393695537289],[-44.28403778290338,62.93860682756311],[-44.15862370639099,63.06465715321432],[-43.98103173264301,63.17727828903065],[-42.7179561443257,63.82399592484404],[-42.249365421386464,65.09214993380837],[-42.12288862534132,65.21042320373397],[-41.07980953412261,65.93888352226496],[-40.78653562555103,66.04352204014155],[-40.441808622001865,66.11870956045463],[-37.27065653055849,66.62674860452405],[-35.660683791767696,67.15926113689592],[-34.32659574415769,68.18421135037929],[-34.08816282796156,68.28289220740297],[-33.8028919406839,68.36321848260746],[-33.48077065253741,68.42225257645464],[-28.80673916944527,69.07361178412778],[-24.16491802265831,70.566481643933],[-24.07321817725814,70.65000815821254],[-25.749519115051378,71.98243266562538],[-25.7877842637042,72.1346875684772],[-25.72008246784914,72.28599075682085],[-25.546948059952992,72.42940338483373],[-22.07530938496134,74.44445762281079],[-22.831331012101938,76.18098078822189],[-22.710311592658478,76.32804471064458],[-21.742982362325012,77.0559056272711],[-23.385835250405613,78.76351184893274],[-23.321553017855006,78.90574728680285],[-21.64163664034093,80.44414398274492],[-21.217318306879793,80.5739475249015],[-20.280881789810746,80.78579874167782],[-20.79454091201316,80.78197152898962],[-21.628542079849854,80.79895931199631],[-22.434191224555686,80.83871817379459],[-23.188636501130876,80.90013779163864],[-23.86938104604417,80.9814771219363],[-24.454565224017458,81.08038060344747],[-24.923385887039537,81.19390402147103],[-25.25669387426546,81.3185537021279],[-25.43780237883679,81.45034380964798],[-26.25526348850908,82.41763353178415],[-29.623035105927443,82.79184581570851],[-36.45948268328538,82.82158641836295],[-43.951069009502476,82.03549200328128],[-44.76448310275648,81.98207777265281],[-59.24397232416837,81.17740448940025],[-63.22973040275913,80.07653839084054],[-61.93761037034659,79.61759840037209],[-61.804029010943665,79.48403411305702],[-61.81201098237615,79.34829840700252],[-61.95605488609403,79.21522437583391],[-62.226443473651415,79.08937943382544],[-62.61014277952455,78.97493634380078],[-63.09161103748041,78.87557295800512],[-63.65348146856461,78.79439674289293],[-68.62558901510852,78.17862982813385],[-66.224527298577,77.75522369893531],[-65.86646048114385,77.63371909869511],[-65.63432805652452,77.49922385940997],[-65.53387346405397,77.35741836000642],[-65.5648816320541,77.21409951580259],[-65.72190082952123,77.07493629387196],[-65.99509999603076,76.94526041417541],[-66.37114225603962,76.8298946819164],[-66.6171358867325,76.77840711127975],[-60.733151956794664,76.80838974454554],[-60.1484352482209,76.7706347146854],[-59.61107486519143,76.70670998057433],[-59.14318756708401,76.61934927825348],[-56.14903185818373,75.88698783576946],[-55.862834700984656,75.73291556669973],[-52.318451454287995,72.71172862801133],[-52.29821622937058,72.58470030399705],[-52.352862910854384,72.45859227324897],[-52.47918578862028,72.33729367700967],[-52.73008464808533,72.14820082276279],[-52.426142180363364,72.07459204412278],[-52.138974741836385,71.97100669875061],[-51.92324348400188,71.85226795257644],[-51.7857409694233,71.72289079922432],[-51.729964808953035,71.58769787030869],[-51.75622387670935,71.45162433451945],[-52.47362826023625,69.9077406565307],[-50.006214103969505,69.22923628957781],[-49.78617714418134,69.12022843760643],[-49.628853320996605,68.99840621062225],[-49.53887846689675,68.86819024254666],[-49.518265466063426,68.73422522043592],[-49.56650123331372,68.60120533438499],[-49.680737022892316,68.47370975639544],[-49.85604151771152,68.35605323426402],[-50.08568941371792,68.25215494532183],[-50.361463891638856,68.16542716742602],[-51.36393781777751,67.90235216892717],[-52.07059785556978,67.11788165602799],[-51.91263915145008,66.32609673761897],[-50.68506820460729,65.44889790566818],[-50.60629001743282,65.31848960226527],[-50.09206168521331,63.88970307548496],[-47.3609326836928,61.56243112070565],[-45.934999109734306,61.55245077307555],[-45.63482375521244,61.50460998782321],[-45.363469578017124,61.42737755748755],[-45.13334495719832,61.324359996814806],[-44.46013507371244,60.947353553328995]]]},"properties":{"featurecla":"Land","scalerank":0,"min_zoom":0}}
]}