{"type":"FeatureCollection", "features": [
{"type":"Feature","geometry":{"type":"Polygon","coordinates":[[[120.622,21.925],[120.782,22.345],[121.325,23.4],[121.399,23.934],[121.573,24.226],[121.593,24.646],[121.781,24.9],[121.429,25.134],[120.857,24.809],[120.021,23.62],[119.964,23.086],[120.113,22.642],[120.622,21.925]]]},"properties":{"NAME":"Dapenkeng culture","SUBJECTO":"Dakapeng culture","PARTOF":"Dakapeng culture","ABBREVN":"Dapenkeng","BORDERPRECISION":1,"fid":0}},
{"type":"Feature","geometry":{"type":"MultiPolygon","coordinates":[[[[99.872,2.638],[99.858,2.904],[98.625,3.658],[98.146,4.07],[98.174,4.381],[97.943,4.521],[97.384,5.18],[96.753,5.064],[96.187,5.146],[95.464,5.57],[95.191,5.41],[95.308,4.96],[95.561,4.534],[96.394,3.647],[96.72,3.705],[97.254,3.14],[97.509,2.74],[97.597,2.251],[97.983,2.112],[98.601,1.707],[99.113,0.221],[99.697,-0.152],[99.972,-0.501],[100.65,-1.631],[100.812,-2.336],[101.345,-3.015],[102.111,-3.604],[102.462,-4.182],[103.523,-4.999],[104.568,-6.071],[104.563,-5.601],[105.033,-5.879],[105.187,-5.542],[105.476,-5.815],[105.728,-5.827],[105.797,-4.734],[105.711,-4.105],[105.943,-3.215],[105.445,-2.599],[104.995,-2.467],[104.813,-2.156],[104.568,-2.137],[104.352,-1.89],[104.298,-1.363],[104.121,-1.141],[103.747,-1.116],[103.384,-0.894],[103.238,-0.659],[103.722,0.015],[103.24,0.459],[102.472,0.623],[102.136,0.94],[101.868,1.435],[101.474,1.548],[101.06,2.081],[100.732,1.871],[100.121,2.543],[99.872,2.638]]],[[[111.12,1.27],[110.818,1.244],[110.289,1.516],[109.723,1.617],[109.282,1.883],[108.956,1.259],[108.814,0.808],[108.841,0.331],[109.158,-0.075],[109.073,-0.405],[109.429,-0.71],[109.179,-0.869],[109.783,-1.306],[109.941,-1.643],[110.102,-3.079],[110.653,-2.988],[110.797,-3.172],[111.436,-2.974],[111.729,-3.259],[111.739,-3.647],[112.246,-3.398],[112.578,-3.423],[112.795,-2.971],[113.123,-3.244],[113.744,-3.598],[114.099,-3.35],[114.356,-3.603],[114.712,-4.206],[115.568,-3.804],[116.202,-2.9],[116.349,-2.417],[116.046,-1.934],[117.046,-0.935],[117.37,-1.004],[117.43,-0.622],[117.318,-0.14],[117.534,0.611],[117.86,0.866],[118.218,0.758],[118.765,0.823],[118.517,1.166],[117.913,1.59],[117.696,1.901],[117.829,2.314],[117.074,3.507],[117.684,3.629],[117.589,4.048],[118.112,4.145],[118.391,4.374],[117.992,4.685],[118.108,4.939],[118.683,4.915],[119.043,5.17],[118.377,5.639],[117.762,5.58],[117.867,5.904],[117.37,5.789],[117.507,6.393],[116.889,6.646],[116.596,6.899],[116.338,6.358],[115.787,5.74],[115.717,5.468],[115.292,5.454],[115.361,4.876],[114.878,4.856],[114.745,4.984],[114.45,4.563],[114.167,4.511],[113.815,4.263],[113.423,3.76],[113.188,3.615],[112.952,3.155],[112.759,3.009],[111.635,2.72],[111.372,2.599],[110.893,1.511],[111.12,1.27]]],[[[113.073,-7.877],[112.678,-7.719],[112.537,-7.265],[112.275,-7.027],[111.045,-6.852],[110.815,-6.534],[110.492,-6.662],[110.396,-6.955],[110.027,-7.044],[108.556,-6.921],[108.173,-6.356],[107.769,-6.452],[107.34,-6.154],[106.945,-6.026],[106.864,-6.27],[106.521,-6.11],[106.024,-6.081],[105.672,-6.456],[105.633,-6.755],[106.366,-7.04],[106.484,-7.503],[107.368,-7.565],[107.73,-7.787],[108.16,-7.856],[108.61,-7.702],[109.037,-7.72],[110.038,-7.991],[110.778,-8.32],[112.414,-8.488],[113.074,-8.347],[114.105,-8.688],[114.069,-8.434],[114.252,-8.02],[113.948,-7.824],[113.559,-7.914],[113.073,-7.877]]],[[[117.797,-8.496],[117.514,-8.613],[116.958,-8.529],[116.663,-8.702],[116.663,-9.059],[116.976,-9.178],[117.841,-8.954],[118.658,-8.856],[118.863,-8.481],[117.948,-8.162],[117.797,-8.496]]],[[[106.164,-2.998],[106.471,-2.921],[106.329,-2.572],[106.037,-2.204],[105.896,-1.804],[105.656,-1.957],[105.427,-1.71],[105.2,-2.11],[105.812,-2.382],[105.995,-2.89],[106.164,-2.998]]],[[[114.896,-8.655],[115.072,-8.781],[115.5,-8.469],[115.084,-8.235],[114.645,-8.331],[114.896,-8.655]]],[[[120.305,14.575],[120.471,14.804],[120.799,14.386],[120.511,14.112],[120.599,13.922],[121.009,13.656],[121.625,13.898],[122.492,13.43],[122.485,13.881],[123.094,13.381],[123.239,13.025],[123.819,12.976],[123.398,13.527],[123.661,13.693],[123.359,13.953],[123.132,13.692],[122.856,13.888],[122.675,14.269],[122.397,14.307],[122.107,13.918],[121.729,14.108],[121.242,15.308],[121.439,15.918],[122.064,16.332],[122.396,17.114],[122.07,17.438],[122.028,18.009],[122.147,18.206],[121.581,18.294],[121.036,18.528],[120.564,18.432],[120.393,18.044],[120.303,16.417],[120.202,16.042],[119.762,16.359],[119.772,15.47],[119.972,14.905],[120.305,14.575]]],[[[120.891,12.366],[121.274,12.525],[121.304,13.129],[121.039,13.408],[120.341,13.387],[120.547,13.153],[120.734,12.55],[120.891,12.366]]],[[[125.07,11.244],[125.449,11.207],[125.333,11.562],[125.246,12.293],[124.952,12.527],[124.264,12.418],[124.33,12.208],[124.875,11.834],[124.854,11.491],[125.07,11.244]]],[[[121.883,10.627],[122.297,10.647],[122.897,11.15],[122.92,11.525],[122.47,11.454],[121.994,11.758],[121.883,10.627]]],[[[118.7,10.036],[118.865,10.024],[119.564,10.502],[119.345,11.003],[118.7,10.036]]],[[[122.769,9.212],[123.133,9.251],[122.962,9.594],[123.104,10.23],[123.312,10.738],[122.92,10.852],[122.701,10.032],[122.347,9.815],[122.396,9.478],[122.769,9.212]]],[[[117.128,8.47],[117.857,8.833],[117.967,9.113],[118.505,9.483],[118.508,9.921],[118.089,9.431],[117.536,9.049],[117.128,8.47]]],[[[125.955,6.652],[126.322,7.149],[126.272,8.426],[125.923,8.482],[126.075,8.813],[125.934,9.175],[125.362,9.625],[125.461,9.053],[124.991,8.715],[124.742,8.918],[124.671,8.429],[124.372,8.561],[124.024,8.11],[123.663,8.014],[123.486,8.496],[122.796,8.272],[122.736,8.062],[122.384,7.985],[122.094,7.775],[121.849,7.196],[121.992,6.873],[122.455,7.693],[122.725,7.452],[123.023,7.478],[123.465,7.791],[123.815,7.658],[124.074,7.258],[123.864,6.851],[123.973,6.337],[124.224,6.09],[125.073,5.723],[125.289,5.488],[125.533,5.94],[125.28,6.594],[125.615,7.236],[125.748,7.186],[125.955,6.652]]]]},"properties":{"NAME":"Austronesians","SUBJECTO":"Austronesians","PARTOF":"Austronesians","ABBREVN":"Austronesians","BORDERPRECISION":1,"fid":1}},
{"type":"Feature","geometry":{"type":"MultiPolygon","coordinates":[[[[175.308,-37.321],[174.857,-36.694],[174.787,-36.283],[174.348,-35.915],[174.609,-35.789],[174.217,-35.337],[172.96,-34.864],[173.166,-35.421],[173.841,-36.136],[174.07,-36.189],[174.22,-36.557],[174.765,-37.297],[174.728,-37.552],[174.945,-37.928],[174.713,-38.44],[174.655,-38.983],[173.805,-39.42],[173.992,-39.611],[174.889,-39.98],[175.354,-40.3],[174.895,-41.296],[175.365,-41.662],[176.011,-41.255],[177.157,-39.854],[177.024,-39.445],[177.34,-39.227],[177.867,-39.207],[177.939,-38.83],[178.408,-38.771],[178.589,-38.215],[178.569,-37.921],[178.241,-37.832],[177.528,-38.204],[177.134,-38.186],[176.129,-37.798],[175.838,-37.026],[175.308,-37.321]]],[[[172.063,-43.923],[172.628,-43.692],[172.441,-43.509],[173.237,-42.986],[173.841,-42.488],[174.234,-42.011],[174.058,-41.291],[173.701,-41.254],[173.264,-41.544],[173.019,-41.075],[172.437,-40.753],[172.207,-41.045],[172.148,-41.578],[171.458,-41.993],[171.398,-42.513],[171.024,-42.887],[169.987,-43.36],[169.649,-43.741],[168.914,-44.097],[168.416,-44.221],[167.137,-45.2],[167.281,-45.563],[167.009,-45.817],[166.551,-45.967],[166.523,-46.233],[168.154,-46.452],[169.399,-46.71],[170.612,-45.946],[171.378,-44.338],[172.063,-43.923]]]]},"properties":{"BORDERPRECISION":1,"fid":2}},
{"type":"Feature","geometry":{"type":"Polygon","coordinates":[[[-24.219,65.534],[-23.678,65.317],[-22.814,65.471],[-21.955,65.378],[-21.978,64.95],[-23.611,64.746],[-23.508,64.559],[-22.279,64.619],[-21.488,64.376],[-22.373,63.773],[-20.404,63.698],[-19.827,63.478],[-18.642,63.324],[-17.944,63.425],[-17.591,63.689],[-16.534,63.784],[-14.821,64.195],[-14.348,64.67],[-13.694,64.779],[-13.647,65.495],[-14.754,65.697],[-14.641,65.945],[-16.385,66.454],[-16.376,66.132],[-16.922,65.978],[-18.676,66.091],[-21.08,65.205],[-21.495,65.568],[-21.242,65.882],[-21.779,66.254],[-22.474,65.996],[-23.608,65.98],[-24.219,65.534]]]},"properties":{"BORDERPRECISION":1,"fid":3}},
{"type":"Feature","geometry":{"type":"Polygon","coordinates":[[[146.713,-43.722],[147.391,-43.082],[147.815,-42.965],[148.319,-41.806],[148.27,-41.093],[148.056,-40.92],[147.596,-41.165],[146.382,-41.308],[144.776,-40.843],[144.7,-41.164],[144.936,-41.71],[145.53,-42.345],[145.279,-42.668],[145.723,-43.24],[146.713,-43.722]]]},"properties":{"NAME":"Aboriginal Tasmanians","SUBJECTO":"Aboriginal Tasmanians","PARTOF":"Aboriginal Tasmanians","ABBREVN":"From Indus Valley","BORDERPRECISION":1,"fid":4}},
{"type":"Feature","geometry":{"type":"MultiPolygon","coordinates":[[[[-26.787,71.558],[-25.291,71.569],[-24.386,71.183],[-23.754,70.59],[-23.084,70.468],[-21.471,70.532],[-21.726,71.405],[-22.431,71.341],[-22.818,71.87],[-25.073,72.634],[-25.778,72.609],[-27.357,72.859],[-27.441,73.287],[-25.763,73.354],[-24.076,73.756],[-22.82,73.327],[-21.709,73.274],[-20.33,73.42],[-20.354,73.811],[-22.029,74.104],[-21.762,74.305],[-19.716,74.213],[-19.071,74.609],[-20.616,74.954],[-20.679,75.308],[-19.194,75.444],[-19.57,76.11],[-21.217,76.267],[-22.378,76.636],[-21.183,76.697],[-19.978,76.946],[-18.057,76.805],[-18.253,77.3],[-20.105,77.382],[-19.177,77.824],[-20.777,77.969],[-20.879,78.818],[-19.763,78.873],[-19.481,79.46],[-18.102,79.669],[-17.769,79.967],[-20.267,79.999],[-19.045,80.426],[-16.441,80.451],[-14.202,81.21],[-12.644,81.386],[-14.253,81.835],[-16.465,81.904],[-17.963,81.518],[-19.317,81.597],[-21.182,81.287],[-23.339,80.623],[-24.11,80.769],[-22.053,81.54],[-22.948,81.9],[-24.877,81.595],[-25.975,81.831],[-30.651,81.811],[-31.135,82.198],[-28.391,82.31],[-25.457,82.221],[-22.59,82.419],[-22.432,82.743],[-25.324,83],[-26.421,83.342],[-32.513,83.577],[-34.427,83.403],[-38.587,83.382],[-38.587,82.828],[-41.881,83.263],[-45.213,82.967],[-43.955,82.491],[-44.323,81.823],[-45.525,81.821],[-49.648,82.478],[-50.905,82.368],[-49.846,81.811],[-54.575,82.328],[-61.122,81.798],[-61.112,81.182],[-63.725,81.086],[-67.143,80.562],[-67.41,80.211],[-64.623,79.949],[-64.891,79.382],[-65.485,79.158],[-67.969,79.127],[-69.266,78.796],[-72.383,78.526],[-72.525,78.166],[-69.688,77.555],[-66.153,77.553],[-67.736,77.189],[-71.184,77.26],[-70.5,76.833],[-68.376,76.778],[-69.045,76.294],[-67.037,75.936],[-66.684,76.307],[-65.475,76.099],[-63.651,76.38],[-61.507,76.258],[-58.636,75.793],[-58.205,75.295],[-56.939,74.919],[-55.779,73.704],[-54.73,73.038],[-55.366,72.728],[-55.298,72.161],[-55.626,71.73],[-55.012,71.335],[-53.988,71.414],[-53.323,71.891],[-51.72,71.59],[-51.675,71.224],[-50.799,70.385],[-51.153,70.323],[-52.367,70.667],[-53.628,70.819],[-54.374,70.725],[-53.666,70.357],[-52.909,70.289],[-51.637,69.94],[-50.573,69.866],[-50.954,68.539],[-52.337,68.664],[-52.842,68.506],[-50.491,67.973],[-50.477,67.482],[-52.808,67.775],[-53.494,67.473],[-53.267,66.922],[-52.303,66.909],[-53.103,65.873],[-52.078,65.372],[-51.805,64.233],[-50.994,64.615],[-50.144,64.739],[-50.043,64.438],[-50.988,64.092],[-51.366,63.726],[-50.617,63.435],[-50.466,63.051],[-49.857,62.967],[-50.048,62.314],[-49.116,62.104],[-48.915,61.421],[-47.969,61.037],[-47.63,60.597],[-47.159,60.856],[-45.46,60.895],[-45.622,60.601],[-44.052,60.164],[-43.144,59.819],[-43.154,60.305],[-42.785,60.529],[-42.817,61.026],[-42.478,61.307],[-42.271,62.194],[-43.226,62.681],[-41.834,62.691],[-40.516,63.782],[-41.484,64.274],[-40.472,64.348],[-40.484,64.685],[-39.686,65.171],[-39.992,65.533],[-38.467,65.645],[-37.937,66.004],[-38.042,66.399],[-37.155,66.32],[-37.048,65.743],[-35.972,65.847],[-35.248,66.229],[-34.433,66.384],[-32.956,67.641],[-32.037,67.985],[-30.305,67.98],[-27.959,68.477],[-26.964,68.502],[-25.324,69.09],[-22.732,69.774],[-22.158,70.056],[-23.587,70.084],[-24.585,70.304],[-26.252,70.178],[-27.475,70.207],[-28.384,70.458],[-27.606,71.068],[-26.329,71.132],[-25.85,71.436],[-26.787,71.558]]],[[[-22.146,72.027],[-21.882,72.365],[-23.131,72.678],[-23.585,72.44],[-22.146,72.027]]],[[[-53.551,69.278],[-51.877,69.531],[-52.084,69.772],[-53.617,70.158],[-54.594,70.24],[-54.687,69.707],[-53.551,69.278]]]]},"properties":{"BORDERPRECISION":1,"fid":5}},
{"type":"Feature","geometry":{"type":"MultiPolygon","coordinates":[[[[-73.112,-72.749],[-70.021,-72.672],[-68.63,-72.054],[-68.398,-71.127],[-68.862,-70.509],[-70.33,-68.963],[-71.412,-68.886],[-72.394,-69.261],[-71.798,-69.736],[-71.798,-70.354],[-72.184,-70.586],[-72.107,-71.05],[-72.725,-71.281],[-74.657,-71.436],[-75.275,-71.668],[-75.043,-72.054],[-74.348,-72.209],[-73.421,-71.977],[-72.03,-71.822],[-71.952,-72.209],[-72.88,-72.44],[-73.112,-72.749]]],[[[-102.551,-72.131],[-101.16,-72.363],[-97.142,-72.672],[-95.906,-72.363],[-97.22,-71.822],[-101.16,-71.822],[-102.551,-72.131]]],[[[-55.185,-80.94],[-50.162,-80.786],[-44.831,-80.322],[-43.904,-79.781],[-44.213,-78.39],[-45.758,-78.081],[-48.849,-78.081],[-50.24,-78.39],[-50.858,-78.699],[-51.012,-79.395],[-51.708,-79.781],[-53.871,-79.936],[-54.953,-80.399],[-55.185,-80.94]]],[[[-164.058,-79.356],[-162.358,-79.742],[-160.426,-79.974],[-158.804,-79.665],[-160.735,-79.047],[-162.59,-78.815],[-163.517,-78.97],[-164.058,-79.356]]],[[[169.769,-83.418],[167.569,-83.317],[167.275,-82.988],[162.015,-81.66],[160.577,-81.534],[160.433,-80.906],[159.579,-80.442],[158.135,-80.316],[159.315,-80.027],[160.686,-79.114],[161.773,-78.866],[163.643,-78.661],[166.753,-78.599],[163.529,-77.74],[163.3,-77.187],[162.384,-76.214],[162.823,-75.622],[162.346,-75.107],[163.414,-75.031],[163.433,-74.744],[165.189,-74.668],[164.616,-74.172],[165.799,-73.828],[167.575,-73.476],[168.899,-73.54],[168.975,-73.239],[170.105,-72.636],[169.89,-72.076],[170.729,-71.904],[167.635,-70.865],[164.319,-70.518],[162.888,-70.571],[162.485,-70.306],[160.599,-70.221],[159.846,-69.829],[157.307,-69.156],[156.148,-69.311],[154.435,-68.95],[152.306,-68.843],[151.093,-68.886],[150.893,-68.538],[148.73,-68.306],[148.093,-67.937],[146.875,-67.997],[146.39,-67.779],[145.322,-67.575],[145.586,-67.223],[144.38,-67.173],[143.388,-66.972],[142.183,-66.985],[141.157,-66.722],[136.317,-66.399],[134.691,-66.083],[134.982,-65.597],[134.59,-65.022],[134.035,-65.185],[134.205,-66.18],[132.967,-66.259],[130.272,-66.253],[129.422,-66.52],[129.01,-67.03],[126.8,-66.884],[126.412,-66.374],[125.441,-66.447],[125.125,-66.787],[123.54,-66.645],[122.458,-66.645],[121.454,-66.8],[119.599,-66.916],[118.286,-67.07],[116.972,-66.838],[115.679,-66.414],[114.436,-66.493],[113.959,-65.988],[113.015,-65.763],[112.027,-65.988],[110.607,-66.059],[110.568,-66.395],[109.404,-66.71],[108.101,-66.71],[107.622,-66.452],[105.459,-66.297],[103.836,-65.988],[102.631,-65.926],[100.875,-66.079],[99.654,-66.549],[99.12,-66.893],[98.662,-66.626],[97.114,-66.684],[95.723,-66.529],[90.855,-66.607],[88.654,-66.764],[88.084,-66.111],[87.765,-66.749],[87.223,-66.993],[85.523,-66.916],[81.814,-67.302],[78.26,-68.384],[77.796,-68.847],[76.869,-69.311],[75.401,-69.466],[72.542,-70.238],[71.924,-70.547],[70.301,-72.015],[69.528,-72.402],[68.215,-72.402],[67.365,-72.093],[67.365,-71.706],[68.138,-71.088],[68.191,-70.67],[67.513,-70.464],[68.215,-69.852],[68.951,-69.889],[69.142,-69.388],[69.773,-68.636],[69.374,-67.843],[66.979,-67.843],[63.579,-67.534],[62.806,-67.611],[59.603,-67.33],[56.627,-66.942],[57.101,-66.523],[56.175,-66.447],[55.142,-65.963],[53.765,-65.911],[52.452,-65.988],[50.52,-66.375],[50.006,-66.588],[50.273,-67.137],[48.967,-66.973],[48.27,-67.181],[48.848,-67.434],[47.305,-67.775],[46.919,-67.404],[46.058,-67.434],[46.038,-67.688],[44.797,-67.745],[44.184,-68.036],[42.561,-68.113],[41.943,-68.422],[39.647,-68.934],[39.459,-69.701],[38.332,-70.029],[37.299,-69.654],[36.078,-69.591],[34.716,-68.934],[34.293,-68.5],[33.541,-68.542],[32.748,-69.35],[30.662,-69.736],[25.639,-70.354],[23.707,-70.586],[22.548,-70.586],[19.535,-70.161],[17.603,-70.084],[12.658,-70.315],[11.962,-70.702],[11.113,-70.856],[10.34,-70.702],[9.413,-70.084],[8.485,-70.084],[6.554,-70.47],[3.308,-70.934],[0.681,-71.32],[-0.787,-71.706],[-1.251,-71.32],[-2.719,-71.397],[-4.882,-71.281],[-6.318,-71.425],[-5.732,-70.895],[-6.35,-70.663],[-7.2,-70.895],[-7.741,-71.668],[-8.823,-71.822],[-9.364,-71.127],[-9.75,-71.05],[-11.141,-71.59],[-12.329,-71.675],[-11.557,-72.072],[-11.828,-72.323],[-14.271,-72.844],[-14.584,-73.178],[-16.396,-73.445],[-17.091,-73.909],[-16.164,-74.063],[-15.005,-73.831],[-14.451,-74.065],[-17.168,-74.758],[-18.405,-75.686],[-20.645,-75.918],[-23.582,-75.918],[-30.227,-76.845],[-32.081,-77.308],[-33.163,-77.386],[-34.94,-77.927],[-36.408,-78.622],[-36.408,-79.163],[-32.854,-79.317],[-29.568,-79.224],[-29.035,-79.377],[-28.372,-80.09],[-28.913,-80.476],[-32.931,-80.863],[-38.031,-80.94],[-41.817,-81.404],[-43.826,-81.79],[-52.249,-82.022],[-55.185,-82.331],[-57.58,-83.026],[-60.207,-82.331],[-63.144,-82.099],[-67.934,-81.481],[-74.889,-80.708],[-76.643,-80.215],[-78.289,-80.322],[-78.829,-80.013],[-76.434,-79.858],[-76.589,-79.395],[-77.98,-79.086],[-80.22,-79.317],[-82.925,-79.163],[-84.104,-78.649],[-84.161,-78.236],[-83.079,-78.236],[-82.075,-78.777],[-79.139,-78.931],[-77.782,-78.649],[-78.289,-78.313],[-80.761,-78.236],[-81.655,-77.68],[-80.687,-77.566],[-74.502,-78.081],[-73.027,-77.823],[-73.568,-77.481],[-75.816,-77.463],[-78.598,-76.613],[-78.829,-76.227],[-77.825,-75.995],[-75.932,-76.484],[-73.881,-76.627],[-70.562,-76.69],[-69.248,-76.381],[-65.925,-75.84],[-64.457,-75.686],[-63.221,-74.836],[-62.68,-74.758],[-61.367,-73.909],[-60.826,-72.749],[-60.98,-72.054],[-61.676,-70.818],[-62.139,-70.509],[-63.144,-69.427],[-63.453,-68.886],[-63.839,-68.654],[-65.153,-68.5],[-65.694,-67.881],[-65.385,-67.341],[-63.839,-66.491],[-62.757,-66.645],[-62.448,-66.336],[-62.371,-65.795],[-61.135,-64.868],[-59.821,-64.327],[-58.894,-64.327],[-57.271,-63.709],[-57.426,-63.245],[-58.121,-63.4],[-59.126,-63.863],[-60.207,-63.941],[-61.289,-64.482],[-62.912,-64.713],[-64.225,-65.254],[-65.075,-65.95],[-65.771,-66.182],[-66.853,-66.8],[-67.703,-66.877],[-67.857,-67.572],[-67.316,-67.804],[-67.084,-68.654],[-67.471,-69.195],[-68.244,-69.35],[-68.784,-69.813],[-68.63,-70.277],[-68.089,-70.586],[-67.703,-71.281],[-67.084,-71.822],[-67.084,-72.44],[-67.625,-72.749],[-71.489,-73.368],[-75.584,-73.754],[-77.13,-73.638],[-78.52,-73.715],[-79.757,-73.174],[-80.993,-73.252],[-81.766,-74.024],[-84.393,-73.793],[-85.938,-73.484],[-86.325,-73.252],[-87.406,-73.406],[-88.565,-73.252],[-88.72,-72.788],[-90.497,-73.329],[-93.974,-73.174],[-96.524,-73.329],[-99.788,-72.998],[-102.174,-73.09],[-102.551,-72.788],[-103.587,-72.741],[-103.587,-73.108],[-102.944,-73.365],[-100.229,-73.438],[-99.678,-73.658],[-101.421,-73.768],[-103.247,-73.561],[-103.165,-73.86],[-101.88,-74.099],[-101.495,-74.539],[-100.559,-74.466],[-99.733,-75.071],[-100.045,-75.31],[-103.942,-75.106],[-105.642,-75.068],[-106.801,-75.377],[-109.196,-75.145],[-110.557,-75.303],[-110.433,-74.295],[-111.746,-74.295],[-111.744,-74.717],[-113.428,-74.688],[-113.238,-74.321],[-114.146,-73.926],[-114.937,-74.058],[-114.992,-74.449],[-118.778,-74.604],[-120.169,-74.527],[-123.569,-74.836],[-127.123,-74.681],[-128.978,-74.913],[-130.987,-74.797],[-133.536,-74.797],[-134.773,-74.643],[-138.559,-75.106],[-140.568,-75.261],[-144.509,-75.724],[-146.672,-76.111],[-148.527,-76.033],[-149.609,-76.343],[-147.131,-76.531],[-146.116,-76.86],[-146.146,-77.457],[-147.986,-77.347],[-149.995,-77.733],[-152.086,-77.337],[-154.167,-77.115],[-156.408,-77.115],[-158.031,-77.27],[-158.185,-77.811],[-157.336,-78.197],[-156.022,-78.352],[-155.867,-78.738],[-154.554,-79.124],[-151.772,-79.201],[-150.58,-79.483],[-148.604,-79.665],[-146.904,-80.051],[-145.668,-80.515],[-148.836,-81.365],[-149.995,-81.21],[-154.477,-81.056],[-156.999,-81.196],[-154.267,-81.677],[-154.554,-82.138],[-152.081,-82.601],[-152.931,-82.91],[-153.31,-83.942],[-152.004,-84.379],[-138.817,-85.013],[-139.331,-85.223],[-148.759,-85.074],[-151.463,-85.306],[-156.563,-85.46],[-160.504,-85.383],[-167.226,-84.765],[-173.871,-84.456],[-178.43,-84.456],[-180,-84.322],[-180,-85.322],[-180,-86.322],[-180,-87.322],[-180,-88.322],[-180,-89.322],[-180,-90],[-179.204,-90],[-178.204,-90],[-177.204,-90],[-176.204,-90],[-175.204,-90],[-174.204,-90],[-173.204,-90],[-172.204,-90],[-171.204,-90],[-170.204,-90],[-169.204,-90],[-168.204,-90],[-167.204,-90],[-166.204,-90],[-165.204,-90],[-164.204,-90],[-163.204,-90],[-162.204,-90],[-161.204,-90],[-160.204,-90],[-159.204,-90],[-158.204,-90],[-157.204,-90],[-156.204,-90],[-155.204,-90],[-154.204,-90],[-153.204,-90],[-152.204,-90],[-151.204,-90],[-150.204,-90],[-149.204,-90],[-148.204,-90],[-147.204,-90],[-146.204,-90],[-145.204,-90],[-144.204,-90],[-143.204,-90],[-142.204,-90],[-141.204,-90],[-140.204,-90],[-139.204,-90],[-138.204,-90],[-137.204,-90],[-136.204,-90],[-135.204,-90],[-134.204,-90],[-133.204,-90],[-132.204,-90],[-131.204,-90],[-130.204,-90],[-129.204,-90],[-128.204,-90],[-127.204,-90],[-126.204,-90],[-125.204,-90],[-124.204,-90],[-123.204,-90],[-122.204,-90],[-121.204,-90],[-120.204,-90],[-119.204,-90],[-118.204,-90],[-117.204,-90],[-116.204,-90],[-115.204,-90],[-114.204,-90],[-113.204,-90],[-112.204,-90],[-111.204,-90],[-110.204,-90],[-109.204,-90],[-108.204,-90],[-107.204,-90],[-106.204,-90],[-105.204,-90],[-104.204,-90],[-103.204,-90],[-102.204,-90],[-101.204,-90],[-100.204,-90],[-99.204,-90],[-98.204,-90],[-97.204,-90],[-96.204,-90],[-95.204,-90],[-94.204,-90],[-93.204,-90],[-92.204,-90],[-91.204,-90],[-90.204,-90],[-89.204,-90],[-88.204,-90],[-87.204,-90],[-86.204,-90],[-85.204,-90],[-84.204,-90],[-83.204,-90],[-82.204,-90],[-81.204,-90],[-80.204,-90],[-79.204,-90],[-78.204,-90],[-77.204,-90],[-76.204,-90],[-75.204,-90],[-74.204,-90],[-73.204,-90],[-72.204,-90],[-71.204,-90],[-70.204,-90],[-69.204,-90],[-68.204,-90],[-67.204,-90],[-66.204,-90],[-65.204,-90],[-64.204,-90],[-63.204,-90],[-62.204,-90],[-61.204,-90],[-60.204,-90],[-59.204,-90],[-58.204,-90],[-57.204,-90],[-56.204,-90],[-55.204,-90],[-54.204,-90],[-53.204,-90],[-52.204,-90],[-51.204,-90],[-50.204,-90],[-49.204,-90],[-48.204,-90],[-47.204,-90],[-46.204,-90],[-45.204,-90],[-44.204,-90],[-43.204,-90],[-42.204,-90],[-41.204,-90],[-40.204,-90],[-39.204,-90],[-38.204,-90],[-37.204,-90],[-36.204,-90],[-35.204,-90],[-34.204,-90],[-33.204,-90],[-32.204,-90],[-31.204,-90],[-30.204,-90],[-29.204,-90],[-28.204,-90],[-27.204,-90],[-26.204,-90],[-25.204,-90],[-24.204,-90],[-23.204,-90],[-22.204,-90],[-21.204,-90],[-20.204,-90],[-19.204,-90],[-18.204,-90],[-17.204,-90],[-16.204,-90],[-15.204,-90],[-14.204,-90],[-13.204,-90],[-12.204,-90],[-11.204,-90],[-10.204,-90],[-9.204,-90],[-8.204,-90],[-7.204,-90],[-6.204,-90],[-5.204,-90],[-4.204,-90],[-3.204,-90],[-2.204,-90],[-1.204,-90],[-0.204,-90],[0.778,-90],[1.778,-90],[2.778,-90],[3.778,-90],[4.778,-90],[5.778,-90],[6.778,-90],[7.778,-90],[8.778,-90],[9.778,-90],[10.778,-90],[11.778,-90],[12.778,-90],[13.778,-90],[14.778,-90],[15.778,-90],[16.778,-90],[17.778,-90],[18.778,-90],[19.778,-90],[20.778,-90],[21.778,-90],[22.778,-90],[23.778,-90],[24.778,-90],[25.778,-90],[26.778,-90],[27.778,-90],[28.778,-90],[29.778,-90],[30.778,-90],[31.778,-90],[32.778,-90],[33.778,-90],[34.778,-90],[35.778,-90],[36.778,-90],[37.778,-90],[38.778,-90],[39.778,-90],[40.778,-90],[41.778,-90],[42.778,-90],[43.778,-90],[44.778,-90],[45.778,-90],[46.778,-90],[47.778,-90],[48.778,-90],[49.778,-90],[50.778,-90],[51.778,-90],[52.778,-90],[53.778,-90],[54.778,-90],[55.778,-90],[56.778,-90],[57.778,-90],[58.778,-90],[59.778,-90],[60.778,-90],[61.778,-90],[62.778,-90],[63.778,-90],[64.778,-90],[65.778,-90],[66.778,-90],[67.778,-90],[68.778,-90],[69.778,-90],[70.778,-90],[71.778,-90],[72.778,-90],[73.778,-90],[74.778,-90],[75.778,-90],[76.778,-90],[77.778,-90],[78.778,-90],[79.778,-90],[80.778,-90],[81.778,-90],[82.778,-90],[83.778,-90],[84.778,-90],[85.778,-90],[86.778,-90],[87.778,-90],[88.778,-90],[89.778,-90],[89.796,-90],[90.778,-90],[91.778,-90],[92.778,-90],[93.778,-90],[94.778,-90],[95.778,-90],[96.778,-90],[97.778,-90],[98.778,-90],[99.778,-90],[100.778,-90],[101.778,-90],[102.778,-90],[103.778,-90],[104.778,-90],[105.778,-90],[106.778,-90],[107.778,-90],[108.778,-90],[109.778,-90],[110.778,-90],[111.778,-90],[112.778,-90],[113.778,-90],[114.778,-90],[115.778,-90],[116.778,-90],[117.778,-90],[118.778,-90],[119.778,-90],[120.778,-90],[121.778,-90],[122.778,-90],[123.778,-90],[124.778,-90],[125.778,-90],[126.778,-90],[127.778,-90],[128.778,-90],[129.778,-90],[130.778,-90],[131.778,-90],[132.778,-90],[133.778,-90],[134.778,-90],[135.778,-90],[136.778,-90],[137.778,-90],[138.778,-90],[139.778,-90],[140.778,-90],[141.778,-90],[142.778,-90],[143.778,-90],[144.778,-90],[145.778,-90],[146.778,-90],[147.778,-90],[148.778,-90],[149.778,-90],[150.778,-90],[151.778,-90],[152.778,-90],[153.778,-90],[154.778,-90],[155.778,-90],[156.778,-90],[157.778,-90],[158.778,-90],[159.778,-90],[160.778,-90],[161.778,-90],[162.778,-90],[163.778,-90],[164.778,-90],[165.778,-90],[166.778,-90],[167.778,-90],[168.778,-90],[169.778,-90],[170.778,-90],[171.778,-90],[172.778,-90],[173.778,-90],[174.778,-90],[175.778,-90],[176.778,-90],[177.778,-90],[178.778,-90],[180,-90],[180,-89.319],[180,-88.319],[180,-87.319],[180,-86.319],[180,-85.319],[180,-84.34],[176.933,-84.031],[172.58,-83.844],[169.769,-83.418]]]]},"properties":{"BORDERPRECISION":1,"fid":6}},
{"type":"Feature","geometry":{"type":"MultiPolygon","coordinates":[[[[140.87,-2.795],[139.592,-2.379],[137.854,-1.614],[137.111,-1.984],[137.084,-2.251],[136.271,-2.418],[135.734,-3.252],[135.246,-3.539],[134.773,-3.305],[134.634,-2.822],[134.283,-2.855],[133.983,-2.01],[134.141,-1.501],[133.907,-1.006],[133.265,-0.861],[132.592,-0.57],[132.254,-0.527],[131.834,-0.826],[131.211,-1.025],[131.064,-1.54],[131.816,-1.665],[131.973,-2.116],[132.219,-2.344],[133.321,-2.38],[133.855,-2.245],[133.781,-2.722],[133.321,-2.742],[133.121,-2.597],[132.719,-2.934],[132.202,-2.802],[132.177,-3.043],[132.749,-3.398],[132.896,-3.696],[132.713,-3.888],[132.932,-4.268],[133.395,-3.988],[133.563,-3.415],[133.763,-3.51],[134.041,-3.948],[134.401,-4.068],[134.766,-4.036],[134.777,-4.309],[135.378,-4.562],[135.654,-4.593],[137.385,-5.123],[137.824,-5.427],[138.551,-6.652],[139.028,-7.02],[138.65,-7.141],[139.156,-7.725],[138.958,-8.145],[139.112,-8.323],[139.977,-8.238],[140.299,-8.644],[140.948,-9.274],[142.607,-9.377],[143.331,-9],[142.97,-8.378],[143.437,-8.358],[144.016,-7.874],[144.38,-7.758],[145.82,-8.098],[146.646,-9.279],[147.185,-9.57],[147.393,-9.926],[147.874,-10.179],[148.561,-10.184],[149.783,-10.41],[150.002,-10.734],[150.495,-10.739],[150.418,-10.294],[149.696,-10.035],[149.83,-9.711],[149.176,-9.553],[149.198,-9.121],[148.589,-9.16],[148.133,-8.627],[148.035,-8.246],[147.376,-7.796],[146.886,-7.117],[146.909,-6.895],[147.664,-6.791],[147.644,-6.48],[147.376,-6.125],[146.893,-6.03],[146.045,-5.676],[145.593,-5.423],[145.728,-4.997],[145.377,-4.674],[144.783,-4.338],[144.543,-3.995],[144.103,-3.984],[143.446,-3.61],[142.413,-3.307],[140.87,-2.795]]],[[[149.554,-6.406],[150.276,-6.341],[151.056,-6.015],[151.28,-5.671],[151.802,-5.708],[152.059,-5.498],[151.862,-5.282],[152.136,-5.085],[152.268,-4.779],[151.944,-4.52],[151.539,-4.406],[151.588,-4.902],[151.157,-5.1],[150.887,-5.52],[150.289,-5.712],[149.764,-5.63],[149.413,-5.739],[148.836,-5.645],[148.377,-5.659],[148.416,-5.881],[149.021,-6.242],[149.209,-6.153],[149.554,-6.406]]],[[[123.492,-10.352],[124.154,-10.205],[124.939,-9.555],[125.212,-9.395],[126.873,-8.807],[127.044,-8.476],[125.08,-8.772],[124.62,-9.25],[123.969,-9.531],[123.665,-9.748],[123.492,-10.352]]],[[[127.631,-0.017],[127.636,-0.308],[127.946,-0.326],[127.865,0.099],[128.037,0.367],[128.706,0.209],[128.642,0.431],[128.19,0.627],[128.632,1.022],[128.545,1.448],[128.102,1.199],[128.042,0.964],[127.689,0.925],[127.987,1.574],[127.8,1.897],[127.569,1.528],[127.424,0.982],[127.441,0.537],[127.631,-0.017]]],[[[122.949,-8.377],[122.715,-8.293],[122.166,-8.634],[121.578,-8.589],[121.279,-8.717],[120.565,-8.388],[119.853,-8.574],[119.935,-8.936],[120.549,-8.935],[120.971,-9.055],[121.276,-8.914],[121.694,-8.996],[122.711,-8.598],[122.949,-8.377]]],[[[130.784,-3.879],[130.725,-3.485],[130.369,-3.13],[129.743,-2.979],[129.168,-3.139],[128.909,-3],[128.153,-2.97],[128.042,-3.059],[128.376,-3.547],[128.915,-3.254],[129.487,-3.596],[129.595,-3.335],[129.914,-3.385],[130.297,-3.677],[130.784,-3.879]]],[[[138.176,-8.554],[138.699,-8.152],[138.895,-7.783],[138.568,-7.523],[138.193,-7.676],[137.676,-8.459],[138.176,-8.554]]],[[[126.66,-3.875],[127.112,-3.722],[127.094,-3.518],[126.727,-3.233],[126.111,-3.298],[126.15,-3.628],[126.66,-3.875]]],[[[120.28,-10.378],[120.581,-10.098],[120.462,-9.926],[119.789,-9.458],[119.116,-9.523],[119.032,-9.771],[119.41,-9.872],[120.28,-10.378]]],[[[120.432,0.636],[120.239,0.788],[119.914,0.54],[119.578,-0.491],[119.205,-1.432],[119.175,-2.176],[118.684,-2.901],[118.791,-3.663],[119.226,-3.574],[119.461,-3.808],[119.504,-4.189],[119.446,-5.067],[119.295,-5.423],[119.477,-5.804],[120.248,-5.586],[120.133,-5.23],[120.307,-4.804],[120.143,-4.398],[120.28,-3.654],[120.144,-3.076],[120.593,-2.802],[120.925,-2.826],[120.999,-3.049],[120.818,-3.487],[120.881,-3.716],[121.508,-4.236],[121.393,-4.789],[121.873,-4.96],[122.159,-4.514],[122.648,-4.513],[122.641,-4.284],[122.19,-3.847],[122.258,-3.211],[121.874,-2.653],[121.265,-2.101],[122.223,-1.654],[122.757,-1.094],[123.213,-1.233],[123.25,-0.902],[122.981,-0.718],[122.739,-0.878],[121.995,-1.114],[121.461,-0.989],[121.055,-1.549],[120.507,-1.448],[120.407,-1.175],[120.022,-0.903],[119.873,-0.465],[120.143,0.191],[120.337,0.356],[122.466,0.405],[122.983,0.375],[123.472,0.153],[124.234,0.301],[124.857,1.046],[125.016,1.542],[124.852,1.624],[124.457,1.204],[124.432,0.956],[123.826,0.739],[122.992,0.775],[122.733,0.673],[122.181,0.869],[121.591,0.861],[121.263,1.102],[120.767,1.139],[120.432,0.636]]]]},"properties":{"BORDERPRECISION":1,"fid":7}},
{"type":"Feature","geometry":{"type":"MultiPolygon","coordinates":[[[[13.252,79.801],[11.284,79.707],[11.76,78.88],[13.062,78.347],[14.353,78.428],[14.819,78.718],[16.617,78.467],[13.905,78],[14.131,77.766],[16.418,77.901],[16.287,77.615],[14.778,77.535],[15.099,77.115],[16.663,76.727],[17.267,76.813],[17.829,77.489],[18.389,77.542],[19.116,78.455],[20.908,78.809],[19.152,79.231],[17.834,79.809],[13.252,79.801]]],[[[21.971,79.783],[20.998,79.191],[23.821,79.147],[25.337,79.403],[27.197,79.944],[24.783,80.38],[23.077,80.241],[20.524,80.322],[18.331,79.882],[19.218,79.74],[21.971,79.783]]]]},"properties":{"BORDERPRECISION":1,"fid":8}},
{"type":"Feature","geometry":{"type":"MultiPolygon","coordinates":[[[[-58.139,48.599],[-59.319,47.963],[-59.157,47.67],[-58.091,47.763],[-56.804,47.616],[-56.33,47.636],[-56.079,47.865],[-54.783,47.711],[-55.277,47.313],[-55.408,46.948],[-54.211,47.804],[-53.896,47.557],[-54.125,47.113],[-53.07,46.731],[-52.729,47.455],[-53.096,47.552],[-53.118,47.878],[-53.703,47.844],[-53.882,48.189],[-53.411,48.295],[-54.13,48.836],[-53.509,49.282],[-54.158,49.477],[-54.62,49.476],[-55.107,49.279],[-55.968,49.657],[-55.565,49.966],[-56.067,50.103],[-56.662,50.056],[-55.557,51.326],[-56.152,51.47],[-56.702,51.185],[-57.356,50.595],[-57.86,49.988],[-58.128,49.496],[-57.814,49.202],[-58.392,49.037],[-58.68,48.703],[-58.139,48.599]]],[[[-60.814,45.644],[-59.997,45.854],[-59.807,46.081],[-60.169,46.314],[-60.761,45.891],[-60.963,46.189],[-60.584,46.385],[-60.26,46.938],[-60.627,47.133],[-61.381,46.331],[-61.248,45.793],[-60.814,45.644]]]]},"properties":{"BORDERPRECISION":1,"fid":9}},
{"type":"Feature","geometry":{"type":"MultiPolygon","coordinates":[[[[-68.749,-54.889],[-67.153,-54.91],[-66.622,-55.07],[-65.348,-54.913],[-65.323,-54.726],[-66.418,-54.607],[-66.983,-54.341],[-67.838,-53.701],[-68.13,-53.375],[-68.705,-53.235],[-68.305,-52.943],[-68.701,-52.72],[-69.407,-52.566],[-70.281,-53.087],[-70.333,-53.473],[-69.515,-53.345],[-69.421,-53.544],[-70.146,-53.806],[-69.568,-54.459],[-70.621,-54.501],[-70.721,-54.937],[-69.861,-54.774],[-69.214,-54.934],[-68.749,-54.889]]],[[[-73.771,-43.509],[-73.609,-42.911],[-73.831,-42.564],[-73.455,-42.262],[-73.637,-41.967],[-74.005,-42.019],[-74.169,-42.346],[-74.134,-42.764],[-74.296,-43.265],[-73.771,-43.509]]]]},"properties":{"BORDERPRECISION":1,"fid":10}},
{"type":"Feature","geometry":{"type":"MultiPolygon","coordinates":[[[[56.96,73.357],[58.882,74.391],[58.851,74.689],[60.009,74.675],[60.887,75.247],[66.548,75.98],[67.722,76.175],[68.937,76.606],[68.457,76.927],[66.442,76.83],[65.926,76.507],[62.593,76.165],[61.303,76.238],[60.949,75.961],[59.018,75.799],[57.729,75.291],[56.995,75.273],[56.303,74.871],[56.652,74.693],[55.619,74.417],[55.885,74.105],[54.894,74.063],[54.018,73.734],[54.664,73.472],[55.757,73.577],[56.96,73.357]]],[[[52.611,72.74],[53.089,72.473],[52.351,72.041],[51.482,71.845],[51.815,71.48],[53.234,71.514],[54.308,71.206],[53.729,70.765],[57.238,70.691],[56.379,71.132],[55.721,71.642],[55.518,72.478],[56.509,73.174],[55.816,73.307],[53.502,73.137],[52.611,72.74]]],[[[8.183,56.798],[8.471,56.597],[9.079,57.037],[10.257,57.006],[10.463,57.242],[10.39,57.661],[9.849,57.582],[9.302,57.166],[8.359,57.023],[8.183,56.798]]],[[[12.053,55.703],[11.568,55.885],[11.102,55.634],[11.285,55.189],[12.43,55.245],[12.053,55.703]]]]},"properties":{"BORDERPRECISION":1,"fid":11}},
{"type":"Feature","geometry":{"type":"Polygon","coordinates":[[[8.576,3.067],[8.827,3.612],[8.478,3.557],[8.358,3.088],[8.576,3.067]]]},"properties":{"BORDERPRECISION":1,"fid":12}},
{"type":"Feature","geometry":{"type":"MultiPolygon","coordinates":[[[[137.887,37.025],[137.176,36.643],[136.811,37.311],[136.64,37.17],[136.668,36.667],[135.978,35.973],[135.928,35.604],[135.358,35.323],[135.157,35.646],[134.756,35.531],[133.804,35.427],[133.006,35.254],[132.663,35.381],[131.672,34.502],[131.334,34.292],[130.892,34.246],[130.899,33.904],[131.394,33.936],[131.995,33.804],[132.183,34.287],[132.481,34.129],[133.589,34.442],[133.825,34.386],[134.427,34.628],[135.317,34.471],[134.969,34.134],[135.063,33.69],[135.756,33.342],[136.199,34.003],[136.899,34.259],[136.507,34.518],[136.734,34.874],[137.248,34.482],[138.149,34.528],[138.45,34.903],[139.053,35.025],[139.538,35.29],[137.887,37.025]]],[[[132.467,32.758],[132.699,32.549],[132.97,32.765],[133.154,33.216],[133.517,33.395],[133.999,33.148],[134.519,33.651],[134.54,34.013],[133.806,34.176],[133.463,33.884],[132.969,33.794],[132.784,33.908],[132.45,33.52],[132.121,33.348],[132.467,32.758]]],[[[130.579,30.907],[130.744,30.888],[131.319,31.511],[131.407,32.083],[131.831,32.693],[131.414,33.111],[131.67,33.309],[130.427,33.674],[130.176,33.337],[129.528,33.298],[129.343,33.151],[129.846,32.587],[130.108,32.931],[130.497,32.557],[130.444,32.284],[130.059,31.972],[130.219,31.56],[130.732,31.478],[130.579,30.907]]]]},"properties":{"NAME":"Jōmon","SUBJECTO":"Jōmon","PARTOF":"Jōmon","ABBREVN":"Jōmon","BORDERPRECISION":1,"fid":13}},
{"type":"Feature","geometry":{"type":"Polygon","coordinates":[[[-78.262,-9.742],[-77.692,-10.837],[-77.707,-11.256],[-77.336,-11.509],[-76.711,-12.76],[-76.238,-13.502],[-76.242,-14.106],[-75.785,-14.727],[-75.231,-15.222],[-74.05,-16.045],[-73.117,-16.457],[-72.22,-15.426],[-72.003,-14.309],[-72.166,-12.947],[-73.364,-10.931],[-74.617,-9.978],[-76.388,-9.706],[-78.262,-9.742]]]},"properties":{"NAME":"Norte Chico","SUBJECTO":"Norte Chico","PARTOF":"Norte Chico","ABBREVN":"Norte Chico","BORDERPRECISION":1,"fid":14}},
{"type":"Feature","geometry":{"type":"Polygon","coordinates":[[[43.295,35.669],[42.942,36.489],[41.976,37.684],[40.473,37.851],[38.089,37.425],[36.082,36.622],[35.709,36.212],[35.856,35.835],[35.607,35.418],[35.796,35.271],[35.716,34.312],[37.238,33.85],[39.196,33.594],[40.956,33.435],[40.814,34.19],[41.154,35.127],[42.772,35.723],[43.295,35.669]]]},"properties":{"NAME":"city-states","SUBJECTO":"city-states","PARTOF":"city-states","ABBREVN":"city-states","BORDERPRECISION":1,"fid":15}},
{"type":"Feature","geometry":{"type":"Polygon","coordinates":[[[40.956,33.435],[41.058,32.895],[41.95,32.209],[47.614,29.272],[47.845,29.503],[47.911,29.89],[48.714,30],[48.946,30.388],[49.222,30.477],[49.321,30.103],[49.718,30.002],[50.132,30.066],[49.497,31.636],[49.307,31.816],[46.603,34.36],[45.615,35.163],[45.241,35.467],[43.295,35.669],[42.772,35.723],[41.154,35.127],[40.814,34.19],[40.956,33.435]]]},"properties":{"NAME":"Ur","SUBJECTO":"Ur","PARTOF":"Ur","ABBREVN":"Ur","BORDERPRECISION":1,"fid":16}},
{"type":"Feature","geometry":{"type":"Polygon","coordinates":[[[50.132,30.066],[50.705,29.401],[50.797,29.013],[51.35,28.036],[51.611,27.827],[52.41,27.581],[52.891,27.052],[53.634,26.748],[54.065,26.701],[54.646,26.391],[55.425,26.963],[55.9,27.105],[56.431,27.107],[56.79,26.974],[56.935,26.465],[57.255,25.793],[57.9,25.541],[58.369,25.548],[58.352,27.464],[57.841,28.997],[56.564,29.678],[54.01,30.359],[49.307,31.816],[49.497,31.636],[50.132,30.066]]]},"properties":{"NAME":"Elam","SUBJECTO":"Elam","PARTOF":"Elam","ABBREVN":"Elam","BORDERPRECISION":1,"fid":17}},
{"type":"Feature","geometry":{"type":"Polygon","coordinates":[[[13.478,-8.486],[13.431,-8.823],[13.146,-9.065],[13.204,-9.637],[13.639,-10.303],[13.816,-10.976],[13.813,-11.656],[13.649,-12.197],[13.339,-12.649],[13.051,-12.751],[12.585,-13.464],[12.333,-14.316],[12.251,-14.945],[12.06,-15.594],[11.782,-15.868],[11.775,-17.596],[11.85,-18.022],[12.08,-18.491],[12.524,-19.062],[12.929,-19.742],[13.804,-21.443],[14.415,-22.268],[14.577,-22.731],[14.396,-23.075],[14.668,-24.421],[14.909,-25.018],[14.843,-25.622],[15.153,-26.333],[15.076,-26.607],[15.454,-27.616],[16.53,-28.771],[16.788,-29.139],[17.354,-30.422],[18.179,-31.805],[18.336,-32.339],[18.232,-32.898],[17.868,-32.994],[18.459,-33.832],[18.293,-34.246],[18.487,-34.398],[19.181,-34.422],[19.321,-34.733],[19.884,-34.992],[20.256,-34.623],[20.847,-34.501],[21.669,-34.506],[21.997,-34.263],[22.682,-34.103],[23.189,-34.242],[23.499,-34.07],[24.085,-34.151],[24.43,-34.335],[24.929,-34.079],[25.516,-34.174],[25.619,-33.919],[26.659,-33.847],[27.656,-33.254],[28.922,-32.298],[29.832,-31.432],[30.391,-30.814],[31.563,-29.21],[32.235,-28.744],[32.393,-28.375],[32.345,-28.026],[32.609,-27.898],[32.767,-27.517],[32.896,-26.372],[32.5,-26.068],[32.945,-25.54],[33.347,-25.304],[34.585,-24.875],[34.884,-24.722],[35.43,-24.225],[35.297,-23.825],[35.425,-23.456],[35.531,-22.458],[35.261,-22.274],[34.994,-21.271],[35.107,-20.984],[34.699,-20.572],[34.726,-19.86],[35.915,-19.032],[36.892,-18],[37.275,-17.713],[38.859,-17.055],[39.471,-16.717],[40.386,-15.736],[40.61,-15.355],[40.849,-14.579],[40.599,-14.401],[40.603,-13.531],[40.366,-12.991],[40.527,-12.584],[40.393,-11.548],[40.311,-11.345],[40.62,-10.766],[40.387,-10.372],[39.658,-9.796],[39.392,-8.735],[39.439,-7.924],[13.478,-8.486]]]},"properties":{"NAME":"Khoisan","SUBJECTO":"Khoisan","PARTOF":"Khoisan","ABBREVN":"Khoisan","BORDERPRECISION":1,"fid":18}},
{"type":"Feature","geometry":{"type":"Polygon","coordinates":[[[32.648,29.852],[33.558,30.968],[33.021,31.132],[32.769,30.952],[32.309,31.084],[32.077,31.014],[31.717,31.388],[30.996,31.469],[30.099,31.232],[29.359,30.811],[29.859,29.649],[30.05,27.996],[30.749,26.725],[30.94,25.962],[31.108,24.995],[30.427,22.782],[30.001,21.079],[30.171,19.977],[30.171,19.972],[30.597,19.802],[31.055,19.917],[31.278,19.972],[33.345,23.354],[33.737,24.5],[33.419,26.28],[32.318,29.54],[32.648,29.852]]]},"properties":{"NAME":"Egypt","SUBJECTO":"Egypt","PARTOF":"Egypt","ABBREVN":"Egypt","BORDERPRECISION":1,"fid":19}},
{"type":"Feature","geometry":{"type":"Polygon","coordinates":[[[72.696,22.129],[73.231,23.721],[72.53,24.422],[70.074,25.475],[69.724,26.994],[70.308,28.047],[72.296,28.982],[78.843,28.631],[79.194,30.034],[78.843,30.736],[73.699,32.139],[70.776,32.022],[69.022,31.087],[67.619,28.982],[64.813,28.514],[63.293,26.878],[63.018,25.157],[63.404,25.165],[64.059,25.401],[64.425,25.173],[65.769,25.309],[66.3,25.495],[66.621,25.317],[66.702,24.752],[67.204,24.588],[67.316,24.093],[67.692,23.814],[68.047,23.764],[68.373,23.326],[68.791,23.029],[69.665,22.789],[70.411,22.753],[69.969,22.351],[69.492,22.249],[68.894,22.286],[69.126,21.969],[70.21,20.948],[70.467,20.777],[71.024,20.657],[71.529,20.824],[72.121,21.155],[72.289,21.55],[72.127,21.829],[72.319,22.115],[72.696,22.129]]]},"properties":{"NAME":"Indus valley civilization","SUBJECTO":"Indus valley civilization","PARTOF":"Indus valley civilization","ABBREVN":"Indus valley","BORDERPRECISION":1,"fid":20}},
{"type":"Feature","geometry":{"type":"Polygon","coordinates":[[[43.295,35.669],[45.241,35.467],[45.615,35.163],[46.536,35.848],[46.197,36.389],[45.599,36.665],[44.272,37.848],[42.819,38.42],[42.24,38.452],[41.976,37.684],[42.942,36.489],[43.295,35.669]]]},"properties":{"NAME":"Hurrian Kingdoms","SUBJECTO":"Hurrian Kingdoms","PARTOF":"Hurrian Kingdoms","ABBREVN":"Hurrian Kingdoms","BORDERPRECISION":1,"fid":21}},
{"type":"Feature","geometry":{"type":"Polygon","coordinates":[[[-78.614,2.119],[-78.492,1.921],[-79.062,1.678],[-78.984,1.297],[-79.376,1.017],[-80.086,0.818],[-80.109,0.049],[-80.403,-0.225],[-80.339,-0.663],[-80.966,-1.033],[-80.754,-1.452],[-80.741,-2.119],[-80.961,-2.355],[-80.357,-2.728],[-79.839,-2.346],[-79.76,-2.786],[-77.174,-1.281],[-77.121,-0.484],[-75.898,0.846],[-78.614,2.119]]]},"properties":{"NAME":"Valdivia","SUBJECTO":"Valdivia","PARTOF":"Valdivia","ABBREVN":"Valdivia","BORDERPRECISION":1,"fid":22}},
{"type":"Feature","geometry":{"type":"Polygon","coordinates":[[[30.171,19.977],[29.95,19.337],[29.887,18.355],[30.529,17.601],[31.397,17.45],[32.051,17.764],[32.516,18.28],[32.994,18.657],[33.447,17.815],[34.516,17.991],[33.963,19.236],[33.862,19.852],[33.422,20.129],[32.642,19.903],[31.736,19.123],[31.359,18.62],[30.994,18.595],[31.055,19.917],[30.597,19.802],[30.171,19.972],[30.171,19.977]]]},"properties":{"NAME":"Kerma","SUBJECTO":"Kerma","PARTOF":"Kerma","ABBREVN":"Kerma","BORDERPRECISION":1,"fid":23}},
{"type":"Feature","geometry":{"type":"MultiPolygon","coordinates":[[[[44.672,-16.236],[44.454,-16.242],[44.451,-16.725],[43.972,-17.553],[44.16,-18.404],[44.394,-18.791],[44.251,-19.103],[44.585,-19.528],[44.47,-20.17],[43.816,-21.316],[43.501,-21.494],[43.325,-22.111],[43.376,-22.632],[43.827,-23.413],[43.671,-24.227],[43.934,-24.519],[44.037,-24.989],[44.425,-25.312],[44.959,-25.387],[45.211,-25.66],[45.576,-25.621],[45.789,-25.411],[46.239,-25.264],[46.855,-25.218],[47.258,-24.766],[47.492,-24.06],[48.087,-22.044],[48.652,-20.339],[49.342,-18.228],[49.425,-17.198],[49.898,-16.46],[49.598,-15.653],[49.754,-15.398],[50.187,-15.957],[50.503,-15.314],[50.15,-14.419],[49.976,-13.301],[49.817,-12.831],[49.542,-12.704],[49.176,-12.266],[48.935,-12.477],[48.993,-12.737],[48.751,-13.418],[48.224,-13.794],[48.049,-14.131],[47.699,-14.443],[47.884,-14.716],[47.633,-14.984],[47.426,-14.825],[46.925,-15.36],[46.142,-15.826],[45.732,-15.89],[45.434,-16.094],[45.197,-16.037],[44.672,-16.236]]],[[[8.82,38.977],[9.063,39.22],[9.479,39.144],[9.698,39.693],[9.631,40.096],[9.794,40.564],[9.306,41.184],[8.766,40.863],[8.241,40.855],[8.428,40.465],[8.508,39.946],[8.374,39.308],[8.82,38.977]]]]},"properties":{"NAME":"Hunters-gatherers","SUBJECTO":"Hunters-gatherers","PARTOF":"Hunters-gatherers","ABBREVN":"Hunters-gatherers","BORDERPRECISION":1,"fid":24}},
{"type":"Feature","geometry":{"type":"Polygon","coordinates":[[[-7.428,55.064],[-7.756,55.253],[-8.345,55.095],[-8.504,54.75],[-8.301,54.489],[-8.59,54.203],[-9.892,54.326],[-9.81,53.632],[-10.16,53.374],[-9.158,53.221],[-9.526,52.905],[-9.891,52.194],[-10.469,52.207],[-10.217,51.758],[-9.819,51.435],[-8.565,51.615],[-7.751,52.033],[-6.406,52.214],[-6.043,52.893],[-6.172,53.439],[-6.443,53.899],[-5.912,54.027],[-5.662,54.322],[-6.018,55.093],[-6.645,55.206],[-7.428,55.064]]]},"properties":{"BORDERPRECISION":1,"fid":25}},
{"type":"Feature","geometry":{"type":"Polygon","coordinates":[[[22.87,38.837],[23.121,38.867],[23.638,38.523],[23.79,38.719],[23.242,39.044],[22.87,38.837]]]},"properties":{"BORDERPRECISION":1,"fid":26}},
{"type":"Feature","geometry":{"type":"Polygon","coordinates":[[[75.001,50.674],[74.381,47.572],[79.493,46.955],[82.934,46.905],[85.785,46.938],[88.464,47.039],[90.577,47.206],[93.325,48.021],[97.406,51.168],[100.382,52.273],[101.913,53.974],[98.767,55.419],[93.07,56.27],[87.117,55.929],[80.91,53.038],[76.658,51.763],[75.001,50.674]]]},"properties":{"NAME":"Afanasevo","SUBJECTO":"Afanasevo","PARTOF":"Afanasevo","ABBREVN":"Afanasevo","BORDERPRECISION":1,"fid":27}},
{"type":"Feature","geometry":{"type":"Polygon","coordinates":[[[58.416,37.764],[58.844,36.777],[60.394,36.338],[62.097,37.02],[62.584,38.284],[61.134,38.985],[60.06,39.08],[59.102,38.475],[58.416,37.764]]]},"properties":{"NAME":"Namazga","SUBJECTO":"Namazga","PARTOF":"Namazga","ABBREVN":"Namazga","BORDERPRECISION":1,"fid":28}},
{"type":"Feature","geometry":{"type":"Polygon","coordinates":[[[80.563,5.932],[81.203,6.079],[81.6,6.449],[81.866,7.085],[81.326,8.259],[80.662,9.299],[80.178,9.445],[80.053,9.114],[79.675,8.805],[79.832,8.103],[79.854,7.061],[80.222,6.058],[80.563,5.932]]]},"properties":{"BORDERPRECISION":1,"fid":29}},
{"type":"Feature","geometry":{"type":"Polygon","coordinates":[[[109.43,18.097],[109.669,18.415],[110.263,18.626],[110.427,19.229],[110.885,19.707],[110.617,20.017],[110.061,19.94],[109.916,19.8],[109.55,19.914],[108.577,19.187],[108.652,18.482],[109.43,18.097]]]},"properties":{"BORDERPRECISION":1,"fid":30}},
{"type":"Feature","geometry":{"type":"Polygon","coordinates":[[[33.78,35.208],[33.374,35.306],[32.819,35.282],[32.301,35.016],[32.271,34.72],[32.603,34.615],[33.484,34.796],[33.925,34.953],[33.78,35.208]]]},"properties":{"BORDERPRECISION":1,"fid":31}},
{"type":"Feature","geometry":{"type":"Polygon","coordinates":[[[24.693,34.94],[25.899,35.045],[25.512,35.295],[24.769,35.428],[24.388,35.373],[23.529,35.57],[23.568,35.255],[24.324,35.208],[24.693,34.94]]]},"properties":{"NAME":"Minoan","SUBJECTO":"Minoan","PARTOF":"Minoan","ABBREVN":"Minoan","BORDERPRECISION":1,"fid":32}},
{"type":"Feature","geometry":{"type":"Polygon","coordinates":[[[9.432,42.794],[8.609,42.487],[8.511,42.134],[8.742,41.882],[8.727,41.561],[9.173,41.35],[9.453,42.048],[9.432,42.794]]]},"properties":{"BORDERPRECISION":1,"fid":33}},
{"type":"Feature","geometry":{"type":"MultiPolygon","coordinates":[[[[139.538,35.29],[139.808,35.007],[139.932,34.877],[140.317,35.034],[140.395,35.409],[140.834,35.677],[140.555,35.969],[140.656,36.618],[140.964,36.956],[140.872,37.917],[141.097,38.262],[141.496,38.422],[141.569,38.785],[141.888,39.13],[141.998,39.672],[141.676,40.316],[141.153,40.865],[140.657,40.724],[140.386,40.986],[139.915,40.575],[139.985,40.115],[139.805,39.891],[140.03,39.483],[139.746,38.68],[139.198,37.92],[138.856,37.735],[138.699,37.448],[137.887,37.025],[139.538,35.29]]],[[[140.013,41.382],[140.269,41.325],[140.589,41.678],[141.155,41.749],[140.246,42.228],[140.694,42.55],[140.93,42.255],[141.397,42.519],[141.928,42.501],[143.214,41.927],[143.33,42.196],[143.848,42.775],[144.166,42.942],[144.59,42.86],[145.448,43.17],[145.059,43.786],[144.028,43.951],[143.508,44.156],[142.539,44.843],[141.875,45.435],[141.523,45.183],[141.746,44.629],[141.709,43.914],[141.302,43.72],[141.304,43.187],[141.064,43.097],[140.599,43.327],[140.5,42.896],[139.712,42.478],[139.777,42.112],[140.1,41.946],[140.013,41.382]]]]},"properties":{"NAME":"Ainu","SUBJECTO":"Ainu","PARTOF":"Ainu","ABBREVN":"Ainu","BORDERPRECISION":1,"fid":34}},
{"type":"Feature","geometry":{"type":"Polygon","coordinates":[[[139.808,35.007],[139.83,34.836],[139.932,34.877],[139.808,35.007]]]},"properties":{"BORDERPRECISION":1,"fid":35}},
{"type":"Feature","geometry":{"type":"Polygon","coordinates":[[[142.864,53.341],[141.767,53.272],[141.811,52.628],[141.598,52.217],[141.643,51.813],[142.017,51.431],[142.153,50.89],[142.049,49.355],[141.74,48.807],[142.036,47.959],[141.732,47.471],[141.909,47.073],[141.623,46.558],[141.898,45.915],[142.327,46.563],[142.993,46.954],[142.615,47.46],[142.49,47.902],[142.646,48.658],[142.854,49.128],[143.598,49.234],[144.54,48.753],[143.633,50.235],[142.944,51.617],[143.139,52.856],[142.864,53.341]]]},"properties":{"BORDERPRECISION":1,"fid":36}},
{"type":"Feature","geometry":{"type":"Polygon","coordinates":[[[24.656,37.901],[25.318,37.402],[25.272,37.565],[24.763,38.003],[24.656,37.901]]]},"properties":{"NAME":"Cycladic","SUBJECTO":"Cycladic","PARTOF":"Cycladic","ABBREVN":"Cycladic","BORDERPRECISION":1,"fid":37}},
{"type":"Feature","geometry":{"type":"Polygon","coordinates":[[[-82.177,22.366],[-81.572,22.164],[-80.776,22.102],[-79.735,21.672],[-78.728,21.617],[-78.45,20.969],[-78.157,20.817],[-77.291,20.704],[-77.177,20.355],[-77.461,19.871],[-76.398,20.02],[-75.519,19.907],[-74.72,20.112],[-74.345,20.323],[-75.062,20.697],[-75.654,20.683],[-75.604,21.013],[-77.34,21.512],[-77.508,21.759],[-78.171,22.12],[-79.33,22.404],[-79.76,22.759],[-80.721,23.024],[-81.431,23.137],[-82.057,23.135],[-82.959,23.025],[-83.69,22.814],[-84.256,22.539],[-84.435,22.323],[-84.209,21.828],[-83.851,22.21],[-83.39,22.223],[-82.853,22.638],[-82.046,22.697],[-82.177,22.366]]]},"properties":{"BORDERPRECISION":1,"fid":38}},
{"type":"Feature","geometry":{"type":"Polygon","coordinates":[[[-71.677,18.003],[-71.401,17.704],[-71.062,18.347],[-70.621,18.507],[-70.299,18.259],[-69.956,18.502],[-68.986,18.51],[-68.665,18.199],[-68.373,18.575],[-68.657,18.873],[-69.747,19.354],[-69.993,19.684],[-70.289,19.652],[-70.882,19.93],[-71.551,19.897],[-71.843,19.731],[-72.94,19.945],[-73.421,19.874],[-73.355,19.658],[-72.945,19.595],[-72.676,19.392],[-72.698,18.941],[-72.298,18.662],[-72.746,18.509],[-74.303,18.696],[-74.365,18.378],[-73.857,18.112],[-73.474,18.316],[-72.915,18.228],[-71.978,18.262],[-71.677,18.003]]]},"properties":{"BORDERPRECISION":1,"fid":39}},
{"type":"Feature","geometry":{"type":"Polygon","coordinates":[[[-66.906,17.936],[-66.451,18.045],[-65.967,18.027],[-65.724,18.333],[-65.952,18.472],[-67.055,18.546],[-67.152,17.987],[-66.906,17.936]]]},"properties":{"BORDERPRECISION":1,"fid":40}},
{"type":"Feature","geometry":{"type":"Polygon","coordinates":[[[-77.291,17.806],[-76.426,18.119],[-77.156,18.397],[-77.769,18.51],[-78.052,18.218],[-77.737,17.932],[-77.291,17.806]]]},"properties":{"BORDERPRECISION":1,"fid":41}},
{"type":"Feature","geometry":{"type":"Polygon","coordinates":[[[-70.674,62.862],[-69.559,62.709],[-69.155,62.42],[-68.014,62.259],[-65.94,61.79],[-66.332,62.319],[-67.264,62.856],[-68.476,63.337],[-68.486,63.737],[-67.144,63.375],[-66.496,63.077],[-65.156,62.988],[-64.735,63.067],[-65.21,63.643],[-64.474,63.744],[-65.309,64.179],[-65.327,64.359],[-66.193,64.889],[-66.598,64.766],[-67.614,65.912],[-67.76,66.373],[-66.913,66.595],[-65.717,66.054],[-65.034,65.953],[-65.178,65.654],[-64.844,65.378],[-63.352,65.025],[-63.511,65.431],[-62.845,65.614],[-61.495,66.341],[-61.211,66.635],[-62.096,67.017],[-63.933,67.413],[-64.829,67.953],[-65.53,67.87],[-66.407,68.025],[-67.032,68.307],[-68.665,68.716],[-67.98,68.988],[-68.533,69.25],[-66.668,69.186],[-68.043,69.773],[-67.044,69.798],[-67.575,70.185],[-69.463,69.96],[-69.591,70.197],[-68.469,70.56],[-69.092,70.782],[-70.293,70.618],[-70.667,71.08],[-71.253,71.351],[-72.535,71.629],[-73.275,71.161],[-74.112,71.688],[-74.313,72.039],[-75.322,72.548],[-77.119,72.711],[-78.363,72.582],[-79.125,72.289],[-81.027,72.05],[-81.044,72.38],[-80.489,73.037],[-81.532,73.688],[-82.697,73.782],[-84.505,73.491],[-85.506,72.94],[-85.504,72.608],[-84.831,72.468],[-85.602,72.01],[-84.689,71.66],[-84.783,71.062],[-85.891,71.122],[-85.243,71.465],[-86.333,71.993],[-86.214,72.449],[-86.779,72.693],[-86.662,73.097],[-85.254,73.777],[-86.892,73.83],[-88.099,73.636],[-89.639,72.782],[-89.997,71.541],[-87.949,71.351],[-87.705,70.925],[-89.15,70.968],[-89.019,70.675],[-87.948,70.385],[-86.373,70.465],[-85.984,70.113],[-84.874,70.115],[-82.269,69.86],[-80.713,70.153],[-79.826,69.918],[-78.713,70.011],[-79.101,70.655],[-75.552,69.222],[-76.643,69.032],[-76.546,68.731],[-75.199,68.862],[-73.937,68.444],[-73.185,68.296],[-72.354,67.53],[-72.305,67.264],[-73.036,66.642],[-74.28,66.06],[-73.42,65.529],[-75.789,65.197],[-77.358,65.376],[-78.127,64.651],[-77.737,64.393],[-76.526,64.23],[-75.936,64.267],[-75.452,64.548],[-74.431,64.435],[-74.559,64.78],[-73.164,64.574],[-73.148,64.344],[-72.388,63.858],[-71.258,63.567],[-71.622,63.21],[-70.674,62.862]]]},"properties":{"BORDERPRECISION":1,"fid":42}},
{"type":"Feature","geometry":{"type":"Polygon","coordinates":[[[-90.204,81.444],[-89.193,81.096],[-86.437,81.393],[-85.192,81.324],[-84.793,80.782],[-82.791,80.697],[-80.088,81.022],[-77.521,80.75],[-81.064,80.533],[-82.263,80.051],[-83.618,80.207],[-86.322,80.114],[-83.911,79.257],[-81.597,78.755],[-85.807,78.906],[-86.825,78.586],[-86.51,78.297],[-84.843,78.16],[-84.868,77.708],[-83.049,77.631],[-83.692,77.313],[-84.93,77.345],[-86.436,77.817],[-88.051,77.754],[-87.099,77.281],[-89.247,76.977],[-87.273,76.504],[-85.037,76.407],[-84.559,76.543],[-82.424,76.471],[-81.382,76.651],[-80.814,76.238],[-78.212,76.547],[-78.121,77.041],[-82.102,77.316],[-81.554,77.541],[-78.855,77.374],[-78.219,77.573],[-78.367,78.033],[-76.143,78.072],[-74.963,79.122],[-76.254,79.325],[-73.376,79.581],[-74.245,80.043],[-71.454,79.846],[-70.219,80.137],[-69.497,80.547],[-66.482,81.303],[-67.516,81.587],[-67.585,81.961],[-66.375,82.101],[-63.921,82.011],[-61.989,82.312],[-62.427,82.634],[-65.481,82.9],[-67.696,82.873],[-70.584,83.176],[-74.161,82.991],[-76.382,83.152],[-81.523,82.689],[-81.391,82.079],[-84.947,82.379],[-86.324,82.206],[-90.503,82.007],[-91.08,81.538],[-90.204,81.444]]]},"properties":{"BORDERPRECISION":1,"fid":43}},
{"type":"Feature","geometry":{"type":"Polygon","coordinates":[[[-114.473,72.625],[-114.185,73.244],[-114.647,73.355],[-117.22,72.857],[-118.399,72.476],[-118.986,72.034],[-117.314,71.475],[-115.693,71.579],[-115.742,71.299],[-118.499,71.053],[-117.761,70.722],[-113.764,70.737],[-111.85,70.425],[-111.731,70.256],[-115.147,70.273],[-117.193,70.123],[-117.568,69.992],[-116.656,69.516],[-115.907,69.351],[-113.925,69.249],[-113.602,68.722],[-113.152,68.596],[-110.448,68.653],[-109.209,68.813],[-108.646,69.002],[-107.536,69.057],[-106.854,69.451],[-104.188,68.898],[-103.178,68.855],[-101.808,69.136],[-102.198,69.482],[-103.268,69.329],[-103.361,69.639],[-102.24,69.876],[-101.449,69.665],[-101.055,70.031],[-102.436,70.465],[-103.864,70.701],[-104.595,71.048],[-104.467,71.655],[-105.01,72.045],[-105.313,72.65],[-106.523,73.195],[-108.182,73.383],[-108.087,72.629],[-107.527,72.016],[-108.348,71.913],[-108.986,72.73],[-111.726,72.331],[-111.641,72.725],[-112.839,72.953],[-114.473,72.625]]]},"properties":{"BORDERPRECISION":1,"fid":44}},
{"type":"Feature","geometry":{"type":"Polygon","coordinates":[[[-180,65.259],[-179.379,65.996],[-178.697,65.832],[-178.116,65.482],[-177.126,65.623],[-176.137,65.457],[-175.952,65.006],[-174.379,64.619],[-174.261,64.461],[-173.077,64.384],[-173.25,64.896],[-172.437,65.02],[-172.562,65.515],[-171.2,65.561],[-170.613,66.038],[-169.873,66.083],[-171.958,66.956],[-172.829,66.961],[-173.875,67.159],[-175.006,66.957],[-175.514,67.669],[-178.129,68.374],[-180,68.917],[-180,67.963],[-180,66.963],[-180,65.963],[-180,65.382],[-180,65.311],[-180,65.259]]]},"properties":{"BORDERPRECISION":1,"fid":45}},
{"type":"Feature","geometry":{"type":"Polygon","coordinates":[[[-90.204,80.659],[-92.025,81.259],[-95.06,81.031],[-94.25,80.674],[-95.58,80.386],[-94.675,80.117],[-96.433,79.933],[-92.702,78.434],[-90.641,78.263],[-89.121,78.344],[-88.956,78.75],[-87.787,78.725],[-86.997,79.445],[-87.336,80.093],[-89.042,80.167],[-90.204,80.659]]]},"properties":{"BORDERPRECISION":1,"fid":46}},
{"type":"Feature","geometry":{"type":"Polygon","coordinates":[[[-122.574,71.146],[-121.936,71.505],[-120.843,71.53],[-120.424,71.883],[-120.454,72.299],[-119.768,72.394],[-118.585,72.974],[-115.654,73.633],[-117.336,74.167],[-119.557,74.163],[-121.239,74.58],[-123.057,74.439],[-124.909,74.444],[-124.065,73.865],[-124.247,73.457],[-125.341,72.969],[-125.181,72.431],[-125.617,71.99],[-124.072,71.735],[-123.468,71.199],[-122.574,71.146]]]},"properties":{"BORDERPRECISION":1,"fid":47}},
{"type":"Feature","geometry":{"type":"Polygon","coordinates":[[[-90.204,76.282],[-91.135,76.633],[-93.085,76.527],[-92.224,75.947],[-92.366,75.421],[-91.867,74.789],[-89.698,74.615],[-88.39,74.99],[-88.144,74.569],[-82.936,74.684],[-82.373,74.555],[-80.349,74.616],[-80.5,75.03],[-79.495,75.28],[-81.703,75.875],[-83.559,75.905],[-85.203,75.743],[-86.618,75.432],[-87.293,75.656],[-88.647,75.595],[-90.99,76.185],[-90.204,76.282]]]},"properties":{"BORDERPRECISION":1,"fid":48}},
{"type":"Feature","geometry":{"type":"Polygon","coordinates":[[[-115.15,75.757],[-116.998,75.649],[-117.397,75.407],[-116.572,75.201],[-115.186,75.154],[-112.811,75.416],[-111.15,75.353],[-111.367,75.104],[-114.217,74.845],[-114.093,74.674],[-112.203,74.5],[-110.869,74.721],[-109.07,75.133],[-107.48,75.012],[-105.773,75.23],[-105.498,75.847],[-105.917,76.022],[-108.163,76.009],[-108.965,76.871],[-110.382,76.435],[-109.353,76.099],[-109.144,75.714],[-111.386,75.66],[-112.851,76.227],[-114.372,76.47],[-116.296,76.238],[-116.15,75.935],[-115.15,75.757]]]},"properties":{"BORDERPRECISION":1,"fid":49}},
{"type":"Feature","geometry":{"type":"Polygon","coordinates":[[[-85.157,63.185],[-84.087,63.672],[-83.496,63.744],[-83.517,64.052],[-82.731,64.075],[-82.198,63.69],[-80.696,63.5],[-80.179,63.722],[-80.953,63.978],[-81.872,63.991],[-81.831,64.407],[-82.11,64.644],[-83.085,64.865],[-83.76,65.211],[-85.058,65.609],[-85.558,65.864],[-86.243,64.542],[-86.061,64.141],[-87.053,63.752],[-87.101,63.545],[-85.601,63.748],[-85.463,63.206],[-85.157,63.185]]]},"properties":{"BORDERPRECISION":1,"fid":50}},
{"type":"Feature","geometry":{"type":"Polygon","coordinates":[[[-98.718,71.354],[-96.85,71.88],[-96.351,72.501],[-96.689,72.817],[-98.394,73.131],[-96.937,73.788],[-97.957,73.922],[-99.219,73.743],[-99.668,73.919],[-100.914,73.708],[-99.955,73.263],[-100.835,72.745],[-102.279,73.147],[-102.669,72.853],[-101.654,72.373],[-100.319,72.14],[-98.718,71.354]]]},"properties":{"BORDERPRECISION":1,"fid":51}},
{"type":"Feature","geometry":{"type":"Polygon","coordinates":[[[-123.902,48.471],[-123.593,48.635],[-123.861,49.158],[-124.718,49.491],[-125.719,50.409],[-126.957,50.592],[-127.848,50.861],[-128.343,50.668],[-127.385,50.05],[-126.961,50.057],[-126.112,49.527],[-125.967,49.174],[-124.999,49.169],[-125.196,48.874],[-123.902,48.471]]]},"properties":{"BORDERPRECISION":1,"fid":52}},
{"type":"Feature","geometry":{"type":"Polygon","coordinates":[[[-120.454,75.952],[-119.387,76.375],[-118.736,76.938],[-117,76.728],[-116.24,76.78],[-116.359,77.578],[-117.226,77.413],[-119.696,77.313],[-121.578,76.702],[-122.659,76.539],[-121.311,76.296],[-120.454,75.952]]]},"properties":{"BORDERPRECISION":1,"fid":53}},
{"type":"Feature","geometry":{"type":"Polygon","coordinates":[[[-99.68,77.792],[-99.049,77.941],[-99.892,78.658],[-100.693,78.878],[-102.569,79.016],[-103.365,79.389],[-105.481,79.224],[-103.505,78.837],[-104.966,78.534],[-104.162,78.298],[-101.168,78.269],[-99.68,77.792]]]},"properties":{"BORDERPRECISION":1,"fid":54}},
{"type":"Feature","geometry":{"type":"Polygon","coordinates":[[[-94.542,72.19],[-93.639,72.53],[-94.266,72.853],[-92.001,72.841],[-90.452,73.904],[-91.051,74.047],[-92.693,74.012],[-93.899,74.163],[-95.069,74.064],[-95.641,73.144],[-95.058,72.283],[-94.542,72.19]]]},"properties":{"BORDERPRECISION":1,"fid":55}},
{"type":"Feature","geometry":{"type":"Polygon","coordinates":[[[-99.944,75.084],[-98.002,75.162],[-98.152,75.602],[-97.667,75.861],[-97.817,76.476],[-99.024,76.423],[-100.067,76.675],[-101.885,76.333],[-101.675,76.064],[-99.896,75.615],[-100.474,75.315],[-99.944,75.084]]]},"properties":{"BORDERPRECISION":1,"fid":56}},
{"type":"Feature","geometry":{"type":"Polygon","coordinates":[[[-96.473,68.514],[-95.515,68.809],[-96.182,69.297],[-97.742,69.832],[-98.304,69.391],[-99.365,68.974],[-97.606,68.64],[-96.473,68.514]]]},"properties":{"BORDERPRECISION":1,"fid":57}},
{"type":"Feature","geometry":{"type":"Polygon","coordinates":[[[-96.602,77.998],[-95.233,78.132],[-95.097,78.438],[-97.31,78.822],[-98.437,78.661],[-97.46,78.101],[-96.602,77.998]]]},"properties":{"BORDERPRECISION":1,"fid":58}},
{"type":"Feature","geometry":{"type":"Polygon","coordinates":[[[-76.269,67.249],[-75.146,67.577],[-75.12,68.113],[-75.885,68.343],[-76.794,68.147],[-77.248,67.655],[-77.065,67.329],[-76.269,67.249]]]},"properties":{"BORDERPRECISION":1,"fid":59}},
{"type":"Feature","geometry":{"type":"Polygon","coordinates":[[[-153.226,57.366],[-152.378,57.518],[-152.679,57.765],[-153.396,57.804],[-153.731,57.427],[-154.189,57.631],[-154.593,57.145],[-153.878,56.941],[-153.226,57.366]]]},"properties":{"BORDERPRECISION":1,"fid":60}},
{"type":"Feature","geometry":{"type":"Polygon","coordinates":[[[-169.903,63.075],[-169.333,63.397],[-170.482,63.688],[-170.966,63.459],[-169.903,63.075]]]},"properties":{"BORDERPRECISION":1,"fid":61}},
{"type":"Feature","geometry":{"type":"Polygon","coordinates":[[[-93.938,76.398],[-94.195,76.899],[-95.629,77.042],[-96.809,76.92],[-95.873,76.513],[-93.938,76.398]]]},"properties":{"BORDERPRECISION":1,"fid":62}},
{"type":"Feature","geometry":{"type":"Polygon","coordinates":[[[-132.174,54.846],[-132.177,55.285],[-132.555,55.453],[-132.633,55.9],[-133.518,56.211],[-133.016,55.371],[-132.174,54.846]]]},"properties":{"BORDERPRECISION":1,"fid":63}},
{"type":"Feature","geometry":{"type":"Polygon","coordinates":[[[-109.661,77.95],[-110.71,78.023],[-113.01,77.923],[-113.024,77.602],[-110.62,77.537],[-109.661,77.95]]]},"properties":{"BORDERPRECISION":1,"fid":64}},
{"type":"Feature","geometry":{"type":"Polygon","coordinates":[[[-162.218,55.132],[-161.575,55.479],[-160.867,55.575],[-161.318,55.879],[-161.81,55.783],[-162.585,55.389],[-162.218,55.132]]]},"properties":{"BORDERPRECISION":1,"fid":65}},
{"type":"Feature","geometry":{"type":"Polygon","coordinates":[[[-155.783,18.946],[-155.482,19.24],[-154.948,19.483],[-155.212,19.896],[-155.931,20.284],[-155.947,19.989],[-156.163,19.808],[-156.034,19.106],[-155.783,18.946]]]},"properties":{"BORDERPRECISION":1,"fid":66}},
{"type":"Feature","geometry":{"type":"Polygon","coordinates":[[[-163.206,54.737],[-163.743,55.062],[-164.561,54.831],[-165.01,54.528],[-164.564,54.334],[-164.072,54.657],[-163.206,54.737]]]},"properties":{"BORDERPRECISION":1,"fid":67}},
{"type":"Feature","geometry":{"type":"Polygon","coordinates":[[[-135.325,58.093],[-136.3,58.18],[-136.596,57.905],[-135.115,57.675],[-135.325,58.093]]]},"properties":{"BORDERPRECISION":1,"fid":68}},
{"type":"Feature","geometry":{"type":"Polygon","coordinates":[[[-132.569,53.28],[-132.09,53.399],[-131.999,53.794],[-132.379,53.987],[-133.054,54.066],[-132.997,53.651],[-132.569,53.28]]]},"properties":{"BORDERPRECISION":1,"fid":69}},
{"type":"Feature","geometry":{"type":"Polygon","coordinates":[[[-134.821,56.916],[-135.002,57.326],[-135.466,57.229],[-134.821,56.916]]]},"properties":{"BORDERPRECISION":1,"fid":70}},
{"type":"Feature","geometry":{"type":"Polygon","coordinates":[[[-166.927,53.459],[-166.383,53.855],[-167.148,53.94],[-166.927,53.459]]]},"properties":{"BORDERPRECISION":1,"fid":71}},
{"type":"Feature","geometry":{"type":"Polygon","coordinates":[[[-156.507,20.599],[-156.119,20.79],[-156.716,21.069],[-156.507,20.599]]]},"properties":{"BORDERPRECISION":1,"fid":72}},
{"type":"Feature","geometry":{"type":"Polygon","coordinates":[[[-157.842,21.29],[-158.179,21.689],[-158.298,21.276],[-157.842,21.29]]]},"properties":{"BORDERPRECISION":1,"fid":73}},
{"type":"Feature","geometry":{"type":"Polygon","coordinates":[[[-167.865,53.323],[-168.223,53.59],[-168.374,53.235],[-167.865,53.323]]]},"properties":{"BORDERPRECISION":1,"fid":74}},
{"type":"Feature","geometry":{"type":"Polygon","coordinates":[[[-162.968,54.949],[-162.788,55.152],[-163.091,55.273],[-163.262,55.171],[-162.968,54.949]]]},"properties":{"BORDERPRECISION":1,"fid":75}},
{"type":"Feature","geometry":{"type":"Polygon","coordinates":[[[-50.225,-1.735],[-49.347,-1.645],[-48.886,-1.421],[-48.64,-1.058],[-48.402,-0.391],[-49.143,-0.195],[-49.358,-0.285],[-50.207,-0.191],[-50.501,-0.262],[-50.617,-0.891],[-50.611,-1.438],[-50.225,-1.735]]]},"properties":{"BORDERPRECISION":1,"fid":76}},
{"type":"Feature","geometry":{"type":"Polygon","coordinates":[[[-61.114,10.822],[-61.809,10.725],[-61.662,10.543],[-61.536,10.036],[-61.207,10.118],[-61.237,10.63],[-61.114,10.822]]]},"properties":{"BORDERPRECISION":1,"fid":77}},
{"type":"Feature","geometry":{"type":"Polygon","coordinates":[[[74.209,14.753],[74.734,13.683],[75.211,12.102],[75.652,11.423],[76.075,10.554],[76.385,9.748],[76.704,8.706],[77.341,8.053],[77.9,8.258],[78.136,8.5],[78.314,8.996],[79.16,9.277],[78.927,9.493],[79.222,10.192],[79.826,10.359],[79.711,11.445],[79.769,11.731],[80.224,12.831],[80.32,13.333],[80.076,13.669],[80.17,13.892],[80.136,14.489],[74.209,14.753]]]},"properties":{"NAME":"Dravidians","SUBJECTO":"Dravidians","PARTOF":"Dravidians","ABBREVN":"Dravidians","BORDERPRECISION":1,"fid":78}},
{"type":"Feature","geometry":{"type":"MultiPolygon","coordinates":[[[[-14.51,28.05],[-13.881,28.199],[-14.147,28.391],[-14.51,28.05]]],[[[-15.574,28.178],[-15.913,27.901],[-15.574,27.729],[-15.211,27.901],[-15.574,28.178]]],[[[-17.291,28.285],[-17.34,28.029],[-16.638,28.05],[-16.082,28.54],[-17.291,28.285]]]]},"properties":{"BORDERPRECISION":1,"fid":79}},
{"type":"Feature","geometry":{"type":"Polygon","coordinates":[[[39.439,-7.924],[39.27,-7.801],[39.566,-7.044],[39.221,-6.784],[38.922,-6.34],[38.934,-5.635],[39.267,-4.776],[39.53,-4.617],[39.64,-4.083],[40.234,-3.192],[40.271,-2.817],[40.75,-2.593],[41.089,-2.129],[41.61,-1.877],[41.607,-1.594],[42.44,-0.512],[43.724,0.8],[44.567,1.463],[45.541,1.967],[46.377,2.686],[-16.872,21.842],[-17.052,21.004],[-16.711,20.89],[-16.347,20.523],[-16.24,20.122],[-16.27,19.684],[-16.472,19.366],[-16.191,19.03],[-15.983,18.178],[-16.125,17.301],[-16.379,16.716],[-16.45,16.118],[-16.865,15.298],[-17.433,14.807],[-17.05,14.586],[-16.471,13.723],[-16.494,13.475],[-16.767,13.36],[-16.772,12.597],[-16.571,12.312],[-16.279,12.21],[-15.809,11.843],[-15.325,11.927],[-15.341,11.221],[-15.029,11.158],[-15.018,10.917],[-14.575,10.784],[-14.591,10.467],[-14.058,10.08],[-13.68,9.916],[-13.626,9.623],[-13.141,9.027],[-13.174,8.773],[-12.927,8.627],[-13.212,8.347],[-12.869,7.973],[-12.274,7.631],[-12.264,7.351],[-11.749,7.079],[-11.168,6.598],[-10.437,6.205],[-9.937,5.863],[-9.248,5.172],[-8.243,4.64],[-7.529,4.337],[-6.316,4.873],[-5.575,5.129],[-5,5.238],[-3.942,5.266],[-2.717,5.04],[-2.031,4.698],[-1.176,5.139],[-0.608,5.318],[0.09,5.656],[0.939,5.759],[1.176,6.084],[1.558,6.237],[3.46,6.381],[3.949,6.579],[4.634,6.212],[5.153,5.642],[5.448,5.477],[5.333,5.248],[5.607,4.632],[6.089,4.328],[6.844,4.292],[7.046,4.508],[7.449,4.407],[8.14,4.466],[8.328,4.841],[8.875,4.62],[9.032,4.138],[9.651,4.018],[9.586,3.675],[9.765,3.383],[9.923,2.824],[9.801,2.379],[9.851,1.877],[9.37,1.171],[9.622,1.089],[9.566,0.612],[9.854,0.174],[9.473,0.116],[9.203,-0.634],[8.815,-0.896],[9.112,-1.353],[9.465,-1.593],[9.243,-1.772],[9.656,-2.419],[10.525,-3.237],[10.641,-3.446],[11.773,-4.537],[12.263,-5.47],[12.194,-5.775],[12.372,-6.258],[12.796,-6.861],[12.969,-7.515],[13.387,-8.156],[13.478,-8.486],[39.439,-7.924]]]},"properties":{"NAME":"Bantu","SUBJECTO":"Bantu","PARTOF":"Bantu","ABBREVN":"Bantu","BORDERPRECISION":1,"fid":80}},
{"type":"Feature","geometry":{"type":"Polygon","coordinates":[[[31.055,19.917],[30.994,18.595],[31.359,18.62],[31.736,19.123],[32.642,19.903],[33.422,20.129],[33.862,19.852],[33.963,19.236],[34.516,17.991],[33.447,17.815],[32.994,18.657],[32.516,18.28],[32.051,17.764],[31.397,17.45],[30.529,17.601],[29.887,18.355],[29.95,19.337],[30.171,19.977],[30.001,21.079],[30.427,22.782],[31.108,24.995],[30.94,25.962],[30.749,26.725],[30.05,27.996],[29.859,29.649],[29.359,30.811],[28.966,30.785],[28.517,30.962],[27.919,30.999],[27.763,31.183],[26.143,31.491],[25.258,31.438],[24.816,31.907],[24.034,31.937],[23.153,32.139],[23.007,32.482],[22.543,32.722],[21.673,32.816],[21.054,32.63],[20.366,32.298],[20.068,32.037],[19.942,31.611],[20.117,30.957],[19.664,30.442],[18.915,30.205],[17.957,30.768],[17.422,30.996],[15.843,31.285],[15.358,31.805],[15.241,32.173],[15.01,32.363],[14.433,32.464],[14.157,32.679],[13.187,32.792],[12.565,32.74],[11.209,33.252],[11.099,33.537],[10.778,33.473],[10.413,33.631],[10.019,34.081],[10.574,34.648],[10.839,34.801],[11.125,35.241],[10.989,35.622],[10.603,35.889],[10.509,36.214],[10.92,36.654],[10.272,36.755],[10.133,37.105],[9.416,37.275],[8.637,36.885],[7.913,36.775],[7.307,37.061],[6.923,36.818],[6.323,37.091],[6.047,36.842],[5.144,36.668],[4.395,36.838],[3.741,36.837],[3.324,36.651],[2.81,36.714],[2.524,36.573],[1.058,36.462],[0.199,36.033],[-0.092,35.74],[-0.429,35.86],[-1.147,35.629],[-1.495,35.234],[-2.035,35.055],[-2.83,35.142],[-3.009,35.39],[-3.441,35.166],[-4.593,35.151],[-5.172,35.424],[-5.565,35.862],[-5.929,35.728],[-6.511,34.454],[-7.004,33.875],[-7.333,33.696],[-8.314,33.338],[-9.219,32.58],[-9.318,31.964],[-9.813,31.289],[-9.817,30.755],[-9.625,30.406],[-9.663,29.955],[-10.339,29.146],[-11.576,28.229],[-12.091,28.024],[-12.866,27.857],[-13.06,27.673],[-13.629,26.591],[-14.367,26.119],[-14.66,25.636],[-14.82,24.733],[-14.975,24.51],[-15.714,23.873],[-16.353,22.493],[-16.872,21.842],[46.377,2.686],[47.556,3.993],[48.472,5.201],[48.95,5.99],[49.046,6.416],[49.823,7.695],[49.832,7.994],[50.211,8.351],[50.779,9.368],[50.887,10.277],[51.13,10.71],[51.061,11.243],[51.181,11.777],[50.697,11.948],[50.081,11.476],[49.304,11.246],[48.534,11.333],[47.996,11.116],[47.391,11.159],[46.677,10.7],[46.43,10.668],[45.909,10.832],[45.013,10.449],[44.281,10.396],[43.368,11.456],[42.669,11.511],[42.81,11.778],[43.475,12.098],[43.33,12.434],[42.636,13.093],[42.079,13.861],[41.761,13.886],[40.739,14.919],[40.39,14.906],[40.037,15.388],[39.796,15.089],[39.518,15.463],[39.208,16.327],[38.686,18.003],[37.398,18.915],[37.255,19.652],[37.128,21.227],[36.66,22.167],[36.29,22.572],[35.746,22.914],[35.468,23.721],[35.725,23.912],[35.19,24.4],[33.929,26.564],[33.354,27.91],[32.649,28.766],[32.318,29.54],[33.419,26.28],[33.737,24.5],[33.345,23.354],[31.278,19.972],[31.055,19.917]]]},"properties":{"BORDERPRECISION":1,"fid":81}},
{"type":"Feature","geometry":{"type":"Polygon","coordinates":[[[-59.533,13.051],[-59.429,13.165],[-59.659,13.288],[-59.643,13.149],[-59.533,13.051]]]},"properties":{"BORDERPRECISION":1,"fid":82}},
{"type":"Feature","geometry":{"type":"Polygon","coordinates":[[[-68.195,12.221],[-68.364,12.305],[-68.285,12.102],[-68.195,12.221]]]},"properties":{"BORDERPRECISION":1,"fid":83}},
{"type":"Feature","geometry":{"type":"Polygon","coordinates":[[[-61.669,17.085],[-61.794,17.163],[-61.887,17.033],[-61.738,16.99],[-61.669,17.085]]]},"properties":{"BORDERPRECISION":1,"fid":84}},
{"type":"Feature","geometry":{"type":"Polygon","coordinates":[[[-68.966,12.199],[-69.078,12.349],[-69.158,12.311],[-69.062,12.188],[-68.832,12.049],[-68.824,12.16],[-68.966,12.199]]]},"properties":{"BORDERPRECISION":1,"fid":85}},
{"type":"Feature","geometry":{"type":"Polygon","coordinates":[[[-61.475,15.619],[-61.393,15.355],[-61.255,15.285],[-61.304,15.574],[-61.475,15.619]]]},"properties":{"BORDERPRECISION":1,"fid":86}},
{"type":"Feature","geometry":{"type":"Polygon","coordinates":[[[-61.6,12.187],[-61.725,12.172],[-61.79,12.009],[-61.643,12.034],[-61.6,12.187]]]},"properties":{"BORDERPRECISION":1,"fid":87}},
{"type":"Feature","geometry":{"type":"Polygon","coordinates":[[[-61.034,14.829],[-61.232,14.809],[-61.034,14.466],[-60.83,14.57],[-61.034,14.829]]]},"properties":{"BORDERPRECISION":1,"fid":88}},
{"type":"Feature","geometry":{"type":"Polygon","coordinates":[[[-62.171,16.671],[-62.138,16.693],[-62.176,16.809],[-62.237,16.712],[-62.171,16.671]]]},"properties":{"BORDERPRECISION":1,"fid":89}},
{"type":"Feature","geometry":{"type":"Polygon","coordinates":[[[-63.151,18.166],[-62.993,18.227],[-63.058,18.256],[-63.151,18.166]]]},"properties":{"BORDERPRECISION":1,"fid":90}},
{"type":"Feature","geometry":{"type":"Polygon","coordinates":[[[-62.541,17.177],[-62.61,17.191],[-62.611,17.095],[-62.539,17.109],[-62.541,17.177]]]},"properties":{"BORDERPRECISION":1,"fid":91}},
{"type":"Feature","geometry":{"type":"Polygon","coordinates":[[[-61.035,13.97],[-61.068,13.789],[-60.9,13.778],[-60.878,13.957],[-61.035,13.97]]]},"properties":{"BORDERPRECISION":1,"fid":92}},
{"type":"Feature","geometry":{"type":"Polygon","coordinates":[[[-61.452,12.59],[-61.417,12.59],[-61.407,12.607],[-61.443,12.611],[-61.452,12.59]]]},"properties":{"BORDERPRECISION":1,"fid":93}},
{"type":"Feature","geometry":{"type":"Polygon","coordinates":[[[-64.638,17.765],[-64.871,17.775],[-64.889,17.687],[-64.668,17.711],[-64.638,17.765]]]},"properties":{"BORDERPRECISION":1,"fid":94}},
{"type":"Feature","geometry":{"type":"Polygon","coordinates":[[[-61.196,15.945],[-61.275,16.009],[-61.33,15.934],[-61.231,15.877],[-61.196,15.945]]]},"properties":{"BORDERPRECISION":1,"fid":95}},
{"type":"Feature","geometry":{"type":"Polygon","coordinates":[[[-63.012,18.036],[-63.045,18.121],[-63.147,18.072],[-63.012,18.036]]]},"properties":{"BORDERPRECISION":1,"fid":96}},
{"type":"Feature","geometry":{"type":"Polygon","coordinates":[[[-61.874,17.689],[-61.857,17.592],[-61.731,17.547],[-61.743,17.653],[-61.874,17.689]]]},"properties":{"BORDERPRECISION":1,"fid":97}},
{"type":"Feature","geometry":{"type":"Polygon","coordinates":[[[-61.58,12.296],[-61.572,12.316],[-61.583,12.319],[-61.589,12.304],[-61.58,12.296]]]},"properties":{"BORDERPRECISION":1,"fid":98}},
{"type":"Feature","geometry":{"type":"Polygon","coordinates":[[[-61.421,12.513],[-61.491,12.479],[-61.492,12.435],[-61.428,12.454],[-61.421,12.513]]]},"properties":{"BORDERPRECISION":1,"fid":99}},
{"type":"Feature","geometry":{"type":"Polygon","coordinates":[[[-62.693,17.278],[-62.73,17.365],[-62.813,17.409],[-62.864,17.371],[-62.778,17.292],[-62.693,17.278]]]},"properties":{"BORDERPRECISION":1,"fid":100}},
{"type":"Feature","geometry":{"type":"Polygon","coordinates":[[[-61.311,12.735],[-61.348,12.702],[-61.333,12.687],[-61.306,12.714],[-61.311,12.735]]]},"properties":{"BORDERPRECISION":1,"fid":101}},
{"type":"Feature","geometry":{"type":"Polygon","coordinates":[[[-61.197,13.034],[-61.228,13.023],[-61.252,12.989],[-61.239,12.975],[-61.197,13.034]]]},"properties":{"BORDERPRECISION":1,"fid":102}},
{"type":"Feature","geometry":{"type":"Polygon","coordinates":[[[-61.278,13.25],[-61.184,13.13],[-61.123,13.249],[-61.209,13.368],[-61.278,13.25]]]},"properties":{"BORDERPRECISION":1,"fid":103}},
{"type":"Feature","geometry":{"type":"Polygon","coordinates":[[[-64.79,18.331],[-64.704,18.307],[-64.709,18.371],[-64.79,18.331]]]},"properties":{"BORDERPRECISION":1,"fid":104}},
{"type":"Feature","geometry":{"type":"Polygon","coordinates":[[[-64.979,18.347],[-64.878,18.311],[-64.904,18.365],[-64.979,18.347]]]},"properties":{"BORDERPRECISION":1,"fid":105}},
{"type":"Feature","geometry":{"type":"Polygon","coordinates":[[[-61.086,16.305],[-61.037,16.311],[-60.991,16.341],[-61.015,16.35],[-61.086,16.305]]]},"properties":{"BORDERPRECISION":1,"fid":106}},
{"type":"Feature","geometry":{"type":"Polygon","coordinates":[[[-61.292,16.327],[-61.499,16.349],[-61.794,16.242],[-61.695,15.949],[-61.553,16.054],[-61.581,16.205],[-61.292,16.327]]]},"properties":{"BORDERPRECISION":1,"fid":107}},
{"type":"Feature","geometry":{"type":"Polygon","coordinates":[[[-62.841,17.879],[-62.791,17.912],[-62.863,17.93],[-62.841,17.879]]]},"properties":{"BORDERPRECISION":1,"fid":108}},
{"type":"Feature","geometry":{"type":"Polygon","coordinates":[[[-62.972,17.458],[-62.943,17.494],[-62.986,17.52],[-62.998,17.494],[-62.972,17.458]]]},"properties":{"BORDERPRECISION":1,"fid":109}},
{"type":"Feature","geometry":{"type":"MultiPolygon","coordinates":[[[[148.562,45.31],[147.895,45.23],[147.112,44.794],[147.291,44.667],[147.623,44.897],[148.562,45.31]]],[[[155.499,50.131],[156.153,50.525],[155.897,50.699],[155.499,50.131]]]]},"properties":{"BORDERPRECISION":1,"fid":110}},
{"type":"Feature","geometry":{"type":"Polygon","coordinates":[[[142.338,-10.915],[142.126,-11.157],[141.953,-11.952],[141.679,-12.468],[141.919,-12.703],[141.599,-13.046],[141.512,-13.809],[141.668,-14.114],[141.468,-14.757],[141.711,-15.227],[141.402,-15.857],[141.314,-16.448],[141.132,-16.957],[140.801,-17.562],[140.25,-17.798],[139.818,-17.761],[139.248,-17.432],[138.963,-16.994],[138.26,-16.842],[137.76,-16.399],[137.074,-16.031],[136.687,-16.026],[136.094,-15.449],[135.627,-15.17],[135.388,-14.897],[135.458,-14.681],[135.881,-14.203],[135.965,-13.891],[135.831,-13.485],[136.238,-13.23],[136.469,-13.223],[136.664,-12.625],[136.86,-12.44],[136.353,-12.155],[136.299,-12.511],[135.445,-12.176],[135.192,-12.374],[134.94,-12.336],[134.762,-12.063],[134.409,-12.121],[133.559,-11.951],[132.929,-11.533],[132.626,-11.75],[132.751,-12.169],[132.398,-12.329],[131.54,-12.401],[131.183,-12.236],[130.859,-12.447],[130.84,-12.707],[130.463,-12.759],[130.233,-13.147],[130.274,-13.363],[129.766,-13.816],[129.763,-14.019],[129.427,-14.306],[129.459,-14.496],[129.849,-14.82],[129.632,-15.278],[129.196,-14.993],[128.459,-14.886],[128.066,-15.377],[127.963,-14.703],[127.529,-14.196],[127.166,-14.063],[126.853,-13.784],[126.546,-14.35],[126.268,-14.071],[125.863,-14.695],[125.497,-14.677],[125.156,-14.805],[125.018,-15.644],[124.689,-15.467],[124.425,-15.658],[124.277,-16.523],[123.576,-16.391],[123.553,-16.696],[123.885,-16.911],[123.827,-17.248],[123.508,-17.109],[123.301,-17.466],[123.023,-16.856],[122.738,-16.583],[122.564,-16.895],[122.085,-17.398],[122.196,-18.244],[121.576,-18.703],[121.386,-19.116],[120.872,-19.677],[120.223,-19.983],[119.531,-20.138],[118.865,-20.069],[118.609,-20.381],[117.968,-20.471],[117.597,-20.758],[116.419,-20.837],[115.567,-21.456],[114.456,-22.094],[114.309,-22.564],[113.822,-22.254],[113.625,-22.566],[113.762,-23.481],[113.362,-24.283],[113.433,-24.874],[114.183,-26.017],[114.095,-26.539],[113.739,-26.667],[113.433,-26.572],[114.022,-27.626],[113.965,-28.033],[114.63,-28.903],[114.912,-29.697],[114.9,-30.142],[115.058,-30.804],[115.561,-31.661],[115.747,-32.208],[115.767,-32.755],[115.647,-33.365],[115.409,-33.767],[114.961,-33.869],[115.047,-34.422],[115.616,-34.631],[115.967,-34.936],[116.561,-35.189],[117.53,-35.251],[118.207,-35.09],[118.673,-34.606],[119.33,-34.579],[119.771,-34.12],[120.28,-34.119],[121.74,-33.963],[122.171,-34.179],[122.768,-34.031],[123.359,-34.043],[123.623,-33.915],[124.248,-33.144],[124.847,-32.952],[125.642,-32.562],[126.059,-32.434],[127.265,-32.381],[128.17,-32.15],[129.185,-31.798],[130.857,-31.731],[131.28,-31.635],[131.993,-32.066],[132.698,-32.09],[133.125,-32.337],[133.837,-32.342],[134.237,-32.742],[134.208,-33.257],[134.631,-33.269],[135.153,-34.05],[135.528,-35.055],[135.712,-35.207],[136.106,-34.532],[136.731,-34.06],[137.067,-33.951],[137.457,-33.314],[137.82,-33.065],[138.166,-33.192],[137.913,-33.517],[137.864,-33.879],[137.512,-34.459],[137.559,-34.911],[137.108,-35.071],[136.947,-35.473],[137.683,-35.331],[137.883,-34.687],[138.101,-34.356],[138.568,-34.928],[138.352,-35.865],[139.368,-35.614],[139.444,-36.041],[139.743,-36.372],[139.863,-36.78],[139.823,-37.246],[140.012,-37.642],[140.652,-38.164],[141.547,-38.533],[141.904,-38.43],[142.694,-38.671],[143.365,-38.97],[144.311,-38.565],[144.411,-38.246],[144.97,-38.066],[145.504,-38.442],[145.536,-38.723],[145.934,-38.881],[146.821,-38.841],[148.037,-38.098],[148.274,-38.027],[149.504,-37.929],[149.985,-37.347],[150.011,-36.626],[150.222,-35.694],[150.762,-35.253],[150.85,-34.718],[151.217,-34.208],[151.364,-33.521],[151.765,-33.005],[152.176,-32.877],[152.972,-31.418],[152.94,-30.699],[153.493,-28.841],[153.396,-28.129],[152.946,-27.341],[153.087,-27.01],[153.069,-26.228],[152.904,-25.63],[152.534,-25.364],[152.318,-24.818],[152.073,-24.742],[151.73,-24.157],[151.2,-23.942],[150.802,-23.6],[150.754,-22.812],[150.611,-22.621],[149.945,-22.324],[149.557,-22.433],[149.101,-21.06],[148.567,-20.654],[148.704,-20.203],[148.19,-20.172],[147.594,-19.855],[147.413,-19.563],[147.078,-19.513],[146.322,-19.082],[145.925,-18.257],[146.019,-17.862],[145.869,-17.195],[145.326,-16.49],[145.346,-16.014],[145.222,-15.664],[145.184,-15.048],[144.529,-14.668],[144.385,-14.369],[144.065,-14.592],[143.743,-14.466],[143.474,-13.665],[143.437,-13.081],[143.292,-12.687],[142.971,-12.535],[143.173,-12.121],[142.823,-11.919],[142.644,-11.093],[142.338,-10.915]]]},"properties":{"NAME":"Aboriginal tribes","SUBJECTO":"Aboriginal tribes","PARTOF":"Aboriginal tribes","ABBREVN":"From Indus Valley","BORDERPRECISION":1,"fid":111}},
{"type":"Feature","geometry":{"type":"MultiPolygon","coordinates":[[[[-73.117,-16.457],[-71.612,-17.221],[-71.365,-17.697],[-70.584,-18.083],[-70.296,-18.629],[-70.209,-19.067],[-70.112,-20.693],[-70.111,-21.748],[-70.292,-22.987],[-70.573,-23.166],[-70.58,-23.49],[-70.359,-23.661],[-70.463,-23.934],[-70.498,-24.83],[-70.398,-25.249],[-70.683,-25.77],[-70.655,-26.259],[-70.935,-27.727],[-71.142,-27.995],[-71.43,-29.1],[-71.234,-29.519],[-71.33,-30.104],[-71.682,-30.6],[-71.695,-30.854],[-71.416,-32.753],[-71.75,-33.191],[-71.616,-33.706],[-71.963,-34.246],[-72.167,-34.958],[-72.629,-35.646],[-73.144,-37.156],[-73.673,-37.501],[-73.435,-37.902],[-73.441,-38.628],[-73.194,-39.565],[-73.759,-40.243],[-73.905,-40.839],[-73.594,-41.697],[-73.178,-41.761],[-72.891,-41.529],[-72.438,-42.305],[-72.747,-42.446],[-72.53,-43.063],[-72.999,-43.334],[-73.058,-44.19],[-72.583,-44.44],[-72.677,-44.749],[-73.314,-45.086],[-73.571,-46.265],[-73.97,-46.713],[-74.042,-46.091],[-74.564,-45.872],[-74.864,-46.229],[-75.011,-46.774],[-74.463,-46.799],[-73.979,-47.032],[-74.328,-47.292],[-74.545,-47.683],[-74.154,-47.839],[-73.764,-47.773],[-73.439,-48.156],[-74.21,-48.008],[-74.133,-48.477],[-74.312,-48.745],[-74.075,-50.473],[-73.53,-50.433],[-73.889,-50.908],[-73.638,-51.356],[-73.875,-51.562],[-73.408,-52.024],[-72.81,-51.93],[-72.449,-52.161],[-72.784,-52.898],[-72.051,-53.07],[-71.443,-52.829],[-71.152,-52.962],[-71.872,-53.696],[-71.442,-53.882],[-70.998,-53.821],[-70.734,-52.802],[-69.895,-52.627],[-69.483,-52.361],[-68.411,-52.405],[-69.077,-51.499],[-69.167,-51.149],[-69.041,-50.562],[-68.706,-50.285],[-67.833,-49.968],[-67.65,-49.621],[-67.578,-49.059],[-67.257,-48.744],[-66.078,-48.142],[-65.839,-47.868],[-65.776,-47.23],[-66.671,-47.017],[-67.328,-46.532],[-67.472,-45.922],[-67.225,-45.553],[-66.695,-45.131],[-66.194,-44.982],[-65.436,-44.89],[-65.637,-44.626],[-65.27,-44.258],[-65.307,-43.601],[-65.047,-43.331],[-64.309,-43.027],[-65.017,-42.881],[-64.688,-42.649],[-64.217,-42.616],[-64.001,-42.853],[-63.6,-42.704],[-63.729,-42.101],[-64.294,-42.205],[-64.644,-42.437],[-64.992,-42.193],[-64.941,-41.552],[-65.153,-40.975],[-64.939,-40.827],[-63.842,-41.158],[-62.964,-41.137],[-62.26,-40.803],[-62.466,-40.368],[-62.068,-39.556],[-62.351,-39.333],[-62.31,-38.88],[-61.361,-39.031],[-59.515,-38.875],[-58.651,-38.694],[-57.809,-38.386],[-57.502,-37.927],[-56.698,-36.944],[-56.8,-36.543],[-57.294,-36.27],[-57.419,-35.997],[-57.226,-35.436],[-57.479,-35.214],[-58.107,-34.961],[-58.523,-34.587],[-58.34,-34.216],[-57.787,-34.598],[-57.348,-34.508],[-56.719,-34.691],[-56.338,-34.995],[-55.383,-34.816],[-54.99,-34.967],[-54.622,-34.922],[-54.074,-34.648],[-53.432,-33.903],[-52.921,-33.439],[-52.351,-32.675],[-52.042,-31.557],[-51.445,-31.015],[-51.232,-30.265],[-50.582,-30.416],[-50.469,-30.74],[-49.936,-29.627],[-49.546,-29.157],[-48.937,-28.698],[-48.728,-28.367],[-48.564,-27.681],[-48.603,-26.677],[-48.775,-26.385],[-48.516,-25.876],[-48.725,-25.426],[-48.125,-25.291],[-47.886,-24.985],[-46.206,-23.883],[-45.795,-23.736],[-45.459,-23.856],[-45.148,-23.493],[-44.658,-23.263],[-44.561,-22.99],[-43.815,-22.957],[-42.967,-23.031],[-41.958,-22.921],[-41.929,-22.546],[-41.525,-22.253],[-40.984,-22.086],[-41.048,-21.661],[-40.933,-21.279],[-40.478,-20.649],[-40.14,-19.975],[-39.691,-19.409],[-39.801,-18.748],[-39.666,-18.227],[-39.142,-17.775],[-39.208,-17.146],[-38.948,-16.002],[-39.126,-14.325],[-39.07,-13.721],[-38.828,-12.983],[-38.799,-12.627],[-38.266,-12.887],[-37.637,-11.951],[-37.187,-10.845],[-36.829,-10.736],[-35.599,-9.628],[-35.114,-8.661],[-34.891,-7.612],[-35.039,-6.653],[-35.464,-5.268],[-35.665,-5.18],[-36.636,-5.118],[-37.181,-4.954],[-37.735,-4.53],[-38.786,-3.604],[-39.722,-3.009],[-40.231,-2.851],[-41.103,-2.974],[-42.316,-2.818],[-43.068,-2.451],[-43.334,-2.432],[-44.222,-2.777],[-44.593,-3.147],[-44.711,-2.759],[-44.462,-2.269],[-44.796,-1.736],[-45.076,-1.604],[-45.371,-1.757],[-45.643,-1.363],[-46.49,-1.035],[-46.928,-0.928],[-47.237,-0.68],[-48.043,-0.816],[-48.39,-1.414],[-49.221,-2.108],[-49.622,-1.925],[-50.399,-1.965],[-50.643,-1.882],[-50.977,-1.114],[-51.568,-1.446],[-52.022,-1.568],[-51.774,-0.855],[-51.529,-0.429],[-51.17,-0.079],[-50.647,0.272],[-50.12,1.054],[-49.884,1.214],[-49.969,1.728],[-50.409,1.823],[-50.688,2.216],[-50.9,2.838],[-51.209,4.071],[-51.439,4.324],[-51.71,4.228],[-52.098,4.692],[-53.027,5.427],[-54.286,5.882],[-54.895,5.995],[-55.81,5.999],[-55.911,5.776],[-56.746,6.003],[-57.065,5.837],[-57.414,6.351],[-58.006,6.789],[-58.575,6.984],[-58.617,7.499],[-58.881,7.797],[-59.834,8.44],[-60.213,8.563],[-60.957,8.587],[-61.29,8.771],[-61.121,9.165],[-60.793,9.388],[-61.415,9.698],[-61.531,9.851],[-62.385,10.014],[-62.925,10.369],[-62.703,10.757],[-64.068,10.627],[-64.537,10.264],[-64.884,10.136],[-65.376,10.154],[-65.977,10.407],[-66.157,10.622],[-66.478,10.679],[-67.98,10.542],[-68.302,10.726],[-68.372,11.012],[-68.695,11.38],[-69.743,11.657],[-69.974,12.228],[-70.339,11.999],[-70.197,11.751],[-69.923,11.79],[-69.748,11.533],[-71.098,11.12],[-71.456,10.885],[-71.496,10.646],[-71.089,9.919],[-71.044,9.392],[-71.605,9.092],[-72.114,9.904],[-71.688,10.769],[-71.988,11.608],[-71.594,11.844],[-71.189,11.912],[-71.13,12.213],[-71.698,12.428],[-72.059,12.237],[-72.38,11.81],[-72.761,11.695],[-73.362,11.325],[-74.219,11.368],[-74.323,10.922],[-74.767,11.061],[-75.45,10.628],[-75.543,10.411],[-75.703,9.426],[-76.158,9.311],[-76.383,8.98],[-76.764,8.693],[-76.851,8.464],[-76.702,8.115],[-76.858,7.93],[-77.242,8.476],[-77.678,8.961],[-78.266,9.386],[-79.5,9.638],[-80.124,9.224],[-80.356,9.203],[-80.962,8.865],[-81.495,8.865],[-82.23,9.047],[-82.326,9.445],[-82.752,9.744],[-83.204,10.2],[-83.747,10.878],[-83.914,11.251],[-83.883,12.122],[-83.688,12.962],[-83.662,13.705],[-83.418,14.068],[-83.314,14.768],[-83.527,15.237],[-84.132,15.375],[-84.171,15.763],[-84.65,15.933],[-85.632,15.874],[-85.887,15.994],[-86.372,15.803],[-87.571,15.908],[-88.664,15.726],[-88.941,16.033],[-88.445,16.441],[-88.242,17.014],[-88.3,17.635],[-88.112,18.194],[-88.32,18.494],[-88.138,18.894],[-87.877,18.381],[-87.637,19.575],[-87.651,20.19],[-86.936,20.976],[-86.922,21.301],[-87.201,21.529],[-87.597,21.484],[-88.334,21.59],[-89.058,21.398],[-90.278,21.141],[-90.559,20.991],[-90.673,20.676],[-90.672,19.947],[-90.896,19.754],[-90.935,19.382],[-91.22,19.102],[-91.702,18.823],[-91.479,18.634],[-91.73,18.416],[-92.107,18.516],[-92.098,18.76],[-93.087,18.554],[-94.242,18.24],[-94.59,18.271],[-95.083,18.702],[-95.844,18.796],[-96.012,18.929],[-96.579,19.92],[-97.504,21.189],[-97.882,22.333],[-97.815,23.375],[-97.823,24.208],[-97.658,25.073],[-97.26,25.811],[-97.638,26.847],[-97.632,27.228],[-97.267,27.674],[-97.568,27.909],[-96.831,28.158],[-96.203,28.637],[-95.603,28.799],[-94.845,29.346],[-94.142,29.69],[-93.446,29.768],[-92.643,29.579],[-92.117,29.542],[-91.951,29.832],[-91.429,29.543],[-91.24,29.321],[-90.779,29.109],[-90.198,29.527],[-89.622,29.284],[-89.686,29.706],[-89.38,29.873],[-89.711,30.183],[-89.233,30.406],[-88.343,30.389],[-87.775,30.263],[-86.389,30.473],[-86.058,30.235],[-85.487,30.039],[-85.305,29.664],[-84.764,29.799],[-84.317,30.092],[-83.886,30.048],[-83.118,29.242],[-82.647,28.907],[-82.841,27.838],[-82.31,26.825],[-81.887,26.448],[-81.745,25.921],[-81.401,25.859],[-81.098,25.125],[-80.314,25.244],[-80.05,26.551],[-80.078,26.923],[-80.447,27.776],[-80.605,28.561],[-81.026,29.264],[-81.405,30.073],[-81.512,30.727],[-81.182,31.64],[-80.581,32.497],[-80.222,32.536],[-79.717,32.797],[-79.349,33.11],[-79.204,33.46],[-78.621,33.811],[-77.963,33.933],[-77.296,34.667],[-76.622,34.763],[-76.516,35.467],[-76.141,35.384],[-75.729,35.882],[-76.094,36.205],[-75.896,36.398],[-75.975,36.937],[-76.283,37.056],[-76.314,37.732],[-76.215,37.943],[-76.538,38.785],[-76.15,39.067],[-75.668,37.898],[-75.431,37.993],[-75.042,38.497],[-75.089,38.842],[-75.389,39.133],[-74.94,39.251],[-74.86,38.99],[-74.153,39.765],[-73.946,40.447],[-74.177,40.642],[-73.741,40.977],[-72.854,41.294],[-71.449,41.425],[-70.302,41.759],[-70.776,42.303],[-70.868,42.871],[-70.216,43.8],[-69.826,43.752],[-69.249,43.991],[-68.804,44.393],[-68.131,44.567],[-67.908,44.477],[-67.169,44.711],[-66.96,45.21],[-66.502,45.186],[-64.905,45.463],[-64.458,45.391],[-65.749,44.741],[-66.189,44.141],[-65.713,43.56],[-64.835,43.884],[-64.706,44.129],[-64.088,44.513],[-63.559,44.513],[-61.032,45.379],[-61.481,45.741],[-61.94,45.922],[-62.39,45.722],[-63.843,45.988],[-63.749,46.169],[-64.535,46.272],[-64.892,46.912],[-65.028,47.882],[-65.612,47.663],[-65.855,48.205],[-65.213,48.121],[-64.398,48.456],[-64.32,48.947],[-64.952,49.207],[-66.03,49.166],[-66.973,48.955],[-68.341,48.546],[-69.254,48.12],[-70.534,47.126],[-70.599,47.433],[-69.507,48.459],[-68.801,48.977],[-68.307,49.227],[-67.318,49.425],[-66.855,50.089],[-66.373,50.314],[-65.582,50.362],[-63.85,50.299],[-63.207,50.346],[-61.64,50.277],[-60.138,50.412],[-59.716,50.511],[-59.132,50.836],[-58.524,51.379],[-56.964,51.488],[-55.659,52.187],[-56.11,52.605],[-55.77,53.159],[-55.881,53.352],[-56.649,53.658],[-57.561,54.131],[-58.077,54.083],[-59.181,53.519],[-60.246,53.277],[-60.137,53.684],[-59.399,53.866],[-58.844,54.148],[-57.515,54.466],[-59.694,55.154],[-60.575,55.071],[-60.468,55.659],[-61.458,56.158],[-61.928,56.273],[-62.184,56.796],[-61.545,56.729],[-61.476,57.104],[-62.186,57.437],[-62.015,57.841],[-62.577,58.039],[-62.887,58.656],[-63.744,59.517],[-64.671,60.181],[-64.988,59.819],[-65.555,59.576],[-65.263,59.348],[-65.861,58.795],[-66.475,58.808],[-66.821,58.388],[-67.772,58.249],[-68.569,58.783],[-69.214,58.748],[-69.726,58.561],[-69.832,58.988],[-69.343,59.209],[-69.704,60.318],[-69.384,60.856],[-70.028,60.883],[-71.673,61.266],[-71.724,61.547],[-73.395,62.355],[-74.708,62.176],[-75.695,62.216],[-77.362,62.517],[-77.868,62.29],[-77.985,61.859],[-77.462,61.473],[-78.176,60.742],[-77.388,60.694],[-77.507,60.415],[-77.215,59.748],[-77.662,59.574],[-78.337,58.551],[-77.404,58.114],[-76.772,57.663],[-76.439,56.81],[-76.569,56.272],[-77.234,55.607],[-78.589,54.922],[-79.545,54.692],[-79.399,54.276],[-78.801,53.963],[-79.035,53.742],[-78.725,52.695],[-78.491,52.256],[-78.797,51.771],[-79.276,51.604],[-79.594,51.266],[-80.361,51.304],[-80.877,51.906],[-81.747,52.17],[-81.734,52.549],[-82.341,52.981],[-82.192,53.99],[-82.399,54.271],[-82.202,54.969],[-83.576,55.223],[-84.468,55.167],[-85.892,55.61],[-87.467,55.912],[-87.914,56.332],[-88.767,56.738],[-90.445,57.144],[-91.337,57.163],[-92.483,56.977],[-92.523,57.687],[-93.074,58.551],[-93.364,58.702],[-94.415,58.714],[-94.684,58.878],[-94.753,59.95],[-94.376,60.795],[-93.874,61.343],[-93.325,61.541],[-93.423,61.858],[-91.417,62.853],[-90.631,63.096],[-90.774,63.302],[-92.351,63.585],[-93.317,63.974],[-91.586,63.794],[-90.844,63.609],[-89.87,63.575],[-89.973,64.191],[-89.077,63.963],[-88.377,64.057],[-87.435,64.569],[-87.157,65.06],[-88.171,65.13],[-89.692,65.673],[-88.642,65.712],[-87.787,65.349],[-87.254,65.43],[-85.987,66.163],[-86.739,66.565],[-85.387,66.612],[-84.95,66.275],[-83.74,66.306],[-84.408,66.709],[-84.226,66.931],[-83.139,66.373],[-82.33,66.64],[-81.499,67.069],[-81.295,67.499],[-82.178,67.995],[-82.687,68.697],[-81.886,68.579],[-81.37,68.722],[-81.48,69.189],[-82.161,69.248],[-82.757,69.549],[-84.314,69.826],[-85.381,69.695],[-85.421,69.294],[-84.564,68.987],[-85.4,68.76],[-85.782,68.041],[-86.395,67.675],[-86.488,67.378],[-87.325,67.169],[-88.324,67.813],[-88.371,68.312],[-87.79,68.478],[-88.097,68.853],[-88.905,69.228],[-89.441,69.046],[-89.736,68.534],[-90.34,68.309],[-90.513,68.953],[-90.912,69.231],[-90.508,69.489],[-91.172,69.647],[-92.671,69.742],[-92.271,70.116],[-91.658,70.286],[-93.099,70.969],[-93.271,71.559],[-94.417,71.884],[-95.411,71.859],[-96.7,70.838],[-95.947,70.57],[-96.474,70.3],[-96.127,69.941],[-94.037,69.55],[-92.992,69.515],[-92.956,69.084],[-93.636,68.925],[-93.414,68.542],[-94.084,68.451],[-94.637,68.069],[-95.323,68.06],[-95.5,67.725],[-95.259,67.028],[-96.26,67.315],[-96.208,68.074],[-97.159,67.967],[-97.496,67.587],[-98.355,67.935],[-99.368,67.792],[-101.002,67.796],[-101.913,67.705],[-102.763,67.8],[-103.583,68.12],[-104.454,68.103],[-105.636,68.355],[-106.212,68.107],[-107.662,67.963],[-107.594,67.338],[-107.128,66.962],[-107.611,66.88],[-108.485,67.07],[-108.095,67.36],[-108.835,67.611],[-110.532,67.92],[-112.503,67.693],[-114.066,67.735],[-115.562,67.896],[-115.402,68.217],[-114.109,68.347],[-114.39,68.608],[-115.285,68.892],[-116.813,68.912],[-117.832,69.008],[-120.222,69.418],[-122.326,69.884],[-123.051,69.86],[-123.803,69.434],[-124.6,69.463],[-124.707,69.941],[-125.386,69.818],[-125.188,69.409],[-125.974,69.43],[-126.795,69.785],[-127.352,70.38],[-129.013,69.72],[-129.943,69.643],[-130.896,69.3],[-131.673,69.276],[-132.789,68.709],[-133.72,68.918],[-132.618,69.252],[-132.303,69.487],[-130.05,69.969],[-130.242,70.206],[-132.508,69.858],[-133.648,69.507],[-135.439,69.526],[-136.044,69.336],[-135.699,68.989],[-136.203,68.876],[-137.729,69.016],[-140.335,69.623],[-141.161,69.599],[-143.308,70.197],[-145.273,70.116],[-146.183,70.268],[-147.724,70.327],[-149.286,70.539],[-150.639,70.475],[-152.137,70.534],[-152.971,70.934],[-155.1,71.077],[-156.905,71.346],[-157.812,70.971],[-160.24,70.858],[-159.905,70.427],[-161.188,70.44],[-162.177,70.284],[-162.879,69.999],[-164.067,69.065],[-164.89,68.935],[-166.297,68.88],[-166.844,68.405],[-164.513,67.797],[-163.739,67.218],[-161.936,67.088],[-161.796,66.749],[-160.032,66.568],[-160.125,66.339],[-161.261,66.396],[-162.275,66.071],[-163.843,66.178],[-163.782,66.538],[-164.463,66.596],[-168.18,65.694],[-166.139,65.355],[-166.604,65.15],[-166.586,64.73],[-165.741,64.559],[-163.883,64.591],[-163.025,64.442],[-162.137,64.789],[-161.291,64.964],[-160.902,64.813],[-161.373,64.466],[-160.89,63.857],[-161.133,63.563],[-162.474,63.41],[-163.309,63.038],[-164.292,63.25],[-165.431,62.43],[-165.834,61.834],[-166.19,61.749],[-165.898,61.27],[-165.423,61.264],[-164.539,60.95],[-163.895,61.042],[-163.938,60.614],[-164.845,60.816],[-165.128,60.542],[-164.027,59.798],[-163.536,59.841],[-162.378,60.163],[-161.989,59.712],[-162.004,58.827],[-161.117,58.746],[-160.431,59.002],[-158.973,58.77],[-158.291,58.73],[-157.139,58.856],[-157.554,58.27],[-157.665,57.604],[-158.662,57.076],[-158.617,56.748],[-159.249,56.781],[-160.457,56.2],[-160.169,55.807],[-159.077,55.992],[-158.527,56.449],[-157.747,56.77],[-156.496,57.1],[-156.685,57.401],[-155.598,57.896],[-154.649,58.076],[-153.455,58.877],[-154.127,59.042],[-154.282,59.249],[-153.71,59.644],[-152.899,59.896],[-152.878,60.279],[-152.19,60.658],[-151.342,60.954],[-150.781,61.292],[-150.311,61.314],[-149.317,60.929],[-150.437,60.906],[-151.16,60.66],[-151.783,59.995],[-151.388,59.213],[-149.326,60.027],[-148.494,59.904],[-148.336,60.413],[-148.84,60.545],[-148.493,61.064],[-147.94,61.206],[-147.27,60.94],[-145.138,60.454],[-144.406,60.093],[-142.425,60.02],[-141.439,60.091],[-140.905,59.786],[-140.133,59.767],[-139.573,59.9],[-139.2,59.277],[-138.446,59.162],[-137.577,58.604],[-137.085,58.447],[-136.356,58.524],[-135.3,58.374],[-135.515,58.973],[-135.144,59.168],[-134.83,58.561],[-134.123,58.239],[-133.341,57.377],[-131.767,56.01],[-131.191,56.035],[-130.695,55.465],[-130.773,55.066],[-129.842,54.979],[-130.299,54.548],[-130.004,53.938],[-129.434,53.518],[-128.889,53.418],[-128.432,52.939],[-128.077,52.939],[-128.06,52.5],[-127.556,52.168],[-128.013,51.808],[-127.455,51.769],[-127.675,51.245],[-127.247,50.968],[-126.425,51.089],[-126.164,50.752],[-125.412,50.549],[-124.939,50.596],[-124.795,50.035],[-124.471,49.813],[-123.976,49.971],[-123.847,49.663],[-122.606,48.835],[-122.345,48.077],[-122.826,48.023],[-123.259,48.206],[-123.793,48.198],[-124.675,48.386],[-124.726,48.118],[-124.309,47.459],[-123.995,45.764],[-124.072,45.048],[-124.331,44.072],[-124.137,43.666],[-124.63,43.014],[-124.561,42.602],[-124.153,41.58],[-124.367,40.751],[-124.365,40.334],[-123.82,39.607],[-123.796,39.03],[-123.222,38.533],[-122.991,38.139],[-122.375,37.854],[-122.558,37.566],[-122.253,37.07],[-121.932,37.009],[-121.927,36.338],[-121.385,35.785],[-120.677,35.189],[-120.688,34.622],[-120.529,34.508],[-119.613,34.478],[-119.292,34.221],[-118.604,34.096],[-118.438,33.794],[-118.007,33.731],[-117.497,33.325],[-117.304,32.755],[-116.96,32.156],[-116.611,31.877],[-116.705,31.591],[-116.138,30.765],[-116.058,30.339],[-115.857,30.282],[-115.602,29.685],[-114.978,29.311],[-114.273,28.709],[-114.067,28.423],[-114.105,28.054],[-114.479,27.78],[-115.055,27.853],[-114.478,27.244],[-113.585,26.769],[-113.285,26.808],[-112.981,26.503],[-112.411,26.193],[-112.084,25.57],[-112.166,25.011],[-111.392,24.243],[-110.225,23.4],[-109.889,22.867],[-109.517,23.192],[-109.489,23.573],[-109.824,23.693],[-110.205,24.315],[-110.485,24.15],[-110.772,24.378],[-110.798,24.88],[-111.329,25.896],[-111.594,26.76],[-111.915,26.664],[-112.284,27.509],[-112.724,27.705],[-112.87,28.335],[-113.322,28.556],[-113.593,29.103],[-114.1,29.642],[-114.389,29.762],[-114.683,30.143],[-114.735,30.843],[-114.988,31.166],[-114.839,31.815],[-114.195,31.524],[-113.952,31.69],[-113.662,31.335],[-113.052,31.139],[-113.085,30.77],[-112.654,29.919],[-111.692,28.496],[-111.271,28.109],[-110.604,27.856],[-110.582,27.462],[-110.382,27.214],[-109.946,27.044],[-109.724,26.605],[-109.527,26.72],[-109.132,26.289],[-109.338,25.958],[-109.263,25.646],[-108.848,25.615],[-108.499,25.241],[-108.013,24.981],[-107.916,24.645],[-107.404,24.296],[-106.512,23.363],[-105.839,22.564],[-105.54,22.285],[-105.628,21.954],[-105.294,21.522],[-105.234,21.141],[-105.44,20.835],[-105.291,20.67],[-105.67,20.352],[-104.948,19.438],[-104.197,19.058],[-103.494,18.354],[-102.668,18.095],[-101.993,18.027],[-101.221,17.418],[-99.979,16.893],[-98.856,16.597],[-97.881,16.052],[-97.294,15.964],[-96.752,15.781],[-96.333,15.75],[-95.13,16.299],[-94.835,16.319],[-94.075,16.111],[-92.901,15.192],[-92.472,14.792],[-91.516,14.059],[-91.242,13.952],[-90.621,13.952],[-89.989,13.678],[-88.638,13.255],[-87.949,13.172],[-87.755,13.467],[-87.404,13.03],[-87.587,12.832],[-87.261,12.623],[-86.014,11.368],[-85.621,10.827],[-85.824,10.361],[-85.778,10.138],[-85.089,9.583],[-84.631,9.874],[-84.492,9.537],[-84.182,9.491],[-83.615,9.152],[-83.605,8.548],[-82.956,8.257],[-82.384,8.321],[-82.189,8.201],[-81.664,8.165],[-81.562,7.824],[-81.197,7.64],[-81.007,7.784],[-80.814,7.27],[-80.406,7.299],[-80.051,7.732],[-80.403,8.059],[-80.269,8.377],[-79.712,8.616],[-79.717,8.883],[-79.068,9.034],[-78.184,8.413],[-78.265,7.886],[-77.897,7.172],[-77.4,6.67],[-77.338,6.429],[-77.475,6.092],[-77.22,5.876],[-77.5,5.514],[-77.267,4.739],[-77.445,4.179],[-77.106,3.792],[-77.802,2.577],[-78.468,2.467],[-78.614,2.119],[-75.898,0.846],[-77.121,-0.484],[-77.174,-1.281],[-79.76,-2.786],[-80.144,-3.414],[-80.583,-3.657],[-81.304,-4.332],[-81.418,-4.675],[-81.301,-4.999],[-80.876,-5.589],[-80.888,-5.9],[-81.297,-6.041],[-80.612,-6.37],[-80.066,-6.756],[-79.06,-8.216],[-78.262,-9.742],[-76.388,-9.706],[-74.617,-9.978],[-73.364,-10.931],[-72.166,-12.947],[-72.003,-14.309],[-72.22,-15.426],[-73.117,-16.457]],[[-87.682,42.023],[-87.908,43.192],[-87.343,44.818],[-87.876,44.878],[-87.195,45.57],[-86.72,45.867],[-85.382,46.075],[-84.948,45.968],[-84.952,45.408],[-86.002,44.917],[-86.453,44.13],[-86.514,43.681],[-86.243,42.988],[-86.23,42.617],[-86.518,42.035],[-87.224,41.635],[-87.682,42.023]],[[-83.927,46.087],[-83.794,46.257],[-82.743,46.199],[-80.807,45.955],[-80.099,45.396],[-79.918,44.967],[-80.224,44.505],[-81.095,44.799],[-81.719,44.139],[-81.808,43.318],[-82.354,43.015],[-82.658,43.84],[-82.921,44.057],[-83.294,43.954],[-83.59,43.665],[-83.917,43.784],[-83.386,44.313],[-83.286,44.619],[-83.431,45.275],[-84.634,45.751],[-84.694,45.984],[-83.927,46.087]],[[-79.564,42.387],[-80.073,42.153],[-81.043,41.836],[-81.811,41.495],[-82.568,41.404],[-83.45,41.754],[-83.125,42.051],[-82.484,41.96],[-81.439,42.587],[-80.406,42.569],[-80.023,42.807],[-78.95,42.887],[-79.564,42.387]],[[-89.236,48.359],[-88.095,49.005],[-87.462,48.824],[-86.384,48.725],[-86.077,48.179],[-85.797,47.966],[-85.027,47.94],[-84.924,47.524],[-84.623,47.261],[-84.769,47.016],[-84.442,46.817],[-84.6,46.46],[-85.1,46.749],[-85.993,46.672],[-86.522,46.475],[-87.273,46.512],[-87.76,46.864],[-88.457,46.92],[-88.299,47.399],[-89.311,46.881],[-90.277,46.625],[-90.705,46.688],[-90.832,46.944],[-91.868,46.708],[-91.15,47.368],[-90.457,47.705],[-89.517,48.004],[-89.236,48.359]],[[-76.246,43.874],[-76.174,43.625],[-76.937,43.237],[-77.58,43.216],[-77.846,43.35],[-78.503,43.362],[-79.189,43.209],[-79.794,43.301],[-79.153,43.772],[-77.623,44.01],[-76.933,43.91],[-76.586,44.233],[-76.246,43.874]]],[[[-72.279,41.117],[-72.647,40.98],[-73.589,40.921],[-73.561,40.645],[-72.543,40.826],[-72.279,41.117]]]]},"properties":{"BORDERPRECISION":1,"fid":112}},
{"type":"Feature","geometry":{"type":"Polygon","coordinates":[[[-4.153,53.226],[-4.277,53.398],[-4.567,53.273],[-4.351,53.124],[-4.153,53.226]]]},"properties":{"BORDERPRECISION":1,"fid":113}},
{"type":"Feature","geometry":{"type":"Polygon","coordinates":[[[-5.104,55.439],[-5.155,55.673],[-5.4,55.601],[-5.104,55.439]]]},"properties":{"BORDERPRECISION":1,"fid":114}},
{"type":"Feature","geometry":{"type":"Polygon","coordinates":[[[-6.122,55.879],[-6.327,55.589],[-6.025,55.681],[-6.122,55.879]]]},"properties":{"BORDERPRECISION":1,"fid":115}},
{"type":"Feature","geometry":{"type":"Polygon","coordinates":[[[-5.947,55.83],[-5.746,56.064],[-5.968,56.024],[-6.079,55.906],[-5.947,55.83]]]},"properties":{"BORDERPRECISION":1,"fid":116}},
{"type":"Feature","geometry":{"type":"Polygon","coordinates":[[[-7.467,56.941],[-7.376,56.979],[-7.446,57.056],[-7.554,56.966],[-7.467,56.941]]]},"properties":{"BORDERPRECISION":1,"fid":117}},
{"type":"Feature","geometry":{"type":"Polygon","coordinates":[[[-7.223,57.337],[-7.425,57.382],[-7.381,57.109],[-7.23,57.095],[-7.223,57.337]]]},"properties":{"BORDERPRECISION":1,"fid":118}},
{"type":"Feature","geometry":{"type":"Polygon","coordinates":[[[-7.269,57.399],[-7.205,57.461],[-7.351,57.489],[-7.388,57.424],[-7.269,57.399]]]},"properties":{"BORDERPRECISION":1,"fid":119}},
{"type":"Feature","geometry":{"type":"Polygon","coordinates":[[[-7.189,57.687],[-7.477,57.562],[-7.154,57.509],[-7.189,57.687]]]},"properties":{"BORDERPRECISION":1,"fid":120}},
{"type":"Feature","geometry":{"type":"Polygon","coordinates":[[[-7.006,57.881],[-6.994,57.919],[-7.074,57.896],[-7.006,57.881]]]},"properties":{"BORDERPRECISION":1,"fid":121}},
{"type":"Feature","geometry":{"type":"Polygon","coordinates":[[[-6.204,58.356],[-7.032,58.238],[-6.961,57.727],[-6.474,57.94],[-6.204,58.356]]]},"properties":{"BORDERPRECISION":1,"fid":123}},
{"type":"Feature","geometry":{"type":"Polygon","coordinates":[[[-2.918,58.732],[-2.877,58.82],[-3.037,58.818],[-2.918,58.732]]]},"properties":{"BORDERPRECISION":1,"fid":124}},
{"type":"Feature","geometry":{"type":"Polygon","coordinates":[[[-3.231,58.776],[-3.136,58.804],[-3.336,58.927],[-3.431,58.871],[-3.231,58.776]]]},"properties":{"BORDERPRECISION":1,"fid":125}},
{"type":"Feature","geometry":{"type":"Polygon","coordinates":[[[-2.793,58.951],[-3.077,59.122],[-3.195,58.911],[-2.793,58.951]]]},"properties":{"BORDERPRECISION":1,"fid":126}},
{"type":"Feature","geometry":{"type":"Polygon","coordinates":[[[-2.681,59.196],[-2.621,59.236],[-2.496,59.245],[-2.414,59.314],[-2.593,59.291],[-2.681,59.196]]]},"properties":{"BORDERPRECISION":1,"fid":127}},
{"type":"Feature","geometry":{"type":"Polygon","coordinates":[[[-2.89,59.295],[-3.049,59.329],[-3.003,59.264],[-2.972,59.287],[-2.89,59.295]]]},"properties":{"BORDERPRECISION":1,"fid":128}},
{"type":"Feature","geometry":{"type":"Polygon","coordinates":[[[-1.296,60.491],[-1.32,60.356],[-1.655,60.226],[-1.126,60.152],[-1.041,60.447],[-1.296,60.491]]]},"properties":{"BORDERPRECISION":1,"fid":129}},
{"type":"Feature","geometry":{"type":"Polygon","coordinates":[[[-1.029,60.496],[-0.991,60.72],[-1.177,60.637],[-1.029,60.496]]]},"properties":{"BORDERPRECISION":1,"fid":130}},
{"type":"Feature","geometry":{"type":"Polygon","coordinates":[[[-0.82,60.689],[-0.768,60.829],[-0.939,60.794],[-0.966,60.688],[-0.82,60.689]]]},"properties":{"BORDERPRECISION":1,"fid":131}},
{"type":"Feature","geometry":{"type":"Polygon","coordinates":[[[-6.707,61.937],[-6.719,62.029],[-7.192,62.308],[-7.232,62.172],[-6.707,61.937]]]},"properties":{"BORDERPRECISION":1,"fid":132}},
{"type":"Feature","geometry":{"type":"Polygon","coordinates":[[[-4.778,54.056],[-4.394,54.186],[-4.527,54.367],[-4.778,54.056]]]},"properties":{"BORDERPRECISION":1,"fid":133}},
{"type":"Feature","geometry":{"type":"Polygon","coordinates":[[[18.206,56.912],[18.712,57.242],[18.809,57.704],[18.111,57.519],[18.206,56.912]]]},"properties":{"BORDERPRECISION":1,"fid":134}},
{"type":"Feature","geometry":{"type":"Polygon","coordinates":[[[52.895,46.933],[54.096,49.502],[52.79,52.077],[52.379,51.954],[49.9,53.575],[47.157,53.749],[34.269,51.989],[33.536,52.046],[25.248,49.589],[28.732,44.543],[29.09,44.876],[29.458,44.915],[29.711,45.258],[29.5,45.523],[29.63,45.75],[30.069,45.861],[30.833,46.577],[31.781,46.702],[32.202,46.17],[33.333,46.166],[33.639,45.927],[32.503,45.445],[33.398,45.253],[33.559,44.936],[33.395,44.6],[34.014,44.492],[34.372,44.757],[35.067,44.862],[35.387,45.082],[36.265,45.097],[36.521,45.388],[35.85,45.445],[35.063,45.34],[35.008,45.612],[33.839,46.193],[34.907,46.273],[35.851,46.664],[37.193,46.894],[37.422,47.077],[39.16,47.269],[39.282,47.074],[38.401,46.721],[37.97,46.441],[38.459,46.079],[37.99,46.007],[37.661,45.345],[36.96,45.227],[37.474,44.692],[37.88,44.719],[38.109,44.494],[38.656,44.338],[44.682,43.349],[47.794,42.839],[47.565,43.008],[47.565,43.844],[47.332,44.186],[46.846,44.446],[47.556,45.453],[49.058,46.137],[49.535,46.542],[49.948,46.56],[50.632,46.91],[51.369,47.09],[52.142,46.838],[52.895,46.933]]]},"properties":{"NAME":"Yamnaya culture","SUBJECTO":"Yamnaya culture","PARTOF":"Yamnaya culture","ABBREVN":"Yamnaya","BORDERPRECISION":1,"fid":135}},
{"type":"Feature","geometry":{"type":"Polygon","coordinates":[[[35.716,34.312],[35.492,33.831],[34.843,32.671],[34.501,31.621],[34.195,31.238],[33.558,30.968],[32.648,29.852],[32.944,29.198],[33.178,28.996],[33.331,28.551],[34.058,27.79],[34.322,27.829],[34.549,28.732],[34.764,29.247],[35.095,29.343],[34.886,28.357],[35.436,27.73],[36.312,26.423],[36.669,26.017],[37.218,25.167],[37.201,24.658],[37.557,24.271],[37.988,24.114],[38.329,23.835],[38.915,22.87],[39.102,22.4],[39.167,21.219],[39.764,20.407],[40.694,19.869],[41.033,19.285],[41.629,18.047],[42.009,17.737],[42.535,17.071],[42.764,16.645],[42.884,15.985],[42.796,15.47],[43.384,13.565],[43.303,13.241],[43.484,12.93],[43.841,12.664],[44.441,12.64],[44.964,12.825],[45.826,13.405],[46.601,13.401],[47.37,13.669],[48.036,14.045],[48.537,14.046],[48.96,14.219],[49.334,14.633],[50.291,14.959],[51.313,15.247],[52.135,15.687],[52.238,16.1],[52.894,16.61],[54.084,17.019],[54.911,16.97],[55.195,17.149],[55.29,17.676],[55.561,17.937],[56.258,17.977],[56.549,18.219],[56.739,18.689],[57.186,18.938],[57.839,19.035],[57.778,19.314],[57.806,20.172],[57.931,20.401],[58.512,20.421],[58.861,21.114],[59.536,21.802],[59.837,22.279],[59.254,22.729],[58.628,23.458],[58.081,23.502],[57.146,23.982],[56.794,24.268],[56.405,24.82],[56.367,26.236],[56.015,25.772],[55.457,25.42],[54.771,24.733],[54.347,24.154],[53.687,23.987],[53.076,24.087],[52.383,24.108],[51.946,23.945],[51.586,24.003],[51.288,24.411],[51.559,24.816],[51.587,25.609],[51.358,26.029],[51.069,25.945],[50.847,25.265],[50.965,24.713],[50.778,24.471],[50.429,25.184],[49.937,25.956],[50.122,26.738],[49.931,26.934],[49.533,27.01],[48.855,27.523],[48.588,28.094],[48.129,29.268],[47.614,29.272],[41.95,32.209],[41.058,32.895],[40.956,33.435],[39.196,33.594],[37.238,33.85],[35.716,34.312]]]},"properties":{"NAME":"Semites","SUBJECTO":"Semites","PARTOF":"Semites","ABBREVN":"Semites","BORDERPRECISION":1,"fid":136}},
{"type":"Feature","geometry":{"type":"MultiPolygon","coordinates":[[[[41.976,37.684],[42.24,38.452],[42.819,38.42],[44.272,37.848],[45.599,36.665],[46.197,36.389],[46.536,35.848],[45.615,35.163],[46.603,34.36],[49.307,31.816],[54.01,30.359],[56.564,29.678],[57.841,28.997],[58.352,27.464],[58.369,25.548],[58.744,25.536],[59.031,25.308],[60.48,25.298],[60.858,25.096],[61.344,25.027],[62.45,25.163],[63.018,25.157],[63.293,26.878],[64.813,28.514],[67.619,28.982],[69.022,31.087],[70.776,32.022],[73.699,32.139],[78.843,30.736],[79.194,30.034],[78.843,28.631],[72.296,28.982],[70.308,28.047],[69.724,26.994],[70.074,25.475],[72.53,24.422],[73.231,23.721],[72.696,22.129],[72.766,21.15],[73.11,20.687],[72.759,20.058],[72.853,19.245],[73.064,18.032],[73.409,16.559],[73.841,15.39],[74.209,14.753],[80.136,14.489],[80.089,15.175],[80.3,15.646],[80.736,15.837],[81.088,15.827],[81.369,16.347],[81.789,16.329],[82.235,16.647],[82.354,17.086],[83.381,17.711],[83.685,18.083],[84.263,18.456],[85.113,19.442],[85.379,19.605],[86.119,19.807],[86.632,20.204],[86.926,20.691],[86.796,21.136],[86.937,21.288],[87.641,21.563],[88.053,21.939],[88.248,21.596],[88.568,21.895],[88.723,21.54],[89.072,21.774],[89.234,21.655],[89.796,21.832],[90.157,21.734],[90.905,22.561],[91.41,22.721],[91.846,21.909],[91.946,21.363],[92.176,20.887],[92.663,20.405],[92.933,20.31],[93.066,19.993],[93.334,20.025],[93.724,19.594],[93.839,18.953],[94.054,19.061],[94.42,18.141],[94.465,17.264],[94.143,16.215],[94.144,16.006],[94.819,16.21],[95.125,15.995],[95.33,15.678],[95.714,16.155],[96.469,16.513],[96.734,16.888],[96.882,17.346],[97.215,16.94],[97.352,16.527],[97.573,16.445],[97.742,15.01],[97.823,14.616],[98.199,13.645],[98.486,13.112],[98.677,12.051],[98.588,11.822],[98.738,11.435],[98.605,10.863],[98.398,10.564],[98.432,10.202],[98.633,10.101],[98.177,8.6],[98.292,8.156],[98.545,8.264],[99.025,7.871],[99.294,7.319],[99.572,7.263],[99.663,6.71],[99.834,6.539],[100.222,6.521],[100.139,6.177],[100.38,5.021],[100.608,4.552],[100.664,3.904],[101.067,3.536],[101.264,3.225],[101.336,2.781],[101.893,2.337],[102.717,1.881],[103.428,1.381],[104.176,1.389],[103.83,2.17],[103.44,2.633],[103.308,3.026],[103.368,4.183],[103.342,4.805],[102.802,5.56],[102.325,6.099],[102.09,6.143],[101.68,6.464],[101.56,6.74],[100.615,6.979],[100.345,7.44],[100.132,8.532],[99.866,8.712],[99.898,9.068],[99.724,9.258],[99.298,9.162],[99.119,9.371],[99.071,9.898],[99.186,10.489],[99.895,12.079],[99.834,12.524],[100.023,12.994],[99.93,13.261],[100.24,13.49],[100.909,13.447],[100.872,12.679],[101.329,12.559],[101.919,12.585],[102.324,12.186],[102.658,12.066],[102.963,11.368],[103.04,10.898],[103.525,11.058],[103.67,10.766],[103.525,10.524],[104.16,10.519],[104.979,9.981],[104.822,9.472],[104.742,8.494],[105.208,8.654],[105.503,9.029],[105.927,9.189],[106.229,9.552],[106.482,9.552],[106.749,10.067],[106.704,10.448],[107.412,10.367],[108.164,10.966],[108.696,11.145],[109.073,11.635],[109.068,12.487],[109.307,12.906],[109.071,14.17],[108.786,15.091],[108.499,15.363],[108.236,16.08],[107.809,16.283],[106.433,17.55],[106.364,18.007],[105.533,18.844],[105.843,19.702],[106.381,20.11],[106.772,20.638],[106.807,20.905],[107.374,20.881],[107.418,21.186],[107.9,21.479],[108.387,21.531],[108.555,21.823],[108.813,21.494],[109.117,21.399],[109.516,21.597],[109.78,21.483],[109.608,21.057],[109.712,20.568],[109.928,20.245],[110.434,20.436],[110.077,20.867],[110.239,21.281],[110.566,21.231],[111.086,21.479],[111.536,21.493],[111.831,21.754],[112.04,21.659],[112.75,21.756],[113.378,22.164],[113.463,22.774],[113.717,22.482],[114.537,22.675],[114.848,22.51],[115.309,22.771],[115.707,22.639],[115.86,22.836],[116.341,22.913],[116.404,23.199],[116.963,23.556],[117.406,23.69],[117.849,24.047],[117.925,24.562],[118.346,24.467],[118.813,24.849],[119.096,25.441],[119.47,25.772],[119.555,26.267],[119.429,26.591],[119.857,26.706],[120.352,27.177],[120.506,27.59],[121.009,28.277],[121.359,28.386],[121.433,28.837],[121.77,29.834],[121.391,29.922],[121.155,30.189],[120.609,30.346],[121.035,30.595],[121.569,30.71],[121.499,31.281],[121.606,31.828],[121.051,32.328],[120.661,32.543],[120.641,33.045],[120.34,33.336],[119.974,34.135],[119.021,34.692],[119.06,35.041],[119.689,35.545],[120.139,36.195],[120.855,36.584],[121.847,36.86],[122.256,36.734],[122.393,37.301],[121.434,37.337],[120.658,37.736],[120.169,37.576],[119.599,37.117],[118.955,37.077],[118.812,37.446],[118.875,37.949],[118.2,38.044],[117.589,38.284],[117.44,38.603],[117.753,39.203],[118.07,39.254],[118.275,39],[118.978,39.224],[119.385,39.843],[120.273,40.152],[121.011,40.851],[121.754,40.737],[122.108,40.354],[121.239,39.554],[121.282,39.35],[122.027,39.256],[123.039,39.672],[124.104,39.885],[124.443,39.573],[124.922,39.619],[125.296,39.364],[125.028,38.816],[125.269,38.568],[124.736,38.28],[124.77,37.936],[125.269,37.485],[125.562,37.836],[125.909,37.511],[126.21,37.754],[126.786,37.074],[125.96,36.722],[126.361,36.627],[126.437,36.131],[126.626,35.928],[126.525,35.578],[126.225,35.164],[126.41,34.269],[126.824,34.429],[127.359,34.804],[127.84,34.938],[128.164,34.799],[128.553,35.105],[129.06,35.17],[129.467,35.927],[129.178,35.959],[129.25,37.009],[129.129,37.308],[128.451,38.255],[127.277,39.222],[127.672,39.866],[128.447,40.066],[129.177,40.63],[129.478,40.682],[129.641,41.656],[129.825,41.861],[131.065,42.749],[132.182,43.195],[132.485,42.88],[132.953,42.67],[134.139,42.993],[134.962,43.515],[135.415,44.037],[136.034,44.398],[136.494,44.966],[137.721,45.997],[138.352,46.873],[138.949,47.322],[139.214,47.811],[140.081,48.503],[140.328,49.358],[140.457,50.104],[140.323,50.518],[140.73,51.441],[141.257,52.103],[140.939,52.262],[141.091,52.587],[140.828,52.825],[141.121,53.052],[140.321,53.536],[140.102,53.802],[139.378,54.08],[138.417,54.092],[138.409,53.805],[137.979,53.465],[137.239,53.457],[136.77,53.695],[136.351,53.701],[136.492,54.455],[135.095,54.433],[134.985,54.854],[136.521,55.59],[137.229,55.983],[138.867,57.124],[140.029,57.644],[140.587,58.239],[141.35,58.501],[141.924,58.941],[142.846,59.273],[145.404,59.326],[147,59.191],[147.919,59.261],[148.416,59.097],[149.045,59.587],[149.73,59.595],[150.12,59.389],[151.14,59.44],[151.857,59.056],[151.056,58.924],[151.354,58.691],[152.191,58.926],[152.504,58.769],[153.14,59.01],[153.924,58.922],[154.906,59.103],[154.182,59.301],[153.943,59.569],[154.316,59.983],[155.734,60.555],[155.667,60.778],[156.418,61.121],[156.423,61.401],[157.098,61.633],[158.841,61.784],[159.455,61.561],[160.149,61.66],[159.744,61.1],[160.645,60.718],[162.711,61.763],[162.99,62.326],[164.138,62.533],[165.067,62.436],[164.008,62.131],[163.942,61.737],[163.576,61.33],[163.793,61.128],[163.329,60.695],[161.818,60.268],[161.535,59.942],[159.649,58.954],[159.393,58.61],[158.326,58.027],[156.777,57.58],[156.878,57.363],[156.558,56.947],[155.628,56.268],[155.465,54.92],[155.711,53.805],[156.038,52.781],[156.333,52.272],[156.362,51.914],[156.696,50.958],[157.898,51.666],[158.39,52.203],[158.461,52.826],[159.897,53.241],[159.683,53.579],[159.931,54.086],[160.683,54.448],[161.567,54.423],[162.008,54.738],[161.503,55.287],[161.861,55.861],[162.318,56.24],[162.771,55.917],[163.166,56.106],[163.098,56.56],[162.744,56.6],[162.512,57.033],[163.128,57.552],[162.204,57.679],[161.804,58.102],[162.907,58.891],[163.255,59.29],[163.043,59.462],[163.389,59.814],[164.111,60.078],[164.585,59.665],[164.933,59.962],[165.78,60.354],[166.203,60.353],[166.027,59.709],[167.104,60.271],[168.211,60.433],[169.154,60.435],[169.877,59.875],[170.337,60.277],[171.072,60.452],[171.248,60.654],[172,60.858],[172.492,61.263],[172.918,61.278],[173.481,61.601],[173.927,61.616],[174.542,61.891],[175.173,61.969],[176.549,62.38],[177.291,62.487],[178.738,62.299],[179.242,62.526],[179.288,62.815],[178.344,63.458],[178.147,64.157],[177.535,64.09],[177.082,64.303],[175.9,64.547],[176.332,64.773],[177.251,64.856],[177.427,64.607],[178.726,64.606],[180,64.953],[180,65.052],[180,65.311],[180,65.382],[180,65.963],[180,66.963],[180,67.963],[180,68.92],[177.705,69.49],[175.611,69.779],[173.637,69.761],[170.452,70.019],[170.431,69.559],[170.833,68.922],[169.389,68.717],[168.1,69.232],[167.32,69.659],[166.309,69.378],[164.636,69.413],[164.054,69.66],[161.961,69.528],[161.171,69.159],[160.682,69.578],[159.444,69.765],[159.628,70.22],[159.229,70.547],[158.409,70.814],[156.043,70.987],[153.404,70.728],[152.134,70.664],[150.694,71.347],[148.711,71.629],[149.722,71.895],[148.698,72.166],[146.915,72.202],[145.678,71.927],[145.6,72.426],[144.562,72.456],[141.294,72.787],[139.848,72.236],[139.744,71.404],[138.675,71.618],[137.63,71.075],[136.765,71.406],[135.511,71.512],[134.241,71.262],[132.284,71.661],[131.413,70.864],[130.779,70.678],[129.355,71.176],[128.432,71.755],[127.121,72.212],[126.216,72.382],[128.525,72.952],[127.72,73.402],[125.717,73.398],[124.222,73.697],[123.41,73.481],[123.515,73.172],[122.882,72.753],[122.243,72.909],[120.579,72.835],[118.498,73.036],[118.46,73.519],[116.671,73.619],[114.187,73.551],[113.222,73.748],[111.762,73.658],[110.551,74.038],[109.991,73.44],[107.804,73.143],[106.502,73.061],[106.208,73.259],[108.34,73.691],[111.587,74.731],[112.577,74.886],[113.625,75.273],[113.113,75.494],[113.533,76.094],[111.427,76.568],[109.656,76.691],[108.244,76.646],[104.782,77.149],[105.063,77.569],[103.393,77.558],[101.166,77.006],[101.389,76.625],[99.983,76.437],[99.467,75.967],[98.289,76.057],[97.116,75.871],[95.967,76.169],[94.694,76.184],[93.592,75.881],[91.635,75.653],[89.285,75.466],[86.958,74.782],[86.814,74.435],[87.691,73.9],[86.492,73.874],[85.001,73.576],[84.616,73.743],[83.02,73.612],[80.838,73.553],[80.464,73.314],[80.982,72.447],[82.321,72.222],[83.561,71.624],[83.168,71.182],[83.076,70.582],[82.046,70.419],[82.215,71.204],[82.88,71.491],[81.671,71.574],[79.223,72.271],[78.086,72.175],[78.126,71.848],[77.075,71.892],[76.333,71.72],[76.866,71.449],[78.137,71.374],[77.736,71.025],[75.671,71.199],[75.284,71.446],[75.297,71.897],[73.591,71.707],[73.217,71.458],[74.25,70.573],[73.654,69.756],[73.915,69.154],[74.902,69.081],[75.598,69.21],[77.406,68.936],[77.978,68.145],[77.514,67.973],[78.536,67.612],[77.505,67.432],[76.955,67.653],[77.04,68.464],[76.328,68.776],[74.505,68.593],[74.742,67.686],[73.985,67.263],[73.69,66.865],[72.557,66.496],[72.209,66.173],[70.474,66.236],[69.767,66.33],[69.085,66.688],[69.792,66.755],[70.84,66.551],[71.544,66.714],[71.4,66.949],[72.838,67.646],[73.394,68.382],[72.846,68.635],[72.526,69.069],[72.437,70.187],[72.68,70.824],[71.798,71.432],[72.498,71.962],[72.845,72.495],[72.714,72.77],[71.663,72.831],[70.214,72.733],[69.343,72.834],[68.316,71.635],[66.818,71.105],[67.285,70.706],[67.422,70.223],[66.884,69.623],[68.106,69.429],[68.512,68.837],[69.109,68.83],[68.215,68.201],[66.584,68.886],[63.923,69.459],[62.281,69.705],[61.03,69.741],[60.369,69.468],[60.986,69.003],[60.512,68.59],[59.925,68.581],[58.77,68.856],[57.024,68.449],[56.195,68.567],[55.335,68.483],[54.752,68.05],[53.626,68.048],[53.889,68.787],[53.006,68.681],[52.72,68.351],[51.831,68.409],[48.081,67.562],[47.571,66.816],[46.402,66.719],[45.715,66.85],[44.871,67.312],[45.463,67.639],[46.634,67.701],[45.863,68.383],[43.822,68.327],[44.216,67.718],[43.704,67.266],[44.219,67.09],[44.384,66.612],[43.876,66.011],[43.241,66.251],[42.211,66.41],[41.354,65.955],[39.951,65.581],[39.979,65.153],[40.462,64.75],[39.997,64.541],[39.193,64.511],[36.884,65.068],[36.569,64.765],[36.997,64.407],[37.88,64.308],[37.945,63.85],[37.411,63.749],[36.24,63.919],[36.015,64.197],[35.082,64.288],[34.293,65.396],[34.726,65.797],[34.544,66.001],[33.47,66.313],[32.219,66.994],[32.991,66.988],[33.437,66.702],[34.153,66.63],[35.772,66.259],[38.048,66.007],[39.19,66.039],[39.978,66.201],[40.836,66.561],[41.255,66.937],[40.826,67.66],[39.918,67.94],[38.668,68.146],[37.246,68.793],[35.437,69.15],[33.628,69.215],[32.352,69.514],[32.076,69.815],[31.054,69.64],[29.729,69.698],[28.73,70.136],[30.252,70.131],[30.799,70.308],[28.308,70.949],[27.516,70.97],[27.131,70.577],[26.263,70.791],[25.574,70.367],[24.571,70.741],[23.827,70.479],[23.204,69.943],[22.306,70.216],[21.908,69.804],[20.158,69.748],[19.58,69.181],[18.985,69.315],[17.566,68.974],[17.407,68.772],[16.071,68.045],[14.976,67.523],[14.778,67.217],[13.747,66.922],[13.169,66.458],[13.152,66.136],[12.709,65.909],[12.112,65.13],[11.407,64.617],[10.066,64.056],[9.832,63.684],[8.606,63.325],[7.989,62.94],[7.088,62.91],[5.149,61.741],[5.096,60.264],[5.806,59.949],[5.087,59.509],[5.717,59.337],[5.772,59.076],[5.4,58.715],[5.615,58.455],[6.652,58.172],[6.959,57.972],[8.154,58.09],[9.698,58.999],[10.172,58.987],[10.549,59.379],[11.179,59.07],[11.221,58.308],[11.802,58.178],[11.61,57.807],[12.289,56.88],[12.872,56.512],[12.414,56.243],[12.986,55.667],[12.802,55.353],[13.302,55.301],[14.286,55.515],[14.259,55.899],[14.653,56.121],[15.771,56.033],[16.376,56.822],[16.659,57.443],[16.744,58.312],[17.081,58.65],[17.94,58.908],[19.037,59.863],[17.706,60.554],[17.146,60.953],[17.065,61.538],[17.387,61.658],[17.497,62.088],[18.487,62.981],[19.67,63.389],[20.701,63.818],[21.386,64.385],[20.921,64.714],[21.489,65.017],[21.277,65.212],[21.957,65.446],[22.646,65.935],[23.204,65.681],[24.215,65.786],[25.252,65.417],[24.932,64.816],[24.47,64.636],[22.292,63.203],[21.495,63.123],[21.034,62.477],[21.338,62.344],[21.211,61.871],[21.561,61.485],[21.427,61.015],[21.56,60.512],[22.625,60.201],[23.201,59.818],[23.665,59.836],[25.581,60.262],[26.922,60.316],[28.522,60.623],[28.435,60.337],[29.076,59.908],[28.444,59.734],[27.702,59.298],[25.721,59.46],[23.416,59.119],[23.69,58.665],[23.671,58.241],[24.058,58.112],[24.346,57.16],[23.768,56.866],[23.215,56.981],[22.564,57.616],[21.677,57.464],[21.34,57.177],[21.324,56.854],[20.965,56.609],[20.916,56.097],[21.216,55.344],[21.137,54.845],[19.943,54.85],[20.006,54.547],[19.328,54.161],[18.513,54.316],[18.279,54.724],[17.658,54.685],[16.473,54.415],[15.898,54.128],[14.473,53.877],[14.433,53.594],[13.78,53.775],[13.431,54.03],[12.653,54.321],[11.408,53.859],[10.649,54.259],[10.142,54.337],[9.864,54.726],[9.421,54.976],[9.544,55.351],[10.147,55.765],[10.175,56.076],[10.751,56.097],[10.826,56.443],[10.314,56.469],[10.216,56.85],[9.37,56.882],[9.312,56.481],[8.675,56.358],[8.183,56.431],[8.317,55.849],[8.035,55.476],[8.56,55.356],[8.596,54.761],[8.951,54.419],[8.848,53.75],[8.429,53.612],[7.166,53.592],[6.751,53.39],[5.966,53.335],[5.39,53.139],[5.326,52.79],[5.757,52.334],[5.473,52.177],[4.95,52.278],[5.235,52.623],[4.641,52.756],[4.264,52.071],[3.52,51.579],[3.681,51.321],[2.995,51.313],[2.443,51.048],[1.589,50.822],[1.552,50.229],[1.275,50.004],[0.189,49.681],[0.033,49.334],[-1.023,49.398],[-1.524,49.653],[-1.892,49.526],[-1.563,49.036],[-1.591,48.638],[-2.791,48.59],[-3.091,48.872],[-4.762,48.552],[-4.35,48.391],[-4.364,47.829],[-3.955,47.904],[-2.842,47.492],[-2.005,47.043],[-2.13,46.851],[-1.711,46.449],[-1.256,46.307],[-1.075,46.015],[-1.247,45.688],[-1.123,45.432],[-1.276,45.129],[-1.314,44.559],[-1.561,43.524],[-1.915,43.305],[-2.367,43.326],[-3.007,43.55],[-3.417,43.376],[-4.802,43.469],[-5.98,43.705],[-6.468,43.563],[-7.151,43.555],[-7.636,43.721],[-8.22,43.617],[-8.31,43.353],[-9.014,43.281],[-9.271,43.049],[-8.644,42.42],[-8.921,41.767],[-8.694,40.992],[-9.118,39.644],[-9.398,39.23],[-9.549,38.775],[-9.237,38.417],[-8.854,38.5],[-8.842,37.525],[-8.667,37.121],[-7.836,37.032],[-7.228,37.226],[-6.632,37.022],[-6.204,36.282],[-5.661,36.008],[-5.217,36.41],[-4.757,36.486],[-4.447,36.722],[-2.239,36.728],[-1.94,36.952],[-1.817,37.292],[-1.365,37.548],[-0.918,37.57],[-0.665,38.177],[-0.435,38.43],[0.173,38.738],[-0.166,38.954],[-0.395,39.434],[-0.161,39.886],[0.238,40.24],[0.879,41.022],[2.081,41.298],[2.201,41.446],[3.129,41.857],[3.002,42.771],[3.479,43.312],[4.078,43.487],[4.417,43.346],[5.052,43.328],[5.829,43.021],[6.523,43.151],[7.553,43.867],[7.98,43.965],[8.672,44.417],[8.897,44.437],[9.909,44.11],[10.292,43.705],[10.743,42.851],[11.497,42.376],[12.642,41.531],[12.977,41.371],[13.797,41.193],[14.051,40.768],[14.37,40.851],[14.951,40.551],[15.027,40.212],[15.432,39.989],[15.666,40.092],[15.99,39.428],[16.083,39.012],[15.627,38.004],[16.053,37.931],[16.572,38.457],[16.522,38.725],[17.095,38.915],[17.149,39.422],[16.532,39.698],[16.728,40.184],[17.084,40.525],[17.402,40.292],[17.85,40.243],[18.017,39.948],[18.365,39.747],[18.523,40.094],[18.034,40.597],[16.946,41.094],[15.991,41.406],[16.198,41.746],[16.013,41.904],[15.449,41.857],[14.922,41.972],[14.093,42.61],[13.601,43.535],[12.697,43.935],[12.345,44.301],[12.274,44.673],[12.523,44.883],[12.176,45.214],[13.156,45.727],[13.527,45.454],[13.895,44.759],[14.189,44.943],[14.354,45.323],[14.946,44.927],[14.989,44.54],[15.412,43.935],[15.913,43.652],[16.992,43.323],[17.596,42.889],[18.529,42.353],[18.91,42.218],[19.143,41.932],[19.607,41.762],[19.527,40.866],[19.339,40.589],[19.369,40.26],[20.029,39.814],[20.212,39.405],[20.678,39.08],[21.172,38.348],[21.826,38.464],[22.334,38.427],[22.876,38.205],[22.747,37.953],[21.906,38.27],[21.44,38.18],[21.228,37.905],[21.614,37.415],[21.531,37.115],[21.984,37.02],[22.39,36.524],[22.887,37.047],[22.639,37.492],[23.049,37.643],[22.981,37.958],[23.496,38.068],[23.556,38.352],[23.169,38.667],[22.602,38.856],[22.871,39.024],[22.72,39.287],[22.813,39.603],[22.467,40.118],[22.602,40.397],[23.596,40.192],[23.886,40.733],[25.046,40.952],[25.993,40.852],[26.124,40.603],[26.614,40.398],[27.264,40.667],[27.474,40.963],[28.173,41.058],[28.828,40.915],[29.012,41.255],[28.104,41.593],[27.913,42.078],[27.502,42.516],[27.836,42.736],[28.035,43.392],[28.446,43.476],[28.573,44.198],[28.732,44.543],[25.248,49.589],[33.536,52.046],[34.269,51.989],[47.157,53.749],[49.9,53.575],[52.379,51.954],[52.79,52.077],[54.096,49.502],[52.895,46.933],[53.284,46.676],[53.149,45.957],[52.61,45.4],[51.513,45.373],[50.874,44.626],[50.335,44.563],[50.389,44.294],[50.955,44.204],[51.171,43.718],[52.07,42.828],[52.763,42.756],[52.52,42.073],[52.692,41.531],[53.066,42.029],[53.985,42.106],[54.167,41.483],[54.751,41.138],[54.818,40.88],[54.455,40.717],[53.842,40.64],[53.257,40.765],[52.845,40.18],[53.516,39.778],[53.583,39.318],[54.071,38.897],[53.88,38.025],[54.067,36.942],[53.8,36.679],[53.139,36.644],[51.796,36.432],[51.417,36.456],[50.561,36.686],[50.039,37.225],[49.476,37.292],[48.837,37.511],[48.745,37.727],[48.825,38.31],[49.052,38.932],[49.339,39.283],[49.573,40.176],[49.914,40.325],[49.807,40.581],[49.35,40.953],[49.244,41.293],[48.892,41.687],[48.5,41.929],[47.794,42.839],[44.682,43.349],[38.656,44.338],[38.924,44.212],[40.252,43.268],[41.123,43.019],[41.41,42.788],[41.68,41.793],[41.293,41.286],[40.361,40.963],[39.37,41.064],[38.651,40.922],[37.253,41.028],[36.817,41.29],[36.383,41.238],[35.958,41.686],[35.411,41.627],[35.099,41.806],[33.556,41.983],[32.419,41.749],[31.386,41.285],[31.218,41.054],[30.745,41.04],[29.161,41.216],[29.015,40.979],[29.525,40.688],[28.873,40.472],[27.764,40.287],[26.765,40.377],[26.128,39.879],[26.139,39.44],[26.804,39.567],[26.708,39.182],[26.966,38.77],[26.997,38.4],[26.679,38.105],[27.14,37.889],[27.16,37.36],[27.999,36.909],[28.014,36.527],[28.47,36.738],[29.002,36.695],[29.298,36.173],[29.662,36.078],[30.473,36.188],[30.594,36.762],[31.371,36.712],[31.902,36.497],[32.335,36.128],[33.171,35.971],[33.753,36.147],[34.485,36.627],[35.221,36.388],[35.495,36.443],[35.891,36.771],[36.082,36.622],[38.089,37.425],[40.473,37.851],[41.976,37.684]],[[75.001,50.674],[76.658,51.763],[80.91,53.038],[87.117,55.929],[93.07,56.27],[98.767,55.419],[101.913,53.974],[100.382,52.273],[97.406,51.168],[93.325,48.021],[90.577,47.206],[88.464,47.039],[85.785,46.938],[82.934,46.905],[79.493,46.955],[74.381,47.572],[75.001,50.674]],[[58.416,37.764],[59.102,38.475],[60.06,39.08],[61.134,38.985],[62.584,38.284],[62.097,37.02],[60.394,36.338],[58.844,36.777],[58.416,37.764]]],[[[-3.563,50.361],[-3.521,50.617],[-2.961,50.722],[-2.432,50.646],[-1.103,50.817],[0.192,50.731],[1.335,51.121],[1.365,51.353],[0.686,51.56],[1.512,52.026],[1.692,52.311],[1.376,52.809],[0.742,52.901],[0.268,53.127],[-0.319,53.579],[-0.296,54.033],[-0.871,54.547],[-1.389,54.68],[-1.719,55.454],[-2.245,55.811],[-2.742,55.957],[-2.981,56.354],[-2.667,56.471],[-1.945,57.402],[-2.15,57.572],[-4.148,57.555],[-4.15,57.835],[-3.166,58.275],[-3.165,58.522],[-4.51,58.403],[-5.346,58.093],[-5.763,57.62],[-5.547,56.652],[-5.271,56.544],[-5.633,55.94],[-4.623,55.908],[-4.908,55.664],[-4.638,55.428],[-5.111,54.794],[-4.6,54.688],[-3.577,54.924],[-3.153,54.838],[-3.569,54.415],[-2.865,54.028],[-3.057,53.514],[-2.914,53.267],[-3.957,53.205],[-4.318,53.091],[-4.124,52.373],[-4.295,52.2],[-5.061,52.006],[-4.999,51.702],[-4.159,51.677],[-3.499,51.46],[-3.066,51.178],[-4.281,51.187],[-4.605,50.779],[-5.238,50.346],[-5.282,49.964],[-4.541,50.358],[-3.563,50.361]]],[[[14.216,37.049],[14.622,36.776],[15.027,36.745],[15.301,37.058],[15.116,37.287],[15.387,38.206],[14.766,38.058],[13.81,37.966],[13.322,38.221],[12.783,38.117],[12.454,37.766],[14.216,37.049]]]]},"properties":{"BORDERPRECISION":1,"fid":137}}
]}