{"type":"FeatureCollection", "features": [
{"type":"Feature","geometry":{"type":"Polygon","coordinates":[[[5.824,49.507],[6.433,49.445],[6.321,49.842],[6.109,50.117],[5.834,50.047],[5.824,49.507]]]},"properties":{"NAME":"Luxembourg","SUBJECTO":"Luxembourg","PARTOF":"Luxembourg","ABBREVN":"Luxembourg","BORDERPRECISION":3,"fid":0}},
{"type":"Feature","geometry":{"type":"MultiPolygon","coordinates":[[[[148.447,45.248],[147.895,45.23],[147.112,44.794],[147.291,44.667],[147.623,44.897],[148.447,45.248]]],[[[155.357,50.053],[155.795,50.189],[156.153,50.525],[155.897,50.699],[155.638,50.378],[155.248,50.301],[155.357,50.053]]],[[[137.31,37.433],[136.811,37.311],[136.64,37.17],[136.668,36.667],[135.978,35.973],[135.928,35.604],[135.358,35.323],[135.157,35.646],[134.756,35.531],[133.804,35.427],[133.006,35.254],[132.663,35.381],[131.672,34.502],[131.334,34.292],[130.892,34.246],[130.899,33.904],[131.394,33.936],[131.995,33.804],[131.997,34.09],[132.183,34.287],[132.481,34.129],[133.589,34.442],[133.825,34.386],[134.427,34.628],[135.317,34.471],[134.969,34.134],[135.063,33.69],[135.756,33.342],[136.199,34.003],[136.899,34.259],[136.507,34.518],[136.734,34.874],[137.042,34.729],[137.248,34.482],[137.759,34.552],[138.149,34.528],[138.45,34.903],[138.751,34.923],[138.75,34.65],[139.023,34.688],[139.053,35.025],[139.423,35.166],[139.683,35.446],[140.003,35.497],[139.788,34.963],[140.317,35.034],[140.395,35.409],[140.834,35.677],[140.555,35.969],[140.656,36.618],[140.964,36.956],[140.982,37.268],[140.872,37.917],[141.097,38.262],[141.496,38.422],[141.569,38.785],[141.888,39.13],[141.998,39.672],[141.676,40.316],[141.467,40.514],[141.437,41.269],[141.087,41.442],[140.775,41.255],[141.077,41.102],[141.153,40.865],[140.657,40.724],[140.386,40.986],[139.915,40.575],[139.985,40.115],[139.805,39.891],[140.03,39.483],[139.746,38.68],[139.198,37.92],[138.856,37.735],[138.699,37.448],[138.317,37.206],[137.464,36.854],[137.176,36.643],[136.983,36.834],[137.014,37.037],[137.335,37.274],[137.31,37.433]]],[[[132.467,32.758],[132.699,32.549],[132.97,32.765],[133.154,33.216],[133.517,33.395],[133.727,33.376],[133.999,33.148],[134.519,33.651],[134.54,34.013],[134.01,34.189],[133.806,34.176],[133.463,33.884],[132.969,33.794],[132.784,33.908],[132.45,33.52],[132.121,33.348],[132.343,33.107],[132.467,32.758]]],[[[130.554,30.97],[130.744,30.888],[130.96,31.193],[131.319,31.511],[131.407,32.083],[131.563,32.432],[131.831,32.693],[131.414,33.111],[131.67,33.309],[131.569,33.486],[131.286,33.39],[130.971,33.504],[130.859,33.675],[130.427,33.674],[130.176,33.337],[129.858,33.26],[129.528,33.298],[129.343,33.151],[129.846,32.587],[130.108,32.931],[130.257,32.912],[130.497,32.557],[130.444,32.284],[130.059,31.972],[130.219,31.56],[130.06,31.217],[130.233,31.026],[130.474,31.44],[130.732,31.478],[130.554,30.97]]],[[[139.978,41.503],[140.269,41.325],[140.589,41.678],[141.155,41.749],[140.768,42.005],[140.246,42.228],[140.223,42.363],[140.694,42.55],[140.93,42.255],[141.397,42.519],[141.928,42.501],[143.214,41.927],[143.33,42.196],[143.848,42.775],[144.166,42.942],[144.59,42.86],[144.995,42.937],[145.448,43.17],[145.059,43.786],[145.14,44.178],[144.614,43.843],[144.028,43.951],[143.508,44.156],[142.539,44.843],[141.875,45.435],[141.523,45.183],[141.746,44.629],[141.709,43.914],[141.302,43.72],[141.304,43.187],[141.064,43.097],[140.599,43.327],[140.374,43.185],[140.5,42.896],[139.712,42.478],[139.777,42.112],[140.1,41.946],[139.978,41.503]]]]},"properties":{"NAME":"Imperial Japan","SUBJECTO":"Imperial Japan","PARTOF":"Imperial Japan","ABBREVN":"Imperial Japan","BORDERPRECISION":3,"fid":1}},
{"type":"Feature","geometry":{"type":"Polygon","coordinates":[[[91.608,27.641],[91.46,27.92],[91.152,28.032],[90,28.053],[89.863,28.273],[89.366,27.876],[88.803,27.181],[88.868,26.908],[89.834,26.685],[90,26.779],[91.162,26.75],[91.909,26.805],[91.999,27.193],[91.595,27.464],[91.608,27.641]]]},"properties":{"NAME":"Bhutan","SUBJECTO":"Bhutan","PARTOF":"Bhutan","ABBREVN":"Bhutan","BORDERPRECISION":3,"fid":2}},
{"type":"Feature","geometry":{"type":"MultiPolygon","coordinates":[[[[-66.906,17.936],[-66.451,18.045],[-65.967,18.027],[-65.724,18.333],[-65.952,18.472],[-67.055,18.546],[-67.162,18.33],[-67.152,17.987],[-66.906,17.936]]],[[[-82.177,22.366],[-81.572,22.164],[-80.776,22.102],[-79.735,21.672],[-79.358,21.609],[-78.728,21.617],[-78.514,21.306],[-78.45,20.969],[-78.157,20.817],[-77.291,20.704],[-77.099,20.533],[-77.177,20.355],[-77.663,19.903],[-77.461,19.871],[-76.398,20.02],[-75.519,19.907],[-75.237,19.933],[-74.72,20.112],[-74.278,20.152],[-74.345,20.323],[-75.062,20.697],[-75.654,20.683],[-75.604,21.013],[-75.751,21.121],[-76.209,21.196],[-77.34,21.512],[-77.508,21.759],[-78.171,22.12],[-79.33,22.404],[-79.76,22.759],[-80.721,23.024],[-81.431,23.137],[-82.057,23.135],[-82.959,23.025],[-83.69,22.814],[-84.256,22.539],[-84.435,22.323],[-84.209,21.828],[-83.851,22.21],[-83.39,22.223],[-82.853,22.638],[-82.562,22.708],[-82.046,22.697],[-81.663,22.507],[-82.177,22.366]]]]},"properties":{"NAME":"Spain","SUBJECTO":"Spain","PARTOF":"Spain","ABBREVN":"Spain","BORDERPRECISION":3,"fid":3}},
{"type":"Feature","geometry":{"type":"Polygon","coordinates":[[[-71.777,19.771],[-72.103,19.756],[-72.94,19.945],[-73.421,19.874],[-73.355,19.658],[-72.945,19.595],[-72.676,19.392],[-72.698,18.941],[-72.298,18.662],[-72.746,18.509],[-74.303,18.696],[-74.365,18.378],[-73.857,18.112],[-73.474,18.316],[-72.915,18.228],[-71.978,18.262],[-71.677,18.003],[-71.895,18.614],[-71.72,18.895],[-71.777,19.771]]]},"properties":{"NAME":"Haiti","SUBJECTO":"Haiti","PARTOF":"Haiti","ABBREVN":"Haiti","BORDERPRECISION":3,"fid":4}},
{"type":"Feature","geometry":{"type":"Polygon","coordinates":[[[-71.677,18.003],[-71.401,17.704],[-71.062,18.347],[-70.621,18.507],[-70.299,18.259],[-69.956,18.502],[-68.986,18.51],[-68.665,18.199],[-68.373,18.575],[-68.657,18.873],[-69.069,19.076],[-69.509,19.208],[-69.747,19.354],[-69.993,19.684],[-70.289,19.652],[-70.739,19.79],[-70.882,19.93],[-71.22,19.834],[-71.551,19.897],[-71.777,19.771],[-71.72,18.895],[-71.895,18.614],[-71.677,18.003]]]},"properties":{"NAME":"Dominican Republic","SUBJECTO":"Dominican Republic","PARTOF":"Dominican Republic","ABBREVN":"Dominican Republic","BORDERPRECISION":3,"fid":5}},
{"type":"Feature","geometry":{"type":"MultiPolygon","coordinates":[[[[120.364,14.531],[120.471,14.804],[121.217,14.418],[121.105,14.253],[120.799,14.386],[120.511,14.112],[120.599,13.922],[121.009,13.656],[121.625,13.898],[122.067,13.652],[122.394,13.303],[122.492,13.43],[122.325,13.779],[122.485,13.881],[123.094,13.381],[123.239,13.025],[123.677,12.893],[123.819,12.976],[123.398,13.527],[123.661,13.693],[123.359,13.953],[123.132,13.692],[122.856,13.888],[122.675,14.269],[122.397,14.307],[122.107,13.918],[121.729,14.108],[121.457,14.883],[121.242,15.308],[121.368,15.499],[121.439,15.918],[122.064,16.332],[122.203,16.542],[122.396,17.114],[122.07,17.438],[122.028,18.009],[122.147,18.206],[121.581,18.294],[121.036,18.528],[120.8,18.553],[120.564,18.432],[120.393,18.044],[120.312,17.072],[120.247,16.875],[120.303,16.417],[120.202,16.042],[119.762,16.359],[119.681,16.187],[119.813,15.978],[119.772,15.47],[119.972,14.905],[120.364,14.531]]],[[[121.094,12.201],[121.274,12.525],[121.304,13.129],[121.039,13.408],[120.341,13.387],[120.547,13.153],[120.734,12.55],[121.094,12.201]]],[[[125.323,11.124],[125.449,11.207],[125.333,11.562],[125.246,12.293],[124.952,12.527],[124.264,12.418],[124.33,12.208],[124.875,11.834],[124.854,11.491],[125.07,11.244],[125.323,11.124]]],[[[121.873,10.468],[122.297,10.647],[122.897,11.15],[122.92,11.525],[122.47,11.454],[121.994,11.758],[121.873,10.468]]],[[[118.865,10.024],[119.564,10.502],[119.345,11.003],[119.108,10.628],[118.865,10.024]]],[[[122.942,9.048],[123.133,9.251],[122.962,9.594],[123.104,10.23],[123.312,10.738],[123.239,10.922],[122.92,10.852],[122.701,10.032],[122.347,9.815],[122.396,9.478],[122.942,9.048]]],[[[117.271,8.451],[117.444,8.635],[117.857,8.833],[117.967,9.113],[118.276,9.266],[118.505,9.483],[118.508,9.921],[118.089,9.431],[117.536,9.049],[117.224,8.686],[117.271,8.451]]],[[[126.045,6.608],[126.322,7.149],[126.373,7.537],[126.28,7.733],[126.272,8.426],[125.923,8.482],[126.075,8.813],[125.934,9.175],[125.428,9.784],[125.362,9.625],[125.461,9.053],[125.225,8.995],[124.991,8.715],[124.742,8.918],[124.671,8.429],[124.372,8.561],[124.21,8.447],[124.024,8.11],[123.663,8.014],[123.617,8.337],[123.486,8.496],[123.136,8.451],[122.796,8.272],[122.736,8.062],[122.384,7.985],[122.094,7.775],[121.849,7.196],[121.992,6.873],[122.455,7.693],[122.635,7.783],[122.725,7.452],[123.023,7.478],[123.465,7.791],[123.815,7.658],[124.025,7.474],[124.074,7.258],[123.864,6.851],[123.973,6.337],[124.224,6.09],[124.803,5.786],[124.966,6.085],[125.163,5.907],[125.073,5.723],[125.289,5.488],[125.533,5.94],[125.466,6.245],[125.28,6.594],[125.615,7.236],[125.748,7.186],[126.045,6.608]]]]},"properties":{"NAME":"Philippines","SUBJECTO":"Philippines","PARTOF":"Philippines","ABBREVN":"Philippines","BORDERPRECISION":3,"fid":6}},
{"type":"Feature","geometry":{"type":"MultiPolygon","coordinates":[[[[-73.141,20.983],[-73.536,21.183],[-73.702,21],[-73.141,20.983]]],[[[-78.039,25.179],[-78.36,24.535],[-78.011,24.277],[-77.717,24.507],[-77.774,24.733],[-78.039,25.179]]],[[[-77.662,26.903],[-77.526,26.856],[-77.151,26.255],[-77.04,26.498],[-77.278,26.623],[-77.501,26.863],[-77.662,26.903]]],[[[-77.737,17.932],[-77.291,17.806],[-77.05,17.978],[-76.806,18.004],[-76.468,17.871],[-76.426,18.119],[-77.156,18.397],[-77.769,18.51],[-78.086,18.478],[-78.052,18.218],[-77.737,17.932]]],[[[-61.224,10.69],[-61.224,10.825],[-61.809,10.725],[-61.662,10.543],[-61.536,10.036],[-61.207,10.118],[-61.224,10.69]]],[[[-6.335,53.786],[-5.912,54.027],[-5.662,54.322],[-6.018,55.093],[-7.427,55.294],[-8.345,55.095],[-8.504,54.75],[-8.301,54.489],[-8.59,54.203],[-9.892,54.326],[-10.16,54.133],[-9.913,53.97],[-9.81,53.632],[-10.16,53.374],[-9.617,53.346],[-9.158,53.221],[-9.526,52.905],[-9.891,52.194],[-10.469,52.207],[-10.217,51.758],[-9.835,51.803],[-9.819,51.435],[-9.243,51.473],[-8.565,51.615],[-7.751,52.033],[-6.406,52.214],[-6.043,52.893],[-6.335,53.786]]],[[[0.268,53.127],[0.081,53.386],[-0.319,53.579],[-0.296,54.033],[-0.871,54.547],[-1.389,54.68],[-1.719,55.454],[-2.245,55.811],[-2.742,55.957],[-2.981,56.354],[-2.667,56.471],[-2.159,57.014],[-1.945,57.402],[-2.15,57.572],[-4.148,57.555],[-4.15,57.835],[-3.166,58.275],[-3.165,58.522],[-4.51,58.403],[-5.113,58.395],[-4.907,58.169],[-5.346,58.093],[-5.056,57.751],[-5.568,57.777],[-5.763,57.62],[-5.461,57.388],[-5.726,57.258],[-5.547,56.652],[-5.271,56.544],[-5.633,55.94],[-4.623,55.908],[-4.908,55.664],[-4.638,55.428],[-5.111,54.794],[-4.6,54.688],[-3.577,54.924],[-3.153,54.838],[-3.569,54.415],[-3.261,54.141],[-2.865,54.028],[-3.057,53.514],[-2.914,53.267],[-3.957,53.205],[-4.318,53.091],[-4.148,52.832],[-4.124,52.373],[-4.295,52.2],[-5.061,52.006],[-4.999,51.702],[-4.159,51.677],[-3.499,51.46],[-3.173,51.467],[-3.066,51.178],[-3.825,51.235],[-4.281,51.187],[-4.605,50.779],[-5.238,50.346],[-5.778,50.134],[-5.282,49.964],[-4.967,50.212],[-4.541,50.358],[-3.715,50.219],[-3.521,50.617],[-2.961,50.722],[-2.432,50.646],[-1.103,50.817],[-0.839,50.722],[-0.336,50.817],[0.192,50.731],[1.335,51.121],[1.365,51.353],[0.686,51.56],[1.512,52.026],[1.692,52.311],[1.586,52.65],[1.376,52.809],[0.742,52.901],[0.327,52.707],[0.006,52.787],[0.268,53.127]]]]},"properties":{"NAME":"United Kingdom of Great Britain and Ireland","SUBJECTO":"United Kingdom of Great Britain and Ireland","PARTOF":"United Kingdom of Great Britain and Ireland","ABBREVN":"United Kingdom of Great Britain and Ireland","BORDERPRECISION":3,"fid":7}},
{"type":"Feature","geometry":{"type":"Polygon","coordinates":[[[-87.404,13.03],[-87.587,12.832],[-87.261,12.623],[-86.434,11.767],[-86.014,11.368],[-85.84,11.078],[-85.646,11.2],[-84.903,10.93],[-84.632,11.043],[-84.327,11.029],[-84.218,10.822],[-83.873,10.755],[-83.747,10.878],[-83.914,11.251],[-83.883,12.122],[-83.688,12.962],[-83.662,13.705],[-83.418,14.068],[-83.322,14.386],[-83.314,14.768],[-83.417,15.001],[-84.361,14.641],[-84.834,14.771],[-85.192,14.305],[-85.735,13.857],[-86.061,14.045],[-86.292,13.783],[-86.689,13.768],[-86.692,13.336],[-86.954,13.086],[-87.404,13.03]]]},"properties":{"NAME":"Nicaragua","SUBJECTO":"Nicaragua","PARTOF":"Nicaragua","ABBREVN":"Nicaragua","BORDERPRECISION":3,"fid":8}},
{"type":"Feature","geometry":{"type":"Polygon","coordinates":[[[-85.84,11.078],[-85.621,10.827],[-85.617,10.652],[-85.824,10.361],[-85.778,10.138],[-85.566,9.923],[-85.314,9.828],[-85.089,9.583],[-84.844,9.841],[-85.116,9.981],[-85.255,10.311],[-84.631,9.874],[-84.492,9.537],[-84.182,9.491],[-83.615,9.152],[-83.551,8.828],[-83.605,8.548],[-83.279,8.413],[-83.362,8.763],[-83.085,8.651],[-83.09,8.395],[-82.957,8.047],[-82.807,8.57],[-82.913,9.113],[-82.907,9.519],[-82.56,9.583],[-82.962,10.034],[-83.204,10.2],[-83.377,10.48],[-83.747,10.878],[-83.873,10.755],[-84.218,10.822],[-84.327,11.029],[-84.632,11.043],[-84.903,10.93],[-85.646,11.2],[-85.84,11.078]]]},"properties":{"NAME":"Costa Rica","SUBJECTO":"Costa Rica","PARTOF":"Costa Rica","ABBREVN":"Costa Rica","BORDERPRECISION":3,"fid":9}},
{"type":"Feature","geometry":{"type":"Polygon","coordinates":[[[80.563,5.932],[81.203,6.079],[81.6,6.449],[81.779,6.754],[81.866,7.085],[81.805,7.313],[81.446,7.929],[81.326,8.259],[81.06,8.411],[81.093,8.627],[80.662,9.299],[80.348,9.47],[80.178,9.445],[80.053,9.114],[79.675,8.805],[79.809,8.647],[79.724,8.417],[79.832,8.103],[79.854,7.061],[80.017,6.496],[80.222,6.058],[80.563,5.932]]]},"properties":{"NAME":"Ceylon","SUBJECTO":"Ceylon","PARTOF":"Ceylon","ABBREVN":"Ceylon","BORDERPRECISION":3,"fid":10}},
{"type":"Feature","geometry":{"type":"MultiPolygon","coordinates":[[[[175.308,-37.321],[175.201,-37.073],[174.645,-36.831],[174.857,-36.694],[174.787,-36.283],[174.348,-35.915],[174.609,-35.789],[174.217,-35.337],[173.47,-35.032],[173.33,-35.084],[172.96,-34.864],[173.166,-35.421],[173.841,-36.136],[174.07,-36.189],[174.22,-36.557],[174.765,-37.297],[174.728,-37.552],[174.945,-37.928],[174.713,-38.44],[174.655,-38.983],[173.805,-39.42],[173.992,-39.611],[174.889,-39.98],[175.354,-40.3],[174.895,-41.296],[175.365,-41.662],[176.011,-41.255],[177.157,-39.854],[177.024,-39.445],[177.34,-39.227],[177.867,-39.207],[177.939,-38.83],[178.408,-38.771],[178.589,-38.215],[178.569,-37.921],[178.241,-37.832],[177.843,-37.986],[177.528,-38.204],[177.134,-38.186],[176.129,-37.798],[175.838,-37.026],[175.535,-37.072],[175.64,-37.41],[175.308,-37.321]]],[[[172.063,-43.923],[172.628,-43.692],[172.441,-43.509],[173.237,-42.986],[173.841,-42.488],[174.234,-42.011],[174.069,-41.696],[174.058,-41.291],[173.701,-41.254],[173.264,-41.544],[173.019,-41.075],[172.769,-40.848],[172.437,-40.753],[172.207,-41.045],[172.148,-41.578],[171.887,-41.829],[171.458,-41.993],[171.398,-42.513],[171.077,-42.713],[171.024,-42.887],[169.987,-43.36],[169.649,-43.741],[168.914,-44.097],[168.416,-44.221],[167.967,-44.48],[167.921,-44.616],[167.137,-45.2],[167.281,-45.563],[166.855,-45.492],[167.009,-45.817],[166.551,-45.967],[166.523,-46.233],[166.85,-46.35],[167.202,-46.308],[168.154,-46.452],[168.417,-46.651],[168.7,-46.6],[169.399,-46.71],[170.044,-46.357],[170.612,-45.946],[171.024,-45.075],[171.171,-44.939],[171.378,-44.338],[172.063,-43.923]]]]},"properties":{"NAME":"M?ori","SUBJECTO":"M?ori","PARTOF":"M?ori","ABBREVN":"M?ori","BORDERPRECISION":3,"fid":11}},
{"type":"Feature","geometry":{"type":"MultiPolygon","coordinates":[[[[-68.456,-52.42],[-69.077,-51.499],[-69.167,-51.149],[-69.041,-50.562],[-68.706,-50.285],[-67.833,-49.968],[-67.65,-49.621],[-67.578,-49.059],[-67.257,-48.744],[-66.078,-48.142],[-65.839,-47.868],[-65.713,-47.354],[-65.776,-47.23],[-66.671,-47.017],[-67.328,-46.532],[-67.469,-46.266],[-67.472,-45.922],[-67.225,-45.553],[-66.695,-45.131],[-66.194,-44.982],[-65.436,-44.89],[-65.637,-44.626],[-65.27,-44.258],[-65.307,-43.601],[-65.047,-43.331],[-64.309,-43.027],[-65.017,-42.881],[-64.688,-42.649],[-64.217,-42.616],[-64.001,-42.853],[-63.6,-42.704],[-63.729,-42.101],[-64.294,-42.205],[-64.286,-42.474],[-64.644,-42.437],[-64.992,-42.193],[-64.941,-41.552],[-65.135,-41.244],[-65.153,-40.975],[-64.939,-40.827],[-63.842,-41.158],[-62.964,-41.137],[-62.26,-40.803],[-62.466,-40.368],[-62.435,-40.195],[-62.068,-39.556],[-62.351,-39.333],[-62.31,-38.88],[-61.361,-39.031],[-59.515,-38.875],[-58.651,-38.694],[-57.809,-38.386],[-57.502,-37.927],[-57.174,-37.582],[-56.698,-36.944],[-56.8,-36.543],[-57.294,-36.27],[-57.419,-35.997],[-57.226,-35.436],[-57.479,-35.214],[-58.107,-34.961],[-58.523,-34.587],[-58.34,-34.216],[-58.398,-33.569],[-58.021,-32.964],[-58.118,-32.139],[-57.775,-30.639],[-57.576,-30.403],[-57.105,-29.886],[-56.292,-29.068],[-55.646,-28.455],[-54.755,-27.694],[-53.731,-27.218],[-53.659,-27.008],[-53.616,-26.271],[-53.942,-25.663],[-54.58,-25.743],[-54.817,-26.558],[-54.985,-26.768],[-55.574,-27.223],[-55.732,-27.452],[-56.163,-27.245],[-56.779,-27.395],[-57.352,-27.353],[-57.799,-27.204],[-58.072,-27.193],[-58.606,-27.342],[-58.663,-27.221],[-58.204,-26.761],[-58.277,-26.381],[-57.995,-25.998],[-57.71,-25.336],[-59.077,-24.715],[-59.811,-24.217],[-60.113,-24.079],[-60.641,-23.987],[-61.24,-23.616],[-62.61,-22.157],[-62.876,-22.107],[-63.784,-22.074],[-64.249,-22.878],[-64.436,-22.39],[-64.756,-22.163],[-65.638,-22.168],[-66.146,-21.923],[-67.189,-22.984],[-66.972,-23.141],[-67.014,-23.427],[-67.258,-24.083],[-67.419,-24.198],[-68.393,-24.604],[-68.486,-24.744],[-68.373,-25.112],[-68.562,-25.437],[-68.48,-25.939],[-68.348,-26.198],[-68.544,-26.535],[-68.493,-26.764],[-68.254,-26.978],[-68.318,-27.22],[-68.823,-27.267],[-69.18,-28.018],[-69.581,-28.529],[-69.951,-29.356],[-69.852,-30.359],[-70.26,-30.716],[-70.435,-31.257],[-70.505,-31.689],[-70.193,-32.493],[-69.84,-33.761],[-69.849,-34.256],[-70.48,-35.358],[-70.356,-36.019],[-70.391,-36.165],[-71.095,-36.805],[-71.153,-37.811],[-71.041,-38.307],[-70.844,-38.727],[-71.363,-39.029],[-71.443,-39.246],[-71.673,-40.338],[-71.86,-40.748],[-71.805,-41.574],[-71.696,-42.156],[-72.089,-42.498],[-72.047,-43.05],[-71.741,-43.158],[-71.701,-43.453],[-71.787,-44.109],[-71.557,-44.455],[-71.202,-44.504],[-71.324,-44.814],[-71.992,-44.895],[-71.4,-45.279],[-71.738,-45.733],[-71.765,-46.225],[-71.693,-46.691],[-71.79,-47.094],[-71.987,-47.407],[-72.382,-47.578],[-72.494,-47.93],[-72.294,-48.221],[-72.458,-48.854],[-73.374,-49.427],[-73.513,-49.761],[-73.387,-50.35],[-73.158,-50.855],[-72.333,-50.693],[-72.249,-50.804],[-72.145,-51.832],[-71.794,-52.088],[-70.859,-52.083],[-69.587,-52.143],[-68.456,-52.42]]],[[[-68.705,-53.235],[-68.305,-52.943],[-68.701,-52.72],[-68.705,-53.235]]],[[[-68.749,-54.889],[-68.376,-54.852],[-67.153,-54.91],[-66.622,-55.07],[-65.348,-54.913],[-65.323,-54.726],[-65.9,-54.713],[-66.418,-54.607],[-66.983,-54.341],[-67.838,-53.701],[-68.13,-53.375],[-68.705,-53.235],[-68.749,-54.889]]]]},"properties":{"NAME":"Argentina","SUBJECTO":"Argentina","PARTOF":"Argentina","ABBREVN":"Argentina","BORDERPRECISION":3,"fid":12}},
{"type":"Feature","geometry":{"type":"Polygon","coordinates":[[[-24.219,65.534],[-23.678,65.317],[-22.814,65.471],[-21.955,65.378],[-21.729,65.182],[-21.978,64.95],[-23.611,64.746],[-23.508,64.559],[-22.279,64.619],[-22.086,64.44],[-21.488,64.376],[-22.373,63.773],[-20.404,63.698],[-19.827,63.478],[-18.642,63.324],[-17.944,63.425],[-17.591,63.689],[-16.534,63.784],[-15.634,64.057],[-15.267,64.28],[-14.821,64.195],[-14.366,64.476],[-14.348,64.67],[-13.694,64.779],[-13.526,65.183],[-13.647,65.495],[-14.754,65.697],[-14.641,65.945],[-15.574,66.207],[-15.86,66.419],[-16.385,66.454],[-16.376,66.132],[-16.922,65.978],[-18.676,66.091],[-19.556,65.768],[-20.217,66.001],[-20.168,65.556],[-21.08,65.205],[-21.495,65.568],[-21.242,65.882],[-21.779,66.254],[-22.676,66.391],[-22.474,65.996],[-23.608,65.98],[-23.267,65.725],[-23.973,65.687],[-24.219,65.534]]]},"properties":{"NAME":"Iceland","SUBJECTO":"Iceland","PARTOF":"Iceland","ABBREVN":"Iceland","BORDERPRECISION":3,"fid":13}},
{"type":"Feature","geometry":{"type":"Polygon","coordinates":[[[6.109,50.117],[6.281,50.498],[6,50.742],[5.697,50.731],[5.824,51.117],[5.113,51.405],[3.775,51.388],[2.995,51.313],[2.522,51.091],[2.875,50.682],[3.675,50.334],[4.22,50.242],[4.156,49.966],[4.668,49.96],[5.418,49.583],[5.824,49.507],[5.834,50.047],[6.109,50.117]]]},"properties":{"NAME":"Belgium","SUBJECTO":"Belgium","PARTOF":"Belgium","ABBREVN":"Belgium","BORDERPRECISION":3,"fid":14}},
{"type":"Feature","geometry":{"type":"MultiPolygon","coordinates":[[[[-14.51,28.05],[-13.881,28.199],[-13.784,28.879],[-13.421,29.091],[-13.518,29.428],[-13.808,29.049],[-14.147,28.391],[-14.51,28.05]]],[[[-15.574,28.178],[-15.913,27.901],[-15.574,27.729],[-15.211,27.901],[-15.405,28.199],[-15.574,28.178]]],[[[-17.291,28.285],[-17.34,28.029],[-16.638,28.05],[-16.082,28.54],[-16.88,28.327],[-17.291,28.285]]],[[[-8.806,41.889],[-8.157,42.087],[-7.919,41.889],[-7.098,41.868],[-6.709,41.96],[-6.139,41.526],[-6.241,41.32],[-6.797,41.093],[-6.884,40.214],[-6.878,39.702],[-7.431,39.521],[-6.933,38.961],[-7.317,38.5],[-7.394,38.295],[-6.845,38.1],[-7.243,37.811],[-7.492,37.208],[-7.228,37.226],[-6.632,37.022],[-6.204,36.282],[-5.661,36.008],[-5.387,36.11],[-5.217,36.41],[-4.757,36.486],[-4.447,36.722],[-2.97,36.741],[-2.624,36.811],[-2.239,36.728],[-1.94,36.952],[-1.817,37.292],[-1.365,37.548],[-0.918,37.57],[-0.665,38.177],[-0.435,38.43],[0.173,38.738],[-0.166,38.954],[-0.395,39.434],[-0.161,39.886],[0.238,40.24],[0.879,41.022],[1.311,41.157],[2.081,41.298],[2.201,41.446],[3.129,41.857],[3.087,42.369],[2.363,42.293],[1.709,42.423],[1.364,42.41],[1.307,42.635],[0.744,42.772],[0.592,42.628],[-0.166,42.649],[-0.612,42.731],[-1.397,43.032],[-1.491,43.21],[-1.915,43.305],[-2.367,43.326],[-2.768,43.538],[-3.007,43.55],[-3.417,43.376],[-3.848,43.439],[-4.802,43.469],[-5.537,43.577],[-5.98,43.705],[-6.468,43.563],[-7.151,43.555],[-7.636,43.721],[-7.98,43.74],[-8.22,43.617],[-8.31,43.353],[-9.014,43.281],[-9.271,43.049],[-8.942,42.824],[-8.644,42.42],[-8.86,42.015],[-8.806,41.889]]]]},"properties":{"NAME":"Spain","SUBJECTO":"Spain","PARTOF":"Spain","ABBREVN":"Spain","BORDERPRECISION":3,"fid":15}},
{"type":"Feature","geometry":{"type":"Polygon","coordinates":[[[-8.806,41.889],[-8.921,41.767],[-8.694,40.992],[-9.118,39.644],[-9.398,39.23],[-9.549,38.775],[-9.285,38.619],[-9.237,38.417],[-8.854,38.5],[-8.842,37.525],[-9.017,37.07],[-8.667,37.121],[-7.836,37.032],[-7.492,37.208],[-7.243,37.811],[-6.845,38.1],[-7.394,38.295],[-7.317,38.5],[-6.933,38.961],[-7.431,39.521],[-6.878,39.702],[-6.884,40.214],[-6.797,41.093],[-6.241,41.32],[-6.139,41.526],[-6.709,41.96],[-7.098,41.868],[-7.919,41.889],[-8.157,42.087],[-8.806,41.889]]]},"properties":{"NAME":"Portugal","SUBJECTO":"Portugal","PARTOF":"Portugal","ABBREVN":"Portugal","BORDERPRECISION":3,"fid":16}},
{"type":"Feature","geometry":{"type":"Polygon","coordinates":[[[61.221,35.582],[60.787,34.385],[60.419,34.078],[60.466,33.716],[60.853,33.484],[60.54,32.993],[60.654,32.505],[60.794,31.579],[60.88,31.484],[61.694,31.267],[61.779,30.905],[60.82,29.833],[61.503,29.602],[62.369,29.385],[62.946,29.356],[63.48,29.455],[64.089,29.395],[64.645,29.449],[65.611,29.613],[66.091,29.736],[66.233,29.889],[66.277,30.296],[66.467,30.843],[66.921,31.207],[67.57,31.186],[67.829,31.536],[68.243,31.767],[68.496,31.756],[68.947,31.587],[69.206,31.798],[69.278,32.382],[69.508,32.949],[70.057,33.117],[70.289,33.283],[70.03,33.999],[70.792,33.927],[71.154,34.138],[71.097,34.62],[71.659,35.125],[71.623,35.557],[71.325,36.052],[72.373,36.718],[73.495,36.791],[73.786,36.727],[74.521,37.005],[74.733,37.209],[74.137,37.37],[73.445,37.202],[73.047,37.328],[72.714,37.186],[72.448,36.968],[72.183,36.939],[71.848,36.716],[71.467,36.752],[71.303,37.17],[71.444,37.834],[71.149,37.876],[71.22,38.145],[70.961,38.347],[70.719,38.365],[70.334,37.936],[70.315,37.63],[70.022,37.457],[69.567,37.505],[69.537,37.282],[69.308,37.084],[68.707,37.182],[68.184,36.899],[67.856,36.853],[67.515,37.214],[66.677,37.241],[65.979,37.358],[65.725,37.49],[65.337,37.24],[64.826,37.148],[64.632,36.784],[64.541,36.338],[64.266,36.171],[63.117,35.789],[63.063,35.49],[62.678,35.265],[62.179,35.288],[61.221,35.582]]]},"properties":{"NAME":"Afghanistan","SUBJECTO":"Afghanistan","PARTOF":"Afghanistan","ABBREVN":"Afghanistan","BORDERPRECISION":3,"fid":17}},
{"type":"Feature","geometry":{"type":"Polygon","coordinates":[[[-88.941,15.905],[-88.941,16.033],[-88.445,16.441],[-88.242,17.014],[-88.327,17.157],[-88.22,17.514],[-88.3,17.635],[-88.112,18.194],[-88.32,18.494],[-88.517,18.487],[-88.867,17.901],[-89.154,17.831],[-89.251,15.897],[-88.941,15.905]]]},"properties":{"NAME":"Belize","SUBJECTO":"Belize","PARTOF":"Belize","ABBREVN":"Belize","BORDERPRECISION":3,"fid":18}},
{"type":"Feature","geometry":{"type":"Polygon","coordinates":[[[-89.154,17.831],[-91.01,17.836],[-91.028,17.278],[-91.299,17.164],[-91.076,16.92],[-90,16.816],[-90,16.098],[-91.759,16.098],[-92.244,15.282],[-92.155,14.543],[-91.516,14.059],[-91.242,13.952],[-90,13.937],[-90,13.873],[-89.777,14.073],[-89.59,14.445],[-89.38,14.467],[-89.183,14.603],[-89.256,14.874],[-89.176,15.096],[-88.952,15.204],[-88.274,15.747],[-88.48,15.912],[-88.664,15.726],[-88.941,15.905],[-89.251,15.897],[-89.154,17.831]]]},"properties":{"NAME":"Guatemala","SUBJECTO":"Guatemala","PARTOF":"Guatemala","ABBREVN":"Guatemala","BORDERPRECISION":3,"fid":19}},
{"type":"Feature","geometry":{"type":"Polygon","coordinates":[[[-83.417,15.001],[-83.527,15.237],[-84.132,15.375],[-84.171,15.763],[-84.65,15.933],[-85.632,15.874],[-85.887,15.994],[-86.372,15.803],[-87.021,15.82],[-87.571,15.908],[-88.274,15.747],[-88.952,15.204],[-89.176,15.096],[-89.256,14.874],[-89.183,14.603],[-89.38,14.467],[-89.076,14.39],[-88.35,13.88],[-88.155,14.033],[-87.732,13.83],[-87.771,13.501],[-87.556,13.366],[-87.404,13.03],[-86.954,13.086],[-86.692,13.336],[-86.689,13.768],[-86.292,13.783],[-86.061,14.045],[-85.735,13.857],[-85.192,14.305],[-84.834,14.771],[-84.361,14.641],[-83.417,15.001]]]},"properties":{"NAME":"Honduras","SUBJECTO":"Honduras","PARTOF":"Honduras","ABBREVN":"Honduras","BORDERPRECISION":3,"fid":20}},
{"type":"Feature","geometry":{"type":"Polygon","coordinates":[[[-90,13.873],[-89.989,13.678],[-88.638,13.255],[-87.949,13.172],[-87.771,13.501],[-87.732,13.83],[-88.155,14.033],[-88.35,13.88],[-89.076,14.39],[-89.38,14.467],[-89.59,14.445],[-89.777,14.073],[-90,13.873]]]},"properties":{"NAME":"El Salvador","SUBJECTO":"El Salvador","PARTOF":"El Salvador","ABBREVN":"El Salvador","BORDERPRECISION":3,"fid":21}},
{"type":"Feature","geometry":{"type":"MultiPolygon","coordinates":[[[[100.159,6.34],[100.38,5.021],[100.608,4.552],[100.577,4.202],[100.664,3.904],[101.067,3.536],[101.264,3.225],[101.336,2.781],[101.893,2.337],[102.717,1.881],[103.428,1.381],[103.608,1.445],[104.176,1.389],[103.83,2.17],[103.44,2.633],[103.308,3.026],[103.308,3.795],[103.368,4.183],[103.342,4.805],[102.802,5.56],[102.325,6.099],[102.074,6.154],[101.812,5.845],[101.763,5.586],[101.473,5.546],[101.312,5.835],[101.076,5.531],[100.931,5.677],[100.984,6.052],[100.665,6.212],[100.617,6.422],[100.159,6.34]]],[[[114.074,4.455],[113.815,4.263],[113.423,3.76],[113.188,3.615],[112.952,3.155],[112.759,3.009],[111.635,2.72],[111.372,2.599],[110.893,1.511],[110.818,1.244],[110.289,1.516],[109.723,1.617],[109.518,1.821],[109.648,1.464],[110.211,0.889],[110.549,0.726],[110.966,0.913],[111.562,0.764],[111.98,0.995],[112.4,1.43],[112.809,1.413],[113.296,1.2],[113.677,1.145],[113.887,1.305],[114.485,1.461],[114.659,1.596],[115.076,2.399],[115.042,2.736],[115.14,2.889],[115.431,2.999],[115.53,3.171],[115.482,3.615],[115.707,4.157],[116.027,4.235],[117.138,4.153],[117.559,3.981],[118.112,4.145],[118.391,4.374],[117.992,4.685],[118.108,4.939],[118.683,4.915],[119.043,5.17],[118.377,5.639],[117.762,5.58],[117.867,5.904],[117.37,5.789],[117.541,6.24],[117.507,6.393],[117.168,6.614],[116.889,6.646],[116.596,6.899],[116.338,6.358],[115.971,5.881],[115.787,5.74],[115.717,5.468],[115.292,5.454],[115.203,5.276],[115.418,5.111],[115.361,4.876],[114.962,4.877],[115.161,4.309],[114.606,4.121],[114.434,3.998],[114.139,4.232],[114.074,4.455]]]]},"properties":{"NAME":"Malaya","SUBJECTO":"Malaya","PARTOF":"Malaya","ABBREVN":"Malaya","BORDERPRECISION":3,"fid":22}},
{"type":"Feature","geometry":{"type":"Polygon","coordinates":[[[-56.71,1.891],[-55.794,1.725],[-56.069,2.181],[-55.901,2.398],[-55.424,2.281],[-54.861,2.481],[-54.388,2.261],[-54.168,2.695],[-53.977,3.357],[-53.99,3.554],[-54.225,3.934],[-54.366,4.69],[-54.128,5.295],[-53.837,5.689],[-54.57,5.964],[-55.81,5.999],[-55.911,5.776],[-56.12,5.795],[-56.746,6.003],[-57.065,5.837],[-57.173,5.074],[-57.255,4.952],[-57.764,4.911],[-57.805,4.485],[-57.995,3.963],[-57.499,3.285],[-57.246,3.255],[-56.71,1.891]]]},"properties":{"NAME":"Dutch Guiana","SUBJECTO":"Dutch Guiana","PARTOF":"Dutch Guiana","ABBREVN":"Dutch Guiana","BORDERPRECISION":3,"fid":23}},
{"type":"Feature","geometry":{"type":"Polygon","coordinates":[[[-54.388,2.261],[-53.995,2.003],[-53.598,2.279],[-53.098,2.104],[-52.846,2.092],[-52.503,2.495],[-52.113,3.286],[-51.617,4.026],[-51.623,4.216],[-52.098,4.692],[-52.667,5.18],[-53.027,5.427],[-53.837,5.689],[-54.128,5.295],[-54.366,4.69],[-54.225,3.934],[-53.99,3.554],[-53.977,3.357],[-54.168,2.695],[-54.388,2.261]]]},"properties":{"NAME":"French Guiana","SUBJECTO":"French Guiana","PARTOF":"French Guiana","ABBREVN":"French Guiana","BORDERPRECISION":3,"fid":24}},
{"type":"Feature","geometry":{"type":"MultiPolygon","coordinates":[[[[149.554,-6.406],[150.276,-6.341],[151.056,-6.015],[151.28,-5.671],[151.802,-5.708],[152.059,-5.498],[151.862,-5.282],[152.136,-5.085],[152.268,-4.779],[152.09,-4.36],[151.944,-4.52],[151.539,-4.406],[151.588,-4.902],[151.452,-5.086],[151.157,-5.1],[150.887,-5.52],[150.289,-5.712],[149.764,-5.63],[149.413,-5.739],[148.836,-5.645],[148.377,-5.659],[148.416,-5.881],[148.712,-5.988],[149.021,-6.242],[149.209,-6.153],[149.554,-6.406]]],[[[140.948,-9.274],[142.307,-9.333],[142.607,-9.377],[143.331,-9],[143.233,-8.822],[142.464,-8.296],[142.97,-8.378],[143.437,-8.358],[143.356,-8.129],[143.667,-8.141],[144.016,-7.874],[144.38,-7.758],[144.929,-7.922],[145.82,-8.098],[146.646,-9.279],[147.185,-9.57],[147.393,-9.926],[147.874,-10.179],[148.561,-10.184],[149.329,-10.36],[149.783,-10.41],[150.002,-10.734],[150.495,-10.739],[150.418,-10.294],[150.176,-10.161],[149.696,-10.035],[149.83,-9.711],[149.176,-9.553],[149.078,-9.458],[149.198,-9.121],[148.589,-9.16],[148.459,-9.097],[148.133,-8.627],[148.035,-8.246],[147.376,-7.796],[147.151,-7.562],[146.886,-7.117],[146.909,-6.895],[147.664,-6.791],[147.644,-6.48],[147.376,-6.125],[146.893,-6.03],[146.045,-5.676],[145.745,-5.626],[145.593,-5.423],[145.728,-4.997],[145.377,-4.674],[144.783,-4.338],[144.543,-3.995],[144.103,-3.984],[143.446,-3.61],[142.413,-3.307],[142.031,-3.156],[140.87,-2.795],[140.945,-6.379],[140.747,-6.749],[140.941,-7.365],[140.962,-7.727],[140.948,-9.274]]]]},"properties":{"NAME":"Papua New Guinea","SUBJECTO":"Papua New Guinea","PARTOF":"Papua New Guinea","ABBREVN":"Papua New Guinea","BORDERPRECISION":3,"fid":25}},
{"type":"Feature","geometry":{"type":"Polygon","coordinates":[[[128.824,-24.935],[128.722,-31.917],[129.185,-31.798],[130.857,-31.731],[131.28,-31.635],[131.694,-31.831],[131.993,-32.066],[132.377,-32.161],[132.698,-32.09],[133.125,-32.337],[133.837,-32.342],[134.237,-32.742],[134.108,-33.028],[134.208,-33.257],[134.631,-33.269],[134.844,-33.695],[135.153,-34.05],[135.357,-34.457],[135.528,-35.055],[135.712,-35.207],[136.106,-34.532],[136.731,-34.06],[137.067,-33.951],[137.457,-33.314],[137.82,-33.065],[138.166,-33.192],[137.913,-33.517],[137.864,-33.879],[137.512,-34.459],[137.559,-34.911],[137.393,-35.089],[137.108,-35.071],[136.947,-35.473],[137.683,-35.331],[137.883,-34.687],[138.101,-34.356],[138.568,-34.928],[138.352,-35.865],[138.774,-35.788],[139.127,-35.608],[139.368,-35.614],[139.444,-36.041],[139.743,-36.372],[139.863,-36.78],[139.823,-37.246],[140.012,-37.642],[140.652,-38.164],[141.056,-38.377],[141.019,-33.998],[140.976,-28.859],[140.951,-25.869],[137.878,-25.919],[137.899,-24.935],[128.824,-24.935]]]},"properties":{"NAME":"South Australia (UK)","SUBJECTO":"United Kingdom of Great Britain and Ireland","PARTOF":"United Kingdom of Great Britain and Ireland","ABBREVN":"United Kingdom","BORDERPRECISION":3,"fid":26}},
{"type":"Feature","geometry":{"type":"Polygon","coordinates":[[[-58.34,-34.216],[-57.787,-34.598],[-57.348,-34.508],[-56.719,-34.691],[-56.338,-34.995],[-55.383,-34.816],[-54.99,-34.967],[-54.622,-34.922],[-54.074,-34.648],[-53.793,-34.4],[-53.406,-33.879],[-53.567,-33.403],[-53.236,-32.937],[-53.894,-32.046],[-54.557,-31.586],[-55.082,-31.411],[-55.441,-30.975],[-55.874,-31.174],[-56.415,-30.453],[-56.746,-30.246],[-57.328,-30.402],[-57.576,-30.403],[-57.775,-30.639],[-58.118,-32.139],[-58.021,-32.964],[-58.398,-33.569],[-58.34,-34.216]]]},"properties":{"NAME":"Uruguay","SUBJECTO":"Uruguay","PARTOF":"Uruguay","ABBREVN":"Uruguay","BORDERPRECISION":3,"fid":27}},
{"type":"Feature","geometry":{"type":"Polygon","coordinates":[[[6,50.742],[5.964,51.024],[6.222,51.389],[5.979,51.804],[6.825,51.956],[7.069,52.366],[7.035,52.624],[7.228,52.967],[7.16,53.164],[6.751,53.39],[5.966,53.335],[5.39,53.139],[5.326,52.79],[5.547,52.679],[5.757,52.334],[5.473,52.177],[4.95,52.278],[5.235,52.623],[5.008,52.856],[4.641,52.756],[4.264,52.071],[3.52,51.579],[3.775,51.388],[5.113,51.405],[5.824,51.117],[5.697,50.731],[6,50.742]]]},"properties":{"NAME":"Netherlands","SUBJECTO":"Netherlands","PARTOF":"Netherlands","ABBREVN":"Netherlands","BORDERPRECISION":3,"fid":28}},
{"type":"Feature","geometry":{"type":"Polygon","coordinates":[[[88.197,27.876],[87.902,27.947],[87.214,27.843],[87.071,28.007],[86.604,28.133],[86.446,27.947],[86.142,27.955],[85.729,28.342],[85.144,28.342],[84.92,28.535],[84.267,28.937],[84.088,29.309],[83.698,29.183],[83.402,29.54],[82.918,29.703],[82.591,29.971],[82.201,30.09],[82.142,30.366],[81.656,30.455],[81.449,30.403],[81.388,30.172],[81.129,30.053],[81.021,30.247],[80.413,29.785],[80.336,29.324],[80.098,28.952],[80.399,28.669],[80.609,28.706],[80.909,28.491],[81.225,28.424],[81.362,28.186],[81.921,27.881],[82.025,27.955],[82.812,27.538],[83.187,27.464],[83.657,27.501],[83.874,27.382],[84.136,27.538],[84.648,27.375],[84.666,27.07],[84.965,27.003],[85.371,26.757],[85.634,26.883],[85.901,26.593],[86.071,26.697],[86.777,26.467],[87.049,26.601],[87.349,26.385],[88.092,26.445],[88.232,26.757],[88.039,27.129],[88.071,27.523],[88.197,27.876]]]},"properties":{"NAME":"Nepal","SUBJECTO":"Nepal","PARTOF":"Nepal","ABBREVN":"Nepal","BORDERPRECISION":3,"fid":29}},
{"type":"Feature","geometry":{"type":"Polygon","coordinates":[[[114.962,4.877],[114.745,4.984],[114.45,4.563],[114.074,4.455],[114.139,4.232],[114.434,3.998],[114.606,4.121],[115.161,4.309],[114.962,4.877]]]},"properties":{"NAME":"Brunei","SUBJECTO":"Brunei","PARTOF":"Brunei","ABBREVN":"Brunei","BORDERPRECISION":3,"fid":30}},
{"type":"Feature","geometry":{"type":"MultiPolygon","coordinates":[[[[109.518,1.821],[109.282,1.883],[109.146,1.52],[108.956,1.259],[108.814,0.808],[108.841,0.331],[109.158,-0.075],[109.073,-0.405],[109.429,-0.71],[109.179,-0.869],[109.6,-1.122],[109.783,-1.306],[109.941,-1.643],[110.066,-2.494],[110.102,-3.079],[110.653,-2.988],[110.797,-3.172],[111.436,-2.974],[111.587,-2.796],[111.729,-3.259],[111.739,-3.647],[112.246,-3.398],[112.578,-3.423],[112.795,-2.971],[113.123,-3.244],[113.461,-3.383],[113.744,-3.598],[114.099,-3.35],[114.356,-3.603],[114.505,-3.965],[114.712,-4.206],[115.568,-3.804],[115.806,-3.536],[115.956,-3.199],[116.202,-2.9],[116.245,-2.703],[116.041,-2.443],[116.349,-2.417],[116.246,-2.106],[116.046,-1.934],[116.384,-1.66],[116.579,-1.368],[117.046,-0.935],[117.37,-1.004],[117.43,-0.622],[117.318,-0.14],[117.534,0.611],[117.86,0.866],[118.218,0.758],[118.765,0.823],[118.517,1.166],[117.913,1.59],[117.696,1.901],[117.829,2.314],[117.342,3.025],[117.074,3.507],[117.684,3.629],[117.559,3.981],[117.138,4.153],[116.027,4.235],[115.707,4.157],[115.482,3.615],[115.53,3.171],[115.431,2.999],[115.14,2.889],[115.042,2.736],[115.076,2.399],[114.659,1.596],[114.485,1.461],[113.887,1.305],[113.677,1.145],[113.296,1.2],[112.809,1.413],[112.4,1.43],[111.98,0.995],[111.562,0.764],[110.966,0.913],[110.549,0.726],[110.211,0.889],[109.648,1.464],[109.518,1.821]]],[[[140.87,-2.795],[139.592,-2.379],[137.854,-1.614],[137.704,-1.633],[137.111,-1.984],[137.084,-2.251],[136.271,-2.418],[135.734,-3.252],[135.508,-3.449],[135.246,-3.539],[134.954,-3.463],[134.773,-3.305],[134.634,-2.822],[134.455,-3],[134.283,-2.855],[134.083,-2.181],[133.983,-2.01],[134.141,-1.501],[133.907,-1.006],[133.265,-0.861],[132.592,-0.57],[132.254,-0.527],[131.834,-0.826],[131.42,-1.011],[131.211,-1.025],[131.183,-1.406],[131.064,-1.54],[131.816,-1.665],[131.973,-2.116],[132.219,-2.344],[133.321,-2.38],[133.855,-2.245],[133.781,-2.722],[133.321,-2.742],[133.121,-2.597],[132.719,-2.934],[132.202,-2.802],[132.177,-3.043],[132.749,-3.398],[132.896,-3.696],[132.713,-3.888],[132.932,-4.268],[133.395,-3.988],[133.563,-3.415],[133.763,-3.51],[134.041,-3.948],[134.401,-4.068],[134.766,-4.036],[134.777,-4.309],[135.378,-4.562],[135.654,-4.593],[137.385,-5.123],[137.824,-5.427],[138.551,-6.652],[139.028,-7.02],[138.65,-7.141],[139.156,-7.725],[138.958,-8.145],[139.112,-8.323],[139.794,-8.213],[139.977,-8.238],[140.299,-8.644],[140.948,-9.274],[140.962,-7.727],[140.941,-7.365],[140.747,-6.749],[140.945,-6.379],[140.87,-2.795]]],[[[130.784,-3.879],[130.725,-3.485],[130.369,-3.13],[129.743,-2.979],[129.168,-3.139],[128.909,-3],[128.153,-2.97],[128.042,-3.059],[128.376,-3.547],[128.915,-3.254],[129.031,-3.413],[129.487,-3.596],[129.595,-3.335],[129.914,-3.385],[130.297,-3.677],[130.784,-3.879]]],[[[126.66,-3.875],[127.112,-3.722],[127.094,-3.518],[126.727,-3.233],[126.111,-3.298],[126.15,-3.628],[126.472,-3.85],[126.66,-3.875]]],[[[138.176,-8.554],[138.297,-8.541],[138.699,-8.152],[138.895,-7.783],[138.568,-7.523],[138.193,-7.676],[137.941,-7.995],[137.676,-8.459],[138.176,-8.554]]],[[[122.949,-8.377],[122.715,-8.293],[122.166,-8.634],[121.98,-8.55],[121.578,-8.589],[121.279,-8.717],[121.079,-8.571],[120.565,-8.388],[120.328,-8.395],[119.853,-8.574],[119.935,-8.936],[120.549,-8.935],[120.971,-9.055],[121.276,-8.914],[121.694,-8.996],[122.711,-8.598],[122.949,-8.377]]],[[[117.938,-8.54],[117.817,-8.814],[117.514,-8.613],[116.958,-8.529],[116.663,-8.702],[116.663,-9.059],[116.976,-9.178],[117.277,-9.145],[117.841,-8.954],[118.658,-8.856],[118.873,-8.671],[118.863,-8.481],[117.948,-8.162],[117.691,-8.267],[117.938,-8.54]]],[[[115.072,-8.781],[115.5,-8.469],[115.084,-8.235],[114.645,-8.331],[114.511,-8.452],[115.072,-8.781]]],[[[103.714,-0.017],[103.463,0.288],[103.047,0.528],[102.472,0.623],[102.136,0.94],[101.868,1.435],[101.474,1.548],[101.276,1.719],[101.06,2.081],[100.832,2.176],[100.732,1.871],[100.456,2.118],[100.121,2.543],[99.863,2.568],[99.858,2.904],[98.625,3.658],[98.146,4.07],[98.174,4.381],[97.943,4.521],[97.384,5.18],[96.753,5.064],[96.187,5.146],[95.74,5.469],[95.464,5.57],[95.191,5.41],[95.308,4.96],[95.561,4.534],[96.394,3.647],[96.72,3.705],[97.254,3.14],[97.509,2.74],[97.597,2.251],[97.983,2.112],[98.601,1.707],[98.689,1.37],[99.113,0.221],[99.697,-0.152],[99.972,-0.501],[100.65,-1.631],[100.796,-2.025],[100.812,-2.336],[101.345,-3.015],[101.66,-3.319],[102.111,-3.604],[102.462,-4.182],[103.069,-4.613],[103.523,-4.999],[104.568,-6.071],[104.563,-5.601],[105.033,-5.879],[105.187,-5.542],[105.476,-5.815],[105.728,-5.827],[105.796,-5.35],[105.797,-4.734],[105.711,-4.105],[105.943,-3.215],[105.629,-2.91],[105.445,-2.599],[104.995,-2.467],[104.61,-2.576],[104.813,-2.156],[104.568,-2.137],[104.352,-1.89],[104.298,-1.363],[104.121,-1.141],[103.747,-1.116],[103.384,-0.894],[103.238,-0.659],[103.409,-0.5],[103.714,-0.017]]],[[[127.631,-0.017],[127.636,-0.308],[127.884,-0.638],[128.299,-1.025],[128.37,-0.929],[127.946,-0.326],[127.865,0.099],[128.037,0.367],[128.706,0.209],[128.642,0.431],[128.19,0.627],[128.263,0.767],[128.632,1.022],[128.545,1.448],[128.102,1.199],[128.042,0.964],[127.802,0.716],[127.689,0.925],[127.987,1.574],[127.8,1.897],[127.569,1.528],[127.424,0.982],[127.522,0.785],[127.441,0.537],[127.631,-0.017]]],[[[106.553,-3.175],[106.471,-2.921],[106.643,-2.711],[106.329,-2.572],[106.037,-2.204],[105.896,-1.804],[105.656,-1.957],[105.427,-1.71],[105.2,-2.11],[105.583,-2.205],[105.812,-2.382],[105.995,-2.89],[106.553,-3.175]]],[[[105.185,-6.866],[105.89,-6.933],[106.366,-7.04],[106.547,-7.16],[106.345,-7.37],[106.484,-7.503],[107.368,-7.565],[107.73,-7.787],[108.16,-7.856],[108.61,-7.702],[109.037,-7.72],[110.038,-7.991],[110.415,-8.207],[110.778,-8.32],[112.414,-8.488],[112.836,-8.348],[113.074,-8.347],[113.744,-8.6],[114.105,-8.688],[114.069,-8.434],[114.252,-8.02],[113.948,-7.824],[113.559,-7.914],[113.073,-7.877],[112.678,-7.719],[112.501,-7.465],[112.537,-7.265],[112.275,-7.027],[111.045,-6.852],[110.815,-6.534],[110.492,-6.662],[110.396,-6.955],[110.027,-7.044],[108.556,-6.921],[108.475,-6.686],[108.173,-6.356],[107.769,-6.452],[107.34,-6.154],[106.945,-6.026],[106.864,-6.27],[106.628,-6.309],[106.521,-6.11],[106.024,-6.081],[105.672,-6.456],[105.633,-6.755],[105.185,-6.866]]],[[[123.492,-10.352],[124.154,-10.205],[124.939,-9.555],[125.212,-9.395],[126.148,-9.082],[126.873,-8.807],[127.141,-8.596],[127.044,-8.476],[126,-8.656],[125.29,-8.702],[125.08,-8.772],[124.918,-9.046],[124.62,-9.25],[123.969,-9.531],[123.665,-9.748],[123.492,-10.352]]],[[[120.28,-10.378],[120.581,-10.098],[120.462,-9.926],[119.789,-9.458],[119.116,-9.523],[119.032,-9.771],[119.41,-9.872],[120.28,-10.378]]],[[[119.692,-0.017],[119.578,-0.491],[119.597,-0.878],[119.396,-0.904],[119.205,-1.432],[119.247,-1.959],[119.175,-2.176],[118.684,-2.901],[118.791,-3.663],[119.226,-3.574],[119.461,-3.808],[119.504,-4.189],[119.446,-5.067],[119.295,-5.423],[119.477,-5.804],[120.248,-5.586],[120.133,-5.23],[120.307,-4.804],[120.143,-4.398],[120.28,-3.654],[120.144,-3.076],[120.593,-2.802],[120.925,-2.826],[120.999,-3.049],[120.818,-3.487],[120.881,-3.716],[121.508,-4.236],[121.393,-4.789],[121.649,-4.947],[121.873,-4.96],[121.974,-4.648],[122.159,-4.514],[122.648,-4.513],[122.641,-4.284],[122.19,-3.847],[122.144,-3.663],[122.258,-3.211],[121.874,-2.653],[121.265,-2.101],[121.586,-2.011],[121.746,-1.852],[122.223,-1.654],[122.757,-1.094],[123.213,-1.233],[123.25,-0.902],[122.981,-0.718],[122.739,-0.878],[122.159,-1.012],[121.995,-1.114],[121.461,-0.989],[121.055,-1.549],[120.507,-1.448],[120.407,-1.175],[120.022,-0.903],[119.873,-0.465],[119.957,-0.14],[120.143,0.191],[120.337,0.356],[120.826,0.414],[121.085,0.377],[122.466,0.405],[122.983,0.375],[123.249,0.185],[123.472,0.153],[124.234,0.301],[124.857,1.046],[125.016,1.542],[124.852,1.624],[124.457,1.204],[124.432,0.956],[124.15,0.797],[123.826,0.739],[122.992,0.775],[122.733,0.673],[122.181,0.869],[121.591,0.861],[121.263,1.102],[120.767,1.139],[120.432,0.636],[120.239,0.788],[119.914,0.54],[119.692,-0.017]]]]},"properties":{"NAME":"Netherlands Indies","SUBJECTO":"Netherlands","PARTOF":"Netherlands","ABBREVN":"Netherlands","BORDERPRECISION":3,"fid":31}},
{"type":"Feature","geometry":{"type":"MultiPolygon","coordinates":[[[[-26.787,71.558],[-26.12,71.669],[-25.291,71.569],[-24.386,71.183],[-23.754,70.59],[-23.084,70.468],[-21.471,70.532],[-21.726,71.405],[-22.431,71.341],[-22.818,71.87],[-23.92,72.188],[-25.073,72.634],[-25.778,72.609],[-27.357,72.859],[-27.441,73.287],[-26.827,73.408],[-25.763,73.354],[-24.076,73.756],[-22.82,73.327],[-21.709,73.274],[-21.44,73.394],[-20.33,73.42],[-20.354,73.811],[-22.029,74.104],[-21.762,74.305],[-19.716,74.213],[-19.051,74.335],[-19.071,74.609],[-20.616,74.954],[-20.679,75.308],[-19.562,75.228],[-19.194,75.444],[-19.57,76.11],[-21.217,76.267],[-22.378,76.636],[-21.183,76.697],[-19.978,76.946],[-18.057,76.805],[-18.253,77.3],[-19.064,77.239],[-20.105,77.382],[-19.944,77.641],[-19.177,77.824],[-20.777,77.969],[-21.768,77.767],[-20.879,78.818],[-19.763,78.873],[-19.481,79.46],[-18.102,79.669],[-17.769,79.967],[-20.267,79.999],[-20.045,80.24],[-19.045,80.426],[-16.441,80.451],[-15.013,80.858],[-14.202,81.21],[-12.644,81.386],[-12.705,81.621],[-14.253,81.835],[-16.465,81.904],[-17.963,81.518],[-19.317,81.597],[-21.182,81.287],[-23.339,80.623],[-24.11,80.769],[-23.533,81.1],[-22.053,81.54],[-21.798,81.757],[-22.948,81.9],[-24.877,81.595],[-25.975,81.831],[-30.651,81.811],[-32.415,81.652],[-32.598,81.974],[-31.135,82.198],[-28.391,82.31],[-25.457,82.221],[-22.59,82.419],[-22.432,82.743],[-25.324,83],[-26.421,83.342],[-32.513,83.577],[-34.427,83.403],[-36.487,83.511],[-38.587,83.382],[-38.587,82.828],[-40.195,82.967],[-41.881,83.263],[-45.213,82.967],[-43.955,82.491],[-44.323,81.823],[-45.525,81.821],[-49.648,82.478],[-50.905,82.368],[-49.846,81.811],[-50.626,81.789],[-52.364,82.12],[-54.575,82.328],[-58.133,82.013],[-57.074,81.548],[-60.039,81.883],[-61.122,81.798],[-61.112,81.182],[-63.725,81.086],[-67.143,80.562],[-67.41,80.211],[-64.623,79.949],[-64.891,79.382],[-65.485,79.158],[-67.969,79.127],[-69.266,78.796],[-72.383,78.526],[-72.525,78.166],[-71.045,77.916],[-69.688,77.555],[-67.852,77.593],[-66.805,77.777],[-66.153,77.553],[-66.784,77.259],[-67.736,77.189],[-71.184,77.26],[-71.448,77.122],[-70.5,76.833],[-68.376,76.778],[-68.144,76.6],[-69.045,76.294],[-67.037,75.936],[-66.684,76.307],[-65.475,76.099],[-63.651,76.38],[-61.507,76.258],[-59.783,75.916],[-58.636,75.793],[-58.205,75.295],[-56.939,74.919],[-55.779,73.704],[-54.73,73.038],[-54.626,72.721],[-55.366,72.728],[-55.298,72.161],[-55.626,71.73],[-55.012,71.335],[-53.988,71.414],[-53.323,71.891],[-51.72,71.59],[-52.198,71.355],[-51.675,71.224],[-50.799,70.385],[-51.153,70.323],[-52.367,70.667],[-53.628,70.819],[-54.374,70.725],[-53.666,70.357],[-52.909,70.289],[-51.637,69.94],[-50.573,69.866],[-50.767,69.336],[-50.266,68.953],[-50.874,68.945],[-50.954,68.539],[-51.679,68.5],[-52.337,68.664],[-52.842,68.506],[-50.491,67.973],[-50.477,67.482],[-52.808,67.775],[-53.494,67.473],[-53.17,67.286],[-53.267,66.922],[-52.303,66.909],[-52.448,66.607],[-53.222,66.531],[-53.348,66.324],[-52.73,66.276],[-53.103,65.873],[-52.536,65.495],[-52.078,65.372],[-51.805,64.233],[-50.994,64.615],[-50.144,64.739],[-50.043,64.438],[-50.988,64.092],[-51.366,63.726],[-51.101,63.47],[-50.617,63.435],[-50.466,63.051],[-49.857,62.967],[-50.159,62.462],[-50.048,62.314],[-49.116,62.104],[-49.148,61.772],[-48.915,61.421],[-47.969,61.037],[-47.63,60.597],[-47.159,60.856],[-46.072,60.942],[-45.46,60.895],[-45.622,60.601],[-44.682,60.288],[-44.753,60.031],[-44.467,59.761],[-44.052,60.164],[-43.144,59.819],[-42.962,60.034],[-43.154,60.305],[-42.785,60.529],[-42.817,61.026],[-43.037,61.292],[-42.478,61.307],[-42.306,61.729],[-42.271,62.194],[-43.226,62.681],[-42.299,62.739],[-41.834,62.691],[-41.916,63.124],[-41.434,63.039],[-40.516,63.782],[-41.484,64.274],[-40.472,64.348],[-40.484,64.685],[-41.06,65.037],[-39.898,64.953],[-39.686,65.171],[-39.992,65.533],[-38.467,65.645],[-37.937,66.004],[-38.042,66.399],[-37.155,66.32],[-37.579,65.545],[-37.048,65.743],[-36.324,65.722],[-35.972,65.847],[-35.708,66.352],[-35.248,66.229],[-34.433,66.384],[-32.956,67.641],[-32.037,67.985],[-31.355,68.046],[-30.305,67.98],[-29.994,68.391],[-29.4,68.228],[-27.959,68.477],[-26.964,68.502],[-26.362,68.66],[-25.324,69.09],[-24.897,69.392],[-24.333,69.333],[-22.732,69.774],[-22.158,70.056],[-23.587,70.084],[-24.585,70.304],[-26.252,70.178],[-27.475,70.207],[-28.384,70.458],[-28.084,70.897],[-27.606,71.068],[-26.329,71.132],[-25.85,71.436],[-26.787,71.558]]],[[[-22.146,72.027],[-21.882,72.365],[-23.131,72.678],[-23.585,72.44],[-22.146,72.027]]],[[[-53.551,69.278],[-51.877,69.531],[-52.084,69.772],[-53.617,70.158],[-54.594,70.24],[-54.687,69.707],[-53.551,69.278]]]]},"properties":{"NAME":"Greenland","SUBJECTO":"Greenland","PARTOF":"Greenland","ABBREVN":"Greenland","BORDERPRECISION":3,"fid":32}},
{"type":"Feature","geometry":{"type":"MultiPolygon","coordinates":[[[[-76.133,44.327],[-75.458,44.64],[-74.782,45.012],[-72.027,45.001],[-71.535,44.959],[-71.293,45.323],[-70.589,45.295],[-70.077,45.947],[-69.565,46.946],[-69.049,47.464],[-68.699,47.264],[-67.996,47.294],[-67.699,47.041],[-67.559,45.772],[-67.321,45.565],[-67.187,45.252],[-66.502,45.186],[-65.76,45.294],[-64.871,45.662],[-64.905,45.463],[-64.458,45.391],[-65.749,44.741],[-66.189,44.141],[-65.713,43.56],[-64.835,43.884],[-64.706,44.129],[-64.088,44.513],[-63.559,44.513],[-63.053,44.711],[-61.032,45.379],[-61.481,45.741],[-61.723,45.686],[-61.94,45.922],[-62.39,45.722],[-63.843,45.988],[-63.749,46.169],[-64.535,46.272],[-64.69,46.695],[-64.892,46.912],[-64.924,47.56],[-64.658,47.779],[-65.028,47.882],[-65.612,47.663],[-65.837,47.961],[-65.855,48.205],[-65.213,48.121],[-64.874,48.325],[-64.398,48.456],[-64.194,48.653],[-64.32,48.947],[-64.952,49.207],[-66.03,49.166],[-66.973,48.955],[-68.341,48.546],[-69.254,48.12],[-70.534,47.126],[-70.599,47.433],[-69.507,48.459],[-68.801,48.977],[-68.307,49.227],[-67.318,49.425],[-66.855,50.089],[-66.373,50.314],[-65.582,50.362],[-63.85,50.299],[-63.207,50.346],[-61.64,50.277],[-60.138,50.412],[-59.716,50.511],[-59.132,50.836],[-58.524,51.379],[-56.964,51.488],[-55.659,52.187],[-56.11,52.605],[-55.77,53.159],[-55.881,53.352],[-56.649,53.658],[-57.131,53.483],[-57.285,53.67],[-57.106,53.871],[-57.561,54.131],[-58.077,54.083],[-58.64,53.868],[-59.181,53.519],[-60.246,53.277],[-60.137,53.684],[-59.863,53.839],[-59.399,53.866],[-58.844,54.148],[-57.515,54.466],[-57.433,54.58],[-58.557,54.772],[-59.694,55.154],[-60.575,55.071],[-60.373,55.422],[-60.468,55.659],[-61.458,56.158],[-61.928,56.273],[-62.184,56.796],[-61.545,56.729],[-61.476,57.104],[-62.186,57.437],[-61.828,57.554],[-62.015,57.841],[-62.577,58.039],[-62.887,58.656],[-63.476,59.158],[-63.744,59.517],[-64.671,60.181],[-64.988,59.819],[-65.429,59.777],[-65.555,59.576],[-65.263,59.348],[-65.719,59.057],[-65.861,58.795],[-66.475,58.808],[-66.821,58.388],[-67.772,58.249],[-68.569,58.783],[-69.214,58.748],[-69.726,58.561],[-69.832,58.988],[-69.343,59.209],[-69.704,60.318],[-69.384,60.856],[-70.028,60.883],[-70.909,61.043],[-71.673,61.266],[-71.724,61.547],[-73.395,62.355],[-73.66,62.39],[-74.708,62.176],[-75.695,62.216],[-77.362,62.517],[-77.868,62.29],[-77.985,61.859],[-77.462,61.473],[-77.688,61.156],[-78.176,60.742],[-77.388,60.694],[-77.507,60.415],[-77.215,59.748],[-77.662,59.574],[-78.042,58.993],[-78.469,58.709],[-78.337,58.551],[-77.404,58.114],[-76.772,57.663],[-76.555,57.28],[-76.439,56.81],[-76.569,56.272],[-77.234,55.607],[-78.589,54.922],[-79.545,54.692],[-79.399,54.276],[-78.801,53.963],[-79.035,53.742],[-78.844,53.281],[-78.725,52.695],[-78.491,52.256],[-78.797,51.771],[-78.7,51.566],[-78.823,51.161],[-79.276,51.604],[-79.594,51.266],[-80.361,51.304],[-80.877,51.906],[-81.311,52.118],[-81.747,52.17],[-81.734,52.549],[-82.341,52.981],[-82.212,53.341],[-82.192,53.99],[-82.399,54.271],[-82.202,54.969],[-82.383,55.056],[-83.576,55.223],[-84.468,55.167],[-85.161,55.328],[-85.892,55.61],[-87.467,55.912],[-87.914,56.332],[-88.767,56.738],[-89.726,56.934],[-90,57.178],[-91.337,57.163],[-92.18,56.97],[-92.483,56.977],[-92.424,57.386],[-92.523,57.687],[-93.074,58.551],[-93.364,58.702],[-94.415,58.714],[-94.684,58.878],[-94.8,59.514],[-94.753,59.95],[-94.376,60.795],[-93.874,61.343],[-93.325,61.541],[-93.423,61.858],[-91.891,62.604],[-92.29,62.915],[-91.417,62.853],[-90,62.946],[-90,63.302],[-91.027,63.395],[-92.351,63.585],[-93.317,63.974],[-90,63.609],[-89.973,64.191],[-89.077,63.963],[-88.377,64.057],[-87.435,64.569],[-87.157,65.06],[-88.171,65.13],[-88.904,65.325],[-90,65.768],[-89.509,65.929],[-88.642,65.712],[-87.787,65.349],[-87.254,65.43],[-85.987,66.163],[-86.853,66.462],[-86.739,66.565],[-85.387,66.612],[-84.95,66.275],[-83.74,66.306],[-84.408,66.709],[-84.226,66.931],[-83.139,66.373],[-82.33,66.64],[-81.499,67.069],[-81.295,67.499],[-82.178,67.995],[-82.687,68.697],[-81.886,68.579],[-81.37,68.722],[-81.48,69.189],[-82.161,69.248],[-82.757,69.549],[-84.314,69.826],[-85.381,69.695],[-85.421,69.294],[-84.564,68.987],[-84.625,68.754],[-85.4,68.76],[-85.782,68.041],[-86.395,67.675],[-86.488,67.378],[-87.325,67.169],[-88.324,67.813],[-88.371,68.312],[-87.79,68.478],[-88.097,68.853],[-88.905,69.228],[-89.441,69.046],[-90,69.489],[-91.172,69.647],[-91.977,69.607],[-92.671,69.742],[-92.271,70.116],[-91.658,70.286],[-93.099,70.969],[-92.989,71.24],[-93.271,71.559],[-94.417,71.884],[-95.411,71.859],[-95.957,71.351],[-96.398,71.203],[-96.7,70.838],[-95.947,70.57],[-96.474,70.3],[-96.127,69.941],[-95.31,69.737],[-94.423,69.694],[-94.037,69.55],[-92.992,69.515],[-92.956,69.084],[-93.636,68.925],[-93.414,68.542],[-94.084,68.451],[-94.637,68.069],[-95.323,68.06],[-95.5,67.725],[-95.259,67.028],[-96.26,67.315],[-96.208,68.074],[-97.572,68.37],[-98.367,68.361],[-97.159,67.967],[-97.496,67.587],[-98.355,67.935],[-99.368,67.792],[-101.002,67.796],[-101.913,67.705],[-102.763,67.8],[-103.583,68.12],[-104.454,68.103],[-105.636,68.355],[-106.212,68.107],[-107.662,67.963],[-107.594,67.338],[-107.128,66.962],[-107.611,66.88],[-108.485,67.07],[-108.095,67.36],[-108.835,67.611],[-110.532,67.92],[-112.503,67.693],[-114.066,67.735],[-115.562,67.896],[-115.402,68.217],[-114.109,68.347],[-114.39,68.608],[-115.285,68.892],[-116.813,68.912],[-117.832,69.008],[-120.222,69.418],[-122.326,69.884],[-123.051,69.86],[-123.803,69.434],[-124.6,69.463],[-124.707,69.941],[-125.386,69.818],[-125.188,69.409],[-125.974,69.43],[-126.795,69.785],[-127.352,70.38],[-127.94,70.08],[-129.013,69.72],[-129.943,69.643],[-130.896,69.3],[-131.673,69.276],[-132.789,68.709],[-133.72,68.918],[-133.413,69.137],[-132.618,69.252],[-132.303,69.487],[-131.195,69.686],[-130.05,69.969],[-130.242,70.206],[-131.059,70.158],[-131.446,69.966],[-132.508,69.858],[-133.648,69.507],[-134.776,69.573],[-135.439,69.526],[-136.044,69.336],[-135.699,68.989],[-136.203,68.876],[-137.729,69.016],[-138.995,69.368],[-140.335,69.623],[-141.059,69.595],[-141.014,68.093],[-140.974,66.026],[-140.916,64.768],[-140.927,63.786],[-140.947,61.835],[-140.895,60.389],[-140.429,60.23],[-139.005,60.258],[-138.621,59.778],[-137.223,58.882],[-135.855,59.646],[-135.258,59.67],[-134.791,59.214],[-133.503,58.424],[-131.955,56.782],[-131.725,56.605],[-130.287,56.107],[-130.106,55.993],[-130.18,55.638],[-130.003,55.289],[-129.842,54.979],[-130.299,54.548],[-130.004,53.938],[-129.434,53.518],[-129.06,53.739],[-128.889,53.418],[-128.432,52.939],[-128.077,52.939],[-128.06,52.5],[-127.71,52.394],[-127.556,52.168],[-128.013,51.808],[-127.455,51.769],[-127.675,51.245],[-127.247,50.968],[-126.691,50.989],[-126.425,51.089],[-126.164,50.752],[-125.412,50.549],[-124.939,50.596],[-124.795,50.035],[-124.471,49.813],[-123.976,49.971],[-123.847,49.663],[-122.9,49.067],[-121.052,49.051],[-118.987,49.062],[-117.215,49.058],[-115.165,49.056],[-112.529,49.064],[-110.67,49.054],[-108.461,49.059],[-106.44,49.064],[-104.262,49.056],[-102.67,49.051],[-100.46,49.043],[-98.201,49.049],[-96.335,49.039],[-94.82,49.051],[-95.053,49.472],[-94.827,49.488],[-94.088,48.778],[-93.713,48.574],[-92.839,48.515],[-92.258,48.327],[-91.682,48.039],[-91.141,48.215],[-90,48.249],[-90,47.972],[-89.622,47.968],[-89.236,48.359],[-88.236,48.871],[-88.095,49.005],[-87.462,48.824],[-86.384,48.725],[-86.077,48.179],[-85.797,47.966],[-85.027,47.94],[-84.924,47.524],[-84.623,47.261],[-84.769,47.016],[-84.442,46.817],[-84.744,46.468],[-84.44,46.459],[-84.277,46.266],[-83.821,46.15],[-83.614,46.266],[-81.564,46.074],[-81.101,45.937],[-80.807,45.955],[-80.649,45.74],[-80.099,45.396],[-79.918,44.967],[-80.224,44.505],[-81.095,44.799],[-81.719,44.139],[-81.808,43.318],[-82.298,43.029],[-82.536,42.612],[-83.041,42.243],[-83.056,42.027],[-82.484,41.96],[-82.284,42.147],[-81.838,42.29],[-81.439,42.587],[-81.014,42.624],[-80.406,42.569],[-80.276,42.741],[-79.637,42.853],[-79.05,42.852],[-79.14,43.222],[-79.478,43.195],[-79.794,43.301],[-79.647,43.491],[-79.153,43.772],[-78.738,43.878],[-77.623,44.01],[-76.933,43.91],[-76.876,44.112],[-76.133,44.327]]],[[[-98.606,68.863],[-97.606,68.64],[-96.213,68.537],[-95.515,68.809],[-96.007,69.041],[-96.182,69.297],[-97.742,69.832],[-98.253,69.694],[-98.304,69.391],[-99.365,68.974],[-98.606,68.863]]],[[[-100.759,72.241],[-100.319,72.14],[-98.939,71.392],[-98.372,71.37],[-97.842,71.69],[-97.284,71.652],[-96.85,71.88],[-96.657,72.343],[-96.351,72.501],[-96.689,72.817],[-98.394,73.131],[-97.489,73.459],[-96.937,73.788],[-97.957,73.922],[-99.219,73.743],[-99.668,73.919],[-100.914,73.708],[-99.955,73.263],[-100.835,72.745],[-102.279,73.147],[-102.669,72.853],[-101.654,72.373],[-100.759,72.241]]],[[[-95.615,73.319],[-95.548,72.882],[-95.058,72.283],[-94.109,72.222],[-93.639,72.53],[-94.266,72.853],[-92.001,72.841],[-91.32,73.255],[-90,73.591],[-90,74],[-91.524,74.055],[-92.693,74.012],[-93.899,74.163],[-95.069,74.064],[-95.615,73.319]]],[[[-125.46,49.168],[-124.999,49.169],[-125.196,48.874],[-124.493,48.6],[-123.902,48.471],[-123.593,48.635],[-123.861,49.158],[-124.718,49.491],[-125.076,49.765],[-125.267,50.054],[-125.719,50.409],[-126.957,50.592],[-127.848,50.861],[-128.343,50.668],[-127.385,50.05],[-126.961,50.057],[-126.522,49.822],[-126.563,49.572],[-126.112,49.527],[-125.967,49.174],[-125.46,49.168]]],[[[-132.73,54.067],[-133.054,54.066],[-132.997,53.651],[-132.569,53.28],[-132.09,53.399],[-131.999,53.794],[-132.082,54.021],[-132.73,54.067]]],[[[-111.641,72.725],[-112.839,72.953],[-113.753,72.698],[-114.473,72.625],[-114.185,73.244],[-114.647,73.355],[-117.22,72.857],[-118.399,72.476],[-118.986,72.034],[-117.314,71.475],[-115.693,71.579],[-115.742,71.299],[-117.41,71.202],[-118.499,71.053],[-117.761,70.722],[-116.297,70.771],[-113.764,70.737],[-112.89,70.646],[-111.85,70.425],[-111.731,70.256],[-112.991,70.238],[-115.147,70.273],[-117.193,70.123],[-117.568,69.992],[-116.656,69.516],[-115.907,69.351],[-113.925,69.249],[-113.539,69.114],[-113.602,68.722],[-113.152,68.596],[-110.448,68.653],[-109.209,68.813],[-108.646,69.002],[-107.536,69.057],[-106.854,69.451],[-106.375,69.482],[-105.93,69.234],[-104.188,68.898],[-103.178,68.855],[-102.278,68.954],[-101.808,69.136],[-102.198,69.482],[-103.268,69.329],[-103.361,69.639],[-102.24,69.876],[-101.449,69.665],[-100.891,69.674],[-101.055,70.031],[-102.436,70.465],[-103.116,70.51],[-103.864,70.701],[-104.595,71.048],[-104.467,71.655],[-105.01,72.045],[-105.313,72.65],[-106.523,73.195],[-108.182,73.383],[-108.087,72.629],[-107.527,72.016],[-108.348,71.913],[-108.986,72.73],[-109.834,72.95],[-110.525,72.997],[-110.079,72.562],[-111.726,72.331],[-111.641,72.725]]],[[[-124.577,71.898],[-124.072,71.735],[-123.468,71.199],[-122.574,71.146],[-121.936,71.505],[-120.843,71.53],[-120.424,71.883],[-120.454,72.299],[-119.768,72.394],[-118.585,72.974],[-115.654,73.633],[-117.336,74.167],[-119.557,74.163],[-121.239,74.58],[-123.057,74.439],[-124.909,74.444],[-124.065,73.865],[-124.247,73.457],[-124.882,73.049],[-125.341,72.969],[-125.181,72.431],[-125.904,72.155],[-125.617,71.99],[-124.577,71.898]]],[[[-114.948,76.443],[-116.296,76.238],[-116.15,75.935],[-115.582,75.685],[-116.998,75.649],[-117.397,75.407],[-116.572,75.201],[-115.942,75.31],[-115.186,75.154],[-113.515,75.29],[-112.811,75.416],[-111.15,75.353],[-111.367,75.104],[-114.217,74.845],[-114.093,74.674],[-113.106,74.514],[-112.203,74.5],[-110.869,74.721],[-109.07,75.133],[-107.48,75.012],[-106.371,75.055],[-105.773,75.23],[-105.498,75.847],[-105.917,76.022],[-108.163,76.009],[-108.389,76.489],[-108.965,76.871],[-109.715,76.75],[-110.382,76.435],[-109.353,76.099],[-109.144,75.714],[-109.912,75.629],[-111.386,75.66],[-112.851,76.227],[-113.549,76.133],[-114.372,76.47],[-114.948,76.443]]],[[[-122.282,76.151],[-121.311,76.296],[-120.1,75.978],[-119.387,76.375],[-118.736,76.938],[-118.253,76.879],[-117.863,76.438],[-117,76.728],[-116.24,76.78],[-116.406,77.234],[-115.682,77.381],[-116.359,77.578],[-117.226,77.413],[-119.696,77.313],[-121.578,76.702],[-122.659,76.539],[-122.282,76.151]]],[[[-113.024,77.602],[-111.91,77.483],[-110.62,77.537],[-109.661,77.95],[-110.71,78.023],[-113.01,77.923],[-113.024,77.602]]],[[[-103.232,78.274],[-101.168,78.269],[-100.471,77.895],[-99.049,77.941],[-99.892,78.658],[-100.693,78.878],[-102.569,79.016],[-103.365,79.389],[-105.452,79.403],[-105.481,79.224],[-104.11,79.058],[-103.505,78.837],[-104.966,78.534],[-104.162,78.298],[-103.232,78.274]]],[[[-61.047,46.664],[-61.381,46.331],[-61.409,46.046],[-61.025,45.67],[-60.507,45.664],[-59.997,45.854],[-59.807,46.081],[-60.169,46.314],[-60.761,45.891],[-61.072,45.988],[-60.963,46.189],[-60.584,46.385],[-60.26,46.938],[-60.627,47.133],[-61.047,46.664]]],[[[-57.974,49.083],[-58.392,49.037],[-58.68,48.703],[-58.139,48.599],[-58.652,48.376],[-59.319,47.963],[-59.157,47.67],[-58.091,47.763],[-56.804,47.616],[-56.33,47.636],[-56.079,47.865],[-55.739,47.872],[-54.783,47.711],[-55.277,47.313],[-55.83,47.129],[-55.408,46.948],[-54.936,47.339],[-54.576,47.497],[-54.211,47.804],[-53.896,47.557],[-54.125,47.113],[-53.625,46.886],[-53.07,46.731],[-52.729,47.455],[-53.096,47.552],[-53.118,47.878],[-53.703,47.844],[-53.882,48.189],[-53.411,48.295],[-53.115,48.524],[-53.249,48.648],[-53.763,48.523],[-54.13,48.836],[-53.509,49.282],[-54.158,49.477],[-54.62,49.476],[-54.766,49.293],[-55.107,49.279],[-55.968,49.657],[-55.565,49.966],[-56.067,50.103],[-56.49,49.768],[-56.662,50.056],[-55.557,51.326],[-55.561,51.557],[-56.152,51.47],[-56.702,51.185],[-57.356,50.595],[-57.86,49.988],[-58.128,49.496],[-57.814,49.202],[-57.974,49.083]]],[[[-87.101,63.545],[-85.601,63.748],[-85.463,63.206],[-84.655,63.314],[-84.087,63.672],[-83.496,63.744],[-83.517,64.052],[-82.731,64.075],[-82.198,63.69],[-80.696,63.5],[-80.179,63.722],[-80.953,63.978],[-81.872,63.991],[-81.831,64.407],[-82.11,64.644],[-83.085,64.865],[-83.76,65.211],[-84.424,65.392],[-84.605,65.181],[-85.198,65.376],[-85.058,65.609],[-85.558,65.864],[-86.016,65.105],[-86.243,64.542],[-86.061,64.141],[-87.053,63.752],[-87.101,63.545]]],[[[-77.112,67.848],[-77.065,67.329],[-76.269,67.249],[-75.77,67.302],[-75.146,67.577],[-75.12,68.113],[-75.885,68.343],[-76.794,68.147],[-77.112,67.848]]],[[[-71.535,63.36],[-71.319,63.061],[-70.075,62.772],[-69.559,62.709],[-69.155,62.42],[-68.014,62.259],[-66.765,61.944],[-65.94,61.79],[-66.332,62.319],[-67.264,62.856],[-68.476,63.337],[-68.836,63.65],[-68.486,63.737],[-67.682,63.453],[-67.144,63.375],[-66.496,63.077],[-65.156,62.988],[-64.735,63.067],[-65.21,63.643],[-64.474,63.744],[-65.309,64.179],[-65.327,64.359],[-66.193,64.889],[-66.598,64.766],[-67.329,65.584],[-67.865,65.627],[-67.614,65.912],[-67.161,65.986],[-67.76,66.373],[-66.913,66.595],[-65.717,66.054],[-65.034,65.953],[-65.178,65.654],[-64.844,65.378],[-64.425,65.502],[-64.184,65.19],[-63.352,65.025],[-63.511,65.431],[-63.381,65.927],[-62.845,65.614],[-62.094,66.061],[-62.655,66.338],[-62.298,66.435],[-61.495,66.341],[-61.211,66.635],[-62.096,67.017],[-62.521,66.846],[-63.165,66.926],[-62.991,67.177],[-64.614,67.115],[-64.601,67.315],[-63.933,67.413],[-64.829,67.953],[-65.53,67.87],[-66.407,68.025],[-67.032,68.307],[-68.665,68.716],[-67.98,68.988],[-68.533,69.25],[-66.668,69.186],[-67.44,69.502],[-68.04,69.531],[-68.043,69.773],[-67.044,69.798],[-67.575,70.185],[-69.463,69.96],[-69.591,70.197],[-68.469,70.56],[-69.092,70.782],[-70.293,70.618],[-70.652,70.764],[-70.667,71.08],[-71.882,70.931],[-71.253,71.351],[-72.535,71.629],[-73.275,71.161],[-73.672,71.556],[-74.112,71.688],[-74.809,71.422],[-75.204,71.569],[-74.313,72.039],[-75.322,72.548],[-77.119,72.711],[-78.363,72.582],[-79.125,72.289],[-79.953,72.343],[-80.081,72.138],[-81.027,72.05],[-81.044,72.38],[-80.489,73.037],[-81.532,73.688],[-82.697,73.782],[-84.505,73.491],[-85.506,72.94],[-85.504,72.608],[-84.831,72.468],[-85.602,72.01],[-84.689,71.66],[-84.488,71.349],[-84.783,71.062],[-85.891,71.122],[-85.243,71.465],[-86.333,71.993],[-86.214,72.449],[-86.779,72.693],[-86.662,73.097],[-85.254,73.777],[-86.892,73.83],[-88.099,73.636],[-89.1,73.196],[-89.639,72.782],[-89.821,72.348],[-89.334,72.168],[-89.814,71.979],[-89.997,71.541],[-87.949,71.351],[-87.169,71.019],[-87.705,70.925],[-89.15,70.968],[-89.019,70.675],[-87.948,70.385],[-86.373,70.465],[-85.984,70.113],[-84.874,70.115],[-82.269,69.86],[-81.138,70.015],[-80.713,70.153],[-79.826,69.918],[-78.713,70.011],[-78.941,70.271],[-80.218,70.592],[-79.101,70.655],[-77.699,70.136],[-77.622,69.892],[-76.971,69.802],[-75.552,69.222],[-75.625,69.102],[-76.643,69.032],[-76.546,68.731],[-75.199,68.862],[-74.752,69.043],[-74.405,68.66],[-73.937,68.444],[-73.185,68.296],[-72.354,67.53],[-72.305,67.264],[-73.036,66.642],[-73.994,66.266],[-74.28,66.06],[-73.42,65.529],[-74.665,65.323],[-75.789,65.197],[-77.358,65.376],[-77.387,65.064],[-77.867,64.99],[-78.127,64.651],[-77.737,64.393],[-76.526,64.23],[-75.936,64.267],[-75.452,64.548],[-74.431,64.435],[-74.559,64.78],[-73.164,64.574],[-73.148,64.344],[-72.388,63.858],[-71.879,63.802],[-71.258,63.567],[-71.535,63.36]]],[[[-90,75.968],[-90,76.591],[-92.247,76.622],[-93.064,76.375],[-92.224,75.947],[-92.366,75.421],[-91.867,74.789],[-91.054,74.977],[-89.698,74.615],[-88.947,74.932],[-88.39,74.99],[-88.144,74.569],[-85.118,74.623],[-82.936,74.684],[-82.373,74.555],[-80.349,74.616],[-80.5,75.03],[-79.495,75.28],[-79.739,75.47],[-80.766,75.61],[-81.703,75.875],[-83.559,75.905],[-85.203,75.743],[-86.618,75.432],[-87.293,75.656],[-88.647,75.595],[-90,75.968]]],[[[-90,82.017],[-91.219,81.837],[-91.08,81.538],[-89.559,81.418],[-89.193,81.096],[-86.437,81.393],[-85.192,81.324],[-85.364,80.991],[-84.793,80.782],[-82.791,80.697],[-80.088,81.022],[-78.321,80.965],[-77.521,80.75],[-81.064,80.533],[-82.263,80.051],[-81.356,79.908],[-81.758,79.682],[-83.618,80.207],[-86.17,80.279],[-86.322,80.114],[-83.911,79.257],[-81.597,78.755],[-82.326,78.665],[-83.84,78.857],[-85.807,78.906],[-86.825,78.586],[-86.51,78.297],[-84.843,78.16],[-84.868,77.708],[-83.049,77.631],[-83.692,77.313],[-84.93,77.345],[-86.436,77.817],[-88.051,77.754],[-87.099,77.281],[-89.247,76.977],[-89.418,76.61],[-88.589,76.468],[-88.183,76.74],[-87.273,76.504],[-85.037,76.407],[-84.559,76.543],[-82.424,76.471],[-81.382,76.651],[-80.814,76.238],[-78.212,76.547],[-77.804,76.726],[-78.121,77.041],[-79.022,77.056],[-82.102,77.316],[-81.554,77.541],[-78.855,77.374],[-78.219,77.573],[-78.367,78.033],[-77.017,77.974],[-76.143,78.072],[-75.521,78.678],[-74.909,78.821],[-74.963,79.122],[-76.254,79.325],[-75.174,79.515],[-73.376,79.581],[-74.542,79.894],[-74.245,80.043],[-71.454,79.846],[-70.219,80.137],[-70.511,80.545],[-69.497,80.547],[-66.482,81.303],[-65.3,81.458],[-65.588,81.705],[-67.516,81.587],[-67.585,81.961],[-66.375,82.101],[-63.921,82.011],[-61.989,82.312],[-62.427,82.634],[-65.481,82.9],[-67.696,82.873],[-70.584,83.176],[-74.161,82.991],[-76.382,83.152],[-77.074,82.863],[-78.698,83.003],[-81.523,82.689],[-81.391,82.079],[-84.947,82.379],[-86.324,82.206],[-90,82.017]]],[[[-100.097,75.765],[-99.896,75.615],[-100.474,75.315],[-99.944,75.084],[-98.002,75.162],[-98.152,75.602],[-97.667,75.861],[-97.817,76.476],[-99.024,76.423],[-100.067,76.675],[-101.885,76.333],[-101.675,76.064],[-102.534,75.769],[-102.15,75.644],[-100.097,75.765]]],[[[-96.809,76.92],[-95.873,76.513],[-93.938,76.398],[-93.795,76.738],[-94.195,76.899],[-95.629,77.042],[-96.809,76.92]]],[[[-98.343,78.803],[-98.437,78.661],[-97.46,78.101],[-96.602,77.998],[-95.233,78.132],[-95.097,78.438],[-97.31,78.822],[-98.343,78.803]]],[[[-88.336,80.12],[-89.042,80.167],[-89.425,80.615],[-91.016,80.75],[-92.025,81.259],[-95.06,81.031],[-94.25,80.674],[-95.58,80.386],[-94.675,80.117],[-96.433,79.933],[-95.039,79.396],[-93.178,79.534],[-91.819,79.438],[-90,79.126],[-93.303,79.256],[-94.103,79.023],[-92.702,78.434],[-90,78.263],[-88.759,78.451],[-88.956,78.75],[-87.787,78.725],[-86.997,79.445],[-87.336,80.093],[-88.336,80.12]]]]},"properties":{"NAME":"Canada","SUBJECTO":"Canada","PARTOF":"Canada","ABBREVN":"Canada","BORDERPRECISION":3,"fid":33}},
{"type":"Feature","geometry":{"type":"MultiPolygon","coordinates":[[[[-73.112,-72.749],[-70.021,-72.672],[-69.325,-72.286],[-68.63,-72.054],[-68.398,-71.127],[-68.862,-70.509],[-69.48,-69.968],[-70.33,-68.963],[-70.716,-68.809],[-71.412,-68.886],[-72.394,-69.261],[-71.798,-69.736],[-71.798,-70.354],[-72.184,-70.586],[-72.107,-71.05],[-72.725,-71.281],[-74.657,-71.436],[-75.275,-71.668],[-75.043,-72.054],[-74.348,-72.209],[-73.421,-71.977],[-72.03,-71.822],[-71.952,-72.209],[-72.88,-72.44],[-73.112,-72.749]]],[[[-102.551,-72.131],[-101.16,-72.363],[-98.834,-72.521],[-97.142,-72.672],[-95.906,-72.363],[-97.22,-71.822],[-101.16,-71.822],[-102.551,-72.131]]],[[[-55.185,-80.94],[-50.162,-80.786],[-44.831,-80.322],[-43.904,-79.781],[-43.904,-79.24],[-44.213,-78.39],[-45.758,-78.081],[-48.849,-78.081],[-50.24,-78.39],[-50.858,-78.699],[-51.012,-79.395],[-51.708,-79.781],[-53.871,-79.936],[-54.953,-80.399],[-55.185,-80.94]]],[[[-164.058,-79.356],[-162.358,-79.742],[-160.426,-79.974],[-159.203,-79.882],[-158.804,-79.665],[-160.735,-79.047],[-162.59,-78.815],[-163.517,-78.97],[-164.058,-79.356]]],[[[169.769,-83.418],[167.569,-83.317],[167.275,-82.988],[163.309,-82.087],[162.015,-81.66],[160.577,-81.534],[160.433,-80.906],[159.579,-80.442],[158.135,-80.316],[159.315,-80.027],[160.686,-79.114],[161.773,-78.866],[162.594,-78.904],[163.643,-78.661],[166.753,-78.599],[164.483,-78.064],[163.529,-77.74],[163.3,-77.187],[162.327,-76.958],[162.67,-76.767],[162.384,-76.214],[162.823,-75.622],[162.346,-75.107],[163.414,-75.031],[163.433,-74.744],[165.189,-74.668],[164.616,-74.172],[165.799,-73.828],[167.575,-73.476],[168.899,-73.54],[168.975,-73.239],[170.105,-72.636],[169.89,-72.076],[170.729,-71.904],[168.743,-71.243],[167.963,-71.097],[167.635,-70.865],[164.957,-70.625],[164.319,-70.518],[162.888,-70.571],[162.485,-70.306],[161.557,-70.315],[160.599,-70.221],[159.846,-69.829],[159.114,-69.606],[157.307,-69.156],[156.148,-69.311],[154.435,-68.95],[154.286,-68.63],[153.605,-68.481],[153.752,-68.925],[152.306,-68.843],[151.093,-68.886],[150.893,-68.538],[148.73,-68.306],[148.263,-68.205],[148.093,-67.937],[146.875,-67.997],[146.39,-67.779],[145.322,-67.575],[145.586,-67.223],[145.262,-67.098],[144.38,-67.173],[143.388,-66.972],[142.183,-66.985],[141.157,-66.722],[136.317,-66.399],[134.691,-66.083],[134.982,-65.597],[134.59,-65.022],[134.035,-65.185],[134.011,-65.549],[134.205,-66.18],[133.307,-66.132],[132.967,-66.259],[130.272,-66.253],[129.422,-66.52],[129.01,-67.03],[126.8,-66.884],[126.412,-66.374],[125.441,-66.447],[125.125,-66.787],[123.54,-66.645],[122.458,-66.645],[121.454,-66.8],[119.599,-66.916],[118.286,-67.07],[116.972,-66.838],[115.679,-66.414],[114.436,-66.493],[113.959,-65.988],[113.015,-65.763],[112.027,-65.988],[110.607,-66.059],[110.568,-66.395],[109.404,-66.71],[108.101,-66.71],[107.622,-66.452],[105.459,-66.297],[103.836,-65.988],[103.311,-66.066],[102.631,-65.926],[100.875,-66.079],[99.654,-66.549],[99.12,-66.893],[98.662,-66.626],[98.064,-66.588],[97.114,-66.684],[95.723,-66.529],[93.482,-66.607],[90,-66.607],[88.654,-66.764],[88.305,-66.066],[88.084,-66.111],[87.765,-66.749],[87.223,-66.993],[85.523,-66.916],[81.814,-67.302],[78.26,-68.384],[77.796,-68.847],[76.869,-69.311],[75.401,-69.466],[72.542,-70.238],[71.924,-70.547],[70.301,-72.015],[69.528,-72.402],[68.215,-72.402],[67.365,-72.093],[67.365,-71.706],[68.138,-71.088],[68.684,-71.06],[69.074,-70.588],[68.191,-70.67],[67.513,-70.464],[67.841,-70.033],[68.215,-69.852],[68.951,-69.889],[69.142,-69.388],[69.444,-69.19],[69.773,-68.636],[69.683,-68.152],[69.374,-67.843],[66.979,-67.843],[63.579,-67.534],[62.806,-67.611],[59.603,-67.33],[56.627,-66.942],[57.101,-66.523],[56.175,-66.447],[55.142,-65.963],[53.765,-65.911],[52.452,-65.988],[50.52,-66.375],[50.006,-66.588],[50.273,-67.137],[48.967,-66.973],[48.27,-67.181],[48.848,-67.434],[47.305,-67.775],[46.919,-67.404],[46.058,-67.434],[46.038,-67.688],[44.797,-67.745],[44.184,-68.036],[42.561,-68.113],[41.943,-68.422],[39.647,-68.934],[39.459,-69.701],[38.332,-70.029],[37.299,-69.654],[36.078,-69.591],[35.298,-69.118],[34.716,-68.934],[34.293,-68.5],[33.541,-68.542],[33.025,-68.918],[32.748,-69.35],[30.662,-69.736],[25.639,-70.354],[23.707,-70.586],[22.548,-70.586],[19.535,-70.161],[17.603,-70.084],[12.658,-70.315],[11.962,-70.702],[11.113,-70.856],[10.34,-70.702],[9.413,-70.084],[8.485,-70.084],[6.554,-70.47],[3.308,-70.934],[0.681,-71.32],[-0.787,-71.706],[-1.251,-71.32],[-2.719,-71.397],[-4.882,-71.281],[-6.318,-71.425],[-6.255,-71.154],[-5.732,-70.895],[-6.35,-70.663],[-7.2,-70.895],[-7.633,-71.258],[-7.741,-71.668],[-8.823,-71.822],[-9.364,-71.127],[-9.75,-71.05],[-11.141,-71.59],[-11.808,-71.3],[-12.371,-71.404],[-12.329,-71.675],[-11.557,-72.072],[-11.828,-72.323],[-14.271,-72.844],[-14.584,-73.178],[-16.396,-73.445],[-17.091,-73.909],[-16.164,-74.063],[-15.005,-73.831],[-14.451,-74.065],[-17.168,-74.758],[-18.405,-75.686],[-20.645,-75.918],[-23.582,-75.918],[-30.227,-76.845],[-32.081,-77.308],[-33.163,-77.386],[-34.94,-77.927],[-36.408,-78.622],[-36.408,-79.163],[-35.018,-79.163],[-32.854,-79.317],[-31.849,-79.24],[-29.568,-79.224],[-29.035,-79.377],[-28.913,-79.858],[-28.372,-80.09],[-28.913,-80.476],[-32.931,-80.863],[-38.031,-80.94],[-41.817,-81.404],[-42.976,-81.945],[-43.826,-81.79],[-52.249,-82.022],[-55.185,-82.331],[-57.58,-83.026],[-59.28,-82.717],[-60.207,-82.331],[-63.144,-82.099],[-67.934,-81.481],[-74.889,-80.708],[-76.643,-80.215],[-78.289,-80.322],[-78.829,-80.013],[-76.434,-79.858],[-76.589,-79.395],[-77.98,-79.086],[-80.22,-79.317],[-82.925,-79.163],[-84.104,-78.649],[-84.161,-78.236],[-83.079,-78.236],[-82.075,-78.777],[-79.139,-78.931],[-77.782,-78.649],[-78.289,-78.313],[-80.761,-78.236],[-81.655,-77.68],[-80.687,-77.566],[-77.052,-77.927],[-74.502,-78.081],[-73.027,-77.823],[-73.568,-77.481],[-75.816,-77.463],[-78.598,-76.613],[-78.829,-76.227],[-77.825,-75.995],[-76.28,-76.304],[-75.932,-76.484],[-73.881,-76.627],[-70.562,-76.69],[-69.248,-76.381],[-65.925,-75.84],[-64.457,-75.686],[-63.221,-74.836],[-62.68,-74.758],[-61.367,-73.909],[-60.826,-72.749],[-60.98,-72.054],[-61.676,-70.818],[-62.139,-70.509],[-63.144,-69.427],[-63.453,-68.886],[-63.839,-68.654],[-64.535,-68.654],[-65.153,-68.5],[-65.694,-67.881],[-65.385,-67.341],[-64.38,-66.722],[-63.839,-66.491],[-62.757,-66.645],[-62.448,-66.336],[-62.371,-65.795],[-61.135,-64.868],[-59.821,-64.327],[-58.894,-64.327],[-57.271,-63.709],[-57.426,-63.245],[-58.121,-63.4],[-59.126,-63.863],[-60.207,-63.941],[-61.289,-64.482],[-62.912,-64.713],[-64.225,-65.254],[-65.075,-65.95],[-65.771,-66.182],[-66.853,-66.8],[-67.703,-66.877],[-67.857,-67.572],[-67.316,-67.804],[-67.084,-68.654],[-67.471,-69.195],[-68.244,-69.35],[-68.784,-69.813],[-68.63,-70.277],[-68.089,-70.586],[-67.703,-71.281],[-67.084,-71.822],[-67.084,-72.44],[-67.625,-72.749],[-71.489,-73.368],[-75.584,-73.754],[-77.13,-73.638],[-78.52,-73.715],[-79.757,-73.174],[-80.993,-73.252],[-81.302,-73.793],[-81.766,-74.024],[-84.393,-73.793],[-85.938,-73.484],[-86.325,-73.252],[-87.406,-73.406],[-88.565,-73.252],[-88.72,-72.788],[-89.261,-72.788],[-90,-73.329],[-93.974,-73.174],[-96.524,-73.329],[-99.788,-72.998],[-102.174,-73.09],[-102.551,-72.788],[-103.587,-72.741],[-103.587,-73.108],[-102.944,-73.365],[-100.229,-73.438],[-99.678,-73.658],[-101.421,-73.768],[-103.247,-73.561],[-103.165,-73.86],[-101.88,-74.099],[-101.495,-74.539],[-100.559,-74.466],[-100.412,-74.759],[-99.733,-75.071],[-100.045,-75.31],[-103.942,-75.106],[-105.642,-75.068],[-106.801,-75.377],[-108.347,-75.299],[-109.196,-75.145],[-110.557,-75.303],[-110.791,-74.951],[-110.337,-74.761],[-110.433,-74.295],[-111.099,-74.175],[-111.746,-74.295],[-111.744,-74.717],[-112.365,-74.836],[-113.428,-74.688],[-113.238,-74.321],[-113.502,-74.072],[-114.146,-73.926],[-114.937,-74.058],[-114.992,-74.449],[-117.387,-74.527],[-118.083,-74.295],[-118.778,-74.604],[-120.169,-74.527],[-123.569,-74.836],[-127.123,-74.681],[-128.978,-74.913],[-130.987,-74.797],[-133.536,-74.797],[-134.773,-74.643],[-138.559,-75.106],[-140.568,-75.261],[-144.509,-75.724],[-146.672,-76.111],[-148.527,-76.033],[-149.609,-76.343],[-148.45,-76.497],[-147.131,-76.531],[-146.116,-76.86],[-146.146,-77.457],[-147.986,-77.347],[-149.995,-77.733],[-152.086,-77.337],[-154.167,-77.115],[-156.408,-77.115],[-158.031,-77.27],[-158.185,-77.811],[-157.336,-78.197],[-156.022,-78.352],[-154.708,-78.12],[-154.132,-78.352],[-155.867,-78.738],[-154.554,-79.124],[-151.772,-79.201],[-150.58,-79.483],[-148.604,-79.665],[-146.904,-80.051],[-145.668,-80.515],[-148.836,-81.365],[-149.995,-81.21],[-151.54,-81.21],[-154.477,-81.056],[-156.999,-81.196],[-154.267,-81.677],[-154.983,-81.911],[-154.554,-82.138],[-152.081,-82.601],[-152.931,-82.91],[-153.31,-83.942],[-152.004,-84.379],[-149.609,-84.456],[-145.281,-84.765],[-138.817,-85.013],[-139.331,-85.223],[-148.759,-85.074],[-151.463,-85.306],[-156.563,-85.46],[-160.504,-85.383],[-167.226,-84.765],[-170.317,-84.688],[-173.871,-84.456],[-178.43,-84.456],[-180,-84.305],[-180,-90],[180,-90],[180,-84.302],[179.161,-84.174],[174.585,-83.883],[172.58,-83.844],[169.769,-83.418]]]]},"properties":{"BORDERPRECISION":3,"fid":34}},
{"type":"Feature","geometry":{"type":"MultiPolygon","coordinates":[[[[5.824,49.507],[5.418,49.583],[4.668,49.96],[4.156,49.966],[4.22,50.242],[3.675,50.334],[2.875,50.682],[2.522,51.091],[2.03,51.007],[1.589,50.822],[1.552,50.229],[1.275,50.004],[0.189,49.681],[0.033,49.334],[-0.239,49.285],[-1.023,49.398],[-1.524,49.653],[-1.892,49.526],[-1.563,49.036],[-1.591,48.638],[-2.791,48.59],[-3.091,48.872],[-3.999,48.731],[-4.762,48.552],[-4.35,48.391],[-4.364,47.829],[-3.955,47.904],[-2.842,47.492],[-2.466,47.494],[-2.494,47.247],[-2.005,47.043],[-2.13,46.851],[-1.711,46.449],[-1.256,46.307],[-1.075,46.015],[-1.247,45.688],[-1.123,45.432],[-1.276,45.129],[-1.314,44.559],[-1.561,43.524],[-1.915,43.305],[-1.491,43.21],[-1.397,43.032],[-0.612,42.731],[-0.166,42.649],[0.592,42.628],[0.744,42.772],[1.307,42.635],[1.364,42.41],[1.709,42.423],[2.363,42.293],[3.087,42.369],[3.068,42.945],[3.479,43.312],[4.078,43.487],[4.417,43.346],[5.052,43.328],[5.434,43.104],[5.829,43.021],[6.523,43.151],[7.397,43.764],[6.923,43.815],[6.783,44.548],[6.943,44.869],[5.935,45.322],[5.941,46.176],[6.058,46.616],[6.382,46.804],[6.866,47.31],[6.922,47.514],[7.333,47.465],[7.507,47.604],[7.536,48.191],[7.729,48.616],[8.158,48.978],[7.423,49.183],[6.777,49.177],[6.433,49.445],[5.824,49.507]]],[[[9.432,42.794],[8.609,42.487],[8.511,42.134],[8.742,41.882],[8.727,41.561],[9.173,41.35],[9.453,42.048],[9.432,42.794]]]]},"properties":{"NAME":"France","SUBJECTO":"France","PARTOF":"France","ABBREVN":"France","BORDERPRECISION":3,"fid":35}},
{"type":"Feature","geometry":{"type":"Polygon","coordinates":[[[5.941,46.176],[6.384,46.342],[6.361,46.348],[6.743,46.489],[6.746,46.487],[6.777,46.473],[6.832,46.467],[6.857,46.385],[6.807,46.394],[6.955,45.939],[7.507,46.003],[7.79,45.927],[8.071,46.193],[8.382,46.284],[8.891,45.866],[9.218,46.348],[9.885,46.403],[10.396,46.887],[10.052,46.868],[9.521,47.069],[9.539,47.487],[8.983,47.68],[8.651,47.783],[7.873,47.573],[7.507,47.604],[7.333,47.465],[6.922,47.514],[6.866,47.31],[6.382,46.804],[6.058,46.616],[5.941,46.176]]]},"properties":{"NAME":"Switzerland","SUBJECTO":"Switzerland","PARTOF":"Switzerland","ABBREVN":"Switzerland","BORDERPRECISION":3,"fid":36}},
{"type":"Feature","geometry":{"type":"Polygon","coordinates":[[[-57.065,5.837],[-57.414,6.351],[-58.006,6.789],[-58.375,6.826],[-58.575,6.984],[-58.617,7.499],[-58.881,7.797],[-59.404,8.16],[-60.104,6.557],[-58.703,2.767],[-57.879,2.849],[-57.9,1.594],[-57.134,1.902],[-56.71,1.891],[-57.246,3.255],[-57.499,3.285],[-57.995,3.963],[-57.805,4.485],[-57.764,4.911],[-57.255,4.952],[-57.173,5.074],[-57.065,5.837]]]},"properties":{"NAME":"British Guiana","SUBJECTO":"British Guiana","PARTOF":"British Guiana","ABBREVN":"British Guiana","BORDERPRECISION":3,"fid":37}},
{"type":"Feature","geometry":{"type":"MultiPolygon","coordinates":[[[[-59.404,8.16],[-59.834,8.44],[-60.213,8.563],[-60.957,8.587],[-61.271,8.51],[-61.29,8.771],[-61.121,9.165],[-60.793,9.388],[-61.415,9.698],[-61.531,9.851],[-61.917,9.907],[-62.103,10.021],[-62.385,10.014],[-62.659,10.255],[-62.925,10.369],[-62.914,10.547],[-62.336,10.535],[-62.29,10.732],[-62.703,10.757],[-63.653,10.691],[-64.068,10.627],[-64.537,10.264],[-64.884,10.136],[-65.376,10.154],[-65.977,10.407],[-66.157,10.622],[-66.478,10.679],[-67.98,10.542],[-68.302,10.726],[-68.372,11.012],[-68.695,11.38],[-69.481,11.549],[-69.743,11.657],[-69.786,11.94],[-69.974,12.228],[-70.339,11.999],[-70.197,11.751],[-69.923,11.79],[-69.748,11.533],[-71.098,11.12],[-71.456,10.885],[-71.496,10.646],[-71.089,9.919],[-71.044,9.392],[-71.369,9.143],[-71.605,9.092],[-71.758,9.25],[-71.871,9.574],[-72.114,9.904],[-71.896,10.44],[-71.688,10.769],[-71.988,11.608],[-71.594,11.844],[-71.189,11.912],[-71.246,11.959],[-72.051,11.722],[-72.113,11.191],[-72.386,11.176],[-72.832,10.385],[-73.017,9.735],[-73.337,9.199],[-72.878,9.24],[-72.353,8.315],[-72.307,8.137],[-72.409,7.628],[-72.364,7.469],[-71.812,6.97],[-70.541,7.054],[-70.018,6.828],[-69.303,6.006],[-68.661,6.143],[-67.766,6.244],[-67.66,5.971],[-67.698,5.52],[-67.935,5.143],[-67.813,4.305],[-67.223,3.336],[-67.768,2.824],[-67.539,2.603],[-67.051,1.798],[-66.939,1.208],[-66.85,1.011],[-66.655,0.987],[-66.126,0.64],[-65.939,0.673],[-65.599,0.987],[-65.478,0.555],[-65.356,0.562],[-64.732,1.189],[-64.19,1.396],[-63.876,1.881],[-63.327,2.062],[-60.516,2.19],[-59.625,1.734],[-58.853,1.154],[-58.544,1.188],[-57.9,1.594],[-57.879,2.849],[-58.703,2.767],[-60.104,6.557],[-59.404,8.16]]],[[[-50.225,-1.735],[-49.937,-1.659],[-49.347,-1.645],[-48.886,-1.421],[-48.64,-1.058],[-48.553,-0.632],[-48.402,-0.391],[-49.143,-0.195],[-49.358,-0.285],[-50.207,-0.191],[-50.501,-0.262],[-50.617,-0.891],[-50.611,-1.438],[-50.476,-1.679],[-50.225,-1.735]]]]},"properties":{"NAME":"Venezuela","SUBJECTO":"Venezuela","PARTOF":"Venezuela","ABBREVN":"Venezuela","BORDERPRECISION":3,"fid":38}},
{"type":"Feature","geometry":{"type":"Polygon","coordinates":[[[-57.576,-30.403],[-57.328,-30.402],[-56.746,-30.246],[-56.415,-30.453],[-55.874,-31.174],[-55.441,-30.975],[-55.082,-31.411],[-54.557,-31.586],[-53.894,-32.046],[-53.236,-32.937],[-53.567,-33.403],[-53.406,-33.879],[-52.921,-33.439],[-52.351,-32.675],[-52.042,-31.557],[-51.602,-31.232],[-51.445,-31.015],[-51.232,-30.265],[-50.582,-30.416],[-50.854,-30.938],[-50.469,-30.74],[-49.936,-29.627],[-49.546,-29.157],[-48.937,-28.698],[-48.728,-28.367],[-48.564,-27.681],[-48.603,-26.677],[-48.775,-26.385],[-48.611,-26.245],[-48.516,-25.876],[-48.725,-25.426],[-48.344,-25.399],[-48.125,-25.291],[-47.886,-24.985],[-46.206,-23.883],[-45.795,-23.736],[-45.459,-23.856],[-45.148,-23.493],[-44.658,-23.263],[-44.561,-22.99],[-43.815,-22.957],[-42.967,-23.031],[-41.958,-22.921],[-41.929,-22.546],[-41.525,-22.253],[-40.984,-22.086],[-41.048,-21.661],[-40.933,-21.279],[-40.478,-20.649],[-40.14,-19.975],[-39.835,-19.701],[-39.691,-19.409],[-39.801,-18.748],[-39.666,-18.227],[-39.484,-17.998],[-39.142,-17.775],[-39.208,-17.146],[-38.948,-16.002],[-39.126,-14.325],[-39.07,-13.721],[-38.828,-12.983],[-38.799,-12.627],[-38.266,-12.887],[-37.637,-11.951],[-37.41,-11.468],[-37.362,-11.131],[-37.187,-10.845],[-36.829,-10.736],[-35.599,-9.628],[-35.366,-9.246],[-35.114,-8.661],[-34.891,-7.612],[-34.918,-7.167],[-35.039,-6.653],[-35.464,-5.268],[-35.665,-5.18],[-36.636,-5.118],[-37.181,-4.954],[-37.735,-4.53],[-38.786,-3.604],[-39.722,-3.009],[-40.231,-2.851],[-41.103,-2.974],[-41.606,-2.937],[-42.316,-2.818],[-43.068,-2.451],[-43.334,-2.432],[-44.222,-2.777],[-44.593,-3.147],[-44.711,-2.759],[-44.462,-2.269],[-44.796,-1.736],[-45.076,-1.604],[-45.371,-1.757],[-45.643,-1.363],[-46.49,-1.035],[-46.928,-0.928],[-47.237,-0.68],[-47.474,-0.77],[-48.043,-0.816],[-48.39,-1.414],[-49.221,-2.108],[-49.622,-1.925],[-50.399,-1.965],[-50.643,-1.882],[-50.977,-1.114],[-51.568,-1.446],[-52.022,-1.568],[-51.774,-0.855],[-51.529,-0.429],[-51.17,-0.079],[-50.647,0.272],[-50.12,1.054],[-49.884,1.214],[-49.881,1.576],[-49.969,1.728],[-50.409,1.823],[-50.688,2.216],[-50.9,2.838],[-51.209,4.071],[-51.439,4.324],[-51.623,4.216],[-51.617,4.026],[-52.113,3.286],[-52.503,2.495],[-52.846,2.092],[-53.098,2.104],[-53.598,2.279],[-53.995,2.003],[-54.388,2.261],[-54.861,2.481],[-55.424,2.281],[-55.901,2.398],[-56.069,2.181],[-55.794,1.725],[-56.71,1.891],[-57.134,1.902],[-57.9,1.594],[-58.544,1.188],[-58.853,1.154],[-59.625,1.734],[-60.516,2.19],[-63.327,2.062],[-63.876,1.881],[-64.19,1.396],[-64.732,1.189],[-65.356,0.562],[-65.478,0.555],[-65.599,0.987],[-65.939,0.673],[-66.126,0.64],[-66.655,0.987],[-66.85,1.011],[-67.055,0.941],[-66.66,-2.817],[-67.253,-2.553],[-67.846,-3.081],[-67.978,-3.41],[-69.231,-3.476],[-69.363,-4.135],[-69.901,-4.379],[-70.549,-4.267],[-71.132,-4.55],[-71.434,-4.52],[-72.286,-4.869],[-72.769,-5.145],[-73.192,-6.081],[-73.062,-6.519],[-73.779,-7.045],[-73.89,-7.325],[-73.842,-7.579],[-72.916,-9.041],[-66.474,-9.915],[-66.306,-9.841],[-65.309,-9.816],[-65.288,-10.152],[-65.353,-10.712],[-65.273,-11.366],[-65.122,-11.632],[-64.756,-12.049],[-64.261,-12.472],[-63.605,-12.512],[-62.991,-12.763],[-62.654,-13.034],[-62.079,-13.101],[-61.906,-13.449],[-61.627,-13.625],[-61.111,-13.591],[-60.583,-13.721],[-60.363,-13.904],[-60.289,-14.621],[-60.213,-15.853],[-60.032,-16.329],[-58.333,-16.37],[-58.432,-16.879],[-58.402,-17.133],[-57.877,-17.479],[-57.596,-18.043],[-57.67,-18.793],[-57.777,-19.168],[-58.138,-19.812],[-57.986,-20.294],[-57.752,-20.686],[-57.705,-21.118],[-57.806,-22.154],[-56.854,-22.339],[-56.379,-22.139],[-55.623,-22.446],[-55.349,-23.779],[-55.134,-24.057],[-54.554,-23.857],[-54.219,-24.121],[-54.597,-25.204],[-54.58,-25.743],[-53.942,-25.663],[-53.616,-26.271],[-53.659,-27.008],[-53.731,-27.218],[-54.755,-27.694],[-55.646,-28.455],[-56.292,-29.068],[-57.105,-29.886],[-57.576,-30.403]]]},"properties":{"NAME":"Kingdom of Brazil","SUBJECTO":"Portugal","PARTOF":"Kingdom of Brazil","ABBREVN":"Kingdom of Brazil","BORDERPRECISION":3,"fid":39}},
{"type":"Feature","geometry":{"type":"Polygon","coordinates":[[[-80.229,-3.471],[-80.245,-3.95],[-80.35,-4.103],[-80.259,-4.414],[-79.692,-4.461],[-79.552,-4.575],[-79.286,-5.012],[-78.998,-5.01],[-78.878,-4.87],[-77.405,-4.333],[-77.339,-4.795],[-75.691,-5.058],[-75.493,-4.663],[-74.985,-4.782],[-74.605,-4.36],[-74.309,-4.613],[-74.183,-4.402],[-73.888,-4.571],[-73.592,-4.444],[-73.423,-4.022],[-73.128,-3.938],[-73.255,-3.6],[-72.875,-3.389],[-72.242,-3.516],[-71.862,-3.263],[-71.736,-3.642],[-71.061,-3.938],[-70.588,-3.791],[-70.068,-2.911],[-70.052,-2.822],[-70.694,-2.412],[-70.923,-2.318],[-71.242,-2.517],[-71.656,-2.246],[-72.011,-2.509],[-72.701,-2.52],[-72.959,-2.451],[-73.077,-2.013],[-73.457,-1.933],[-73.605,-1.464],[-74.287,-0.997],[-74.474,-0.573],[-74.705,-0.377],[-75.108,-0.189],[-75.526,-0.14],[-76.148,0.345],[-76.549,0.165],[-76.85,0.138],[-77.29,0.262],[-77.626,0.724],[-78.27,1.019],[-78.943,1.381],[-79.376,1.017],[-80.086,0.818],[-80.046,0.43],[-80.109,0.049],[-80.403,-0.225],[-80.482,-0.486],[-80.339,-0.663],[-80.966,-1.033],[-80.754,-1.452],[-80.816,-1.859],[-80.741,-2.119],[-80.961,-2.355],[-80.778,-2.539],[-80.357,-2.728],[-79.839,-2.346],[-79.762,-2.797],[-80.025,-3.274],[-80.229,-3.471]]]},"properties":{"NAME":"Ecuador","SUBJECTO":"Ecuador","PARTOF":"Ecuador","ABBREVN":"Ecuador","BORDERPRECISION":3,"fid":40}},
{"type":"Feature","geometry":{"type":"MultiPolygon","coordinates":[[[[-68.48,-25.939],[-69.22,-26.06],[-69.467,-26.884],[-70.291,-26.802],[-70.849,-27.281],[-70.935,-27.727],[-71.142,-27.995],[-71.43,-29.1],[-71.234,-29.519],[-71.33,-30.104],[-71.682,-30.6],[-71.695,-30.854],[-71.52,-32.181],[-71.416,-32.753],[-71.75,-33.191],[-71.616,-33.706],[-71.963,-34.246],[-72.167,-34.958],[-72.629,-35.646],[-73.144,-37.156],[-73.673,-37.501],[-73.435,-37.902],[-73.441,-38.628],[-73.194,-39.565],[-73.759,-40.243],[-73.905,-40.839],[-73.845,-41.153],[-73.594,-41.697],[-73.178,-41.761],[-72.891,-41.529],[-72.587,-41.618],[-72.731,-41.907],[-72.466,-42.035],[-72.438,-42.305],[-72.747,-42.446],[-72.724,-42.8],[-72.53,-43.063],[-72.999,-43.334],[-72.972,-43.707],[-73.058,-44.19],[-72.583,-44.44],[-72.677,-44.749],[-73.314,-45.086],[-73.331,-45.474],[-73.474,-45.669],[-73.571,-46.265],[-73.97,-46.713],[-74.042,-46.091],[-74.189,-45.845],[-74.564,-45.872],[-74.864,-46.229],[-75.011,-46.774],[-74.463,-46.799],[-73.979,-47.032],[-74.087,-47.298],[-74.328,-47.292],[-74.545,-47.683],[-74.154,-47.839],[-73.764,-47.773],[-73.36,-47.974],[-73.439,-48.156],[-74.21,-48.008],[-74.133,-48.477],[-74.312,-48.745],[-74.187,-49.823],[-73.932,-49.993],[-74.19,-50.171],[-74.075,-50.473],[-73.53,-50.433],[-73.889,-50.908],[-74.269,-50.994],[-73.638,-51.356],[-73.875,-51.562],[-73.408,-52.024],[-73.107,-52.103],[-72.81,-51.93],[-72.449,-52.161],[-72.559,-52.573],[-71.678,-52.644],[-72.784,-52.898],[-72.506,-53.064],[-72.051,-53.07],[-71.443,-52.829],[-71.152,-52.962],[-71.872,-53.696],[-71.442,-53.882],[-70.998,-53.821],[-70.905,-53.234],[-70.734,-52.802],[-70.416,-52.668],[-69.895,-52.627],[-69.483,-52.361],[-68.456,-52.42],[-69.587,-52.143],[-70.859,-52.083],[-71.794,-52.088],[-72.145,-51.832],[-72.249,-50.804],[-72.333,-50.693],[-73.158,-50.855],[-73.387,-50.35],[-73.513,-49.761],[-73.374,-49.427],[-72.458,-48.854],[-72.294,-48.221],[-72.494,-47.93],[-72.382,-47.578],[-71.987,-47.407],[-71.79,-47.094],[-71.693,-46.691],[-71.765,-46.225],[-71.738,-45.733],[-71.4,-45.279],[-71.992,-44.895],[-71.324,-44.814],[-71.202,-44.504],[-71.557,-44.455],[-71.787,-44.109],[-71.701,-43.453],[-71.741,-43.158],[-72.047,-43.05],[-72.089,-42.498],[-71.696,-42.156],[-71.805,-41.574],[-71.86,-40.748],[-71.673,-40.338],[-71.443,-39.246],[-71.363,-39.029],[-70.844,-38.727],[-71.041,-38.307],[-71.153,-37.811],[-71.095,-36.805],[-70.391,-36.165],[-70.356,-36.019],[-70.48,-35.358],[-69.849,-34.256],[-69.84,-33.761],[-70.193,-32.493],[-70.505,-31.689],[-70.435,-31.257],[-70.26,-30.716],[-69.852,-30.359],[-69.951,-29.356],[-69.581,-28.529],[-69.18,-28.018],[-68.823,-27.267],[-68.318,-27.22],[-68.254,-26.978],[-68.493,-26.764],[-68.544,-26.535],[-68.348,-26.198],[-68.48,-25.939]]],[[[-68.701,-52.72],[-69.221,-52.692],[-69.407,-52.566],[-70.281,-53.087],[-70.333,-53.473],[-69.515,-53.345],[-69.421,-53.544],[-70.146,-53.806],[-69.89,-54.139],[-69.335,-54.292],[-69.568,-54.459],[-70.213,-54.434],[-70.621,-54.501],[-70.721,-54.937],[-69.861,-54.774],[-69.214,-54.934],[-68.749,-54.889],[-68.705,-53.235],[-68.701,-52.72]]],[[[-73.771,-43.509],[-73.609,-42.911],[-73.831,-42.564],[-73.455,-42.262],[-73.637,-41.967],[-74.005,-42.019],[-74.169,-42.346],[-74.134,-42.764],[-74.296,-43.265],[-74.142,-43.445],[-73.771,-43.509]]],[[[-73.08,-53.032],[-72.845,-52.646],[-72.869,-52.281],[-73.56,-52.283],[-73.626,-52.608],[-73.243,-52.574],[-73.281,-52.953],[-73.08,-53.032]]]]},"properties":{"NAME":"Chile","SUBJECTO":"Chile","PARTOF":"Chile","ABBREVN":"Chile","BORDERPRECISION":3,"fid":41}},
{"type":"Feature","geometry":{"type":"Polygon","coordinates":[[[-69.901,-4.379],[-69.878,-4.187],[-70.207,-3.808],[-70.588,-3.791],[-71.061,-3.938],[-71.736,-3.642],[-71.862,-3.263],[-72.242,-3.516],[-72.875,-3.389],[-73.255,-3.6],[-73.128,-3.938],[-73.423,-4.022],[-73.592,-4.444],[-73.888,-4.571],[-74.183,-4.402],[-74.309,-4.613],[-74.605,-4.36],[-74.985,-4.782],[-75.493,-4.663],[-75.691,-5.058],[-77.339,-4.795],[-77.405,-4.333],[-78.878,-4.87],[-78.998,-5.01],[-79.286,-5.012],[-79.552,-4.575],[-79.692,-4.461],[-80.259,-4.414],[-80.35,-4.103],[-80.245,-3.95],[-80.229,-3.471],[-80.583,-3.657],[-81.304,-4.332],[-81.418,-4.675],[-81.301,-4.999],[-80.876,-5.589],[-80.888,-5.9],[-81.297,-6.041],[-80.612,-6.37],[-80.066,-6.756],[-79.797,-7.194],[-79.06,-8.216],[-78.302,-9.669],[-77.759,-10.659],[-77.707,-11.256],[-77.336,-11.509],[-76.711,-12.76],[-76.359,-13.229],[-76.238,-13.502],[-76.242,-14.106],[-75.785,-14.727],[-75.231,-15.222],[-74.05,-16.045],[-73.283,-16.367],[-71.863,-17.12],[-71.612,-17.221],[-71.365,-17.697],[-70.584,-18.083],[-70.296,-18.629],[-70.209,-19.067],[-70.19,-19.76],[-70.112,-20.693],[-70.111,-21.748],[-70.201,-22.217],[-69.055,-22.352],[-67.939,-22.059],[-68.182,-21.249],[-68.528,-20.749],[-68.64,-20.445],[-68.425,-19.586],[-68.433,-19.459],[-68.775,-19.125],[-68.888,-18.89],[-68.975,-18.344],[-69.43,-17.604],[-69.52,-17.191],[-69.012,-16.617],[-69.019,-16.382],[-69.291,-15.856],[-69.301,-15.64],[-69.135,-15.322],[-69.291,-14.941],[-69.245,-14.738],[-68.836,-14.17],[-68.968,-13.529],[-68.916,-13.219],[-69.363,-13.496],[-69.626,-13.431],[-69.824,-13.167],[-69.758,-12.771],[-70.22,-12.178],[-73.121,-9.405],[-72.916,-9.041],[-73.842,-7.579],[-73.89,-7.325],[-73.779,-7.045],[-73.062,-6.519],[-73.192,-6.081],[-72.769,-5.145],[-72.286,-4.869],[-71.434,-4.52],[-71.132,-4.55],[-70.549,-4.267],[-69.901,-4.379]]]},"properties":{"NAME":"Peru","SUBJECTO":"Peru","PARTOF":"Peru","ABBREVN":"Peru","BORDERPRECISION":3,"fid":42}},
{"type":"Feature","geometry":{"type":"Polygon","coordinates":[[[-2.193,35.054],[-2.83,35.142],[-3.009,35.39],[-3.441,35.166],[-4.593,35.151],[-5.172,35.424],[-5.565,35.862],[-5.929,35.728],[-6.511,34.454],[-7.004,33.875],[-7.333,33.696],[-8.314,33.338],[-8.64,33.122],[-9.219,32.58],[-9.318,31.964],[-9.813,31.289],[-9.817,30.755],[-9.625,30.406],[-9.663,29.955],[-9.87,29.643],[-10.339,29.146],[-11.576,28.229],[-12.091,28.024],[-12.866,27.857],[-13.124,27.546],[-11.258,27.564],[-10.054,27.565],[-8.641,27.567],[-8.593,28.641],[-8.284,28.783],[-7.17,29.476],[-6.423,29.468],[-6.341,29.78],[-5.603,29.873],[-5.13,30.136],[-4.912,30.43],[-4.413,30.579],[-3.729,30.894],[-3.78,31.555],[-3.128,31.66],[-2.817,31.993],[-1.234,31.989],[-1.081,32.454],[-1.61,33.048],[-1.681,33.258],[-1.664,34.205],[-1.738,34.605],[-2.077,34.826],[-2.193,35.054]]]},"properties":{"NAME":"Morocco","SUBJECTO":"Morocco","PARTOF":"Morocco","ABBREVN":"Morocco","BORDERPRECISION":3,"fid":43}},
{"type":"Feature","geometry":{"type":"Polygon","coordinates":[[[-88.32,18.494],[-88.311,18.741],[-88.138,18.894],[-87.877,18.381],[-87.637,19.575],[-87.651,20.19],[-86.936,20.976],[-86.922,21.301],[-87.201,21.529],[-87.597,21.484],[-88.334,21.59],[-89.058,21.398],[-89.863,21.25],[-90.304,21.052],[-90.499,20.527],[-90.442,19.951],[-90.666,19.768],[-90.798,19.249],[-91.22,19.102],[-91.702,18.823],[-91.479,18.634],[-91.73,18.416],[-92.107,18.516],[-92.098,18.76],[-93.087,18.554],[-94.242,18.24],[-94.59,18.271],[-95.083,18.702],[-95.844,18.796],[-96.012,18.929],[-96.579,19.92],[-97.223,20.764],[-97.504,21.189],[-97.882,22.333],[-97.815,23.375],[-97.823,24.208],[-97.658,25.073],[-97.26,25.811],[-97.783,26.034],[-98.103,25.982],[-99.1,26.409],[-99.42,26.84],[-99.604,27.469],[-100.02,27.842],[-100.4,28.311],[-101.033,29.326],[-101.382,29.604],[-101.734,29.749],[-102.237,29.778],[-102.448,29.687],[-103.022,29.092],[-103.586,29.057],[-104.083,29.283],[-104.574,29.58],[-104.775,29.827],[-105.126,30.615],[-105.821,31.069],[-106.545,31.702],[-108.232,31.724],[-108.371,31.278],[-109.211,31.273],[-111.089,31.307],[-111.241,31.331],[-112.823,31.832],[-114.622,32.427],[-114.884,32.636],[-117.174,32.521],[-116.96,32.156],[-116.611,31.877],[-116.705,31.591],[-116.138,30.765],[-116.058,30.339],[-115.857,30.282],[-115.602,29.685],[-114.978,29.311],[-114.273,28.709],[-114.067,28.423],[-114.105,28.054],[-114.479,27.78],[-115.055,27.853],[-114.478,27.244],[-113.585,26.769],[-113.285,26.808],[-112.981,26.503],[-112.411,26.193],[-112.084,25.57],[-112.166,25.011],[-111.906,24.687],[-111.392,24.243],[-110.784,23.799],[-110.502,23.66],[-110.225,23.4],[-110.117,23.07],[-109.889,22.867],[-109.517,23.192],[-109.489,23.573],[-109.824,23.693],[-110.205,24.315],[-110.485,24.15],[-110.772,24.378],[-110.798,24.88],[-111.329,25.896],[-111.484,26.557],[-111.594,26.76],[-111.915,26.664],[-112.115,27.02],[-112.284,27.509],[-112.724,27.705],[-112.87,28.335],[-113.322,28.556],[-113.593,29.103],[-114.1,29.642],[-114.389,29.762],[-114.683,30.143],[-114.735,30.843],[-114.988,31.166],[-114.839,31.815],[-114.195,31.524],[-113.952,31.69],[-113.689,31.538],[-113.662,31.335],[-113.052,31.139],[-113.085,30.77],[-112.654,29.919],[-112.033,29.061],[-111.692,28.496],[-111.271,28.109],[-110.604,27.856],[-110.582,27.462],[-110.382,27.214],[-109.946,27.044],[-109.724,26.605],[-109.527,26.72],[-109.189,26.441],[-109.132,26.289],[-109.338,25.958],[-109.263,25.646],[-108.848,25.615],[-108.499,25.241],[-108.013,24.981],[-107.916,24.645],[-107.404,24.296],[-106.512,23.363],[-105.839,22.564],[-105.54,22.285],[-105.628,21.954],[-105.294,21.522],[-105.234,21.141],[-105.44,20.835],[-105.291,20.67],[-105.67,20.352],[-105.173,19.66],[-104.948,19.438],[-104.197,19.058],[-103.494,18.354],[-102.668,18.095],[-101.993,18.027],[-101.487,17.576],[-101.221,17.418],[-99.979,16.893],[-98.856,16.597],[-97.881,16.052],[-97.294,15.964],[-96.752,15.781],[-96.333,15.75],[-95.993,15.865],[-95.13,16.299],[-94.835,16.319],[-94.075,16.111],[-92.901,15.192],[-92.155,14.543],[-92.244,15.282],[-91.759,16.098],[-90,16.098],[-90,16.816],[-91.076,16.92],[-91.299,17.164],[-91.028,17.278],[-91.01,17.836],[-89.154,17.831],[-88.867,17.901],[-88.517,18.487],[-88.32,18.494]]]},"properties":{"NAME":"Mexico","SUBJECTO":"Mexico","PARTOF":"Mexico","ABBREVN":"Mexico","BORDERPRECISION":3,"fid":44}},
{"type":"Feature","geometry":{"type":"Polygon","coordinates":[[[31.727,-26.154],[31.663,-27.041],[32.825,-27.135],[32.896,-26.372],[32.5,-26.068],[32.945,-25.54],[33.347,-25.304],[34.585,-24.875],[34.884,-24.722],[35.43,-24.225],[35.512,-23.939],[35.297,-23.825],[35.425,-23.456],[35.531,-22.458],[35.512,-22.185],[35.261,-22.274],[34.994,-21.271],[35.107,-20.984],[35.023,-20.813],[34.699,-20.572],[34.726,-19.86],[35.915,-19.032],[36.314,-18.649],[36.892,-18],[37.275,-17.713],[38.859,-17.055],[39.471,-16.717],[39.795,-16.424],[40.386,-15.736],[40.61,-15.355],[40.527,-15.183],[40.781,-14.922],[40.849,-14.579],[40.599,-14.401],[40.603,-13.531],[40.366,-12.991],[40.527,-12.584],[40.393,-11.548],[40.311,-11.345],[40.536,-11.027],[40.62,-10.766],[40.524,-10.55],[39.065,-11.209],[39.533,-12.244],[39.743,-13.713],[39.638,-15.287],[39.219,-15.707],[37.645,-16.021],[36.386,-16.966],[35.546,-16.966],[34.287,-15.916],[33.812,-15.728],[32.891,-15.363],[32.635,-15.825],[33.086,-16.401],[33.568,-17.015],[34.27,-17.617],[34.37,-18.218],[33.972,-18.959],[33.668,-20.324],[33.969,-23.231],[33.468,-24.534],[31.764,-25.637],[31.727,-26.154]]]},"properties":{"NAME":"Portuguese East Africa","SUBJECTO":"Portuguese East Africa","PARTOF":"Portuguese East Africa","ABBREVN":"Portuguese East Africa","BORDERPRECISION":3,"fid":45}},
{"type":"Feature","geometry":{"type":"Polygon","coordinates":[[[16.334,-28.561],[16.788,-29.139],[17.354,-30.422],[17.567,-30.828],[17.904,-31.291],[18.179,-31.805],[18.336,-32.339],[18.232,-32.898],[17.868,-32.994],[18.073,-33.223],[18.459,-33.832],[18.293,-34.246],[18.487,-34.398],[19.181,-34.422],[19.321,-34.733],[19.884,-34.992],[20.256,-34.623],[20.847,-34.501],[21.669,-34.506],[21.997,-34.263],[22.682,-34.103],[23.189,-34.242],[23.499,-34.07],[24.085,-34.151],[24.43,-34.335],[24.693,-34.309],[24.929,-34.079],[25.516,-34.174],[25.619,-33.919],[26.659,-33.847],[26.963,-33.713],[27.656,-33.254],[28.922,-32.298],[29.974,-31.274],[29.759,-31.051],[29.157,-30.85],[28.692,-29.97],[27.877,-30.049],[27.549,-30.369],[27.351,-30.233],[26.892,-30.574],[26.385,-30.422],[25.749,-30.549],[24.174,-29.547],[23.543,-29.146],[22.603,-29.663],[21.992,-28.587],[21.538,-28.244],[20.736,-28.745],[19.84,-28.444],[19.129,-28.948],[18.676,-28.888],[17.707,-28.873],[17.574,-28.778],[17.53,-28.385],[17.008,-28.072],[16.666,-28.409],[16.334,-28.561]]]},"properties":{"NAME":"Cape Colony","SUBJECTO":"Cape Colony","PARTOF":"Cape Colony","ABBREVN":"Cape Colony","BORDERPRECISION":3,"fid":46}},
{"type":"Feature","geometry":{"type":"Polygon","coordinates":[[[29.974,-31.274],[30.391,-30.814],[31.327,-29.509],[31.008,-28.701],[30.392,-28.495],[30.045,-28.38],[29.086,-28.498],[29.007,-29.234],[28.771,-29.392],[28.692,-29.97],[29.157,-30.85],[29.759,-31.051],[29.974,-31.274]]]},"properties":{"NAME":"Natal","SUBJECTO":"Natal","PARTOF":"Natal","ABBREVN":"Natal","BORDERPRECISION":3,"fid":47}},
{"type":"Feature","geometry":{"type":"Polygon","coordinates":[[[28.692,-29.97],[28.771,-29.392],[29.007,-29.234],[29.086,-28.498],[28.897,-28.507],[28.617,-28.521],[27.221,-29.178],[26.385,-30.422],[26.892,-30.574],[27.351,-30.233],[27.549,-30.369],[27.877,-30.049],[28.692,-29.97]]]},"properties":{"NAME":"Basutoland","SUBJECTO":"Basutoland","PARTOF":"Basutoland","ABBREVN":"Basutoland","BORDERPRECISION":3,"fid":48}},
{"type":"Feature","geometry":{"type":"Polygon","coordinates":[[[31.327,-29.509],[31.563,-29.21],[32.235,-28.744],[32.393,-28.375],[32.303,-28.134],[31.258,-27.637],[30.693,-27.576],[30.238,-27.546],[30.392,-28.495],[31.008,-28.701],[31.327,-29.509]]]},"properties":{"NAME":"Zululand","SUBJECTO":"Zululand","PARTOF":"Zululand","ABBREVN":"Zululand","BORDERPRECISION":3,"fid":49}},
{"type":"Feature","geometry":{"type":"Polygon","coordinates":[[[31.663,-27.041],[31.258,-27.637],[32.303,-28.134],[32.609,-27.898],[32.767,-27.517],[32.825,-27.135],[31.663,-27.041]]]},"properties":{"BORDERPRECISION":3,"fid":50}},
{"type":"Feature","geometry":{"type":"Polygon","coordinates":[[[31.727,-26.154],[31.264,-25.685],[30.623,-26.263],[30.559,-26.84],[30.815,-27.097],[30.693,-27.576],[31.258,-27.637],[31.663,-27.041],[31.727,-26.154]]]},"properties":{"NAME":"Swaziland","SUBJECTO":"Swaziland","PARTOF":"Swaziland","ABBREVN":"Swaziland","BORDERPRECISION":3,"fid":51}},
{"type":"Feature","geometry":{"type":"Polygon","coordinates":[[[26.385,-30.422],[27.221,-29.178],[28.617,-28.521],[28.897,-28.507],[29.378,-27.544],[29.298,-26.983],[28.416,-26.502],[27.133,-26.662],[27.213,-26.983],[25.609,-27.223],[25.128,-27.544],[24.647,-28.988],[24.174,-29.547],[25.749,-30.549],[26.385,-30.422]]]},"properties":{"NAME":"Orange Free State","SUBJECTO":"Orange Free State","PARTOF":"Orange Free State","ABBREVN":"Orange Free State","BORDERPRECISION":3,"fid":52}},
{"type":"Feature","geometry":{"type":"Polygon","coordinates":[[[30.392,-28.495],[30.238,-27.546],[30.693,-27.576],[30.815,-27.097],[30.559,-26.84],[29.94,-26.983],[29.298,-26.983],[29.378,-27.544],[28.897,-28.507],[29.086,-28.498],[30.045,-28.38],[30.392,-28.495]]]},"properties":{"BORDERPRECISION":3,"fid":53}},
{"type":"Feature","geometry":{"type":"Polygon","coordinates":[[[31.264,-25.685],[31.865,-24.817],[31.945,-23.695],[31.865,-22.411],[31.544,-21.85],[30.822,-21.85],[30.18,-21.529],[29.459,-21.529],[29.138,-22.01],[28.496,-22.01],[27.245,-22.755],[27.142,-23.165],[26.527,-23.319],[26.424,-24.192],[25.368,-24.737],[25.048,-26.101],[25.128,-27.544],[25.609,-27.223],[27.213,-26.983],[27.133,-26.662],[28.416,-26.502],[29.298,-26.983],[29.94,-26.983],[30.559,-26.84],[30.623,-26.263],[31.264,-25.685]]]},"properties":{"NAME":"Transvaal","SUBJECTO":"Transvaal","PARTOF":"Transvaal","ABBREVN":"Transvaal","BORDERPRECISION":3,"fid":54}},
{"type":"Feature","geometry":{"type":"Polygon","coordinates":[[[24.174,-29.547],[24.647,-28.988],[25.128,-27.544],[23.917,-27.175],[23.275,-27.304],[22.569,-28.138],[21.992,-28.587],[22.603,-29.663],[23.543,-29.146],[24.174,-29.547]]]},"properties":{"NAME":"Griqualand West","SUBJECTO":"Griqualand West","PARTOF":"Griqualand West","ABBREVN":"Griqualand West","BORDERPRECISION":3,"fid":55}},
{"type":"Feature","geometry":{"type":"Polygon","coordinates":[[[27.964,-18.392],[27.142,-18.392],[26.424,-18.597],[25.603,-19.675],[25.757,-20.291],[26.219,-20.496],[26.783,-20.599],[27.964,-19.829],[28.99,-19.47],[29.196,-19.162],[29.196,-18.854],[28.682,-18.546],[27.964,-18.392]]]},"properties":{"NAME":"Ndebele","SUBJECTO":"Ndebele","PARTOF":"Ndebele","ABBREVN":"Ndebele","BORDERPRECISION":3,"fid":56}},
{"type":"Feature","geometry":{"type":"Polygon","coordinates":[[[27.502,-22.241],[27.758,-21.933],[27.502,-21.471],[27.04,-21.471],[25.397,-22.087],[25.089,-22.549],[25.397,-23.165],[25.859,-23.268],[26.424,-22.857],[27.502,-22.241]]]},"properties":{"NAME":"Ngwato","SUBJECTO":"Ngwato","PARTOF":"Ngwato","ABBREVN":"Ngwato","BORDERPRECISION":3,"fid":57}},
{"type":"Feature","geometry":{"type":"Polygon","coordinates":[[[27.476,-16.879],[27.643,-16.636],[27.88,-16.016],[28.035,-14.963],[27.973,-14.699],[27.632,-14.405],[27.074,-14.157],[26.563,-14.002],[25.37,-13.863],[24.627,-13.971],[23.914,-14.297],[23.357,-14.823],[23.171,-15.149],[23.093,-15.458],[23.109,-16.249],[23.217,-16.806],[23.496,-17.271],[24.112,-17.645],[24.903,-17.814],[25.679,-17.799],[26.416,-17.615],[27.016,-17.303],[27.476,-16.879]]]},"properties":{"NAME":"Lozi","SUBJECTO":"Lozi","PARTOF":"Lozi","ABBREVN":"Lozi","BORDERPRECISION":3,"fid":58}},
{"type":"Feature","geometry":{"type":"Polygon","coordinates":[[[40.524,-10.55],[40.387,-10.372],[39.838,-10.005],[39.658,-9.796],[39.392,-8.735],[39.478,-7.998],[39.27,-7.801],[39.566,-7.044],[39.221,-6.784],[38.922,-6.34],[38.872,-6.092],[38.934,-5.635],[39.122,-5.037],[39.267,-4.776],[39.53,-4.617],[39.681,-4.324],[39.64,-4.083],[40.234,-3.192],[40.271,-2.817],[40.449,-2.645],[40.75,-2.593],[40.877,-2.428],[40.915,-2.078],[41.089,-2.129],[41.61,-1.877],[41.607,-1.594],[42.44,-0.512],[43.333,0.405],[41.65,1.201],[40.911,0.019],[39.877,0.019],[39.951,-1.015],[37.735,-2.345],[37.661,-3.379],[38.252,-3.896],[37.957,-4.856],[37.957,-6.777],[36.184,-7.442],[36.036,-8.55],[38.326,-9.067],[39.065,-11.209],[40.524,-10.55]]]},"properties":{"NAME":"Sultinate of Zanzibar","SUBJECTO":"Sultinate of Zanzibar","PARTOF":"Sultinate of Zanzibar","ABBREVN":"Sultinate of Zanzibar","BORDERPRECISION":3,"fid":59}},
{"type":"Feature","geometry":{"type":"Polygon","coordinates":[[[33.812,-15.728],[34.144,-14.781],[33.674,-13.465],[32.875,-12.713],[32.499,-12.525],[31.747,-12.76],[30.666,-13.606],[29.961,-14.875],[29.961,-15.392],[30.196,-16.097],[30.948,-16.708],[31.7,-16.849],[32.358,-16.802],[33.086,-16.401],[32.635,-15.825],[32.891,-15.363],[33.812,-15.728]]]},"properties":{"NAME":"Shona","SUBJECTO":"Shona","PARTOF":"Shona","ABBREVN":"Shona","BORDERPRECISION":3,"fid":60}},
{"type":"Feature","geometry":{"type":"Polygon","coordinates":[[[24.368,-13.653],[25.496,-13.042],[25.919,-12.525],[26.06,-11.867],[25.778,-11.397],[25.308,-10.974],[25.026,-10.833],[24.227,-10.88],[22.911,-11.491],[22.441,-12.102],[22.394,-12.854],[22.629,-13.559],[23.052,-13.794],[23.663,-13.841],[24.368,-13.653]]]},"properties":{"NAME":"Barotse","SUBJECTO":"Barotse","PARTOF":"Barotse","ABBREVN":"Barotse","BORDERPRECISION":3,"fid":61}},
{"type":"Feature","geometry":{"type":"Polygon","coordinates":[[[32.875,1.527],[33.345,1.903],[33.063,2.561],[32.687,2.655],[32.217,2.561],[31.371,2.326],[30.572,1.292],[30.29,1.057],[30.243,0.869],[29.82,0.775],[29.867,0.54],[30.055,0.446],[30.008,-0.165],[30.901,-0.447],[30.948,-0.165],[31.653,0.728],[32.499,1.433],[32.875,1.527]]]},"properties":{"NAME":"Bunyoro","SUBJECTO":"Bunyoro","PARTOF":"Bunyoro","ABBREVN":"Bunyoro","BORDERPRECISION":3,"fid":62}},
{"type":"Feature","geometry":{"type":"Polygon","coordinates":[[[30.901,-0.447],[30.817,-1.108],[31.136,-1.481],[31.512,-1.528],[32.101,-1.465],[33.324,-0.113],[32.875,1.527],[32.499,1.433],[31.653,0.728],[30.948,-0.165],[30.901,-0.447]]]},"properties":{"NAME":"Buganda","SUBJECTO":"Buganda","PARTOF":"Buganda","ABBREVN":"Buganda","BORDERPRECISION":3,"fid":63}},
{"type":"Feature","geometry":{"type":"Polygon","coordinates":[[[26.78,-11.818],[27.191,-12.347],[28.131,-12.64],[28.719,-12.64],[29.188,-11.935],[30.657,-11.524],[31.303,-10.937],[31.303,-9.703],[31.127,-9.233],[30.363,-8.763],[29.717,-8.587],[29.012,-8.176],[28.307,-8.117],[27.426,-8.293],[27.132,-9.057],[26.721,-10.819],[26.78,-11.818]]]},"properties":{"NAME":"Yeke","SUBJECTO":"Yeke","PARTOF":"Yeke","ABBREVN":"Yeke","BORDERPRECISION":3,"fid":64}},
{"type":"Feature","geometry":{"type":"Polygon","coordinates":[[[29.423,-4.474],[29.541,-6.413],[30.305,-7.118],[31.068,-8.587],[31.597,-8.587],[32.302,-8.293],[33.183,-7.412],[34.182,-5.414],[33.007,-5.062],[33.007,-4.768],[32.126,-4.651],[31.068,-4.239],[30.657,-3.711],[30.246,-4.298],[29.423,-4.474]]]},"properties":{"NAME":"Mirambo Unyanyembe Ukimbu","SUBJECTO":"Mirambo Unyanyembe Ukimbu","PARTOF":"Mirambo Unyanyembe Ukimbu","ABBREVN":"Mirambo Unyanyembe Ukimbu","BORDERPRECISION":3,"fid":65}},
{"type":"Feature","geometry":{"type":"Polygon","coordinates":[[[30.657,-3.711],[30.716,-3.182],[30.54,-3.006],[30.187,-3.006],[29.835,-3.241],[29.306,-3.887],[29.423,-4.474],[30.246,-4.298],[30.657,-3.711]]]},"properties":{"NAME":"Burundi","SUBJECTO":"Burundi","PARTOF":"Burundi","ABBREVN":"Burundi","BORDERPRECISION":3,"fid":66}},
{"type":"Feature","geometry":{"type":"Polygon","coordinates":[[[32.831,-3.006],[31.186,-3.123],[31.068,-3.534],[31.303,-4.063],[32.655,-4.416],[33.477,-4.063],[33.771,-3.769],[33.712,-3.241],[32.831,-3.006]]]},"properties":{"NAME":"Nguni","SUBJECTO":"Nguni","PARTOF":"Nguni","ABBREVN":"Nguni","BORDERPRECISION":3,"fid":67}},
{"type":"Feature","geometry":{"type":"Polygon","coordinates":[[[30.817,-1.108],[30.128,-1.243],[29.776,-1.478],[29.482,-1.889],[29.482,-2.242],[29.658,-2.536],[30.422,-2.712],[31.068,-2.359],[31.186,-1.889],[31.136,-1.481],[30.817,-1.108]]]},"properties":{"NAME":"Rwanda","SUBJECTO":"Rwanda","PARTOF":"Rwanda","ABBREVN":"Rwanda","BORDERPRECISION":3,"fid":68}},
{"type":"Feature","geometry":{"type":"Polygon","coordinates":[[[27.661,-6.354],[28.836,-6.354],[28.719,-5.297],[28.19,-5.062],[28.131,-4.474],[29.012,-3.652],[28.777,-3.006],[27.309,-2.653],[27.25,-1.067],[26.369,0.284],[25.899,0.343],[23.255,-0.715],[22.785,-1.361],[23.02,-1.831],[23.666,-2.183],[24.547,-3.358],[24.724,-3.828],[24.43,-4.709],[24.579,-5.246],[24.724,-5.767],[25.252,-6.178],[26.251,-6.531],[27.309,-6.354],[27.661,-6.354]]]},"properties":{"NAME":"Sultanate of Utetera","SUBJECTO":"Sultanate of Utetera","PARTOF":"Sultanate of Utetera","ABBREVN":"Sultanate of Utetera","BORDERPRECISION":3,"fid":69}},
{"type":"Feature","geometry":{"type":"Polygon","coordinates":[[[25.252,-6.178],[24.489,-6.824],[24.312,-7.471],[24.665,-8.469],[25.487,-8.646],[26.545,-8.469],[27.132,-8.293],[27.661,-6.942],[27.661,-6.354],[27.309,-6.354],[26.251,-6.531],[25.252,-6.178]]]},"properties":{"NAME":"Lunda","SUBJECTO":"Lunda","PARTOF":"Lunda","ABBREVN":"Lunda","BORDERPRECISION":3,"fid":70}},
{"type":"Feature","geometry":{"type":"Polygon","coordinates":[[[24.579,-5.246],[23.842,-5.532],[23.607,-6.002],[23.607,-6.413],[24.077,-6.766],[24.489,-6.824],[25.252,-6.178],[24.724,-5.767],[24.579,-5.246]]]},"properties":{"NAME":"Luba","SUBJECTO":"Luba","PARTOF":"Luba","ABBREVN":"Luba","BORDERPRECISION":3,"fid":71}},
{"type":"Feature","geometry":{"type":"Polygon","coordinates":[[[22.726,-4.768],[22.315,-3.828],[21.375,-3.652],[20.905,-4.122],[20.729,-5.532],[21.199,-6.707],[21.551,-6.942],[22.256,-6.589],[22.785,-5.356],[22.726,-4.768]]]},"properties":{"NAME":"Kuba","SUBJECTO":"Kuba","PARTOF":"Kuba","ABBREVN":"Kuba","BORDERPRECISION":3,"fid":72}},
{"type":"Feature","geometry":{"type":"Polygon","coordinates":[[[12.301,-14.56],[14.42,-12.66],[14.678,-11.759],[14.368,-9.638],[14.267,-8.939],[14.325,-8.234],[14.09,-7.706],[13.562,-7.529],[13.023,-7.605],[13.387,-8.156],[13.477,-8.416],[13.431,-8.823],[13.146,-9.065],[13.084,-9.287],[13.204,-9.637],[13.639,-10.303],[13.816,-10.976],[13.813,-11.656],[13.649,-12.197],[13.339,-12.649],[13.051,-12.751],[12.848,-13.164],[12.585,-13.464],[12.441,-13.877],[12.301,-14.56]]]},"properties":{"NAME":"Angola","SUBJECTO":"Angola","PARTOF":"Angola","ABBREVN":"Angola","BORDERPRECISION":3,"fid":73}},
{"type":"Feature","geometry":{"type":"Polygon","coordinates":[[[14.42,-12.66],[15.206,-12.64],[15.735,-13.11],[16.146,-13.052],[16.205,-10.878],[16.088,-9.82],[15.735,-9.585],[15.441,-9.879],[15.089,-9.703],[14.795,-9.82],[14.368,-9.638],[14.678,-11.759],[14.42,-12.66]]]},"properties":{"NAME":"Ovimbundu","SUBJECTO":"Ovimbundu","PARTOF":"Ovimbundu","ABBREVN":"Ovimbundu","BORDERPRECISION":3,"fid":74}},
{"type":"Feature","geometry":{"type":"Polygon","coordinates":[[[14.368,-9.638],[14.795,-9.82],[15.089,-9.703],[15.441,-9.879],[15.735,-9.585],[16.088,-9.82],[16.91,-9.938],[17.498,-9.527],[17.615,-9.292],[16.91,-8.058],[15.97,-7.764],[15.557,-7.735],[14.971,-7.706],[14.09,-7.706],[14.325,-8.234],[14.267,-8.939],[14.368,-9.638]]]},"properties":{"NAME":"Mbailundu","SUBJECTO":"Mbailundu","PARTOF":"Mbailundu","ABBREVN":"Mbailundu","BORDERPRECISION":3,"fid":75}},
{"type":"Feature","geometry":{"type":"Polygon","coordinates":[[[14.09,-7.706],[14.971,-7.706],[15.089,-7.412],[14.568,-6.283],[14.032,-5.121],[13.419,-4.555],[13.268,-4.416],[12.563,-4.298],[11.851,-4.71],[12.263,-5.47],[12.194,-5.775],[12.372,-6.258],[12.796,-6.861],[13.023,-7.605],[13.562,-7.529],[14.09,-7.706]]]},"properties":{"NAME":"Congo","SUBJECTO":"Congo","PARTOF":"Congo","ABBREVN":"Congo","BORDERPRECISION":3,"fid":76}},
{"type":"Feature","geometry":{"type":"Polygon","coordinates":[[[14.568,-6.283],[15.383,-5.767],[16.029,-4.768],[16.352,-4.445],[16.675,-4.122],[16.381,-3.476],[15.97,-3.085],[15.089,-2.888],[14.384,-3.182],[13.419,-4.555],[14.032,-5.121],[14.568,-6.283]]]},"properties":{"NAME":"Teke","SUBJECTO":"Teke","PARTOF":"Teke","ABBREVN":"Teke","BORDERPRECISION":3,"fid":77}},
{"type":"Feature","geometry":{"type":"MultiPolygon","coordinates":[[[[15.557,-7.735],[16.029,-4.768],[15.383,-5.767],[14.568,-6.283],[15.089,-7.412],[14.971,-7.706],[15.557,-7.735]]],[[[8.576,3.067],[8.827,3.612],[8.478,3.557],[8.358,3.088],[8.576,3.067]]]]},"properties":{"BORDERPRECISION":3,"fid":78}},
{"type":"Feature","geometry":{"type":"Polygon","coordinates":[[[16.91,-8.058],[17.086,-8.058],[17.556,-7.706],[17.439,-7.118],[18.085,-5.826],[17.733,-5.121],[16.352,-4.445],[16.029,-4.768],[15.557,-7.735],[15.97,-7.764],[16.91,-8.058]]]},"properties":{"NAME":"Yaka","SUBJECTO":"Yaka","PARTOF":"Yaka","ABBREVN":"Yaka","BORDERPRECISION":3,"fid":79}},
{"type":"Feature","geometry":{"type":"Polygon","coordinates":[[[54.983,17.015],[55.195,17.149],[55.29,17.676],[55.561,17.937],[56.258,17.977],[56.549,18.219],[56.739,18.689],[57.186,18.938],[57.839,19.035],[57.778,19.314],[57.806,20.172],[57.931,20.401],[58.512,20.421],[58.861,21.114],[59.536,21.802],[59.837,22.279],[59.254,22.729],[58.628,23.458],[58.081,23.502],[57.146,23.982],[56.794,24.268],[56.405,24.82],[56.406,25.309],[56.282,25.462],[56.007,25.138],[56.016,24.83],[56.145,24.453],[56.126,24.096],[57.73,22.727],[58.166,22.558],[58.384,21.976],[57.44,21.007],[56.426,19.627],[56.132,18.893],[54.883,18.158],[54.81,17.791],[54.983,17.015]]]},"properties":{"NAME":"Oman","SUBJECTO":"Oman","PARTOF":"Oman","ABBREVN":"Oman","BORDERPRECISION":3,"fid":80}},
{"type":"Feature","geometry":{"type":"Polygon","coordinates":[[[56.126,24.096],[55.618,23.886],[54.957,23.446],[53.341,23.446],[52.68,23.372],[51.505,23.372],[51.212,23.886],[50.775,24.154],[50.569,23.854],[49.704,24.41],[49.395,26.078],[48.469,26.695],[47.672,28.443],[47.439,28.829],[46.509,28.97],[46.905,29.438],[45.87,29.856],[44.839,29.993],[44.083,30.337],[40.029,34.391],[39.342,34.597],[38.036,34.597],[37.212,33.566],[36.525,31.162],[36.593,29.787],[37.364,27.957],[37.644,27.356],[39.756,25.428],[40.857,24.988],[41.07,22.263],[41.812,21.713],[41.923,20.767],[45.557,17.204],[45.704,16.176],[45.263,13.826],[45.411,13.09],[45.826,13.405],[46.601,13.401],[47.37,13.669],[48.036,14.045],[48.537,14.046],[48.96,14.219],[49.334,14.633],[50.291,14.959],[51.313,15.247],[51.95,15.541],[52.135,15.687],[52.238,16.1],[52.652,16.489],[52.894,16.61],[54.084,17.019],[54.407,17.045],[54.756,16.951],[54.983,17.015],[54.81,17.791],[54.883,18.158],[56.132,18.893],[56.426,19.627],[57.44,21.007],[58.384,21.976],[58.166,22.558],[57.73,22.727],[56.126,24.096]]]},"properties":{"NAME":"Arabia","SUBJECTO":"Arabia","PARTOF":"Arabia","ABBREVN":"Arabia","BORDERPRECISION":3,"fid":81}},
{"type":"Feature","geometry":{"type":"Polygon","coordinates":[[[56.282,25.462],[56.405,25.861],[56.367,26.236],[56.015,25.772],[55.53,25.373],[55.457,25.42],[54.771,24.733],[54.592,24.377],[54.347,24.154],[53.687,23.987],[53.076,24.087],[52.939,24.024],[52.383,24.108],[51.946,23.945],[51.586,24.003],[51.291,24.281],[50.968,24.436],[50.775,24.154],[51.212,23.886],[51.505,23.372],[52.68,23.372],[53.341,23.446],[54.957,23.446],[55.618,23.886],[56.126,24.096],[56.145,24.453],[56.016,24.83],[56.007,25.138],[56.282,25.462]]]},"properties":{"NAME":"Trucial Oman","SUBJECTO":"Trucial Oman","PARTOF":"Trucial Oman","ABBREVN":"Trucial Oman","BORDERPRECISION":3,"fid":82}},
{"type":"Feature","geometry":{"type":"Polygon","coordinates":[[[51.291,24.281],[51.288,24.411],[51.559,24.816],[51.587,25.609],[51.358,26.029],[51.069,25.945],[50.847,25.265],[50.968,24.436],[51.291,24.281]]]},"properties":{"NAME":"Qatar","SUBJECTO":"Qatar","PARTOF":"Qatar","ABBREVN":"Qatar","BORDERPRECISION":3,"fid":83}},
{"type":"Feature","geometry":{"type":"Polygon","coordinates":[[[32.648,29.852],[32.597,30.964],[32.309,31.084],[32.077,31.014],[31.808,31.178],[31.717,31.388],[30.996,31.469],[30.099,31.232],[29.683,31.053],[29.249,30.754],[28.966,30.785],[28.517,30.962],[27.919,30.999],[27.763,31.183],[26.143,31.491],[25.258,31.438],[24.982,31.647],[24.816,31.907],[24.293,31.923],[24.292,30.49],[25.253,29.898],[25.327,28.789],[24.736,28.346],[24.81,27.015],[25.623,26.571],[25.919,25.684],[24.81,24.723],[25.623,22.8],[28.506,22.061],[28.58,21.322],[29.32,21.543],[29.098,20.287],[28.728,19.104],[28.654,18.216],[28.95,17.329],[29.024,16.368],[28.211,16.146],[27.693,15.185],[27.767,14.298],[28.285,13.78],[28.876,13.558],[29.468,12.967],[29.615,11.784],[29.32,10.379],[29.32,9.27],[29.615,7.348],[30.429,6.386],[30.946,5.203],[31.464,4.834],[32.203,4.76],[32.425,5.647],[32.351,7.052],[32.721,9.418],[33.83,11.858],[34.237,14.076],[34.976,15.776],[35.789,16.664],[36.824,17.107],[37.712,16.885],[38.599,17.033],[38.959,17.203],[38.686,18.003],[37.398,18.915],[37.255,19.652],[37.128,21.227],[36.66,22.167],[36.29,22.572],[35.746,22.914],[35.576,23.232],[35.468,23.721],[35.725,23.912],[35.19,24.4],[34.515,25.574],[34.104,26.355],[33.929,26.564],[33.354,27.91],[32.649,28.766],[32.318,29.54],[32.438,29.776],[32.648,29.852]]]},"properties":{"NAME":"Egypt","SUBJECTO":"Egypt","PARTOF":"Egypt","ABBREVN":"Egypt","BORDERPRECISION":3,"fid":84}},
{"type":"Feature","geometry":{"type":"Polygon","coordinates":[[[8.33,32.649],[8.927,32.109],[9.327,30.147],[10.09,30.365],[10.526,30.801],[10.454,31.782],[11.501,32.338],[11.471,33.144],[11.209,33.252],[11.099,33.537],[10.778,33.473],[10.413,33.631],[10.019,34.081],[10.574,34.648],[10.839,34.801],[11.125,35.241],[10.989,35.622],[10.603,35.889],[10.509,36.214],[10.92,36.654],[11.039,36.909],[10.843,36.991],[10.581,36.793],[10.272,36.755],[10.133,37.105],[9.732,37.282],[9.416,37.275],[8.637,36.885],[8.324,36.521],[8.272,36.323],[8.313,35.011],[8.218,34.585],[7.581,34.041],[7.572,33.795],[7.73,33.195],[8.101,33.125],[8.33,32.649]]]},"properties":{"NAME":"Tunisia","SUBJECTO":"Tunisia","PARTOF":"Tunisia","ABBREVN":"Tunisia","BORDERPRECISION":3,"fid":85}},
{"type":"Feature","geometry":{"type":"Polygon","coordinates":[[[-1.234,31.989],[1.366,30.949],[4.81,33.263],[6.747,33.048],[8.33,32.649],[8.101,33.125],[7.73,33.195],[7.572,33.795],[7.581,34.041],[8.218,34.585],[8.313,35.011],[8.272,36.323],[8.324,36.521],[8.637,36.885],[7.913,36.775],[7.545,37.042],[7.307,37.061],[6.923,36.818],[6.323,37.091],[6.047,36.842],[5.144,36.668],[4.395,36.838],[3.741,36.837],[3.324,36.651],[2.81,36.714],[2.524,36.573],[1.058,36.462],[0.781,36.385],[0.199,36.033],[-0.092,35.74],[-0.429,35.86],[-1.147,35.629],[-1.495,35.234],[-2.193,35.054],[-2.077,34.826],[-1.738,34.605],[-1.664,34.205],[-1.681,33.258],[-1.61,33.048],[-1.081,32.454],[-1.234,31.989]]]},"properties":{"NAME":"Algeria","SUBJECTO":"Algeria","PARTOF":"Algeria","ABBREVN":"Algeria","BORDERPRECISION":3,"fid":86}},
{"type":"Feature","geometry":{"type":"Polygon","coordinates":[[[12.497,12.219],[15.811,11.982],[16.488,12.007],[17.026,13.191],[17.725,14.59],[17.564,15.505],[17.725,15.989],[17.295,16.688],[17.187,18.249],[15.573,18.572],[15.196,17.28],[13.905,15.935],[12.183,15.505],[11.914,14.966],[11.598,14.065],[12.497,12.219]]]},"properties":{"NAME":"Kanem-Bornu","SUBJECTO":"Kanem-Bornu","PARTOF":"Kanem-Bornu","ABBREVN":"Kanem-Bornu","BORDERPRECISION":3,"fid":87}},
{"type":"Feature","geometry":{"type":"Polygon","coordinates":[[[6.027,8.193],[4.928,8.193],[3.463,8.34],[2.877,7.754],[3.244,7.314],[5.514,6.875],[6.173,7.388],[6.027,8.193]]]},"properties":{"NAME":"Ibadan","SUBJECTO":"Ibadan","PARTOF":"Ibadan","ABBREVN":"Ibadan","BORDERPRECISION":3,"fid":88}},
{"type":"Feature","geometry":{"type":"Polygon","coordinates":[[[5.419,4.956],[6.1,5.191],[6.1,5.85],[5.221,6.289],[4.634,6.212],[4.886,6.003],[5.153,5.642],[5.448,5.477],[5.333,5.248],[5.419,4.956]]]},"properties":{"NAME":"Benin","SUBJECTO":"Benin","PARTOF":"Benin","ABBREVN":"Benin","BORDERPRECISION":3,"fid":89}},
{"type":"Feature","geometry":{"type":"Polygon","coordinates":[[[2.832,6.351],[3.46,6.381],[3.949,6.579],[4.072,6.44],[3.976,6.655],[3.317,7.095],[2.877,6.802],[2.832,6.351]]]},"properties":{"NAME":"Lagos","SUBJECTO":"Lagos","PARTOF":"Lagos","ABBREVN":"Lagos","BORDERPRECISION":3,"fid":90}},
{"type":"Feature","geometry":{"type":"Polygon","coordinates":[[[2.713,6.346],[2.717,6.878],[2.193,6.766],[2.174,6.29],[2.713,6.346]]]},"properties":{"NAME":"Cotonou","SUBJECTO":"Cotonou","PARTOF":"Cotonou","ABBREVN":"Cotonou","BORDERPRECISION":3,"fid":91}},
{"type":"Feature","geometry":{"type":"Polygon","coordinates":[[[-0.119,5.573],[-0.47,5.866],[-0.77,6.241],[-0.995,6.091],[-1.857,5.903],[-2.57,5.453],[-2.717,5.04],[-2.031,4.698],[-1.176,5.139],[-0.608,5.318],[-0.119,5.573]]]},"properties":{"NAME":"Accra","SUBJECTO":"Accra","PARTOF":"Accra","ABBREVN":"Accra","BORDERPRECISION":3,"fid":92}},
{"type":"Feature","geometry":{"type":"Polygon","coordinates":[[[-5.239,5.193],[-5,5.238],[-3.942,5.266],[-3.351,5.153],[-3.091,5.16],[-3.32,5.828],[-3.77,6.091],[-4.294,6.203],[-4.744,6.053],[-5.239,5.193]]]},"properties":{"NAME":"Ivory Coast","SUBJECTO":"Ivory Coast","PARTOF":"Ivory Coast","ABBREVN":"Ivory Coast","BORDERPRECISION":3,"fid":93}},
{"type":"Feature","geometry":{"type":"Polygon","coordinates":[[[-0.119,5.573],[0.09,5.656],[0.803,5.715],[0.355,6.391],[0.243,6.878],[-0.995,7.478],[-1.67,7.291],[-2.307,7.291],[-2.804,5.186],[-2.717,5.04],[-2.57,5.453],[-1.857,5.903],[-0.995,6.091],[-0.77,6.241],[-0.47,5.866],[-0.119,5.573]]]},"properties":{"NAME":"Asante","SUBJECTO":"Asante","PARTOF":"Asante","ABBREVN":"Asante","BORDERPRECISION":3,"fid":94}},
{"type":"Feature","geometry":{"type":"Polygon","coordinates":[[[-12.31,7.645],[-12.094,8.078],[-11.569,8.303],[-11.569,8.528],[-11.569,8.903],[-11.381,9.54],[-12.244,9.84],[-12.581,9.428],[-13.178,9.092],[-13.174,8.773],[-12.927,8.627],[-13.212,8.347],[-12.869,7.973],[-12.31,7.645]]]},"properties":{"NAME":"Sierra Leone","SUBJECTO":"Sierra Leone","PARTOF":"Sierra Leone","ABBREVN":"Sierra Leone","BORDERPRECISION":3,"fid":95}},
{"type":"Feature","geometry":{"type":"Polygon","coordinates":[[[-12.31,7.645],[-12.264,7.351],[-11.749,7.079],[-11.168,6.598],[-10.437,6.205],[-9.779,5.707],[-9.544,6.391],[-9.882,6.916],[-9.882,7.441],[-10.069,7.591],[-10.894,7.628],[-10.894,8.341],[-11.569,8.528],[-11.569,8.303],[-12.094,8.078],[-12.31,7.645]]]},"properties":{"NAME":"Liberia","SUBJECTO":"Liberia","PARTOF":"Liberia","ABBREVN":"Liberia","BORDERPRECISION":3,"fid":96}},
{"type":"Feature","geometry":{"type":"Polygon","coordinates":[[[-16.767,13.36],[-16.294,13.29],[-15.453,13.327],[-14.972,13.296],[-15.002,13.747],[-15.919,13.778],[-16.471,13.723],[-16.494,13.475],[-16.767,13.36]]]},"properties":{"NAME":"Gambia","SUBJECTO":"Gambia","PARTOF":"Gambia","ABBREVN":"Gambia","BORDERPRECISION":3,"fid":97}},
{"type":"Feature","geometry":{"type":"Polygon","coordinates":[[[-16.767,13.36],[-16.696,12.413],[-16.425,12.248],[-15.994,12.275],[-15.723,12.635],[-15.453,13.327],[-16.294,13.29],[-16.767,13.36]]]},"properties":{"NAME":"Portuguese Guinea","SUBJECTO":"Portuguese Guinea","PARTOF":"Portuguese Guinea","ABBREVN":"Portuguese Guinea","BORDERPRECISION":3,"fid":98}},
{"type":"Feature","geometry":{"type":"Polygon","coordinates":[[[-3.554,13.682],[-2.969,15.088],[-3.603,16.494],[-5.115,16.611],[-7.066,15.908],[-9.384,16.061],[-11.006,15.43],[-11.016,14.678],[-11.26,14.209],[-11.406,13.154],[-10.918,11.924],[-9.894,12.275],[-8.236,11.748],[-7.456,11.924],[-6.383,11.748],[-4.676,12.861],[-4.53,13.213],[-3.963,13.485],[-3.554,13.682]]]},"properties":{"NAME":"Tukular Caliphate","SUBJECTO":"Tukular Caliphate","PARTOF":"Tukular Caliphate","ABBREVN":"Tukular Caliphate","BORDERPRECISION":3,"fid":99}},
{"type":"Feature","geometry":{"type":"Polygon","coordinates":[[[-15.919,13.778],[-16.024,14.168],[-15.904,15.4],[-15.663,15.58],[-15.333,15.55],[-14.221,14.739],[-13.8,14.528],[-13.139,13.988],[-12.779,13.837],[-12.298,13.867],[-12.088,14.108],[-12.088,14.889],[-12.268,15.52],[-12.448,15.82],[-12.719,16.001],[-14.273,16.545],[-15.352,17.062],[-16.125,17.301],[-16.379,16.716],[-16.45,16.118],[-16.865,15.298],[-17.19,14.96],[-17.433,14.807],[-17.05,14.586],[-16.471,13.723],[-15.919,13.778]]]},"properties":{"NAME":"Senegal","SUBJECTO":"Senegal","PARTOF":"Senegal","ABBREVN":"Senegal","BORDERPRECISION":3,"fid":100}},
{"type":"Feature","geometry":{"type":"Polygon","coordinates":[[[-16.024,14.168],[-15.092,14.198],[-14.852,14.108],[-14.762,13.747],[-14.131,13.266],[-13.62,12.966],[-13.109,12.996],[-12.809,13.567],[-12.779,13.837],[-13.139,13.988],[-13.8,14.528],[-14.221,14.739],[-15.333,15.55],[-15.663,15.58],[-15.904,15.4],[-16.024,14.168]]]},"properties":{"NAME":"Futa Toro","SUBJECTO":"Futa Toro","PARTOF":"Futa Toro","ABBREVN":"Futa Toro","BORDERPRECISION":3,"fid":101}},
{"type":"Feature","geometry":{"type":"Polygon","coordinates":[[[-3.963,13.485],[-4.038,12.93],[-3.851,12.461],[-3.24,12.649],[-3.053,13.212],[-3.554,13.682],[-3.963,13.485]]]},"properties":{"NAME":"Kong","SUBJECTO":"Kong","PARTOF":"Kong","ABBREVN":"Kong","BORDERPRECISION":3,"fid":102}},
{"type":"Feature","geometry":{"type":"Polygon","coordinates":[[[-2.912,13.869],[-2.442,13.165],[-3.24,12.273],[-3.053,11.897],[-2.348,11.616],[-1.691,10.724],[-1.879,8.799],[-1.269,8.799],[-0.095,8.376],[1.22,8.658],[0.984,10.616],[-0.012,11.28],[1.36,13.024],[0.797,13.353],[0.14,13.963],[-0.564,14.104],[-1.034,14.526],[-1.973,14.339],[-2.912,13.869]]]},"properties":{"NAME":"Mossi States","SUBJECTO":"Mossi States","PARTOF":"Mossi States","ABBREVN":"Mossi States","BORDERPRECISION":3,"fid":103}},
{"type":"Feature","geometry":{"type":"Polygon","coordinates":[[[-14.414,12.696],[-14.648,12.132],[-14.507,11.616],[-13.146,10.677],[-12.677,10.536],[-12.254,10.63],[-12.019,10.959],[-12.301,11.569],[-13.146,12.367],[-13.85,12.696],[-14.414,12.696]]]},"properties":{"NAME":"Futa Jalon","SUBJECTO":"Futa Jalon","PARTOF":"Futa Jalon","ABBREVN":"Futa Jalon","BORDERPRECISION":3,"fid":104}},
{"type":"Feature","geometry":{"type":"Polygon","coordinates":[[[-7.512,8.846],[-7.7,8.142],[-7.419,7.766],[-6.48,7.625],[-5.822,7.719],[-5.541,8.189],[-5.071,8.001],[-4.696,7.203],[-4.226,7.297],[-3.898,7.485],[-4.32,8.189],[-3.991,8.658],[-3.898,8.893],[-4.085,9.175],[-4.461,9.128],[-4.836,8.752],[-5.071,8.752],[-5.541,8.611],[-5.822,8.846],[-5.682,9.081],[-5.775,9.503],[-6.057,9.691],[-6.01,10.02],[-6.527,10.16],[-6.902,9.973],[-7.512,8.846]]]},"properties":{"NAME":"Second Samori Empire","SUBJECTO":"Second Samori Empire","PARTOF":"Second Samori Empire","ABBREVN":"Second Samori Empire","BORDERPRECISION":3,"fid":105}},
{"type":"Feature","geometry":{"type":"Polygon","coordinates":[[[7.088,6.733],[6.478,6.499],[6.478,5.466],[6.525,5.278],[7.041,5.794],[7.323,5.607],[7.698,5.794],[7.604,6.499],[7.088,6.733]]]},"properties":{"NAME":"Ato trading confederacy","SUBJECTO":"Ato trading confederacy","PARTOF":"Ato trading confederacy","ABBREVN":"Ato trading confederacy","BORDERPRECISION":3,"fid":106}},
{"type":"Feature","geometry":{"type":"Polygon","coordinates":[[[9.37,1.171],[10.046,1.288],[10.468,1.1],[10.844,1.335],[11.078,1.71],[10.984,1.992],[10.515,2.133],[10.186,2.039],[9.894,2.138],[9.851,1.877],[9.37,1.171]]]},"properties":{"NAME":"Spanish Guinea","SUBJECTO":"Spanish Guinea","PARTOF":"Spanish Guinea","ABBREVN":"Spanish Guinea","BORDERPRECISION":3,"fid":107}},
{"type":"Feature","geometry":{"type":"Polygon","coordinates":[[[9.229,-1.388],[10.046,-1.06],[10.703,-0.59],[10.703,-0.121],[10.468,-0.027],[10.28,0.208],[10.186,0.771],[10.046,0.912],[9.629,0.89],[9.566,0.612],[9.35,0.535],[9.854,0.174],[9.473,0.116],[9.203,-0.634],[8.815,-0.896],[9.112,-1.353],[9.229,-1.388]]]},"properties":{"NAME":"Gabon","SUBJECTO":"Gabon","PARTOF":"Gabon","ABBREVN":"Gabon","BORDERPRECISION":3,"fid":108}},
{"type":"Feature","geometry":{"type":"Polygon","coordinates":[[[39.503,15.504],[39.199,15.465],[39.059,15.137],[39.105,14.714],[39.481,14.62],[39.796,15.089],[39.503,15.504]]]},"properties":{"NAME":"Egypt","SUBJECTO":"Egypt","PARTOF":"Egypt","ABBREVN":"Egypt","BORDERPRECISION":3,"fid":109}},
{"type":"Feature","geometry":{"type":"Polygon","coordinates":[[[39.481,14.62],[39.152,14.48],[37.979,14.62],[37.65,14.48],[37.134,13.681],[36.899,13.447],[35.115,12.789],[34.692,12.461],[34.692,11.944],[35.115,11.475],[35.209,10.63],[35.397,10.067],[35.725,9.926],[35.96,7.485],[36.242,7.25],[36.57,7.297],[37.791,8.517],[38.495,10.16],[38.73,11.944],[41.171,12.508],[41.218,13.071],[40.232,13.494],[39.796,15.089],[39.481,14.62]]]},"properties":{"NAME":"Ethiopia","SUBJECTO":"Ethiopia","PARTOF":"Ethiopia","ABBREVN":"Ethiopia","BORDERPRECISION":3,"fid":110}},
{"type":"Feature","geometry":{"type":"Polygon","coordinates":[[[49.647,11.329],[48.97,11.233],[48.534,11.333],[47.996,11.116],[47.391,11.159],[46.677,10.7],[46.43,10.668],[45.909,10.832],[45.646,10.762],[45.013,10.449],[44.281,10.396],[43.368,11.456],[43.243,11.123],[42.538,9.891],[42.186,9.773],[41.952,8.893],[42.362,8.658],[43.008,8.834],[44.123,9.538],[45.355,9.773],[46.529,9.48],[47.409,9.656],[48.876,9.597],[49.639,9.891],[49.756,10.653],[49.647,11.329]]]},"properties":{"NAME":"Harer (Egypt)","SUBJECTO":"Harer (Egypt)","PARTOF":"Harer (Egypt)","ABBREVN":"Harer (Egypt)","BORDERPRECISION":3,"fid":111}},
{"type":"Feature","geometry":{"type":"Polygon","coordinates":[[[-54.58,-25.743],[-54.597,-25.204],[-54.219,-24.121],[-54.554,-23.857],[-55.134,-24.057],[-55.349,-23.779],[-55.623,-22.446],[-56.379,-22.139],[-56.854,-22.339],[-57.806,-22.154],[-62.61,-22.157],[-61.24,-23.616],[-60.641,-23.987],[-60.113,-24.079],[-59.811,-24.217],[-59.077,-24.715],[-57.71,-25.336],[-57.995,-25.998],[-58.277,-26.381],[-58.204,-26.761],[-58.663,-27.221],[-58.606,-27.342],[-58.072,-27.193],[-57.799,-27.204],[-57.352,-27.353],[-56.779,-27.395],[-56.163,-27.245],[-55.732,-27.452],[-55.574,-27.223],[-54.985,-26.768],[-54.817,-26.558],[-54.58,-25.743]]]},"properties":{"NAME":"Paraguay","SUBJECTO":"Paraguay","PARTOF":"Paraguay","ABBREVN":"Paraguay","BORDERPRECISION":3,"fid":112}},
{"type":"Feature","geometry":{"type":"Polygon","coordinates":[[[-62.61,-22.157],[-57.806,-22.154],[-57.705,-21.118],[-57.752,-20.686],[-57.986,-20.294],[-58.138,-19.812],[-57.777,-19.168],[-57.67,-18.793],[-57.596,-18.043],[-57.877,-17.479],[-58.402,-17.133],[-58.432,-16.879],[-58.333,-16.37],[-60.032,-16.329],[-60.213,-15.853],[-60.289,-14.621],[-60.363,-13.904],[-60.583,-13.721],[-61.111,-13.591],[-61.627,-13.625],[-61.906,-13.449],[-62.079,-13.101],[-62.654,-13.034],[-62.991,-12.763],[-63.605,-12.512],[-64.261,-12.472],[-64.756,-12.049],[-65.122,-11.632],[-65.273,-11.366],[-65.353,-10.712],[-65.288,-10.152],[-65.309,-9.816],[-66.306,-9.841],[-66.474,-9.915],[-72.916,-9.041],[-73.121,-9.405],[-70.22,-12.178],[-69.758,-12.771],[-69.824,-13.167],[-69.626,-13.431],[-69.363,-13.496],[-68.916,-13.219],[-68.968,-13.529],[-68.836,-14.17],[-69.245,-14.738],[-69.291,-14.941],[-69.135,-15.322],[-69.301,-15.64],[-69.291,-15.856],[-69.019,-16.382],[-69.012,-16.617],[-69.52,-17.191],[-69.43,-17.604],[-68.975,-18.344],[-68.888,-18.89],[-68.775,-19.125],[-68.433,-19.459],[-68.425,-19.586],[-68.64,-20.445],[-68.528,-20.749],[-68.182,-21.249],[-67.939,-22.059],[-69.055,-22.352],[-70.201,-22.217],[-70.292,-22.987],[-70.573,-23.166],[-70.58,-23.49],[-70.359,-23.661],[-70.463,-23.934],[-70.498,-24.83],[-70.398,-25.249],[-70.683,-25.77],[-70.655,-26.259],[-70.849,-27.281],[-70.291,-26.802],[-69.467,-26.884],[-69.22,-26.06],[-68.48,-25.939],[-68.562,-25.437],[-68.373,-25.112],[-68.486,-24.744],[-68.393,-24.604],[-67.419,-24.198],[-67.258,-24.083],[-67.014,-23.427],[-66.972,-23.141],[-67.189,-22.984],[-66.146,-21.923],[-65.638,-22.168],[-64.756,-22.163],[-64.436,-22.39],[-64.249,-22.878],[-63.784,-22.074],[-62.876,-22.107],[-62.61,-22.157]]]},"properties":{"NAME":"Bolivia","SUBJECTO":"Bolivia","PARTOF":"Bolivia","ABBREVN":"Bolivia","BORDERPRECISION":3,"fid":113}},
{"type":"Feature","geometry":{"type":"Polygon","coordinates":[[[61.221,35.582],[61.119,35.905],[61.097,36.542],[61.014,36.637],[60.346,36.607],[59.24,37.448],[58.675,37.674],[58.095,37.728],[57.407,37.992],[57.225,38.188],[56.517,38.261],[56.131,38.048],[55.356,38.038],[54.956,37.825],[54.467,37.396],[54.015,37.348],[54.067,36.942],[53.8,36.679],[53.139,36.644],[51.796,36.432],[51.417,36.456],[50.561,36.686],[50.252,36.895],[50.039,37.225],[49.476,37.292],[48.837,37.511],[48.745,37.727],[48.825,38.31],[49.052,38.932],[49.041,39.145],[49.339,39.283],[49.541,39.879],[49.573,40.176],[49.914,40.325],[50.307,40.325],[50.19,40.57],[49.807,40.581],[49.35,40.953],[49.244,41.293],[48.892,41.687],[48.5,41.929],[47.79,42.855],[47.565,43.008],[47.601,43.322],[47.493,43.583],[47.195,43.376],[47.249,42.785],[48.224,41.471],[47.988,41.219],[47.35,41.304],[47.35,41.442],[46.499,41.964],[46.042,42.049],[45.754,42.251],[45.808,42.538],[45.478,42.549],[44.978,42.772],[44.414,42.729],[43.957,42.591],[42.878,41.546],[43.847,40.75],[43.67,40.295],[43.812,40.014],[44.448,39.96],[44.67,39.757],[44.349,39.609],[44.345,39.414],[44.082,39.295],[44.229,38.482],[44.447,38.385],[44.205,37.867],[44.492,37.754],[44.471,37.455],[44.795,37.132],[45.388,35.926],[46.211,35.784],[45.995,35.401],[46.184,35.058],[45.671,34.617],[45.506,33.797],[46.105,33.21],[46.09,32.842],[46.508,32.812],[47.612,32.031],[47.793,31.797],[47.689,30.882],[48.033,30.878],[48.081,30.395],[48.554,29.995],[48.801,30.083],[48.946,30.388],[49.222,30.477],[49.321,30.103],[49.718,30.002],[50.132,30.066],[50.705,29.401],[50.797,29.013],[51.35,28.036],[51.611,27.827],[51.962,27.777],[52.41,27.581],[52.891,27.052],[53.381,26.91],[53.634,26.748],[54.065,26.701],[54.646,26.391],[54.926,26.538],[55.425,26.963],[55.9,27.105],[56.431,27.107],[56.79,26.974],[56.929,26.752],[56.935,26.465],[57.255,25.793],[57.805,25.648],[57.9,25.541],[58.744,25.536],[59.031,25.308],[59.302,25.34],[60.48,25.298],[60.858,25.096],[61.57,25.04],[61.673,25.628],[61.68,25.645],[61.737,26.543],[62.258,26.977],[62.605,26.977],[62.605,27.585],[62.171,27.585],[62.086,28.442],[61.972,28.481],[61.659,28.657],[61.599,28.737],[61.043,29.061],[60.82,29.833],[61.779,30.905],[61.694,31.267],[60.88,31.484],[60.794,31.579],[60.654,32.505],[60.54,32.993],[60.853,33.484],[60.466,33.716],[60.419,34.078],[60.787,34.385],[61.221,35.582]]]},"properties":{"NAME":"Persia","SUBJECTO":"Persia","PARTOF":"Persia","ABBREVN":"Persia","BORDERPRECISION":3,"fid":114}},
{"type":"Feature","geometry":{"type":"MultiPolygon","coordinates":[[[[65.725,37.49],[64.814,38.244],[63.34,38.889],[61.59,39.349],[59.839,39.165],[58.642,38.704],[57.225,38.188],[57.407,37.992],[58.095,37.728],[58.675,37.674],[59.24,37.448],[60.346,36.607],[61.014,36.637],[61.097,36.542],[61.119,35.905],[61.221,35.582],[62.179,35.288],[62.678,35.265],[63.063,35.49],[63.117,35.789],[64.266,36.171],[64.541,36.338],[64.632,36.784],[64.826,37.148],[65.337,37.24],[65.725,37.49]]],[[[74.733,37.209],[75.01,37.466],[74.878,37.807],[74.836,38.299],[74.58,38.59],[74.169,38.634],[73.858,38.542],[73.76,39.42],[73.885,39.88],[73.196,40.519],[72.849,40.606],[72.241,39.912],[71.46,39.738],[71.46,39.13],[72.067,39.13],[72.714,37.186],[73.047,37.328],[73.445,37.202],[74.137,37.37],[74.733,37.209]]]]},"properties":{"NAME":"central Asian khanates","SUBJECTO":"central Asian khanates","PARTOF":"central Asian khanates","ABBREVN":"central Asian khanates","BORDERPRECISION":3,"fid":115}},
{"type":"Feature","geometry":{"type":"MultiPolygon","coordinates":[[[[61.599,28.737],[61.501,28.865],[60.82,29.833],[61.043,29.061],[61.599,28.737]]],[[[61.68,25.645],[61.813,25.984],[61.941,26.156],[62.612,26.484],[63.062,26.518],[63.241,26.666],[63.257,27.104],[62.88,27.254],[62.797,27.431],[62.747,28.034],[62.487,28.306],[62.086,28.442],[62.171,27.585],[62.605,27.585],[62.605,26.977],[62.258,26.977],[61.737,26.543],[61.68,25.645]]]]},"properties":{"NAME":"India","SUBJECTO":"India","PARTOF":"India","ABBREVN":"India","BORDERPRECISION":3,"fid":116}},
{"type":"Feature","geometry":{"type":"Polygon","coordinates":[[[30.433,46.176],[30.066,46.28],[29.427,46.816],[29.116,47.283],[28.908,47.818],[28.347,48.15],[27.706,48.44],[27.486,48.671],[26.989,48.681],[26.48,48.586],[26.09,48.608],[26.36,48.125],[26.123,47.855],[25.786,47.956],[25.381,47.855],[26.292,47.214],[26.191,46.809],[25.853,46.674],[25.448,46.302],[25.516,45.796],[24.942,45.965],[24.402,45.897],[24.065,46.1],[23.558,45.897],[23.255,46.066],[23.018,45.864],[22.478,45.729],[22.343,44.986],[22.41,44.75],[22.441,44.495],[22.694,44.263],[23.028,44.124],[23.064,43.906],[23.638,43.99],[24.156,43.813],[24.62,43.944],[25.378,43.781],[25.549,43.807],[26.684,44.253],[26.937,44.235],[27.603,43.948],[28.51,43.743],[28.686,44.488],[29.09,44.876],[29.458,44.915],[29.711,45.258],[29.5,45.523],[29.63,45.75],[30.069,45.861],[30.433,46.176]]]},"properties":{"NAME":"Romania","SUBJECTO":"Romania","PARTOF":"Romania","ABBREVN":"Romania","BORDERPRECISION":3,"fid":117}},
{"type":"Feature","geometry":{"type":"Polygon","coordinates":[[[22.41,44.75],[22.133,44.511],[21.583,44.793],[20.977,44.81],[20.411,44.696],[20.184,44.923],[19.958,44.734],[19.656,44.696],[19.353,44.891],[19.127,44.51],[19.524,44.063],[19.509,43.575],[19.694,43.413],[20.335,43.263],[20.363,42.857],[21.052,42.772],[21.09,42.47],[22.338,42.665],[22.377,42.713],[22.449,42.801],[22.637,43.149],[22.318,43.681],[22.374,43.939],[22.694,44.263],[22.441,44.495],[22.41,44.75]]]},"properties":{"NAME":"Serbia","SUBJECTO":"Serbia","PARTOF":"Serbia","ABBREVN":"Serbia","BORDERPRECISION":3,"fid":118}},
{"type":"Feature","geometry":{"type":"Polygon","coordinates":[[[19.509,43.575],[19.191,43.523],[18.901,43.791],[18.562,43.64],[18.219,42.655],[18.514,42.362],[18.91,42.218],[19.143,41.932],[19.607,41.762],[19.656,42.244],[19.813,42.509],[20.047,42.488],[20.363,42.857],[20.335,43.263],[19.694,43.413],[19.509,43.575]]]},"properties":{"NAME":"Montenegro","SUBJECTO":"Montenegro","PARTOF":"Montenegro","ABBREVN":"Montenegro","BORDERPRECISION":3,"fid":119}},
{"type":"Feature","geometry":{"type":"Polygon","coordinates":[[[19.353,44.891],[18.841,44.851],[18.715,45.047],[18.258,45.122],[17.666,45.117],[16.511,45.208],[16.345,45.002],[15.828,45.203],[15.757,44.786],[16.144,44.434],[16.194,44.193],[16.536,44.007],[17.294,43.269],[17.609,43.071],[17.534,42.929],[18.514,42.362],[18.219,42.655],[18.562,43.64],[18.901,43.791],[19.191,43.523],[19.509,43.575],[19.524,44.063],[19.127,44.51],[19.353,44.891]]]},"properties":{"NAME":"Bosnia-Herzegovina","SUBJECTO":"Bosnia-Herzegovina","PARTOF":"Bosnia-Herzegovina","ABBREVN":"Bosnia-Herzegovina","BORDERPRECISION":3,"fid":120}},
{"type":"Feature","geometry":{"type":"MultiPolygon","coordinates":[[[[-156.78,21.043],[-156.507,20.599],[-156.253,20.63],[-156.119,20.79],[-156.396,20.95],[-156.78,21.043]]],[[[-155.947,19.989],[-156.163,19.808],[-156.054,19.504],[-156.034,19.106],[-155.783,18.946],[-155.482,19.24],[-155.137,19.328],[-154.948,19.483],[-155.212,19.896],[-155.479,20.087],[-155.931,20.284],[-155.947,19.989]]],[[[-158.152,21.299],[-158.047,21.459],[-158.179,21.689],[-158.434,21.452],[-158.152,21.299]]]]},"properties":{"NAME":"Kingdom of Hawaii","SUBJECTO":"Kingdom of Hawaii","PARTOF":"Kingdom of Hawaii","ABBREVN":"Kingdom of Hawaii","BORDERPRECISION":3,"fid":121}},
{"type":"Feature","geometry":{"type":"MultiPolygon","coordinates":[[[[91.608,27.641],[92.046,27.701],[92.546,27.92],[93.051,28.418],[93.669,28.701],[94.166,29.027],[94.572,29.201],[95.139,28.982],[95.309,29.002],[95.929,29.38],[96.455,28.881],[96.476,28.71],[96.255,28.385],[97.34,28.182],[97.478,28.392],[97.83,28.286],[98.009,28.091],[98.216,27.546],[98.637,27.479],[98.734,26.343],[98.382,25.63],[97.888,25.272],[97.524,24.8],[97.631,24.274],[97.531,23.892],[97.695,23.88],[98.137,24.099],[98.769,24.09],[98.894,23.297],[98.985,23.151],[99.469,23.141],[99.484,23.021],[99.156,22.308],[99.311,22.106],[99.755,22.127],[100.04,21.621],[100.321,21.464],[100.612,21.535],[100.895,21.721],[101.014,21.442],[101.238,21.26],[101.584,21.224],[101.753,21.472],[101.535,22.138],[101.662,22.392],[102.185,22.637],[102.57,22.69],[102.985,22.47],[103.397,22.707],[104.478,22.783],[105.313,23.296],[105.594,23.037],[105.941,22.931],[106.588,22.929],[106.72,22.663],[106.507,22.325],[106.673,21.926],[107.098,21.649],[107.876,21.462],[108.387,21.531],[108.555,21.823],[108.813,21.494],[109.117,21.399],[109.516,21.597],[109.78,21.483],[109.608,21.057],[109.712,20.568],[109.928,20.245],[110.434,20.436],[110.077,20.867],[110.239,21.281],[110.566,21.231],[111.086,21.479],[111.536,21.493],[111.831,21.754],[112.04,21.659],[112.75,21.756],[112.871,22.061],[113.097,21.979],[113.378,22.164],[113.463,22.774],[113.717,22.482],[114.537,22.675],[114.559,22.465],[114.848,22.51],[115.309,22.771],[115.707,22.639],[115.86,22.836],[116.341,22.913],[116.404,23.199],[116.963,23.556],[117.406,23.69],[117.849,24.047],[117.796,24.422],[117.925,24.562],[118.346,24.467],[118.813,24.849],[119.096,25.441],[119.335,25.53],[119.47,25.772],[119.436,26.038],[119.555,26.267],[119.429,26.591],[119.857,26.706],[120.352,27.177],[120.506,27.59],[121.009,28.277],[121.359,28.386],[121.433,28.837],[121.649,29.32],[121.77,29.834],[121.391,29.922],[121.155,30.189],[120.863,30.188],[120.438,29.997],[119.944,30.116],[120.609,30.346],[121.035,30.595],[121.569,30.71],[121.64,30.926],[121.499,31.281],[121.268,31.452],[121.623,31.618],[121.606,31.828],[121.231,32.062],[121.051,32.328],[120.661,32.543],[120.641,33.045],[120.34,33.336],[120.149,33.894],[119.974,34.135],[119.3,34.591],[119.021,34.692],[119.06,35.041],[119.689,35.545],[120.139,36.195],[120.505,36.056],[120.537,36.387],[120.855,36.584],[121.61,36.834],[121.847,36.86],[122.256,36.734],[122.393,37.301],[121.895,37.376],[121.434,37.337],[120.658,37.736],[120.169,37.576],[119.599,37.117],[118.955,37.077],[118.812,37.446],[118.875,37.949],[118.745,38.064],[118.2,38.044],[117.589,38.284],[117.44,38.603],[117.753,39.203],[118.07,39.254],[118.275,39],[118.559,39.172],[118.978,39.224],[119.385,39.843],[119.824,40.042],[120.273,40.152],[121.011,40.851],[121.427,40.864],[121.754,40.737],[122.108,40.354],[121.668,39.905],[121.239,39.554],[121.282,39.35],[121.66,39.332],[121.124,38.865],[121.488,38.879],[122.027,39.256],[123.039,39.672],[124.134,39.843],[124.491,40.28],[125.879,40.945],[126.166,41.189],[126.474,41.652],[126.849,41.718],[126.972,41.539],[127.423,41.356],[128.098,41.449],[127.849,41.845],[127.984,42.108],[128.756,42.061],[129.464,42.417],[129.568,42.737],[129.966,42.957],[130.226,42.651],[130.84,42.885],[131.14,43.227],[131.118,44.163],[130.969,44.567],[130.991,44.817],[131.74,45.259],[132.778,44.988],[132.989,45.144],[133.385,45.649],[133.909,46.614],[134.165,47.335],[134.717,47.694],[134.628,48.213],[134.112,48.249],[132.969,48.016],[132.269,47.778],[130.925,47.732],[130.807,47.933],[130.476,48.9],[129.187,49.342],[128.501,49.456],[127.712,49.699],[127.516,49.874],[127.099,50.731],[126.676,51.445],[126.186,52.518],[125.853,52.947],[125.509,53.157],[124.643,53.112],[123.869,53.413],[123.353,53.51],[121.188,53.32],[120.702,53.185],[119.997,52.704],[120.564,52.614],[120.821,52.364],[120.746,52.007],[120.129,51.733],[119.182,50.702],[119.291,50.125],[118.94,49.972],[117.842,49.634],[117.491,49.586],[116.566,50.006],[115.734,49.864],[115.194,49.998],[114.856,50.226],[114.098,50.274],[113.574,50.055],[113.033,49.654],[112.524,49.462],[111.378,49.319],[110.2,49.241],[109.424,49.296],[108.424,49.518],[107.549,49.827],[106.668,50.314],[106.323,50.417],[105.155,50.443],[103.681,50.166],[102.639,50.456],[102.266,50.809],[102.117,51.361],[101.011,51.672],[98.918,52.037],[97.61,52.148],[97.319,52.826],[95.866,53.796],[95.187,53.796],[93.567,52.349],[94.21,51.32],[93.323,50.621],[92.16,50.755],[91.102,50.46],[90,50.307],[89.796,49.816],[89.191,49.573],[88.567,49.537],[87.758,49.2],[87.152,49.177],[86.783,48.992],[86.762,48.653],[86.494,48.528],[85.954,48.486],[85.609,48.1],[85.749,47.445],[85.478,47.093],[84.967,47.019],[84.336,47.054],[83.252,47.295],[83.06,47.067],[82.44,45.735],[82.777,45.375],[82.425,45.167],[81.69,45.357],[80.237,45.123],[79.932,44.805],[80.42,44.686],[80.433,44.075],[80.772,43.382],[80.211,42.808],[80.279,42.154],[80.109,42],[78.871,41.679],[78.401,41.228],[78.111,41.073],[77.689,41.019],[77.128,41.125],[76.811,40.899],[76.482,40.437],[75.856,40.312],[75.43,40.61],[74.648,40.28],[73.885,39.88],[73.76,39.42],[73.858,38.542],[74.169,38.634],[74.58,38.59],[74.836,38.299],[74.878,37.807],[75.01,37.466],[74.733,37.209],[74.521,37.005],[75.218,36.912],[75.628,36.769],[75.891,36.512],[75.89,36.023],[76.092,35.798],[76.434,35.886],[76.815,35.56],[77.417,35.513],[77.846,35.243],[78.144,34.547],[78.509,34.498],[78.807,34.2],[78.575,34.018],[78.625,33.504],[79.447,33.2],[79.4,33.014],[79.565,32.702],[79.136,32.412],[78.451,32.583],[78.521,32.27],[78.782,32.002],[78.761,31.541],[79.109,31.459],[79.629,30.968],[79.792,31.02],[80.277,30.76],[80.225,30.596],[80.634,30.514],[81.021,30.247],[81.129,30.053],[81.388,30.172],[81.449,30.403],[81.656,30.455],[82.142,30.366],[82.201,30.09],[82.591,29.971],[82.918,29.703],[83.402,29.54],[83.698,29.183],[84.088,29.309],[84.267,28.937],[84.92,28.535],[85.144,28.342],[85.729,28.342],[86.142,27.955],[86.446,27.947],[86.604,28.133],[87.071,28.007],[87.214,27.843],[87.902,27.947],[88.197,27.876],[88.564,27.979],[88.731,27.866],[88.707,27.479],[88.803,27.181],[89.366,27.876],[89.863,28.273],[90,28.053],[91.152,28.032],[91.46,27.92],[91.608,27.641]]],[[[108.685,19.296],[108.56,19.06],[108.652,18.482],[109.43,18.097],[109.669,18.415],[110.263,18.626],[110.427,19.229],[110.885,19.707],[110.617,20.017],[110.061,19.94],[109.916,19.8],[109.55,19.914],[109.42,19.659],[109.198,19.684],[108.685,19.296]]]]},"properties":{"NAME":"Manchu Empire","SUBJECTO":"Manchu Empire","PARTOF":"Manchu Empire","ABBREVN":"Manchu Empire","BORDERPRECISION":3,"fid":122}},
{"type":"Feature","geometry":{"type":"Polygon","coordinates":[[[50.108,-14.12],[49.732,-14.421],[49.387,-14.421],[47.796,-16.288],[47.796,-16.495],[47.478,-16.661],[47.478,-16.938],[47.202,-16.938],[47.478,-17.878],[46.925,-17.989],[46.593,-17.823],[46.317,-18.21],[46.483,-19.261],[45.874,-20.312],[45.861,-20.76],[46.144,-21.128],[45.889,-21.468],[45.662,-22.147],[46.002,-22.77],[45.917,-22.912],[46.512,-23.139],[46.937,-23.365],[47.022,-23.139],[47.642,-23.551],[48.087,-22.044],[48.652,-20.339],[49.342,-18.228],[49.423,-17.802],[49.425,-17.198],[49.76,-16.746],[49.898,-16.46],[49.685,-16.047],[49.598,-15.653],[49.754,-15.398],[50.187,-15.957],[50.486,-15.48],[50.503,-15.314],[50.254,-14.775],[50.108,-14.12]]]},"properties":{"NAME":"Imerina","SUBJECTO":"Imerina","PARTOF":"Imerina","ABBREVN":"Imerina","BORDERPRECISION":3,"fid":123}},
{"type":"Feature","geometry":{"type":"Polygon","coordinates":[[[50.108,-14.12],[49.976,-13.301],[49.817,-12.831],[49.542,-12.704],[49.176,-12.266],[48.935,-12.477],[48.993,-12.737],[48.857,-13.252],[48.751,-13.418],[48.224,-13.794],[47.916,-13.737],[48.049,-14.131],[47.699,-14.443],[47.884,-14.716],[47.633,-14.984],[47.426,-14.825],[46.925,-15.36],[46.142,-15.826],[45.732,-15.89],[45.434,-16.094],[45.197,-16.037],[44.917,-16.203],[44.454,-16.242],[44.451,-16.725],[44.378,-16.923],[43.972,-17.553],[44.16,-18.404],[44.394,-18.791],[44.251,-19.103],[44.585,-19.528],[44.47,-20.17],[43.816,-21.316],[43.501,-21.494],[43.325,-22.111],[43.376,-22.632],[43.827,-23.413],[43.672,-23.903],[43.671,-24.227],[43.934,-24.519],[44.037,-24.989],[44.425,-25.312],[44.959,-25.387],[45.211,-25.66],[45.576,-25.621],[45.789,-25.411],[46.239,-25.264],[46.855,-25.218],[47.258,-24.766],[47.642,-23.551],[47.022,-23.139],[46.937,-23.365],[46.512,-23.139],[45.917,-22.912],[46.002,-22.77],[45.662,-22.147],[45.889,-21.468],[46.144,-21.128],[45.861,-20.76],[45.874,-20.312],[46.483,-19.261],[46.317,-18.21],[46.593,-17.823],[46.925,-17.989],[47.478,-17.878],[47.202,-16.938],[47.478,-16.938],[47.478,-16.661],[47.796,-16.495],[47.796,-16.288],[49.387,-14.421],[49.732,-14.421],[50.108,-14.12]]]},"properties":{"NAME":"Madagascar","SUBJECTO":"Madagascar","PARTOF":"Madagascar","ABBREVN":"Madagascar","BORDERPRECISION":3,"fid":124}},
{"type":"Feature","geometry":{"type":"Polygon","coordinates":[[[2.193,6.766],[2.256,7.408],[2.422,7.851],[2.256,8.791],[1.427,8.68],[1.316,7.796],[0.652,7.63],[0.763,6.966],[1.316,7.076],[1.427,6.745],[1.342,6.18],[2.174,6.29],[2.193,6.766]]]},"properties":{"NAME":"Dahomey","SUBJECTO":"Dahomey","PARTOF":"Dahomey","ABBREVN":"Dahomey","BORDERPRECISION":3,"fid":125}},
{"type":"Feature","geometry":{"type":"Polygon","coordinates":[[[11.598,14.065],[11.106,16.15],[9.438,17.011],[9.492,17.98],[9.115,18.303],[7.824,18.733],[7.608,18.41],[6.371,18.626],[4.918,16.85],[3.572,16.688],[3.084,15.877],[2.5,15.447],[1.464,13.672],[2.367,13.382],[2.533,12.608],[4.801,10.948],[4.524,10.45],[4.69,9.289],[4.358,8.902],[6.027,8.193],[6.979,7.241],[8.517,7.534],[9.249,7.241],[9.615,7.827],[11.007,8.047],[11.812,8.999],[12.471,8.852],[13.057,10.244],[13.204,11.196],[12.497,12.219],[11.598,14.065]]]},"properties":{"NAME":"Sokoto Caliphate","SUBJECTO":"Sokoto Caliphate","PARTOF":"Sokoto Caliphate","ABBREVN":"Sokoto Caliphate","BORDERPRECISION":3,"fid":126}},
{"type":"Feature","geometry":{"type":"Polygon","coordinates":[[[1.464,13.672],[1.728,12.669],[0.763,11.501],[1.758,10.561],[1.537,8.957],[2.432,8.973],[4.69,9.289],[4.524,10.45],[4.801,10.948],[2.533,12.608],[2.367,13.382],[1.464,13.672]]]},"properties":{"NAME":"Borgu States","SUBJECTO":"Borgu States","PARTOF":"Borgu States","ABBREVN":"Borgu States","BORDERPRECISION":3,"fid":127}},
{"type":"Feature","geometry":{"type":"Polygon","coordinates":[[[6.027,8.193],[4.358,8.902],[4.69,9.289],[2.432,8.973],[3.463,8.34],[4.928,8.193],[6.027,8.193]]]},"properties":{"NAME":"Oyo","SUBJECTO":"Oyo","PARTOF":"Oyo","ABBREVN":"Oyo","BORDERPRECISION":3,"fid":128}},
{"type":"Feature","geometry":{"type":"Polygon","coordinates":[[[9.284,4.017],[9.502,4.753],[9.336,5.251],[8.672,5.417],[8.285,5.251],[8.263,4.746],[8.328,4.841],[8.875,4.62],[9.032,4.138],[9.284,4.017]]]},"properties":{"NAME":"Calabar","SUBJECTO":"Calabar","PARTOF":"Calabar","ABBREVN":"Calabar","BORDERPRECISION":3,"fid":129}},
{"type":"Feature","geometry":{"type":"Polygon","coordinates":[[[-13.124,27.546],[-13.466,26.814],[-13.629,26.591],[-14.367,26.119],[-14.66,25.636],[-14.797,25.146],[-14.82,24.733],[-14.975,24.51],[-15.714,23.873],[-16.353,22.493],[-16.806,21.99],[-16.984,21.595],[-17.052,21.004],[-16.711,20.89],[-16.347,20.523],[-16.24,20.122],[-16.27,19.684],[-16.472,19.366],[-16.191,19.03],[-16.056,18.674],[-15.983,18.178],[-16.125,17.301],[-15.352,17.062],[-14.273,16.545],[-12.719,16.001],[-12.448,15.82],[-12.268,15.52],[-12.088,14.889],[-12.088,14.108],[-12.298,13.867],[-12.779,13.837],[-12.809,13.567],[-13.109,12.996],[-13.62,12.966],[-14.131,13.266],[-14.762,13.747],[-14.852,14.108],[-15.092,14.198],[-16.024,14.168],[-15.919,13.778],[-15.002,13.747],[-14.972,13.296],[-15.453,13.327],[-15.723,12.635],[-15.994,12.275],[-16.425,12.248],[-16.086,11.969],[-15.809,11.843],[-15.325,11.927],[-15.099,11.813],[-15.361,11.52],[-15.341,11.221],[-15.029,11.158],[-15.018,10.917],[-14.575,10.784],[-14.591,10.467],[-14.058,10.08],[-13.68,9.916],[-13.626,9.623],[-13.178,9.092],[-12.581,9.428],[-12.244,9.84],[-11.381,9.54],[-11.569,8.903],[-11.569,8.528],[-10.894,8.341],[-10.894,7.628],[-10.069,7.591],[-9.882,7.441],[-9.882,6.916],[-9.544,6.391],[-9.779,5.707],[-9.248,5.172],[-8.243,4.64],[-7.529,4.337],[-6.316,4.873],[-5.575,5.129],[-5.239,5.193],[-4.744,6.053],[-4.294,6.203],[-3.77,6.091],[-3.32,5.828],[-3.091,5.16],[-2.804,5.186],[-2.307,7.291],[-1.67,7.291],[-0.995,7.478],[0.243,6.878],[0.355,6.391],[0.803,5.715],[0.939,5.759],[1.342,6.18],[1.427,6.745],[1.316,7.076],[0.763,6.966],[0.652,7.63],[1.316,7.796],[1.427,8.68],[2.256,8.791],[2.422,7.851],[2.256,7.408],[2.193,6.766],[2.717,6.878],[2.713,6.346],[2.832,6.351],[2.877,6.802],[3.317,7.095],[3.976,6.655],[4.072,6.44],[4.634,6.212],[5.221,6.289],[6.1,5.85],[6.1,5.191],[5.419,4.956],[5.607,4.632],[6.089,4.328],[6.844,4.292],[7.046,4.508],[7.124,4.698],[6.736,4.864],[7.068,5.307],[7.787,4.864],[7.888,4.453],[8.14,4.466],[8.263,4.746],[8.285,5.251],[8.672,5.417],[9.336,5.251],[9.502,4.753],[9.284,4.017],[9.651,4.018],[9.78,3.853],[9.586,3.675],[9.765,3.383],[9.923,2.824],[9.801,2.379],[9.894,2.138],[10.186,2.039],[10.515,2.133],[10.984,1.992],[11.078,1.71],[10.844,1.335],[10.468,1.1],[10.046,1.288],[9.37,1.171],[9.622,1.089],[9.629,0.89],[10.046,0.912],[10.186,0.771],[10.28,0.208],[10.468,-0.027],[10.703,-0.121],[10.703,-0.59],[10.046,-1.06],[9.229,-1.388],[9.465,-1.593],[9.243,-1.772],[9.656,-2.419],[9.894,-2.444],[9.931,-2.711],[10.525,-3.237],[10.641,-3.446],[11.773,-4.537],[11.851,-4.71],[12.563,-4.298],[13.268,-4.416],[13.419,-4.555],[14.384,-3.182],[15.089,-2.888],[15.97,-3.085],[16.381,-3.476],[16.675,-4.122],[16.352,-4.445],[17.733,-5.121],[18.085,-5.826],[17.439,-7.118],[17.556,-7.706],[17.086,-8.058],[16.91,-8.058],[17.615,-9.292],[17.498,-9.527],[16.91,-9.938],[16.088,-9.82],[16.205,-10.878],[16.146,-13.052],[15.735,-13.11],[15.206,-12.64],[14.42,-12.66],[12.301,-14.56],[12.177,-15.276],[12.06,-15.594],[11.782,-15.868],[11.803,-16.522],[11.775,-17.596],[11.85,-18.022],[12.08,-18.491],[12.524,-19.062],[12.929,-19.742],[13.804,-21.443],[14.415,-22.268],[14.577,-22.731],[14.396,-23.075],[14.668,-24.421],[14.909,-25.018],[14.843,-25.622],[14.947,-26.01],[15.153,-26.333],[15.076,-26.607],[15.454,-27.616],[15.66,-27.889],[16.334,-28.561],[16.666,-28.409],[17.008,-28.072],[17.53,-28.385],[17.574,-28.778],[17.707,-28.873],[18.676,-28.888],[19.129,-28.948],[19.84,-28.444],[20.736,-28.745],[21.538,-28.244],[21.992,-28.587],[22.569,-28.138],[23.275,-27.304],[23.917,-27.175],[25.128,-27.544],[25.048,-26.101],[25.368,-24.737],[26.424,-24.192],[26.527,-23.319],[27.142,-23.165],[27.245,-22.755],[28.496,-22.01],[29.138,-22.01],[29.459,-21.529],[30.18,-21.529],[30.822,-21.85],[31.544,-21.85],[31.865,-22.411],[31.945,-23.695],[31.865,-24.817],[31.264,-25.685],[31.727,-26.154],[31.764,-25.637],[33.468,-24.534],[33.969,-23.231],[33.668,-20.324],[33.972,-18.959],[34.37,-18.218],[34.27,-17.617],[33.568,-17.015],[33.086,-16.401],[32.358,-16.802],[31.7,-16.849],[30.948,-16.708],[30.196,-16.097],[29.961,-15.392],[29.961,-14.875],[30.666,-13.606],[31.747,-12.76],[32.499,-12.525],[32.875,-12.713],[33.674,-13.465],[34.144,-14.781],[33.812,-15.728],[34.287,-15.916],[35.546,-16.966],[36.386,-16.966],[37.645,-16.021],[39.219,-15.707],[39.638,-15.287],[39.743,-13.713],[39.533,-12.244],[39.065,-11.209],[38.326,-9.067],[36.036,-8.55],[36.184,-7.442],[37.957,-6.777],[37.957,-4.856],[38.252,-3.896],[37.661,-3.379],[37.735,-2.345],[39.951,-1.015],[39.877,0.019],[40.911,0.019],[41.65,1.201],[43.333,0.405],[43.724,0.8],[44.301,1.291],[44.567,1.463],[45.541,1.967],[46.361,2.668],[47.556,3.993],[48.472,5.201],[48.95,5.99],[49.046,6.416],[49.421,6.989],[49.823,7.695],[49.832,7.994],[50.211,8.351],[50.779,9.368],[50.853,9.597],[50.887,10.277],[51.13,10.71],[51.061,11.243],[51.247,11.657],[51.181,11.777],[50.697,11.948],[50.081,11.476],[49.647,11.329],[49.756,10.653],[49.639,9.891],[48.876,9.597],[47.409,9.656],[46.529,9.48],[45.355,9.773],[44.123,9.538],[43.008,8.834],[42.362,8.658],[41.952,8.893],[42.186,9.773],[42.538,9.891],[43.243,11.123],[43.368,11.456],[43.104,11.531],[42.669,11.511],[42.81,11.778],[43.475,12.098],[43.33,12.434],[42.636,13.093],[42.408,13.175],[42.357,13.468],[42.079,13.861],[41.761,13.886],[41.341,14.342],[40.739,14.919],[40.39,14.906],[40.037,15.388],[39.796,15.089],[40.232,13.494],[41.218,13.071],[41.171,12.508],[38.73,11.944],[38.495,10.16],[37.791,8.517],[36.57,7.297],[36.242,7.25],[35.96,7.485],[35.725,9.926],[35.397,10.067],[35.209,10.63],[35.115,11.475],[34.692,11.944],[34.692,12.461],[35.115,12.789],[36.899,13.447],[37.134,13.681],[37.65,14.48],[37.979,14.62],[39.152,14.48],[39.481,14.62],[39.105,14.714],[39.059,15.137],[39.199,15.465],[39.503,15.504],[39.208,16.327],[38.959,17.203],[38.599,17.033],[37.712,16.885],[36.824,17.107],[35.789,16.664],[34.976,15.776],[34.237,14.076],[33.83,11.858],[32.721,9.418],[32.351,7.052],[32.425,5.647],[32.203,4.76],[31.464,4.834],[30.946,5.203],[30.429,6.386],[29.615,7.348],[29.32,9.27],[29.32,10.379],[29.615,11.784],[29.468,12.967],[28.876,13.558],[28.285,13.78],[27.767,14.298],[27.693,15.185],[28.211,16.146],[29.024,16.368],[28.95,17.329],[28.654,18.216],[28.728,19.104],[29.098,20.287],[29.32,21.543],[28.58,21.322],[28.506,22.061],[25.623,22.8],[24.81,24.723],[25.919,25.684],[25.623,26.571],[24.81,27.015],[23.257,27.606],[22.148,28.494],[21.556,28.567],[21.039,28.494],[20.152,27.606],[18.599,23.614],[14.606,22.505],[13.793,22.874],[14.089,24.575],[13.128,25.018],[11.797,24.131],[11.279,24.353],[11.057,24.649],[10.244,24.723],[10.022,25.536],[11.427,27.68],[11.353,28.641],[9.327,30.147],[8.927,32.109],[8.33,32.649],[6.747,33.048],[4.81,33.263],[1.366,30.949],[-1.234,31.989],[-2.817,31.993],[-3.128,31.66],[-3.78,31.555],[-3.729,30.894],[-4.413,30.579],[-4.912,30.43],[-5.13,30.136],[-5.603,29.873],[-6.341,29.78],[-6.423,29.468],[-7.17,29.476],[-8.284,28.783],[-8.593,28.641],[-8.641,27.567],[-10.054,27.565],[-11.258,27.564],[-13.124,27.546]],[[27.964,-18.392],[28.682,-18.546],[29.196,-18.854],[29.196,-19.162],[28.99,-19.47],[27.964,-19.829],[26.783,-20.599],[26.219,-20.496],[25.757,-20.291],[25.603,-19.675],[26.424,-18.597],[27.142,-18.392],[27.964,-18.392]],[[27.502,-22.241],[26.424,-22.857],[25.859,-23.268],[25.397,-23.165],[25.089,-22.549],[25.397,-22.087],[27.04,-21.471],[27.502,-21.471],[27.758,-21.933],[27.502,-22.241]],[[27.476,-16.879],[27.016,-17.303],[26.416,-17.615],[25.679,-17.799],[24.903,-17.814],[24.112,-17.645],[23.496,-17.271],[23.217,-16.806],[23.109,-16.249],[23.093,-15.458],[23.171,-15.149],[23.357,-14.823],[23.914,-14.297],[24.627,-13.971],[25.37,-13.863],[26.563,-14.002],[27.074,-14.157],[27.632,-14.405],[27.973,-14.699],[28.035,-14.963],[27.88,-16.016],[27.643,-16.636],[27.476,-16.879]],[[24.368,-13.653],[23.663,-13.841],[23.052,-13.794],[22.629,-13.559],[22.394,-12.854],[22.441,-12.102],[22.911,-11.491],[24.227,-10.88],[25.026,-10.833],[25.308,-10.974],[25.778,-11.397],[26.06,-11.867],[25.919,-12.525],[25.496,-13.042],[24.368,-13.653]],[[32.875,1.527],[33.324,-0.113],[32.101,-1.465],[31.512,-1.528],[31.136,-1.481],[31.186,-1.889],[31.068,-2.359],[30.422,-2.712],[29.658,-2.536],[29.482,-2.242],[29.482,-1.889],[29.776,-1.478],[30.128,-1.243],[30.817,-1.108],[30.901,-0.447],[30.008,-0.165],[30.055,0.446],[29.867,0.54],[29.82,0.775],[30.243,0.869],[30.29,1.057],[30.572,1.292],[31.371,2.326],[32.217,2.561],[32.687,2.655],[33.063,2.561],[33.345,1.903],[32.875,1.527]],[[26.78,-11.818],[26.721,-10.819],[27.132,-9.057],[27.426,-8.293],[28.307,-8.117],[29.012,-8.176],[29.717,-8.587],[30.363,-8.763],[31.127,-9.233],[31.303,-9.703],[31.303,-10.937],[30.657,-11.524],[29.188,-11.935],[28.719,-12.64],[28.131,-12.64],[27.191,-12.347],[26.78,-11.818]],[[29.423,-4.474],[29.306,-3.887],[29.835,-3.241],[30.187,-3.006],[30.54,-3.006],[30.716,-3.182],[30.657,-3.711],[31.068,-4.239],[32.126,-4.651],[33.007,-4.768],[33.007,-5.062],[34.182,-5.414],[33.183,-7.412],[32.302,-8.293],[31.597,-8.587],[31.068,-8.587],[30.305,-7.118],[29.541,-6.413],[29.423,-4.474]],[[32.831,-3.006],[33.712,-3.241],[33.771,-3.769],[33.477,-4.063],[32.655,-4.416],[31.303,-4.063],[31.068,-3.534],[31.186,-3.123],[32.831,-3.006]],[[27.661,-6.354],[27.661,-6.942],[27.132,-8.293],[26.545,-8.469],[25.487,-8.646],[24.665,-8.469],[24.312,-7.471],[24.489,-6.824],[24.077,-6.766],[23.607,-6.413],[23.607,-6.002],[23.842,-5.532],[24.579,-5.246],[24.43,-4.709],[24.724,-3.828],[24.547,-3.358],[23.666,-2.183],[23.02,-1.831],[22.785,-1.361],[23.255,-0.715],[25.899,0.343],[26.369,0.284],[27.25,-1.067],[27.309,-2.653],[28.777,-3.006],[29.012,-3.652],[28.131,-4.474],[28.19,-5.062],[28.719,-5.297],[28.836,-6.354],[27.661,-6.354]],[[22.726,-4.768],[22.785,-5.356],[22.256,-6.589],[21.551,-6.942],[21.199,-6.707],[20.729,-5.532],[20.905,-4.122],[21.375,-3.652],[22.315,-3.828],[22.726,-4.768]],[[12.497,12.219],[13.204,11.196],[13.057,10.244],[12.471,8.852],[11.812,8.999],[11.007,8.047],[9.615,7.827],[9.249,7.241],[8.517,7.534],[6.979,7.241],[6.027,8.193],[6.173,7.388],[5.514,6.875],[3.244,7.314],[2.877,7.754],[3.463,8.34],[2.432,8.973],[1.537,8.957],[1.758,10.561],[0.763,11.501],[1.728,12.669],[1.464,13.672],[2.5,15.447],[3.084,15.877],[3.572,16.688],[4.918,16.85],[6.371,18.626],[7.608,18.41],[7.824,18.733],[9.115,18.303],[9.492,17.98],[9.438,17.011],[11.106,16.15],[11.598,14.065],[11.914,14.966],[12.183,15.505],[13.905,15.935],[15.196,17.28],[15.573,18.572],[17.187,18.249],[17.295,16.688],[17.725,15.989],[17.564,15.505],[17.725,14.59],[17.026,13.191],[16.488,12.007],[15.811,11.982],[12.497,12.219]],[[-6.383,11.748],[-5.916,11.475],[-6.386,10.865],[-7.231,10.489],[-7.278,9.644],[-7.512,8.846],[-6.902,9.973],[-6.527,10.16],[-6.01,10.02],[-6.057,9.691],[-5.775,9.503],[-5.682,9.081],[-5.822,8.846],[-5.541,8.611],[-5.071,8.752],[-4.836,8.752],[-4.461,9.128],[-4.085,9.175],[-3.898,8.893],[-3.991,8.658],[-4.32,8.189],[-3.898,7.485],[-4.226,7.297],[-4.696,7.203],[-5.071,8.001],[-5.541,8.189],[-5.822,7.719],[-6.48,7.625],[-7.419,7.766],[-7.7,8.142],[-8.311,7.719],[-8.874,8.001],[-9.625,7.766],[-9.625,8.893],[-10.048,9.128],[-10.47,8.94],[-11.033,9.081],[-11.315,10.114],[-11.456,11.334],[-10.423,11.663],[-9.894,12.275],[-10.918,11.924],[-11.406,13.154],[-11.26,14.209],[-11.016,14.678],[-11.006,15.43],[-9.384,16.061],[-7.066,15.908],[-5.115,16.611],[-3.603,16.494],[-2.969,15.088],[-3.554,13.682],[-3.053,13.212],[-3.24,12.649],[-3.851,12.461],[-4.038,12.93],[-3.963,13.485],[-4.53,13.213],[-4.676,12.861],[-6.383,11.748]],[[-2.912,13.869],[-1.973,14.339],[-1.034,14.526],[-0.564,14.104],[0.14,13.963],[0.797,13.353],[1.36,13.024],[-0.012,11.28],[0.984,10.616],[1.22,8.658],[-0.095,8.376],[-1.269,8.799],[-1.879,8.799],[-1.691,10.724],[-2.348,11.616],[-3.053,11.897],[-3.24,12.273],[-2.442,13.165],[-2.912,13.869]],[[-14.414,12.696],[-13.85,12.696],[-13.146,12.367],[-12.301,11.569],[-12.019,10.959],[-12.254,10.63],[-12.677,10.536],[-13.146,10.677],[-14.507,11.616],[-14.648,12.132],[-14.414,12.696]],[[7.088,6.733],[7.604,6.499],[7.698,5.794],[7.323,5.607],[7.041,5.794],[6.525,5.278],[6.478,5.466],[6.478,6.499],[7.088,6.733]]]},"properties":{"BORDERPRECISION":3,"fid":130}},
{"type":"Feature","geometry":{"type":"Polygon","coordinates":[[[7.046,4.508],[7.449,4.407],[7.888,4.453],[7.787,4.864],[7.068,5.307],[6.736,4.864],[7.124,4.698],[7.046,4.508]]]},"properties":{"NAME":"Opobo","SUBJECTO":"Opobo","PARTOF":"Opobo","ABBREVN":"Opobo","BORDERPRECISION":3,"fid":131}},
{"type":"Feature","geometry":{"type":"Polygon","coordinates":[[[-9.894,12.275],[-10.423,11.663],[-11.456,11.334],[-11.315,10.114],[-11.033,9.081],[-10.47,8.94],[-10.048,9.128],[-9.625,8.893],[-9.625,7.766],[-8.874,8.001],[-8.311,7.719],[-7.7,8.142],[-7.512,8.846],[-7.278,9.644],[-7.231,10.489],[-6.386,10.865],[-5.916,11.475],[-6.383,11.748],[-7.456,11.924],[-8.236,11.748],[-9.894,12.275]]]},"properties":{"NAME":"First Samori Empire","SUBJECTO":"First Samori Empire","PARTOF":"First Samori Empire","ABBREVN":"First Samori Empire","BORDERPRECISION":3,"fid":132}},
{"type":"Feature","geometry":{"type":"Polygon","coordinates":[[[-61.687,17.024],[-61.794,17.163],[-61.887,17.033],[-61.687,17.024]]]},"properties":{"NAME":"Antigua and Barbuda","SUBJECTO":"Antigua and Barbuda","PARTOF":"Antigua and Barbuda","ABBREVN":"Antigua and Barbuda","BORDERPRECISION":3,"fid":133}},
{"type":"Feature","geometry":{"type":"Polygon","coordinates":[[[128.824,-24.935],[128.97,-14.923],[128.459,-14.886],[128.066,-15.377],[127.963,-14.703],[127.529,-14.196],[127.166,-14.063],[126.853,-13.784],[126.546,-14.35],[126.268,-14.071],[126.101,-14.205],[125.863,-14.695],[125.497,-14.677],[125.156,-14.805],[125.174,-15.04],[125.018,-15.644],[124.689,-15.467],[124.425,-15.658],[124.277,-16.523],[123.979,-16.409],[123.576,-16.391],[123.553,-16.696],[123.885,-16.911],[123.827,-17.248],[123.508,-17.109],[123.301,-17.466],[123.023,-16.856],[122.738,-16.583],[122.564,-16.895],[122.085,-17.398],[122.202,-17.983],[122.196,-18.244],[121.576,-18.703],[121.386,-19.116],[120.872,-19.677],[120.223,-19.983],[119.531,-20.138],[119.136,-20.037],[118.865,-20.069],[118.609,-20.381],[117.968,-20.471],[117.597,-20.758],[116.774,-20.786],[116.419,-20.837],[116.135,-20.984],[115.567,-21.456],[114.456,-22.094],[114.309,-22.564],[114.075,-22.603],[114.023,-22.33],[113.822,-22.254],[113.625,-22.566],[113.762,-23.481],[113.667,-23.78],[113.362,-24.283],[113.433,-24.874],[113.592,-25.185],[114.183,-26.017],[114.095,-26.539],[113.739,-26.667],[113.433,-26.572],[113.925,-27.385],[114.022,-27.626],[113.965,-28.033],[114.63,-28.903],[114.912,-29.697],[114.9,-30.142],[115.058,-30.804],[115.561,-31.661],[115.747,-32.208],[115.767,-32.755],[115.647,-33.365],[115.409,-33.767],[114.961,-33.869],[115.047,-34.422],[115.616,-34.631],[115.967,-34.936],[116.561,-35.189],[117.53,-35.251],[118.207,-35.09],[118.673,-34.606],[119.33,-34.579],[119.771,-34.12],[120.28,-34.119],[121.41,-33.971],[121.74,-33.963],[122.171,-34.179],[122.768,-34.031],[123.359,-34.043],[123.623,-33.915],[124.248,-33.144],[124.847,-32.952],[125.642,-32.562],[126.059,-32.434],[127.265,-32.381],[128.17,-32.15],[128.722,-31.917],[128.824,-24.935]]]},"properties":{"NAME":"Western Australia (UK)","SUBJECTO":"United Kingdom of Great Britain and Ireland","PARTOF":"United Kingdom of Great Britain and Ireland","ABBREVN":"United Kingdom","BORDERPRECISION":3,"fid":134}},
{"type":"Feature","geometry":{"type":"Polygon","coordinates":[[[141.056,-38.377],[141.547,-38.533],[141.904,-38.43],[142.694,-38.671],[143.365,-38.97],[144.311,-38.565],[144.748,-38.456],[144.411,-38.246],[144.97,-38.066],[145.504,-38.442],[145.536,-38.723],[145.934,-38.881],[146.821,-38.841],[148.037,-38.098],[148.753,-38.005],[148.211,-37.532],[148.398,-36.888],[148.18,-36.439],[147.714,-35.912],[147.247,-36.013],[145.786,-35.962],[145.475,-35.761],[145.04,-35.735],[145.071,-35.962],[144.729,-35.962],[143.143,-34.643],[142.086,-34.104],[141.019,-33.998],[141.056,-38.377]]]},"properties":{"NAME":"Victoria (UK)","SUBJECTO":"United Kingdom of Great Britain and Ireland","PARTOF":"United Kingdom of Great Britain and Ireland","ABBREVN":"United Kingdom","BORDERPRECISION":3,"fid":135}},
{"type":"Feature","geometry":{"type":"Polygon","coordinates":[[[140.976,-28.859],[149.02,-28.884],[149.579,-28.42],[150.357,-28.448],[151.009,-28.557],[151.631,-29.02],[151.787,-28.775],[152.191,-28.83],[152.004,-28.393],[152.533,-28.147],[153.397,-28.132],[152.946,-27.341],[153.087,-27.01],[153.069,-26.228],[152.904,-25.63],[152.761,-25.421],[152.534,-25.364],[152.318,-24.818],[152.073,-24.742],[151.73,-24.157],[151.2,-23.942],[150.802,-23.6],[150.754,-22.812],[150.611,-22.621],[149.945,-22.324],[150.017,-22.73],[149.557,-22.433],[149.411,-21.918],[149.101,-21.06],[148.706,-20.845],[148.567,-20.654],[148.704,-20.203],[148.19,-20.172],[147.594,-19.855],[147.413,-19.563],[147.078,-19.513],[146.322,-19.082],[146.106,-18.549],[145.925,-18.257],[146.019,-17.862],[145.994,-17.513],[145.869,-17.195],[145.326,-16.49],[145.346,-16.014],[145.222,-15.664],[145.184,-15.048],[144.529,-14.668],[144.385,-14.369],[144.065,-14.592],[143.743,-14.466],[143.474,-13.665],[143.437,-13.081],[143.292,-12.687],[142.971,-12.535],[143.173,-12.121],[142.823,-11.919],[142.749,-11.321],[142.644,-11.093],[142.338,-10.915],[142.126,-11.157],[142.093,-11.532],[141.953,-11.952],[141.679,-12.468],[141.919,-12.703],[141.599,-13.046],[141.512,-13.809],[141.668,-14.114],[141.468,-14.757],[141.711,-15.227],[141.402,-15.857],[141.314,-16.448],[141.132,-16.957],[140.801,-17.562],[140.25,-17.798],[139.818,-17.761],[139.248,-17.432],[138.963,-16.994],[138.26,-16.842],[138.074,-16.696],[137.899,-24.935],[137.878,-25.919],[140.951,-25.869],[140.976,-28.859]]]},"properties":{"NAME":"Queensland (UK)","SUBJECTO":"United Kingdom of Great Britain and Ireland","PARTOF":"United Kingdom of Great Britain and Ireland","ABBREVN":"United Kingdom","BORDERPRECISION":3,"fid":136}},
{"type":"Feature","geometry":{"type":"Polygon","coordinates":[[[141.019,-33.998],[142.086,-34.104],[143.143,-34.643],[144.729,-35.962],[145.071,-35.962],[145.04,-35.735],[145.475,-35.761],[145.786,-35.962],[147.247,-36.013],[147.714,-35.912],[148.18,-36.439],[148.398,-36.888],[148.211,-37.532],[148.753,-38.005],[149.504,-37.929],[149.857,-37.634],[149.985,-37.347],[150.011,-36.626],[150.222,-35.694],[150.762,-35.253],[150.85,-34.718],[151.217,-34.208],[151.364,-33.521],[151.765,-33.005],[152.176,-32.877],[152.445,-32.507],[152.537,-32.208],[152.834,-31.768],[152.972,-31.418],[152.94,-30.699],[153.203,-29.91],[153.361,-29.159],[153.493,-28.841],[153.397,-28.132],[152.533,-28.147],[152.004,-28.393],[152.191,-28.83],[151.787,-28.775],[151.631,-29.02],[151.009,-28.557],[150.357,-28.448],[149.579,-28.42],[149.02,-28.884],[140.976,-28.859],[141.019,-33.998]]]},"properties":{"NAME":"New South Wales (UK)","SUBJECTO":"United Kingdom of Great Britain and Ireland","PARTOF":"United Kingdom of Great Britain and Ireland","ABBREVN":"United Kingdom","BORDERPRECISION":3,"fid":137}},
{"type":"Feature","geometry":{"type":"Polygon","coordinates":[[[137.899,-24.935],[138.074,-16.696],[137.76,-16.399],[137.074,-16.031],[136.687,-16.026],[136.094,-15.449],[135.627,-15.17],[135.388,-14.897],[135.458,-14.681],[135.881,-14.203],[135.965,-13.891],[135.831,-13.485],[136.238,-13.23],[136.469,-13.223],[136.664,-12.625],[136.86,-12.44],[136.353,-12.155],[136.299,-12.511],[136.091,-12.575],[135.942,-12.359],[135.445,-12.176],[135.192,-12.374],[134.94,-12.336],[134.762,-12.063],[134.409,-12.121],[133.559,-11.951],[132.929,-11.533],[132.661,-11.534],[132.384,-11.299],[132.303,-11.503],[132.626,-11.75],[132.751,-12.169],[132.398,-12.329],[131.54,-12.401],[131.183,-12.236],[130.859,-12.447],[130.84,-12.707],[130.463,-12.759],[130.233,-13.147],[130.274,-13.363],[129.766,-13.816],[129.763,-14.019],[129.427,-14.306],[129.459,-14.496],[129.849,-14.82],[129.632,-15.278],[129.196,-14.993],[128.97,-14.923],[128.824,-24.935],[137.899,-24.935]]]},"properties":{"NAME":"Northern Territory (UK)","SUBJECTO":"United Kingdom of Great Britain and Ireland","PARTOF":"United Kingdom of Great Britain and Ireland","ABBREVN":"United Kingdom","BORDERPRECISION":3,"fid":138}},
{"type":"Feature","geometry":{"type":"Polygon","coordinates":[[[-61.364,15.198],[-61.255,15.285],[-61.304,15.574],[-61.475,15.486],[-61.364,15.198]]]},"properties":{"NAME":"Dominica","SUBJECTO":"Dominica","PARTOF":"Dominica","ABBREVN":"Dominica","BORDERPRECISION":3,"fid":139}},
{"type":"Feature","geometry":{"type":"Polygon","coordinates":[[[-60.861,14.403],[-60.83,14.57],[-61.034,14.829],[-61.232,14.809],[-61.034,14.466],[-60.861,14.403]]]},"properties":{"NAME":"France","SUBJECTO":"France","PARTOF":"France","ABBREVN":"France","BORDERPRECISION":3,"fid":140}},
{"type":"Feature","geometry":{"type":"Polygon","coordinates":[[[-62.171,16.671],[-62.138,16.693],[-62.176,16.809],[-62.237,16.712],[-62.171,16.671]]]},"properties":{"NAME":"Montserrat","SUBJECTO":"Montserrat","PARTOF":"Montserrat","ABBREVN":"Montserrat","BORDERPRECISION":3,"fid":141}},
{"type":"Feature","geometry":{"type":"Polygon","coordinates":[[[-63.168,18.164],[-62.993,18.227],[-63.058,18.256],[-63.168,18.164]]]},"properties":{"NAME":"Anguilla","SUBJECTO":"Anguilla","PARTOF":"Anguilla","ABBREVN":"Anguilla","BORDERPRECISION":3,"fid":142}},
{"type":"Feature","geometry":{"type":"Polygon","coordinates":[[[-62.702,17.337],[-62.813,17.409],[-62.864,17.371],[-62.778,17.292],[-62.702,17.337]]]},"properties":{"NAME":"Saint Kitts and Nevis","SUBJECTO":"Saint Kitts and Nevis","PARTOF":"Saint Kitts and Nevis","ABBREVN":"Saint Kitts and Nevis","BORDERPRECISION":3,"fid":143}},
{"type":"Feature","geometry":{"type":"Polygon","coordinates":[[[-64.762,17.774],[-64.871,17.775],[-64.889,17.687],[-64.739,17.708],[-64.762,17.774]]]},"properties":{"NAME":"United States Virgin Islands","SUBJECTO":"United States Virgin Islands","PARTOF":"United States Virgin Islands","ABBREVN":"United States Virgin Islands","BORDERPRECISION":3,"fid":144}},
{"type":"Feature","geometry":{"type":"Polygon","coordinates":[[[-61.346,16.334],[-61.499,16.349],[-61.794,16.242],[-61.695,15.949],[-61.553,16.054],[-61.581,16.205],[-61.346,16.334]]]},"properties":{"NAME":"Guadeloupe","SUBJECTO":"Guadeloupe","PARTOF":"Guadeloupe","ABBREVN":"Guadeloupe","BORDERPRECISION":3,"fid":145}},
{"type":"Feature","geometry":{"type":"Polygon","coordinates":[[[-68.966,12.199],[-69.078,12.349],[-69.158,12.311],[-69.062,12.188],[-68.832,12.049],[-68.824,12.16],[-68.966,12.199]]]},"properties":{"NAME":"Netherlands Antilles","SUBJECTO":"Netherlands Antilles","PARTOF":"Netherlands Antilles","ABBREVN":"Netherlands Antilles","BORDERPRECISION":3,"fid":146}},
{"type":"Feature","geometry":{"type":"Polygon","coordinates":[[[-63.011,18.067],[-63.045,18.121],[-63.14,18.059],[-63.011,18.067]]]},"properties":{"NAME":"Saint Martin","SUBJECTO":"Saint Martin","PARTOF":"Saint Martin","ABBREVN":"Saint Martin","BORDERPRECISION":3,"fid":147}},
{"type":"Feature","geometry":{"type":"Polygon","coordinates":[[[-63.14,18.059],[-63.033,18.016],[-63.011,18.067],[-63.14,18.059]]]},"properties":{"NAME":"Saint Barthelemy","SUBJECTO":"Saint Barthelemy","PARTOF":"Saint Barthelemy","ABBREVN":"Saint Barthelemy","BORDERPRECISION":3,"fid":148}},
{"type":"Feature","geometry":{"type":"Polygon","coordinates":[[[19.334,57.956],[19.105,57.975],[19.142,57.908],[19.334,57.956]]]},"properties":{"BORDERPRECISION":3,"fid":149}},
{"type":"Feature","geometry":{"type":"Polygon","coordinates":[[[146.713,-43.722],[147.142,-43.257],[147.391,-43.082],[147.815,-42.965],[147.981,-42.482],[148.319,-41.806],[148.27,-41.093],[148.056,-40.92],[147.596,-41.165],[147.289,-41.152],[146.741,-41.295],[146.382,-41.308],[145.892,-41.142],[144.776,-40.843],[144.7,-41.164],[144.936,-41.71],[145.53,-42.345],[145.279,-42.668],[145.723,-43.24],[145.967,-43.407],[146.713,-43.722]]]},"properties":{"BORDERPRECISION":3,"fid":150}},
{"type":"Feature","geometry":{"type":"MultiPolygon","coordinates":[[[[-79.05,42.852],[-79.198,42.571],[-80.073,42.153],[-81.043,41.836],[-81.811,41.495],[-82.568,41.404],[-83.45,41.754],[-83.056,42.027],[-83.041,42.243],[-82.536,42.612],[-82.298,43.029],[-82.465,43.195],[-82.658,43.84],[-82.921,44.057],[-83.294,43.954],[-83.59,43.665],[-83.917,43.784],[-83.386,44.313],[-83.286,44.619],[-83.431,45.275],[-84.634,45.751],[-84.694,45.984],[-83.972,45.951],[-83.821,46.15],[-84.277,46.266],[-84.44,46.459],[-84.744,46.468],[-85.1,46.749],[-85.993,46.672],[-86.522,46.475],[-87.273,46.512],[-87.76,46.864],[-88.457,46.92],[-88.283,47.142],[-88.299,47.399],[-89.311,46.881],[-90.277,46.625],[-90.705,46.688],[-90.832,46.944],[-91.868,46.708],[-92.111,46.734],[-91.15,47.368],[-90.457,47.705],[-89.622,47.968],[-90,47.972],[-90,48.249],[-91.141,48.215],[-91.682,48.039],[-92.258,48.327],[-92.839,48.515],[-93.713,48.574],[-94.088,48.778],[-94.827,49.488],[-95.053,49.472],[-94.82,49.051],[-96.335,49.039],[-98.201,49.049],[-100.46,49.043],[-102.67,49.051],[-104.262,49.056],[-106.44,49.064],[-108.461,49.059],[-110.67,49.054],[-112.529,49.064],[-115.165,49.056],[-117.215,49.058],[-118.987,49.062],[-121.052,49.051],[-122.9,49.067],[-122.606,48.835],[-122.345,48.077],[-122.486,47.606],[-122.663,47.469],[-123.183,47.488],[-122.808,47.828],[-122.826,48.023],[-123.259,48.206],[-123.793,48.198],[-124.675,48.386],[-124.726,48.118],[-124.309,47.459],[-124.054,46.29],[-123.995,45.764],[-124.072,45.048],[-124.331,44.072],[-124.137,43.666],[-124.302,43.343],[-124.63,43.014],[-124.561,42.602],[-124.249,41.934],[-124.153,41.58],[-124.179,41.195],[-124.367,40.751],[-124.365,40.334],[-124.033,39.982],[-123.82,39.607],[-123.892,39.414],[-123.796,39.03],[-123.222,38.533],[-122.991,38.139],[-122.759,37.957],[-122.375,37.854],[-122.558,37.566],[-122.494,37.301],[-122.253,37.07],[-121.932,37.009],[-121.851,36.749],[-121.997,36.576],[-121.927,36.338],[-121.561,36.066],[-121.385,35.785],[-120.928,35.475],[-120.949,35.289],[-120.677,35.189],[-120.688,34.622],[-120.529,34.508],[-119.613,34.478],[-119.292,34.221],[-118.872,34.07],[-118.604,34.096],[-118.438,33.794],[-118.007,33.731],[-117.497,33.325],[-117.348,33.053],[-117.349,32.755],[-117.174,32.521],[-114.884,32.636],[-114.622,32.427],[-112.823,31.832],[-111.241,31.331],[-111.089,31.307],[-109.211,31.273],[-108.371,31.278],[-108.232,31.724],[-106.545,31.702],[-105.821,31.069],[-105.126,30.615],[-104.775,29.827],[-104.574,29.58],[-104.083,29.283],[-103.586,29.057],[-103.022,29.092],[-102.448,29.687],[-102.237,29.778],[-101.734,29.749],[-101.382,29.604],[-101.033,29.326],[-100.4,28.311],[-100.02,27.842],[-99.604,27.469],[-99.42,26.84],[-99.1,26.409],[-98.103,25.982],[-97.783,26.034],[-97.26,25.811],[-97.451,26.218],[-97.638,26.847],[-97.632,27.228],[-97.267,27.674],[-97.568,27.909],[-96.831,28.158],[-96.577,28.426],[-96.717,28.712],[-96.203,28.637],[-95.603,28.799],[-94.845,29.346],[-94.797,29.563],[-94.426,29.543],[-94.142,29.69],[-93.446,29.768],[-92.643,29.579],[-92.117,29.542],[-91.951,29.832],[-91.429,29.543],[-91.24,29.321],[-90,29.109],[-89.978,29.406],[-89.622,29.284],[-89.498,29.096],[-89.032,29.119],[-89.292,29.367],[-89.559,29.433],[-89.686,29.706],[-89.38,29.873],[-89.684,30.09],[-89.233,30.406],[-88.343,30.389],[-88.142,30.328],[-88.035,30.679],[-87.775,30.263],[-86.389,30.473],[-86.058,30.235],[-85.719,30.203],[-85.487,30.039],[-85.305,29.664],[-84.764,29.799],[-84.317,30.092],[-83.886,30.048],[-83.492,29.687],[-83.118,29.242],[-82.779,29.11],[-82.647,28.907],[-82.841,27.838],[-82.717,27.745],[-82.584,27.311],[-82.31,26.825],[-81.887,26.448],[-81.745,25.921],[-81.401,25.859],[-81.146,25.378],[-81.098,25.125],[-80.738,25.13],[-80.314,25.244],[-80.354,25.548],[-80.214,25.735],[-80.05,26.551],[-80.078,26.923],[-80.447,27.776],[-80.605,28.561],[-81.026,29.264],[-81.405,30.073],[-81.512,30.727],[-81.182,31.64],[-80.581,32.497],[-80.222,32.536],[-79.717,32.797],[-79.349,33.11],[-79.204,33.46],[-78.621,33.811],[-77.963,33.933],[-77.296,34.667],[-76.622,34.763],[-76.516,35.467],[-76.141,35.384],[-75.729,35.882],[-76.094,36.205],[-75.896,36.398],[-75.975,36.937],[-76.283,37.056],[-76.314,37.732],[-76.215,37.943],[-76.538,38.785],[-76.405,39.085],[-76.15,39.067],[-76.008,38.667],[-76.326,38.539],[-76.044,38.293],[-75.846,38.426],[-75.668,37.898],[-75.866,37.714],[-75.652,37.551],[-75.431,37.993],[-75.042,38.497],[-75.089,38.842],[-75.389,39.133],[-74.94,39.251],[-74.86,38.99],[-74.414,39.418],[-74.153,39.765],[-73.946,40.447],[-74.177,40.642],[-73.741,40.977],[-72.854,41.294],[-71.449,41.425],[-71.41,41.724],[-70.967,41.562],[-70.302,41.759],[-70.776,42.303],[-71.054,42.357],[-70.759,42.71],[-70.868,42.871],[-70.216,43.8],[-69.826,43.752],[-69.249,43.991],[-68.804,44.393],[-68.131,44.567],[-67.908,44.477],[-67.169,44.711],[-66.939,44.879],[-67.187,45.252],[-67.321,45.565],[-67.559,45.772],[-67.699,47.041],[-67.996,47.294],[-68.699,47.264],[-69.049,47.464],[-69.565,46.946],[-70.077,45.947],[-70.589,45.295],[-71.293,45.323],[-71.535,44.959],[-72.027,45.001],[-74.782,45.012],[-75.458,44.64],[-76.133,44.327],[-76.281,44.143],[-76.174,43.625],[-76.937,43.237],[-77.58,43.216],[-77.846,43.35],[-78.503,43.362],[-79.14,43.222],[-79.05,42.852]],[[-87.605,41.877],[-87.783,42.204],[-87.777,42.66],[-87.908,43.192],[-87.715,43.876],[-87.564,44.13],[-87.343,44.818],[-87.876,44.878],[-87.195,45.57],[-86.72,45.867],[-85.838,45.954],[-85.382,46.075],[-84.948,45.968],[-85.075,45.612],[-84.952,45.408],[-86.002,44.917],[-86.214,44.704],[-86.453,44.13],[-86.514,43.681],[-86.243,42.988],[-86.23,42.617],[-86.518,42.035],[-86.842,41.766],[-87.375,41.634],[-87.605,41.877]]],[[[-141.059,69.595],[-141.704,69.734],[-143.308,70.197],[-145.273,70.116],[-146.183,70.268],[-147.724,70.327],[-149.286,70.539],[-150.639,70.475],[-152.137,70.534],[-152.971,70.934],[-155.1,71.077],[-155.475,70.852],[-156.138,70.928],[-156.043,71.223],[-156.905,71.346],[-157.812,70.971],[-158.855,70.884],[-160.24,70.858],[-159.905,70.427],[-161.188,70.44],[-162.177,70.284],[-162.879,69.999],[-164.067,69.065],[-164.89,68.935],[-166.297,68.88],[-166.335,68.661],[-166.844,68.405],[-164.513,67.797],[-163.826,67.448],[-163.739,67.218],[-161.936,67.088],[-161.796,66.749],[-160.032,66.568],[-160.125,66.339],[-161.261,66.396],[-162.275,66.071],[-163.843,66.178],[-163.782,66.538],[-164.463,66.596],[-167.024,65.959],[-168.18,65.694],[-166.139,65.355],[-166.604,65.15],[-166.586,64.73],[-165.741,64.559],[-163.883,64.591],[-163.025,64.442],[-162.137,64.789],[-161.291,64.964],[-160.902,64.813],[-160.944,64.525],[-161.373,64.466],[-161.006,64.158],[-160.89,63.857],[-161.133,63.563],[-162.474,63.41],[-162.97,63.103],[-163.309,63.038],[-164.292,63.25],[-165.03,62.65],[-165.431,62.43],[-165.834,61.834],[-166.19,61.749],[-165.898,61.27],[-165.423,61.264],[-164.539,60.95],[-163.895,61.042],[-163.52,60.706],[-163.938,60.614],[-164.845,60.816],[-165.128,60.542],[-164.027,59.798],[-163.536,59.841],[-162.378,60.163],[-161.989,59.712],[-162.004,58.827],[-161.646,58.682],[-161.117,58.746],[-160.431,59.002],[-159.814,58.941],[-159.11,58.488],[-158.973,58.77],[-158.517,58.999],[-158.291,58.73],[-157.139,58.856],[-157.242,58.491],[-157.554,58.27],[-157.665,57.604],[-158.662,57.076],[-158.617,56.748],[-159.249,56.781],[-159.776,56.582],[-160.457,56.2],[-160.607,55.962],[-160.169,55.807],[-159.077,55.992],[-158.527,56.449],[-157.747,56.77],[-156.993,56.915],[-156.496,57.1],[-156.685,57.401],[-155.598,57.896],[-154.649,58.076],[-154.214,58.428],[-153.682,58.642],[-153.455,58.877],[-154.127,59.042],[-154.282,59.249],[-153.71,59.644],[-152.899,59.896],[-152.878,60.279],[-152.19,60.658],[-151.342,60.954],[-150.781,61.292],[-150.311,61.314],[-149.317,60.929],[-150.437,60.906],[-151.16,60.66],[-151.415,60.254],[-151.783,59.995],[-151.448,59.538],[-151.772,59.357],[-151.388,59.213],[-150.501,59.616],[-150.021,59.714],[-149.326,60.027],[-148.494,59.904],[-148.301,60.106],[-148.336,60.413],[-148.84,60.545],[-148.466,60.868],[-148.493,61.064],[-147.94,61.206],[-147.27,60.94],[-145.998,60.662],[-145.493,60.384],[-145.138,60.454],[-144.406,60.093],[-142.425,60.02],[-141.439,60.091],[-141.385,59.897],[-140.905,59.786],[-140.133,59.767],[-139.573,59.9],[-139.367,59.63],[-139.785,59.518],[-139.2,59.277],[-138.446,59.162],[-137.577,58.604],[-137.085,58.447],[-136.356,58.524],[-136.39,58.841],[-136.148,58.903],[-135.738,58.47],[-135.3,58.374],[-135.515,58.973],[-135.144,59.168],[-134.83,58.561],[-134.123,58.239],[-133.341,57.377],[-133.4,57.219],[-132.871,57.016],[-132.101,56.349],[-132.256,55.85],[-131.767,56.01],[-131.191,56.035],[-130.695,55.465],[-130.773,55.066],[-130.065,55.102],[-130.003,55.289],[-130.18,55.638],[-130.106,55.993],[-130.287,56.107],[-131.725,56.605],[-131.955,56.782],[-133.503,58.424],[-134.791,59.214],[-135.258,59.67],[-135.855,59.646],[-137.223,58.882],[-138.621,59.778],[-139.005,60.258],[-140.429,60.23],[-140.895,60.389],[-140.947,61.835],[-140.927,63.786],[-140.916,64.768],[-140.974,66.026],[-141.014,68.093],[-141.059,69.595]]],[[[-72.279,41.117],[-72.647,40.98],[-73.589,40.921],[-73.561,40.645],[-72.543,40.826],[-72.279,41.117]]],[[[-168.554,53.375],[-168.374,53.235],[-167.865,53.323],[-168.223,53.59],[-168.554,53.375]]],[[[-166.771,54.001],[-167.148,53.94],[-166.927,53.459],[-166.383,53.855],[-166.771,54.001]]],[[[-132.177,55.285],[-132.555,55.453],[-132.633,55.9],[-133.518,56.211],[-133.016,55.371],[-132.174,54.846],[-132.177,55.285]]],[[[-134.946,56.454],[-134.764,56.794],[-135.002,57.326],[-135.466,57.229],[-134.946,56.454]]],[[[-163.567,55.022],[-164.561,54.831],[-165.01,54.528],[-164.564,54.334],[-164.072,54.657],[-163.573,54.632],[-163.206,54.737],[-163.567,55.022]]],[[[-160.391,55.562],[-160.676,55.765],[-161.318,55.879],[-161.81,55.783],[-162.224,55.498],[-162.585,55.389],[-162.218,55.132],[-161.575,55.479],[-161.09,55.561],[-160.391,55.562]]],[[[-170.968,63.652],[-171.739,63.75],[-171.728,63.457],[-170.966,63.459],[-169.903,63.075],[-169.333,63.397],[-170.482,63.688],[-170.968,63.652]]],[[[-154.342,57.487],[-154.593,57.145],[-153.878,56.941],[-153.492,57.051],[-153.177,57.407],[-152.378,57.518],[-152.679,57.765],[-153.396,57.804],[-153.731,57.427],[-154.342,57.487]]],[[[-136.418,58.111],[-136.596,57.905],[-135.816,57.454],[-135.822,57.756],[-135.115,57.675],[-135.325,58.093],[-135.672,58.044],[-136.025,58.215],[-136.418,58.111]]]]},"properties":{"NAME":"United States of America","SUBJECTO":"United States of America","PARTOF":"United States of America","ABBREVN":"United States of America","BORDERPRECISION":3,"fid":151}},
{"type":"Feature","geometry":{"type":"MultiPolygon","coordinates":[[[[7.397,43.764],[7.98,43.965],[8.672,44.417],[8.897,44.437],[9.909,44.11],[10.292,43.705],[10.488,43.236],[10.743,42.851],[11.105,42.549],[11.497,42.376],[12.642,41.531],[12.977,41.371],[13.797,41.193],[14.051,40.768],[14.37,40.851],[14.951,40.551],[15.027,40.212],[15.432,39.989],[15.666,40.092],[15.99,39.428],[16.083,39.012],[15.627,38.004],[16.053,37.931],[16.331,38.321],[16.572,38.457],[16.522,38.725],[16.798,38.926],[17.095,38.915],[17.149,39.422],[16.532,39.698],[16.728,40.184],[17.084,40.525],[17.402,40.292],[17.85,40.243],[18.017,39.948],[18.365,39.747],[18.523,40.094],[18.034,40.597],[16.946,41.094],[15.991,41.406],[16.198,41.746],[16.013,41.904],[15.449,41.857],[14.922,41.972],[14.519,42.23],[14.093,42.61],[13.601,43.535],[12.697,43.935],[12.345,44.301],[12.274,44.673],[12.523,44.883],[12.176,45.214],[13.156,45.727],[13.564,45.726],[13.606,46.132],[13.344,46.285],[13.569,46.51],[12.362,46.709],[12.075,46.928],[11.74,46.752],[11.908,46.414],[11.571,46.245],[11.571,45.975],[11.233,46.009],[10.795,45.638],[10.525,45.739],[10.457,46.212],[10.558,46.718],[10.396,46.887],[9.885,46.403],[9.218,46.348],[8.891,45.866],[8.382,46.284],[8.071,46.193],[7.79,45.927],[7.507,46.003],[6.955,45.939],[6.807,46.394],[6.726,46.408],[6.389,46.34],[6.384,46.342],[5.941,46.176],[5.935,45.322],[6.943,44.869],[6.783,44.548],[6.923,43.815],[7.397,43.764]]],[[[6.746,46.487],[6.776,46.473],[6.777,46.473],[6.746,46.487]]],[[[13.012,37.525],[13.868,37.157],[14.216,37.049],[14.622,36.776],[15.027,36.745],[15.301,37.058],[15.116,37.287],[15.181,37.682],[15.473,38.11],[15.387,38.206],[14.766,38.058],[13.81,37.966],[13.322,38.221],[13.066,38.067],[12.783,38.117],[12.454,37.766],[12.637,37.582],[13.012,37.525]]],[[[8.374,39.308],[8.696,38.996],[9.063,39.22],[9.479,39.144],[9.698,39.693],[9.631,40.096],[9.794,40.564],[9.306,41.184],[8.766,40.863],[8.241,40.855],[8.202,40.663],[8.428,40.465],[8.508,39.946],[8.374,39.308]]]]},"properties":{"NAME":"Italy","SUBJECTO":"Italy","PARTOF":"Italy","ABBREVN":"Italy","BORDERPRECISION":3,"fid":152}},
{"type":"Feature","geometry":{"type":"Polygon","coordinates":[[[10.396,46.887],[10.558,46.718],[10.457,46.212],[10.525,45.739],[10.795,45.638],[11.233,46.009],[11.571,45.975],[11.571,46.245],[11.908,46.414],[11.74,46.752],[12.075,46.928],[12.362,46.709],[13.569,46.51],[13.344,46.285],[13.606,46.132],[13.564,45.726],[13.629,45.074],[13.895,44.759],[14.189,44.943],[14.354,45.323],[14.624,45.275],[14.946,44.927],[14.989,44.54],[15.412,43.935],[15.913,43.652],[16.059,43.433],[16.367,43.513],[16.992,43.323],[17.534,42.929],[17.609,43.071],[17.294,43.269],[16.536,44.007],[16.194,44.193],[16.144,44.434],[15.757,44.786],[15.828,45.203],[16.345,45.002],[16.511,45.208],[17.666,45.117],[18.258,45.122],[18.715,45.047],[18.841,44.851],[19.353,44.891],[19.656,44.696],[19.958,44.734],[20.184,44.923],[20.411,44.696],[20.977,44.81],[21.583,44.793],[22.133,44.511],[22.41,44.75],[22.343,44.986],[22.478,45.729],[23.018,45.864],[23.255,46.066],[23.558,45.897],[24.065,46.1],[24.402,45.897],[24.942,45.965],[25.516,45.796],[25.448,46.302],[25.853,46.674],[26.191,46.809],[26.292,47.214],[25.381,47.855],[25.786,47.956],[26.123,47.855],[26.36,48.125],[26.09,48.608],[26.48,48.586],[26.219,49.134],[26.255,49.75],[25.671,49.76],[25.203,50.155],[25.152,50.335],[24.404,50.634],[24.063,50.621],[23.116,50.385],[22.483,50.372],[22.394,50.68],[21.908,50.812],[21.157,50.376],[20.811,50.361],[20.271,50.104],[19.311,50.268],[18.769,50.177],[18.549,49.962],[18.048,50.103],[17.751,50.036],[17.679,50.338],[17.012,50.287],[16.728,50.149],[16.204,50.463],[15.818,50.797],[14.596,51.023],[13.855,50.767],[13.233,50.664],[12.982,50.474],[12.462,50.398],[12.235,50.241],[12.554,50.002],[12.536,49.563],[13.203,49.166],[13.745,48.94],[13.947,48.655],[12.694,48.129],[13.023,47.662],[12.7,47.69],[11.56,47.613],[11.17,47.424],[10.388,47.579],[10.2,47.301],[9.892,47.564],[9.665,47.556],[9.539,47.487],[9.521,47.069],[10.052,46.868],[10.396,46.887]]]},"properties":{"NAME":"Austria Hungary","SUBJECTO":"Austria Hungary","PARTOF":"Austria Hungary","ABBREVN":"Austria Hungary","BORDERPRECISION":3,"fid":153}},
{"type":"Feature","geometry":{"type":"Polygon","coordinates":[[[14.466,44.809],[14.4,44.915],[14.316,44.887],[14.389,44.695],[14.466,44.809]]]},"properties":{"BORDERPRECISION":3,"fid":154}},
{"type":"Feature","geometry":{"type":"Polygon","coordinates":[[[-82.957,8.047],[-82.795,8.27],[-82.384,8.321],[-82.189,8.201],[-81.664,8.165],[-81.562,7.824],[-81.197,7.64],[-81.007,7.784],[-80.814,7.27],[-80.406,7.299],[-80.051,7.732],[-80.403,8.059],[-80.269,8.377],[-79.712,8.616],[-79.717,8.883],[-79.321,9.04],[-79.068,9.034],[-78.506,8.686],[-78.381,8.395],[-78.184,8.413],[-78.265,7.886],[-77.897,7.172],[-77.4,6.67],[-77.338,6.429],[-77.475,6.092],[-77.22,5.876],[-77.241,5.692],[-77.5,5.514],[-77.334,5.126],[-77.267,4.739],[-77.445,4.179],[-77.106,3.792],[-77.802,2.577],[-77.987,2.475],[-78.468,2.467],[-78.648,2.175],[-78.492,1.921],[-79.062,1.678],[-78.943,1.381],[-78.27,1.019],[-77.626,0.724],[-77.29,0.262],[-76.85,0.138],[-76.549,0.165],[-76.148,0.345],[-75.526,-0.14],[-75.108,-0.189],[-74.705,-0.377],[-74.474,-0.573],[-74.287,-0.997],[-73.605,-1.464],[-73.457,-1.933],[-73.077,-2.013],[-72.959,-2.451],[-72.701,-2.52],[-72.011,-2.509],[-71.656,-2.246],[-71.242,-2.517],[-70.923,-2.318],[-70.694,-2.412],[-70.052,-2.822],[-70.068,-2.911],[-70.588,-3.791],[-70.207,-3.808],[-69.878,-4.187],[-69.901,-4.379],[-69.363,-4.135],[-69.231,-3.476],[-67.978,-3.41],[-67.846,-3.081],[-67.253,-2.553],[-66.66,-2.817],[-67.055,0.941],[-66.85,1.011],[-66.939,1.208],[-67.051,1.798],[-67.539,2.603],[-67.768,2.824],[-67.223,3.336],[-67.813,4.305],[-67.935,5.143],[-67.698,5.52],[-67.66,5.971],[-67.766,6.244],[-68.661,6.143],[-69.303,6.006],[-70.018,6.828],[-70.541,7.054],[-71.812,6.97],[-72.364,7.469],[-72.409,7.628],[-72.307,8.137],[-72.353,8.315],[-72.878,9.24],[-73.337,9.199],[-73.017,9.735],[-72.832,10.385],[-72.386,11.176],[-72.113,11.191],[-72.051,11.722],[-71.246,11.959],[-71.189,11.912],[-71.13,12.213],[-71.437,12.422],[-71.698,12.428],[-72.059,12.237],[-72.38,11.81],[-72.761,11.695],[-73.362,11.325],[-74.219,11.368],[-74.323,10.922],[-74.767,11.061],[-75.033,10.953],[-75.45,10.628],[-75.543,10.411],[-75.703,9.426],[-76.158,9.311],[-76.383,8.98],[-76.764,8.693],[-76.851,8.464],[-76.702,8.115],[-76.858,7.93],[-77.242,8.476],[-77.495,8.661],[-77.678,8.961],[-78.266,9.386],[-79.5,9.638],[-80.124,9.224],[-80.356,9.203],[-80.962,8.865],[-81.495,8.865],[-82.23,9.047],[-82.326,9.445],[-82.56,9.583],[-82.907,9.519],[-82.913,9.113],[-82.807,8.57],[-82.957,8.047]]]},"properties":{"NAME":"Colombia","SUBJECTO":"Colombia","PARTOF":"Colombia","ABBREVN":"Colombia","BORDERPRECISION":3,"fid":155}},
{"type":"Feature","geometry":{"type":"Polygon","coordinates":[[[22.694,44.263],[22.374,43.939],[22.318,43.681],[22.637,43.149],[22.449,42.801],[22.377,42.713],[24.218,42.281],[26.885,42.299],[27.496,42.418],[27.836,42.736],[28.035,43.392],[28.446,43.476],[28.51,43.743],[27.603,43.948],[26.937,44.235],[26.684,44.253],[25.549,43.807],[25.378,43.781],[24.62,43.944],[24.156,43.813],[23.638,43.99],[23.064,43.906],[23.028,44.124],[22.694,44.263]]]},"properties":{"NAME":"Bulgaria","SUBJECTO":"Bulgaria","PARTOF":"Bulgaria","ABBREVN":"Bulgaria","BORDERPRECISION":3,"fid":156}},
{"type":"Feature","geometry":{"type":"MultiPolygon","coordinates":[[[[50.775,24.154],[50.968,24.436],[50.607,24.68],[50.619,24.871],[50.429,25.184],[50.382,25.461],[50.147,25.536],[49.937,25.956],[50.076,26.312],[49.934,26.483],[50.122,26.738],[49.931,26.934],[49.533,27.01],[49.152,27.372],[48.855,27.523],[48.588,28.094],[48.129,29.268],[47.804,29.185],[47.911,29.89],[48.554,29.995],[48.081,30.395],[48.033,30.878],[47.689,30.882],[47.793,31.797],[47.612,32.031],[46.508,32.812],[46.09,32.842],[46.105,33.21],[45.506,33.797],[45.671,34.617],[46.184,35.058],[45.995,35.401],[46.211,35.784],[45.388,35.926],[44.795,37.132],[44.471,37.455],[44.492,37.754],[44.205,37.867],[44.447,38.385],[44.229,38.482],[44.082,39.295],[44.345,39.414],[44.349,39.609],[44.67,39.757],[44.448,39.96],[43.812,40.014],[43.67,40.295],[43.847,40.75],[42.878,41.546],[42.25,41.369],[41.484,41.437],[41.293,41.286],[40.361,40.963],[40.007,40.956],[39.37,41.064],[38.651,40.922],[37.253,41.028],[36.817,41.29],[36.383,41.238],[36.161,41.353],[35.958,41.686],[35.411,41.627],[35.099,41.806],[35.002,42.043],[34.663,41.876],[33.556,41.983],[33.155,41.95],[32.419,41.749],[31.386,41.285],[31.218,41.054],[30.745,41.04],[29.161,41.216],[29.015,40.979],[29.525,40.688],[28.902,40.62],[28.873,40.472],[27.908,40.351],[27.764,40.287],[26.765,40.377],[26.128,39.879],[26.139,39.44],[26.804,39.567],[26.708,39.182],[26.966,38.77],[26.696,38.641],[26.997,38.4],[26.742,38.278],[26.469,38.445],[26.393,38.104],[26.679,38.105],[27.14,37.889],[27.16,37.36],[27.526,37.131],[27.308,36.921],[27.999,36.909],[28.014,36.527],[28.47,36.738],[28.814,36.535],[29.002,36.695],[29.298,36.173],[29.662,36.078],[30.473,36.188],[30.594,36.762],[30.905,36.794],[31.371,36.712],[31.902,36.497],[32.335,36.128],[32.64,36.008],[33.171,35.971],[33.753,36.147],[34.485,36.627],[34.662,36.648],[35.221,36.388],[35.495,36.443],[35.891,36.771],[36.095,36.482],[35.709,36.212],[35.856,35.835],[35.607,35.418],[35.796,35.271],[35.751,34.747],[35.873,34.422],[35.532,34.119],[35.492,33.831],[34.843,32.671],[34.759,32.301],[34.501,31.621],[34.195,31.238],[33.558,30.968],[33.021,31.132],[32.597,30.964],[32.648,29.852],[32.944,29.198],[33.178,28.996],[33.331,28.551],[34.058,27.79],[34.322,27.829],[34.549,28.732],[34.764,29.247],[35.095,29.343],[34.886,28.357],[34.764,28.097],[35.112,28.072],[35.436,27.73],[35.831,27.095],[36.312,26.423],[36.669,26.017],[37.218,25.167],[37.201,24.658],[37.557,24.271],[37.988,24.114],[38.329,23.835],[38.915,22.87],[39.102,22.4],[39.167,21.219],[39.764,20.407],[40.694,19.869],[41.033,19.285],[41.399,18.441],[41.629,18.047],[42.009,17.737],[42.535,17.071],[42.764,16.645],[42.884,15.985],[42.764,15.667],[42.796,15.47],[43.207,14.079],[43.384,13.565],[43.303,13.241],[43.484,12.93],[43.841,12.664],[44.441,12.64],[44.681,12.825],[44.964,12.825],[45.411,13.09],[45.263,13.826],[45.704,16.176],[45.557,17.204],[41.923,20.767],[41.812,21.713],[41.07,22.263],[40.857,24.988],[39.756,25.428],[37.644,27.356],[37.364,27.957],[36.593,29.787],[36.525,31.162],[37.212,33.566],[38.036,34.597],[39.342,34.597],[40.029,34.391],[44.083,30.337],[44.839,29.993],[45.87,29.856],[46.905,29.438],[46.509,28.97],[47.439,28.829],[47.672,28.443],[48.469,26.695],[49.395,26.078],[49.704,24.41],[50.569,23.854],[50.775,24.154]]],[[[24.293,31.923],[23.714,32.076],[23.153,32.139],[23.007,32.482],[22.543,32.722],[21.673,32.816],[21.054,32.63],[20.366,32.298],[20.068,32.037],[19.942,31.611],[20.117,30.957],[19.982,30.722],[19.664,30.442],[19.323,30.257],[18.915,30.205],[17.957,30.768],[17.422,30.996],[16.783,31.128],[16.318,31.165],[15.843,31.285],[15.358,31.805],[15.241,32.173],[15.01,32.363],[14.433,32.464],[14.157,32.679],[13.187,32.792],[12.565,32.74],[11.471,33.144],[11.501,32.338],[10.454,31.782],[10.526,30.801],[10.09,30.365],[9.327,30.147],[11.353,28.641],[11.427,27.68],[10.022,25.536],[10.244,24.723],[11.057,24.649],[11.279,24.353],[11.797,24.131],[13.128,25.018],[14.089,24.575],[13.793,22.874],[14.606,22.505],[18.599,23.614],[20.152,27.606],[21.039,28.494],[21.556,28.567],[22.148,28.494],[23.257,27.606],[24.81,27.015],[24.736,28.346],[25.327,28.789],[25.253,29.898],[24.292,30.49],[24.293,31.923]]],[[[20.363,42.857],[20.047,42.488],[19.813,42.509],[19.656,42.244],[19.607,41.762],[19.527,40.866],[19.339,40.589],[19.369,40.26],[20.029,39.814],[20.341,39.315],[20.924,39.925],[21.165,39.866],[21.392,40.319],[22.033,40.319],[22.033,40.621],[22.492,40.498],[22.96,40.315],[23.596,40.192],[23.886,40.733],[25.046,40.952],[25.993,40.852],[26.124,40.603],[26.614,40.398],[27.264,40.667],[27.474,40.963],[27.932,40.958],[28.173,41.058],[28.828,40.915],[29.012,41.255],[28.371,41.433],[28.104,41.593],[27.913,42.078],[27.496,42.418],[26.885,42.299],[24.218,42.281],[22.377,42.713],[22.338,42.665],[21.09,42.47],[21.052,42.772],[20.363,42.857]]],[[[24.716,35.035],[24.693,34.94],[25.899,35.045],[25.512,35.295],[24.769,35.428],[24.388,35.373],[23.879,35.552],[23.529,35.57],[23.568,35.255],[24.324,35.208],[24.716,35.035]]],[[[33.484,34.796],[33.539,34.944],[33.925,34.953],[33.78,35.208],[33.374,35.306],[32.819,35.282],[32.301,35.016],[32.271,34.72],[32.603,34.615],[33.131,34.68],[33.484,34.796]]]]},"properties":{"NAME":"Ottoman Empire","SUBJECTO":"Ottoman Empire","PARTOF":"Ottoman Empire","ABBREVN":"Ottoman Empire","BORDERPRECISION":3,"fid":157}},
{"type":"Feature","geometry":{"type":"MultiPolygon","coordinates":[[[[20.341,39.315],[20.678,39.08],[20.772,38.851],[21.172,38.348],[21.826,38.464],[22.334,38.427],[22.876,38.205],[22.747,37.953],[21.906,38.27],[21.44,38.18],[21.228,37.905],[21.614,37.415],[21.531,37.115],[21.781,36.823],[21.984,37.02],[22.39,36.524],[22.674,36.754],[22.983,36.615],[22.887,37.047],[22.639,37.492],[23.049,37.643],[22.981,37.958],[23.496,38.068],[23.836,37.685],[23.987,37.763],[23.804,38.347],[23.556,38.352],[23.169,38.667],[22.602,38.856],[22.871,39.024],[22.72,39.287],[23.074,39.413],[22.813,39.603],[22.467,40.118],[22.492,40.498],[22.033,40.621],[22.033,40.319],[21.392,40.319],[21.165,39.866],[20.924,39.925],[20.341,39.315]]],[[[25.272,37.565],[24.763,38.003],[24.656,37.901],[25.272,37.565]]],[[[23.242,39.044],[23.014,38.961],[23.638,38.523],[24.025,38.386],[24.132,38.653],[23.79,38.719],[23.242,39.044]]]]},"properties":{"NAME":"Greece","SUBJECTO":"Greece","PARTOF":"Greece","ABBREVN":"Greece","BORDERPRECISION":3,"fid":158}},
{"type":"Feature","geometry":{"type":"Polygon","coordinates":[[[27.781,35.89],[28.064,36.112],[27.72,36.166],[27.781,35.89]]]},"properties":{"BORDERPRECISION":3,"fid":159}},
{"type":"Feature","geometry":{"type":"Polygon","coordinates":[[[14.562,35.82],[14.51,35.925],[14.375,35.991],[14.333,35.895],[14.424,35.819],[14.562,35.82]]]},"properties":{"NAME":"Malta","SUBJECTO":"Malta","PARTOF":"Malta","ABBREVN":"Malta","BORDERPRECISION":3,"fid":160}},
{"type":"Feature","geometry":{"type":"MultiPolygon","coordinates":[[[[6.777,46.473],[6.776,46.473],[6.746,46.487],[6.743,46.489],[6.361,46.348],[6.384,46.342],[6.389,46.34],[6.726,46.408],[6.807,46.394],[6.857,46.385],[6.832,46.467],[6.777,46.473]]],[[[9.539,47.487],[9.665,47.556],[9.216,47.671],[9.118,47.679],[8.983,47.68],[9.539,47.487]]]]},"properties":{"BORDERPRECISION":3,"fid":161}},
{"type":"Feature","geometry":{"type":"Polygon","coordinates":[[[88.803,27.181],[88.707,27.479],[88.731,27.866],[88.564,27.979],[88.197,27.876],[88.071,27.523],[88.039,27.129],[88.232,26.757],[88.092,26.445],[87.349,26.385],[87.049,26.601],[86.777,26.467],[86.071,26.697],[85.901,26.593],[85.634,26.883],[85.371,26.757],[84.965,27.003],[84.666,27.07],[84.648,27.375],[84.136,27.538],[83.874,27.382],[83.657,27.501],[83.187,27.464],[82.812,27.538],[82.025,27.955],[81.921,27.881],[81.362,28.186],[81.225,28.424],[80.909,28.491],[80.609,28.706],[80.399,28.669],[80.098,28.952],[80.336,29.324],[80.413,29.785],[81.021,30.247],[80.634,30.514],[80.225,30.596],[80.277,30.76],[79.792,31.02],[79.629,30.968],[79.109,31.459],[78.761,31.541],[78.782,32.002],[78.521,32.27],[78.451,32.583],[79.136,32.412],[79.565,32.702],[79.4,33.014],[79.447,33.2],[78.625,33.504],[78.575,34.018],[78.807,34.2],[78.509,34.498],[78.144,34.547],[77.846,35.243],[77.417,35.513],[76.815,35.56],[76.434,35.886],[76.092,35.798],[75.89,36.023],[75.891,36.512],[75.628,36.769],[75.218,36.912],[74.521,37.005],[73.786,36.727],[73.495,36.791],[72.373,36.718],[71.325,36.052],[71.623,35.557],[71.659,35.125],[71.097,34.62],[71.154,34.138],[70.792,33.927],[70.03,33.999],[70.289,33.283],[70.057,33.117],[69.508,32.949],[69.278,32.382],[69.206,31.798],[68.947,31.587],[68.496,31.756],[68.243,31.767],[67.829,31.536],[67.57,31.186],[66.921,31.207],[66.467,30.843],[66.277,30.296],[66.233,29.889],[66.091,29.736],[65.611,29.613],[64.645,29.449],[64.089,29.395],[63.48,29.455],[62.946,29.356],[62.369,29.385],[61.503,29.602],[60.82,29.833],[61.501,28.865],[61.599,28.737],[61.659,28.657],[61.972,28.481],[62.086,28.442],[62.487,28.306],[62.747,28.034],[62.797,27.431],[62.88,27.254],[63.257,27.104],[63.241,26.666],[63.062,26.518],[62.612,26.484],[61.941,26.156],[61.813,25.984],[61.68,25.645],[61.673,25.628],[61.57,25.04],[62.45,25.163],[63.404,25.165],[63.65,25.337],[64.059,25.401],[64.425,25.173],[65.769,25.309],[66.3,25.495],[66.621,25.317],[66.702,24.752],[67.204,24.588],[67.316,24.093],[67.692,23.814],[68.047,23.764],[68.373,23.326],[68.791,23.029],[69.107,22.899],[69.665,22.789],[70.411,22.753],[69.969,22.351],[69.492,22.249],[68.894,22.286],[69.126,21.969],[70.21,20.948],[70.467,20.777],[71.024,20.657],[71.529,20.824],[72.121,21.155],[72.289,21.55],[72.127,21.829],[72.319,22.115],[72.696,22.129],[72.666,21.849],[72.766,21.15],[73.113,20.827],[73.11,20.687],[72.759,20.058],[72.853,19.245],[73.064,18.032],[73.409,16.559],[73.573,16.038],[73.841,15.39],[74.402,14.42],[74.734,13.683],[75.211,12.102],[75.652,11.423],[76.075,10.554],[76.385,9.748],[76.538,9.119],[76.704,8.706],[77.341,8.053],[77.484,8.028],[77.9,8.258],[78.136,8.5],[78.181,8.811],[78.314,8.996],[79.16,9.277],[78.927,9.493],[79.222,10.192],[79.79,10.251],[79.826,10.359],[79.711,11.445],[79.769,11.731],[80.224,12.831],[80.32,13.333],[80.076,13.669],[80.17,13.892],[80.089,15.175],[80.3,15.646],[80.736,15.837],[81.088,15.827],[81.369,16.347],[81.789,16.329],[82.081,16.463],[82.235,16.647],[82.354,17.086],[83.381,17.711],[83.685,18.083],[83.988,18.207],[84.263,18.456],[85.113,19.442],[85.379,19.605],[86.119,19.807],[86.632,20.204],[86.926,20.691],[86.796,21.136],[86.937,21.288],[87.641,21.563],[88.053,21.939],[88.248,21.596],[88.377,21.577],[88.568,21.895],[88.723,21.54],[88.881,21.515],[89.072,21.774],[89.234,21.655],[89.457,21.942],[89.579,21.701],[90,21.93],[90,22.561],[91.081,22.561],[91.41,22.721],[91.571,22.543],[91.846,21.909],[91.946,21.363],[92.176,20.887],[92.663,20.405],[92.933,20.31],[93.066,19.993],[93.334,20.025],[93.724,19.594],[93.815,19.258],[93.458,19.174],[93.839,18.953],[94.054,19.061],[94.42,18.141],[94.465,17.264],[94.392,16.908],[94.143,16.215],[94.144,16.006],[94.819,16.21],[94.753,15.937],[94.973,15.836],[95.125,15.995],[95.33,15.678],[95.714,16.155],[96.469,16.513],[96.734,16.888],[96.77,17.333],[96.882,17.346],[97.215,16.94],[97.352,16.527],[97.573,16.445],[97.742,15.01],[97.823,14.616],[98.199,13.645],[98.486,13.112],[98.597,12.737],[98.677,12.051],[98.588,11.822],[98.738,11.435],[98.605,10.863],[98.398,10.564],[98.432,10.202],[98.593,10.12],[98.637,10.289],[99.547,11.755],[99.581,11.889],[99.098,12.972],[99.134,13.372],[99.003,13.886],[98.487,14.372],[98.137,15.19],[98.58,15.472],[98.476,16.005],[98.824,16.318],[98.393,17.084],[97.788,17.575],[97.706,18.051],[97.275,18.504],[97.372,20.78],[97.773,21.366],[98.196,21.608],[97.695,23.88],[97.531,23.892],[97.631,24.274],[97.524,24.8],[97.888,25.272],[98.382,25.63],[98.734,26.343],[98.637,27.479],[98.216,27.546],[98.009,28.091],[97.83,28.286],[97.478,28.392],[97.34,28.182],[96.255,28.385],[96.476,28.71],[96.455,28.881],[95.929,29.38],[95.309,29.002],[95.139,28.982],[94.572,29.201],[94.166,29.027],[93.669,28.701],[93.051,28.418],[92.546,27.92],[92.046,27.701],[91.608,27.641],[91.595,27.464],[91.999,27.193],[91.909,26.805],[91.162,26.75],[90,26.779],[89.834,26.685],[88.868,26.908],[88.803,27.181]]]},"properties":{"NAME":"British Raj","SUBJECTO":"United Kingdom","PARTOF":"British Raj","ABBREVN":"British Raj","BORDERPRECISION":3,"fid":162}},
{"type":"Feature","geometry":{"type":"MultiPolygon","coordinates":[[[[18.148,56.912],[18.712,57.242],[18.809,57.704],[18.467,57.812],[18.111,57.519],[18.148,56.912]]],[[[20.344,79.796],[21.971,79.783],[20.998,79.191],[23.821,79.147],[25.337,79.403],[27.197,79.944],[26.254,80.199],[24.783,80.38],[23.077,80.241],[20.524,80.322],[19.915,80.633],[18.331,79.882],[19.218,79.74],[20.344,79.796]]],[[[13.397,79.434],[13.252,79.801],[11.284,79.707],[10.919,79.545],[11.335,79.207],[12.525,79.059],[11.76,78.88],[13.062,78.347],[14.353,78.428],[14.819,78.718],[16.617,78.467],[15.921,78.265],[13.905,78],[14.131,77.766],[16.418,77.901],[16.287,77.615],[14.778,77.535],[14.485,77.371],[15.099,77.115],[16.663,76.727],[17.267,76.813],[17.829,77.489],[18.389,77.542],[19.116,78.455],[20.908,78.809],[19.152,79.231],[17.834,79.809],[16.326,80.025],[15.917,79.842],[16.389,79.235],[15.774,79.242],[14.81,79.804],[13.397,79.434]]],[[[31.054,69.64],[30.735,69.752],[29.729,69.698],[28.73,70.136],[30.252,70.131],[30.799,70.308],[30.462,70.537],[29.741,70.605],[28.308,70.949],[27.516,70.97],[27.131,70.577],[26.617,70.392],[26.263,70.791],[25.574,70.367],[24.571,70.741],[23.827,70.479],[23.204,69.943],[22.306,70.216],[21.908,69.804],[20.158,69.748],[19.58,69.181],[18.985,69.315],[17.566,68.974],[17.407,68.772],[16.522,68.341],[16.649,68.046],[16.071,68.045],[15.572,67.821],[15.762,67.676],[14.976,67.523],[14.778,67.217],[13.747,66.922],[13.169,66.458],[13.152,66.136],[12.709,65.909],[12.112,65.13],[11.407,64.617],[10.066,64.056],[9.832,63.684],[9.441,63.498],[8.606,63.325],[7.989,62.94],[7.088,62.91],[7.289,62.486],[6.613,62.583],[6.533,62.336],[6.053,62.335],[5.426,62.009],[5.149,61.741],[5.075,60.592],[5.551,60.509],[5.096,60.264],[5.806,59.949],[5.087,59.509],[5.177,59.307],[5.717,59.337],[5.772,59.076],[5.4,58.715],[5.615,58.455],[6.652,58.172],[6.959,57.972],[8.154,58.09],[9.698,58.999],[10.172,58.987],[10.549,59.379],[10.829,59.106],[11.179,59.07],[11.221,58.308],[11.802,58.178],[11.61,57.807],[12.289,56.88],[12.872,56.512],[12.414,56.243],[12.986,55.667],[12.802,55.353],[13.302,55.301],[14.286,55.515],[14.259,55.899],[14.653,56.121],[15.771,56.033],[16.376,56.822],[16.395,57.074],[16.659,57.443],[16.477,57.702],[16.725,57.889],[16.744,58.312],[16.443,58.634],[17.081,58.65],[17.582,58.893],[17.94,58.908],[18.372,59.157],[18.273,59.287],[17.358,59.245],[17.071,59.546],[18.03,59.359],[18.639,59.567],[19.037,59.863],[18.804,60.108],[18.417,60.182],[17.931,60.59],[17.706,60.554],[17.146,60.953],[17.065,61.538],[17.387,61.658],[17.497,62.088],[18.487,62.981],[19.67,63.389],[20.701,63.818],[21.049,64.219],[21.386,64.385],[20.921,64.714],[21.489,65.017],[21.277,65.212],[21.957,65.446],[22.646,65.935],[23.204,65.681],[23.948,65.797],[23.656,66.28],[23.868,66.817],[23.458,67.412],[23.488,67.834],[22.913,68.188],[21.712,68.413],[20.791,68.932],[21.246,69.228],[21.625,69.237],[22.46,68.694],[23.336,68.616],[24.082,68.717],[24.801,68.429],[25.625,68.807],[25.746,69.258],[26.507,69.812],[27.909,69.888],[29.113,69.486],[28.74,68.95],[29.007,68.832],[29.924,69.355],[30.641,69.418],[31.054,69.64]],[[14.005,59.068],[13.8,58.722],[13.041,58.604],[12.624,58.382],[12.6,58.846],[13.103,59.274],[13.628,59.39],[14.046,59.314],[14.005,59.068]]]]},"properties":{"NAME":"Sweden–Norway","SUBJECTO":"Sweden–Norway","PARTOF":"Sweden–Norway","ABBREVN":"Sweden–Norway","BORDERPRECISION":3,"fid":163}},
{"type":"Feature","geometry":{"type":"Polygon","coordinates":[[[-4.153,53.226],[-4.277,53.398],[-4.567,53.273],[-4.351,53.124],[-4.153,53.226]]]},"properties":{"BORDERPRECISION":3,"fid":164}},
{"type":"Feature","geometry":{"type":"Polygon","coordinates":[[[-5.104,55.439],[-5.155,55.673],[-5.4,55.601],[-5.104,55.439]]]},"properties":{"BORDERPRECISION":3,"fid":165}},
{"type":"Feature","geometry":{"type":"Polygon","coordinates":[[[-6.122,55.879],[-6.327,55.589],[-6.025,55.681],[-6.122,55.879]]]},"properties":{"BORDERPRECISION":3,"fid":166}},
{"type":"Feature","geometry":{"type":"Polygon","coordinates":[[[-5.947,55.83],[-5.746,56.064],[-5.968,56.024],[-6.079,55.906],[-5.947,55.83]]]},"properties":{"BORDERPRECISION":3,"fid":167}},
{"type":"Feature","geometry":{"type":"Polygon","coordinates":[[[-7.467,56.941],[-7.376,56.979],[-7.446,57.056],[-7.554,56.966],[-7.467,56.941]]]},"properties":{"BORDERPRECISION":3,"fid":168}},
{"type":"Feature","geometry":{"type":"Polygon","coordinates":[[[-7.223,57.337],[-7.425,57.382],[-7.381,57.109],[-7.23,57.095],[-7.223,57.337]]]},"properties":{"BORDERPRECISION":3,"fid":169}},
{"type":"Feature","geometry":{"type":"Polygon","coordinates":[[[-7.269,57.399],[-7.205,57.461],[-7.351,57.489],[-7.388,57.424],[-7.269,57.399]]]},"properties":{"BORDERPRECISION":3,"fid":170}},
{"type":"Feature","geometry":{"type":"Polygon","coordinates":[[[-7.189,57.687],[-7.477,57.562],[-7.154,57.509],[-7.189,57.687]]]},"properties":{"BORDERPRECISION":3,"fid":171}},
{"type":"Feature","geometry":{"type":"Polygon","coordinates":[[[-7.006,57.881],[-6.994,57.919],[-7.074,57.896],[-7.006,57.881]]]},"properties":{"BORDERPRECISION":3,"fid":172}},
{"type":"Feature","geometry":{"type":"Polygon","coordinates":[[[-6.204,58.356],[-7.032,58.238],[-6.961,57.727],[-6.474,57.94],[-6.204,58.356]]]},"properties":{"BORDERPRECISION":3,"fid":174}},
{"type":"Feature","geometry":{"type":"Polygon","coordinates":[[[-2.918,58.732],[-2.877,58.82],[-3.037,58.818],[-2.918,58.732]]]},"properties":{"BORDERPRECISION":3,"fid":175}},
{"type":"Feature","geometry":{"type":"Polygon","coordinates":[[[-3.231,58.776],[-3.136,58.804],[-3.336,58.927],[-3.431,58.871],[-3.231,58.776]]]},"properties":{"BORDERPRECISION":3,"fid":176}},
{"type":"Feature","geometry":{"type":"Polygon","coordinates":[[[-2.793,58.951],[-3.077,59.122],[-3.195,58.911],[-2.793,58.951]]]},"properties":{"BORDERPRECISION":3,"fid":177}},
{"type":"Feature","geometry":{"type":"Polygon","coordinates":[[[-2.681,59.196],[-2.621,59.236],[-2.496,59.245],[-2.414,59.314],[-2.593,59.291],[-2.681,59.196]]]},"properties":{"BORDERPRECISION":3,"fid":178}},
{"type":"Feature","geometry":{"type":"Polygon","coordinates":[[[-2.89,59.295],[-3.049,59.329],[-3.003,59.264],[-2.972,59.287],[-2.89,59.295]]]},"properties":{"BORDERPRECISION":3,"fid":179}},
{"type":"Feature","geometry":{"type":"Polygon","coordinates":[[[-1.296,60.491],[-1.32,60.356],[-1.655,60.226],[-1.126,60.152],[-1.041,60.447],[-1.296,60.491]]]},"properties":{"BORDERPRECISION":3,"fid":180}},
{"type":"Feature","geometry":{"type":"Polygon","coordinates":[[[-1.029,60.496],[-0.991,60.72],[-1.177,60.637],[-1.029,60.496]]]},"properties":{"BORDERPRECISION":3,"fid":181}},
{"type":"Feature","geometry":{"type":"Polygon","coordinates":[[[-0.82,60.689],[-0.768,60.829],[-0.939,60.794],[-0.966,60.688],[-0.82,60.689]]]},"properties":{"BORDERPRECISION":3,"fid":182}},
{"type":"Feature","geometry":{"type":"Polygon","coordinates":[[[-6.707,61.937],[-6.719,62.029],[-7.192,62.308],[-7.232,62.172],[-6.707,61.937]]]},"properties":{"BORDERPRECISION":3,"fid":183}},
{"type":"Feature","geometry":{"type":"Polygon","coordinates":[[[-4.778,54.056],[-4.394,54.186],[-4.527,54.367],[-4.778,54.056]]]},"properties":{"BORDERPRECISION":3,"fid":184}},
{"type":"Feature","geometry":{"type":"Polygon","coordinates":[[[129.716,28.451],[129.158,28.235],[129.369,28.116],[129.716,28.451]]]},"properties":{"BORDERPRECISION":3,"fid":185}},
{"type":"Feature","geometry":{"type":"Polygon","coordinates":[[[129.963,29.957],[129.942,30],[129.924,29.984],[129.963,29.957]]]},"properties":{"BORDERPRECISION":3,"fid":186}},
{"type":"Feature","geometry":{"type":"Polygon","coordinates":[[[129.896,29.874],[129.877,29.831],[129.923,29.825],[129.896,29.874]]]},"properties":{"BORDERPRECISION":3,"fid":187}},
{"type":"Feature","geometry":{"type":"Polygon","coordinates":[[[130.906,30.355],[131.074,30.689],[130.945,30.683],[130.906,30.355]]]},"properties":{"BORDERPRECISION":3,"fid":188}},
{"type":"Feature","geometry":{"type":"Polygon","coordinates":[[[130.559,30.236],[130.672,30.373],[130.511,30.459],[130.387,30.397],[130.559,30.236]]]},"properties":{"BORDERPRECISION":3,"fid":189}},
{"type":"Feature","geometry":{"type":"Polygon","coordinates":[[[121.735,25.139],[121.385,25.157],[121.002,25.002],[120.698,24.601],[120.116,23.631],[120.148,23.327],[120.049,23.061],[120.329,22.519],[120.573,22.366],[120.698,21.946],[120.882,22.039],[120.879,22.341],[121.168,22.762],[121.453,23.327],[121.605,24.081],[121.84,24.476],[121.735,25.139]]]},"properties":{"BORDERPRECISION":3,"fid":190}},
{"type":"Feature","geometry":{"type":"Polygon","coordinates":[[[128.901,32.643],[128.649,32.778],[128.61,32.612],[128.901,32.643]]]},"properties":{"BORDERPRECISION":3,"fid":191}},
{"type":"Feature","geometry":{"type":"Polygon","coordinates":[[[123.871,24.252],[123.922,24.371],[123.767,24.414],[123.679,24.316],[123.871,24.252]]]},"properties":{"BORDERPRECISION":3,"fid":192}},
{"type":"Feature","geometry":{"type":"Polygon","coordinates":[[[125.356,24.777],[125.262,24.879],[125.252,24.738],[125.356,24.777]]]},"properties":{"BORDERPRECISION":3,"fid":193}},
{"type":"Feature","geometry":{"type":"Polygon","coordinates":[[[124.262,24.457],[124.078,24.42],[124.122,24.345],[124.23,24.338],[124.262,24.457]]]},"properties":{"BORDERPRECISION":3,"fid":194}},
{"type":"Feature","geometry":{"type":"Polygon","coordinates":[[[128.253,26.639],[128.247,26.84],[127.959,26.544],[128.253,26.639]]]},"properties":{"BORDERPRECISION":3,"fid":195}},
{"type":"Feature","geometry":{"type":"Polygon","coordinates":[[[126.762,26.387],[126.702,26.349],[126.781,26.298],[126.81,26.347],[126.762,26.387]]]},"properties":{"BORDERPRECISION":3,"fid":196}},
{"type":"Feature","geometry":{"type":"Polygon","coordinates":[[[128.951,27.676],[129.03,27.774],[128.899,27.898],[128.897,27.726],[128.951,27.676]]]},"properties":{"BORDERPRECISION":3,"fid":197}},
{"type":"Feature","geometry":{"type":"Polygon","coordinates":[[[128.609,27.359],[128.696,27.449],[128.524,27.414],[128.609,27.359]]]},"properties":{"BORDERPRECISION":3,"fid":198}},
{"type":"Feature","geometry":{"type":"Polygon","coordinates":[[[129.992,28.282],[130.032,28.353],[129.943,28.322],[129.992,28.282]]]},"properties":{"BORDERPRECISION":3,"fid":199}},
{"type":"Feature","geometry":{"type":"Polygon","coordinates":[[[129.336,28.075],[129.34,28.111],[129.224,28.184],[129.219,28.098],[129.336,28.075]]]},"properties":{"BORDERPRECISION":3,"fid":200}},
{"type":"Feature","geometry":{"type":"Polygon","coordinates":[[[129.733,29.61],[129.753,29.648],[129.71,29.652],[129.733,29.61]]]},"properties":{"BORDERPRECISION":3,"fid":201}},
{"type":"Feature","geometry":{"type":"MultiPolygon","coordinates":[[[[10.142,54.337],[9.864,54.726],[9.421,54.976],[9.544,55.351],[9.811,55.437],[10.153,55.084],[10.74,55.067],[10.835,55.294],[10.147,55.765],[10.175,56.076],[10.751,56.097],[10.826,56.443],[10.314,56.469],[10.216,56.85],[9.37,56.882],[9.312,56.481],[8.869,56.616],[8.675,56.358],[8.183,56.431],[8.117,56.092],[8.317,55.849],[8.035,55.476],[8.56,55.356],[8.596,54.761],[8.951,54.419],[8.884,54.229],[9.449,54.189],[10.142,54.337]]],[[[11.858,54.689],[11.276,54.95],[11.032,54.756],[11.456,54.619],[11.858,54.689]]],[[[8.359,57.023],[8.183,56.798],[8.471,56.597],[9.079,57.037],[9.503,56.975],[10.257,57.006],[10.463,57.242],[10.39,57.661],[9.849,57.582],[9.302,57.166],[8.359,57.023]]],[[[11.907,55.021],[12.43,55.245],[12.444,55.968],[11.568,55.885],[11.102,55.634],[11.285,55.189],[11.767,55.176],[11.907,55.021]]]]},"properties":{"NAME":"Denmark","SUBJECTO":"Denmark","PARTOF":"Denmark","ABBREVN":"Denmark","BORDERPRECISION":3,"fid":202}},
{"type":"Feature","geometry":{"type":"Polygon","coordinates":[[[102.074,6.154],[101.68,6.464],[101.56,6.74],[100.615,6.979],[100.345,7.44],[100.302,7.887],[100.132,8.532],[99.866,8.712],[99.898,9.068],[99.724,9.258],[99.298,9.162],[99.119,9.371],[99.071,9.898],[99.186,10.489],[99.501,11.246],[99.895,12.079],[99.834,12.524],[100.023,12.994],[99.93,13.261],[100.24,13.49],[100.909,13.447],[100.957,13.365],[100.872,12.679],[101.329,12.559],[101.587,12.661],[101.919,12.585],[102.324,12.186],[102.612,12.096],[102.664,12.333],[102.445,12.655],[102.346,12.947],[102.368,13.404],[102.36,13.508],[102.848,14.093],[103.255,14.337],[103.621,14.411],[104.393,14.382],[105.057,14.239],[105.42,14.527],[105.473,15.15],[105.214,15.695],[104.773,16.27],[104.61,16.644],[104.584,17.33],[104.079,17.911],[103.928,18.278],[103.225,18.439],[103.006,17.993],[102.661,17.845],[102.02,18.121],[101.865,18.107],[101.337,17.577],[101.17,17.392],[100.888,17.6],[100.954,18.02],[101.229,18.91],[101.097,19.551],[100.5,19.439],[100.387,19.674],[100.435,20.036],[100.431,20.226],[100.001,20.459],[100.35,20.746],[100.788,21.282],[101.014,21.442],[100.895,21.721],[100.612,21.535],[100.321,21.464],[100.04,21.621],[99.755,22.127],[99.311,22.106],[99.156,22.308],[99.484,23.021],[99.469,23.141],[98.985,23.151],[98.894,23.297],[98.769,24.09],[98.137,24.099],[97.695,23.88],[98.196,21.608],[97.773,21.366],[97.372,20.78],[97.275,18.504],[97.706,18.051],[97.788,17.575],[98.393,17.084],[98.824,16.318],[98.476,16.005],[98.58,15.472],[98.137,15.19],[98.487,14.372],[99.003,13.886],[99.134,13.372],[99.098,12.972],[99.581,11.889],[99.547,11.755],[98.637,10.289],[98.593,10.12],[98.633,10.101],[98.251,8.937],[98.177,8.6],[98.292,8.156],[98.545,8.264],[99.025,7.871],[99.294,7.319],[99.572,7.263],[99.663,6.71],[100.159,6.34],[100.617,6.422],[100.665,6.212],[100.984,6.052],[100.931,5.677],[101.076,5.531],[101.312,5.835],[101.473,5.546],[101.763,5.586],[101.812,5.845],[102.074,6.154]]]},"properties":{"NAME":"Rattanakosin Kingdom","SUBJECTO":"Rattanakosin Kingdom","PARTOF":"Rattanakosin Kingdom","ABBREVN":"Rattanakosin Kingdom","BORDERPRECISION":3,"fid":203}},
{"type":"Feature","geometry":{"type":"MultiPolygon","coordinates":[[[[124.134,39.843],[124.443,39.573],[124.922,39.619],[125.296,39.364],[125.028,38.816],[125.269,38.568],[124.929,38.465],[124.736,38.28],[124.77,37.936],[125.077,37.771],[125.269,37.485],[125.562,37.836],[125.909,37.511],[126.21,37.754],[126.629,37.591],[126.766,37.232],[126.124,36.709],[126.497,36.724],[126.544,36.136],[126.752,35.778],[126.479,35.64],[126.378,35.312],[126.371,34.789],[126.62,34.624],[126.6,34.3],[127.217,34.707],[127.554,34.656],[127.767,34.96],[128.452,34.846],[128.735,35.093],[129.137,35.112],[129.439,35.476],[129.584,35.989],[129.387,36.036],[129.475,36.774],[129.342,37.257],[128.641,38.117],[127.405,39.075],[127.277,39.222],[127.441,39.624],[127.672,39.866],[128.447,40.066],[129.177,40.63],[129.478,40.682],[129.631,41.278],[129.641,41.656],[129.825,41.861],[130.435,42.277],[130.226,42.651],[129.966,42.957],[129.568,42.737],[129.464,42.417],[128.756,42.061],[127.984,42.108],[127.849,41.845],[128.098,41.449],[127.423,41.356],[126.972,41.539],[126.849,41.718],[126.474,41.652],[126.166,41.189],[125.879,40.945],[124.491,40.28],[124.134,39.843]]],[[[126.599,33.233],[126.843,33.308],[126.793,33.551],[126.317,33.453],[126.599,33.233]]]]},"properties":{"NAME":"Korea","SUBJECTO":"Korea","PARTOF":"Korea","ABBREVN":"Korea","BORDERPRECISION":3,"fid":204}},
{"type":"Feature","geometry":{"type":"Polygon","coordinates":[[[6.433,49.445],[6.777,49.177],[7.423,49.183],[8.158,48.978],[7.729,48.616],[7.536,48.191],[7.507,47.604],[7.873,47.573],[8.651,47.783],[8.983,47.68],[9.118,47.679],[9.216,47.671],[9.665,47.556],[9.892,47.564],[10.2,47.301],[10.388,47.579],[11.17,47.424],[11.56,47.613],[12.7,47.69],[13.023,47.662],[12.694,48.129],[13.947,48.655],[13.745,48.94],[13.203,49.166],[12.536,49.563],[12.554,50.002],[12.235,50.241],[12.462,50.398],[12.982,50.474],[13.233,50.664],[13.855,50.767],[14.596,51.023],[15.818,50.797],[16.204,50.463],[16.728,50.149],[17.012,50.287],[17.679,50.338],[17.751,50.036],[18.048,50.103],[18.549,49.962],[18.769,50.177],[18.646,50.645],[18.14,50.988],[18.113,51.771],[17.897,52.176],[18.086,52.392],[18.599,52.5],[18.572,52.824],[18.842,53.067],[19.285,53.165],[20.011,53.044],[20.477,53.131],[20.702,53.321],[21.117,53.269],[22.807,53.808],[22.662,54.571],[22.794,54.902],[21.684,55.353],[21.276,55.861],[20.945,56.07],[21.018,55.634],[21.216,55.344],[21.137,54.845],[19.943,54.85],[20.006,54.547],[19.733,54.31],[19.328,54.161],[18.513,54.316],[18.279,54.724],[17.658,54.685],[16.473,54.415],[15.898,54.128],[15.312,54.071],[14.473,53.877],[14.433,53.594],[13.78,53.775],[13.431,54.03],[12.653,54.321],[12.041,54.097],[11.565,54.035],[11.408,53.859],[10.649,54.259],[10.142,54.337],[9.449,54.189],[8.884,54.229],[8.848,53.75],[8.429,53.612],[7.166,53.592],[6.981,53.317],[7.16,53.164],[7.228,52.967],[7.035,52.624],[7.069,52.366],[6.825,51.956],[5.979,51.804],[6.222,51.389],[5.964,51.024],[6,50.742],[6.281,50.498],[6.109,50.117],[6.321,49.842],[6.433,49.445]]]},"properties":{"NAME":"Germany","SUBJECTO":"Germany","PARTOF":"Germany","ABBREVN":"Germany","BORDERPRECISION":3,"fid":205}},
{"type":"Feature","geometry":{"type":"MultiPolygon","coordinates":[[[[72.714,37.186],[72.067,39.13],[71.46,39.13],[71.46,39.738],[72.241,39.912],[72.849,40.606],[73.196,40.519],[73.885,39.88],[74.648,40.28],[75.43,40.61],[75.856,40.312],[76.482,40.437],[76.811,40.899],[77.128,41.125],[77.689,41.019],[78.111,41.073],[78.401,41.228],[78.871,41.679],[80.109,42],[80.279,42.154],[80.211,42.808],[80.772,43.382],[80.433,44.075],[80.42,44.686],[79.932,44.805],[80.237,45.123],[81.69,45.357],[82.425,45.167],[82.777,45.375],[82.44,45.735],[83.06,47.067],[83.252,47.295],[84.336,47.054],[84.967,47.019],[85.478,47.093],[85.749,47.445],[85.609,48.1],[85.954,48.486],[86.494,48.528],[86.762,48.653],[86.783,48.992],[87.152,49.177],[87.758,49.2],[88.567,49.537],[89.191,49.573],[89.796,49.816],[90,50.307],[91.102,50.46],[92.16,50.755],[93.323,50.621],[94.21,51.32],[93.567,52.349],[95.187,53.796],[95.866,53.796],[97.319,52.826],[97.61,52.148],[98.918,52.037],[101.011,51.672],[102.117,51.361],[102.266,50.809],[102.639,50.456],[103.681,50.166],[105.155,50.443],[106.323,50.417],[106.668,50.314],[107.549,49.827],[108.424,49.518],[109.424,49.296],[110.2,49.241],[111.378,49.319],[112.524,49.462],[113.033,49.654],[113.574,50.055],[114.098,50.274],[114.856,50.226],[115.194,49.998],[115.734,49.864],[116.566,50.006],[117.491,49.586],[117.842,49.634],[118.94,49.972],[119.291,50.125],[119.182,50.702],[120.129,51.733],[120.746,52.007],[120.821,52.364],[120.564,52.614],[119.997,52.704],[120.702,53.185],[121.188,53.32],[123.353,53.51],[123.869,53.413],[124.643,53.112],[125.509,53.157],[125.853,52.947],[126.186,52.518],[126.676,51.445],[127.099,50.731],[127.516,49.874],[127.712,49.699],[128.501,49.456],[129.187,49.342],[130.476,48.9],[130.807,47.933],[130.925,47.732],[132.269,47.778],[132.969,48.016],[134.112,48.249],[134.628,48.213],[134.717,47.694],[134.165,47.335],[133.909,46.614],[133.385,45.649],[132.989,45.144],[132.778,44.988],[131.74,45.259],[130.991,44.817],[130.969,44.567],[131.118,44.163],[131.14,43.227],[130.84,42.885],[130.226,42.651],[130.435,42.277],[131.065,42.749],[131.584,43.213],[131.675,43.027],[132.182,43.195],[132.485,42.88],[132.827,42.862],[132.953,42.67],[134.139,42.993],[134.569,43.212],[134.962,43.515],[135.415,44.037],[136.034,44.398],[136.494,44.966],[137.721,45.997],[137.985,46.269],[138.352,46.873],[138.949,47.322],[139.214,47.811],[140.081,48.503],[140.328,49.358],[140.457,50.104],[140.323,50.518],[140.405,50.827],[140.73,51.441],[141.257,52.103],[140.939,52.262],[141.091,52.587],[140.828,52.825],[141.121,53.052],[140.321,53.536],[140.102,53.802],[139.378,54.08],[138.417,54.092],[138.409,53.805],[137.979,53.465],[137.239,53.457],[137.041,53.862],[136.77,53.695],[136.351,53.701],[136.492,54.455],[135.726,54.407],[135.095,54.433],[134.902,54.559],[134.985,54.854],[135.27,55.029],[136.521,55.59],[137.229,55.983],[138.346,56.804],[138.867,57.124],[140.029,57.644],[140.587,58.239],[141.35,58.501],[141.924,58.941],[142.846,59.273],[145.404,59.326],[145.513,59.037],[145.957,58.983],[146.054,59.251],[147,59.191],[147.919,59.261],[148.416,59.097],[149.045,59.587],[149.73,59.595],[150.12,59.389],[151.14,59.44],[151.524,59.344],[151.857,59.056],[151.056,58.924],[151.354,58.691],[152.191,58.926],[152.504,58.769],[153.14,59.01],[153.924,58.922],[154.906,59.103],[154.753,59.281],[154.182,59.301],[153.943,59.569],[154.316,59.983],[155.152,60.394],[155.734,60.555],[155.667,60.778],[156.418,61.121],[156.423,61.401],[157.098,61.633],[158.841,61.784],[159.455,61.561],[160.149,61.66],[159.744,61.1],[160.236,60.947],[160.007,60.591],[160.645,60.718],[162.711,61.763],[162.99,62.326],[164.138,62.533],[165.067,62.436],[165.286,62.288],[164.277,62.223],[164.008,62.131],[163.942,61.737],[163.576,61.33],[163.793,61.128],[163.329,60.695],[161.818,60.268],[161.535,59.942],[160.844,59.554],[159.649,58.954],[159.393,58.61],[158.326,58.027],[157.511,57.745],[156.777,57.58],[156.878,57.363],[156.558,56.947],[155.628,56.268],[155.453,55.276],[155.465,54.92],[155.707,54.065],[155.711,53.805],[156.038,52.781],[156.333,52.272],[156.362,51.914],[156.696,50.958],[157.898,51.666],[158.39,52.203],[158.461,52.826],[159.32,53.126],[159.897,53.241],[159.683,53.579],[159.695,53.859],[159.931,54.086],[160.683,54.448],[161.567,54.423],[162.008,54.738],[161.647,54.985],[161.503,55.287],[161.861,55.861],[162.318,56.24],[162.771,55.917],[163.166,56.106],[163.098,56.56],[162.744,56.6],[162.512,57.033],[163.128,57.552],[162.826,57.701],[162.204,57.679],[161.8,57.863],[161.804,58.102],[162.22,58.486],[162.907,58.891],[162.835,59.056],[163.255,59.29],[163.043,59.462],[163.389,59.814],[164.111,60.078],[164.585,59.665],[164.933,59.962],[165.78,60.354],[166.203,60.353],[166.027,59.709],[167.104,60.271],[168.211,60.433],[169.154,60.435],[169.456,60.296],[169.877,59.875],[170.273,60.013],[170.337,60.277],[171.072,60.452],[171.248,60.654],[172,60.858],[172.492,61.263],[172.918,61.278],[173.481,61.601],[173.927,61.616],[174.542,61.891],[175.173,61.969],[176.549,62.38],[176.832,62.676],[177.291,62.487],[178.738,62.299],[179.242,62.526],[179.288,62.815],[178.344,63.458],[178.403,63.664],[178.147,64.157],[177.535,64.09],[177.082,64.303],[175.9,64.547],[176.332,64.773],[177.251,64.856],[177.427,64.607],[178.004,64.548],[178.726,64.606],[180,64.953],[180,65.069],[180,68.98],[177.705,69.49],[177.079,69.534],[175.611,69.779],[173.637,69.761],[172.359,69.909],[170.452,70.019],[170.056,69.611],[170.431,69.559],[170.905,69.034],[170.833,68.922],[169.389,68.717],[168.986,68.963],[168.1,69.232],[167.32,69.659],[166.309,69.378],[164.636,69.413],[164.054,69.66],[163.038,69.545],[161.961,69.528],[161.171,69.159],[160.674,69.27],[160.682,69.578],[159.673,69.652],[159.444,69.765],[159.628,70.22],[159.229,70.547],[158.409,70.814],[156.043,70.987],[155.049,70.939],[153.404,70.728],[152.134,70.664],[151.48,71.086],[150.694,71.347],[149.715,71.438],[148.711,71.629],[149.722,71.895],[148.698,72.166],[146.915,72.202],[146.186,71.842],[145.1,71.576],[144.881,71.723],[145.678,71.927],[145.6,72.426],[144.562,72.456],[141.294,72.787],[139.848,72.236],[139.744,71.404],[139.159,71.418],[138.675,71.618],[138.119,71.47],[137.63,71.075],[136.765,71.406],[135.511,71.512],[134.241,71.262],[132.284,71.661],[131.413,70.864],[130.779,70.678],[130.172,70.815],[129.355,71.176],[128.432,71.755],[127.121,72.212],[126.216,72.382],[127.314,72.714],[128.525,72.952],[128.499,73.126],[127.72,73.402],[125.717,73.398],[124.818,73.658],[124.222,73.697],[123.41,73.481],[123.515,73.172],[122.882,72.753],[122.243,72.909],[120.579,72.835],[118.498,73.036],[118.46,73.519],[116.671,73.619],[114.187,73.551],[113.312,73.383],[113.222,73.748],[111.762,73.658],[110.551,74.038],[110.178,73.798],[110.442,73.568],[109.991,73.44],[107.804,73.143],[106.502,73.061],[106.208,73.259],[108.34,73.691],[111.587,74.731],[112.577,74.886],[113.625,75.273],[113.113,75.494],[113.723,75.869],[113.533,76.094],[111.427,76.568],[109.656,76.691],[108.244,76.646],[107.666,76.443],[106.404,76.432],[107.071,76.771],[104.782,77.149],[105.47,77.329],[105.063,77.569],[103.393,77.558],[101.166,77.006],[101.389,76.625],[99.983,76.437],[99.467,75.967],[98.289,76.057],[97.116,75.871],[95.982,75.902],[95.967,76.169],[94.694,76.184],[93.592,75.881],[91.635,75.653],[90,75.602],[89.285,75.466],[86.958,74.782],[86.814,74.435],[87.691,73.9],[87.14,73.604],[86.492,73.874],[85.001,73.576],[84.616,73.743],[83.02,73.612],[80.838,73.553],[80.464,73.314],[80.829,73.014],[80.982,72.447],[82.321,72.222],[82.436,72.051],[83.561,71.624],[83.168,71.182],[83.677,70.46],[83.076,70.582],[82.804,70.819],[82.046,70.419],[82.215,71.204],[82.88,71.491],[81.671,71.574],[80.828,71.767],[80.339,72.008],[79.223,72.271],[78.086,72.175],[78.126,71.848],[77.075,71.892],[76.333,71.72],[76.866,71.449],[78.137,71.374],[78.609,70.85],[77.736,71.025],[75.671,71.199],[75.284,71.446],[75.297,71.897],[75.583,72.171],[75.617,72.625],[75.12,72.687],[74.999,72.13],[74.587,71.872],[73.591,71.707],[73.217,71.458],[74.25,70.573],[73.654,69.756],[73.915,69.154],[74.902,69.081],[75.598,69.21],[77.406,68.936],[77.636,68.816],[77.978,68.145],[77.514,67.973],[78.536,67.612],[78.089,67.411],[77.505,67.432],[76.955,67.653],[77.108,68.114],[77.04,68.464],[76.328,68.776],[75.537,68.775],[74.505,68.593],[74.395,68.347],[74.669,68.102],[74.742,67.686],[73.985,67.263],[73.69,66.865],[72.557,66.496],[72.209,66.173],[70.474,66.236],[69.767,66.33],[69.085,66.688],[69.792,66.755],[70.84,66.551],[71.544,66.714],[71.4,66.949],[71.93,67.156],[72.838,67.646],[73.394,68.382],[72.846,68.635],[72.526,69.069],[72.437,70.187],[72.774,70.455],[72.68,70.824],[71.798,71.432],[72.498,71.962],[72.845,72.495],[72.714,72.77],[71.663,72.831],[70.214,72.733],[69.343,72.834],[69.057,72.645],[68.812,72.095],[68.316,71.635],[66.818,71.105],[66.775,70.736],[67.285,70.706],[67.422,70.223],[66.965,69.956],[66.884,69.623],[68.106,69.429],[68.094,69.136],[68.512,68.837],[69.109,68.83],[68.488,68.224],[68.215,68.201],[66.584,68.886],[63.923,69.459],[62.281,69.705],[61.03,69.741],[60.369,69.468],[60.986,69.003],[60.512,68.59],[59.925,68.581],[59.762,68.297],[59.12,68.393],[59.346,68.7],[58.77,68.856],[57.024,68.449],[56.195,68.567],[55.335,68.483],[54.752,68.05],[54.38,68.161],[53.626,68.048],[53.889,68.787],[53.006,68.681],[52.72,68.351],[51.831,68.409],[50.496,68.153],[48.081,67.562],[47.571,66.816],[46.402,66.719],[45.715,66.85],[44.871,67.312],[45.463,67.639],[46.634,67.701],[45.863,68.383],[43.822,68.327],[44.169,68.097],[44.216,67.718],[43.704,67.266],[44.219,67.09],[44.384,66.612],[43.876,66.011],[43.241,66.251],[42.211,66.41],[41.354,65.955],[39.951,65.581],[39.979,65.153],[40.462,64.75],[39.997,64.541],[39.193,64.511],[37.604,64.853],[36.884,65.068],[36.569,64.765],[36.997,64.407],[37.88,64.308],[37.945,63.85],[37.411,63.749],[36.24,63.919],[36.015,64.197],[35.082,64.288],[34.293,65.396],[34.601,65.484],[34.726,65.797],[34.544,66.001],[33.47,66.313],[32.219,66.994],[32.991,66.988],[33.437,66.702],[34.153,66.63],[35.772,66.259],[38.048,66.007],[39.19,66.039],[39.978,66.201],[40.836,66.561],[41.255,66.937],[40.826,67.66],[39.918,67.94],[38.668,68.146],[37.246,68.793],[35.437,69.15],[33.628,69.215],[32.352,69.514],[32.076,69.815],[31.054,69.64],[30.641,69.418],[29.924,69.355],[29.007,68.832],[28.74,68.95],[29.113,69.486],[27.909,69.888],[26.507,69.812],[25.746,69.258],[25.625,68.807],[24.801,68.429],[24.082,68.717],[23.336,68.616],[22.46,68.694],[21.625,69.237],[21.246,69.228],[20.791,68.932],[21.712,68.413],[22.913,68.188],[23.488,67.834],[23.458,67.412],[23.868,66.817],[23.656,66.28],[23.948,65.797],[25.252,65.417],[24.932,64.816],[24.47,64.636],[22.826,63.581],[22.476,63.602],[22.292,63.203],[21.495,63.123],[21.481,62.889],[21.034,62.477],[21.338,62.344],[21.211,61.871],[21.561,61.485],[21.427,61.015],[21.56,60.512],[22.221,60.259],[22.625,60.201],[23.201,59.818],[23.665,59.836],[24.969,60.087],[25.581,60.262],[26.922,60.316],[28.522,60.623],[28.435,60.337],[28.969,60.109],[29.687,60.131],[30.127,59.806],[29.765,59.736],[29.076,59.908],[28.796,59.672],[28.444,59.734],[27.702,59.298],[26.343,59.447],[25.721,59.46],[24.714,59.352],[23.416,59.119],[23.361,58.767],[23.69,58.665],[23.671,58.241],[24.058,58.112],[24.497,58.213],[24.236,57.728],[24.346,57.16],[23.768,56.866],[23.215,56.981],[23.071,57.261],[22.564,57.616],[21.677,57.464],[21.34,57.177],[21.324,56.854],[20.965,56.609],[20.945,56.07],[21.276,55.861],[21.684,55.353],[22.794,54.902],[22.662,54.571],[22.807,53.808],[21.117,53.269],[20.702,53.321],[20.477,53.131],[20.011,53.044],[19.285,53.165],[18.842,53.067],[18.572,52.824],[18.599,52.5],[18.086,52.392],[17.897,52.176],[18.113,51.771],[18.14,50.988],[18.646,50.645],[18.769,50.177],[19.311,50.268],[20.271,50.104],[20.811,50.361],[21.157,50.376],[21.908,50.812],[22.394,50.68],[22.483,50.372],[23.116,50.385],[24.063,50.621],[24.404,50.634],[25.152,50.335],[25.203,50.155],[25.671,49.76],[26.255,49.75],[26.219,49.134],[26.48,48.586],[26.989,48.681],[27.486,48.671],[27.706,48.44],[28.347,48.15],[28.908,47.818],[29.116,47.283],[29.427,46.816],[30.066,46.28],[30.433,46.176],[30.833,46.577],[31.781,46.702],[32.189,46.592],[31.926,46.41],[32.202,46.17],[32.516,46.126],[33.333,46.166],[33.639,45.927],[32.902,45.673],[32.503,45.445],[33.398,45.253],[33.559,44.936],[33.395,44.6],[34.014,44.492],[34.372,44.757],[35.067,44.862],[35.387,45.082],[35.865,45.031],[36.265,45.097],[36.521,45.388],[35.85,45.445],[35.063,45.34],[35.008,45.612],[33.839,46.193],[34.064,46.265],[34.907,46.273],[35.212,46.637],[35.416,46.495],[35.851,46.664],[37.193,46.894],[37.422,47.077],[39.16,47.269],[39.282,47.074],[38.401,46.721],[37.867,46.655],[37.97,46.441],[38.265,46.319],[38.459,46.079],[37.99,46.007],[37.706,45.578],[37.661,45.345],[36.96,45.227],[37.474,44.692],[37.88,44.719],[38.109,44.494],[38.924,44.212],[40.252,43.268],[41.123,43.019],[41.41,42.788],[41.652,42.121],[41.666,41.729],[41.484,41.437],[42.25,41.369],[42.878,41.546],[43.957,42.591],[44.414,42.729],[44.978,42.772],[45.478,42.549],[45.808,42.538],[45.754,42.251],[46.042,42.049],[46.499,41.964],[47.35,41.442],[47.35,41.304],[47.988,41.219],[48.224,41.471],[47.249,42.785],[47.195,43.376],[47.493,43.583],[47.565,43.844],[47.332,44.186],[46.846,44.446],[46.873,44.68],[47.17,44.86],[47.556,45.453],[47.871,45.678],[48.303,45.768],[49.058,46.137],[49.535,46.542],[49.948,46.56],[50.632,46.91],[51.369,47.09],[52.142,46.838],[52.556,46.982],[53.185,46.865],[53.122,46.497],[53.257,46.317],[53.149,45.957],[52.61,45.4],[51.513,45.373],[51.342,45.058],[51.099,44.878],[51.576,44.554],[51.333,44.482],[50.874,44.626],[50.335,44.563],[50.389,44.294],[50.955,44.204],[51.171,43.718],[51.459,43.385],[52.07,42.828],[52.295,42.873],[52.763,42.756],[52.673,42.279],[52.52,42.073],[52.692,41.531],[53.066,42.029],[53.736,42.134],[53.985,42.106],[54.167,41.483],[54.751,41.138],[54.818,40.88],[54.455,40.717],[53.842,40.64],[53.257,40.765],[53.056,41.052],[52.845,40.18],[53.047,39.998],[53.688,39.979],[53.516,39.778],[53.583,39.318],[54.071,38.897],[53.937,38.571],[53.88,38.025],[54.015,37.348],[54.467,37.396],[54.956,37.825],[55.356,38.038],[56.131,38.048],[56.517,38.261],[57.225,38.188],[58.642,38.704],[59.839,39.165],[61.59,39.349],[63.34,38.889],[64.814,38.244],[65.725,37.49],[65.979,37.358],[66.677,37.241],[67.515,37.214],[67.856,36.853],[68.184,36.899],[68.707,37.182],[69.308,37.084],[69.537,37.282],[69.567,37.505],[70.022,37.457],[70.315,37.63],[70.334,37.936],[70.719,38.365],[70.961,38.347],[71.22,38.145],[71.149,37.876],[71.444,37.834],[71.303,37.17],[71.467,36.752],[71.848,36.716],[72.183,36.939],[72.448,36.968],[72.714,37.186]],[[30.293,61.005],[29.857,61.188],[30.466,61.487],[30.852,61.775],[31.365,61.627],[31.899,61.324],[32.527,61.118],[32.944,60.643],[32.612,60.245],[32.362,60.148],[31.699,60.236],[31.51,59.92],[31.109,60.146],[30.293,61.005]],[[78.823,46.795],[79.222,46.72],[78.89,46.37],[78.161,46.319],[77.429,46.5],[77.104,46.454],[76.238,46.555],[75.448,46.498],[74.888,46.377],[74.771,46.108],[74.278,46.004],[74.289,45.651],[73.84,45.264],[73.444,45.657],[73.737,46.013],[73.646,46.15],[74.28,46.47],[74.625,46.752],[74.939,46.817],[75.427,46.738],[75.826,46.818],[77.266,46.611],[77.69,46.659],[78.476,46.625],[78.823,46.795]],[[109.955,55.672],[109.765,55.04],[109.49,54.38],[109.5,54.061],[109.244,53.869],[108.836,53.807],[108.931,53.344],[108.302,53.109],[108.234,52.946],[107.763,52.714],[106.938,52.475],[106.752,52.317],[106.314,52.323],[106.187,51.956],[105.798,51.701],[104.826,51.49],[104.39,51.5],[103.791,51.732],[104.537,51.784],[105.165,51.906],[105.57,52.108],[106.06,52.512],[106.452,52.656],[106.881,52.973],[107.072,53.241],[107.535,53.439],[108.062,53.849],[108.473,54.277],[109.171,55.194],[109.193,55.536],[109.576,55.771],[109.955,55.672]],[[36.406,61.411],[36.395,61.206],[35.88,60.948],[35.457,61.356],[34.772,61.601],[34.537,61.999],[35.554,62.236],[36.406,61.411]]],[[[142.697,47.362],[142.49,47.902],[142.646,48.658],[142.854,49.128],[143.153,49.259],[143.598,49.234],[144.54,48.753],[144.038,49.509],[143.633,50.235],[142.944,51.617],[142.945,51.961],[143.143,52.511],[143.057,53.062],[142.675,53.54],[142.214,53.3],[141.767,53.272],[141.811,52.628],[141.598,52.217],[141.643,51.813],[142.017,51.431],[142.153,50.89],[142.049,49.355],[141.921,48.943],[141.74,48.807],[141.978,48.285],[142.036,47.959],[141.732,47.471],[141.909,47.073],[141.623,46.558],[141.708,46.14],[141.898,45.915],[142.327,46.563],[142.615,46.713],[143.004,46.577],[143.303,46.011],[143.445,46.572],[143.236,46.863],[142.993,46.954],[142.697,47.362]]],[[[56.151,71.271],[55.721,71.642],[55.518,72.478],[56.272,72.857],[56.509,73.174],[55.816,73.307],[53.502,73.137],[52.611,72.74],[53.089,72.473],[52.351,72.041],[51.482,71.845],[51.815,71.48],[52.55,71.59],[53.234,71.514],[54.308,71.206],[53.729,70.765],[54.694,70.744],[54.998,70.522],[55.679,70.707],[57.238,70.691],[57.251,70.818],[56.151,71.271]]],[[[56.652,74.693],[55.619,74.417],[55.885,74.105],[54.894,74.063],[54.018,73.734],[54.664,73.472],[55.757,73.577],[56.96,73.357],[57.823,73.781],[57.405,74.052],[58.191,74.085],[58.882,74.391],[58.851,74.689],[60.009,74.675],[60.623,74.935],[60.887,75.247],[66.548,75.98],[67.722,76.175],[68.937,76.606],[68.457,76.927],[66.442,76.83],[65.926,76.507],[63.673,76.326],[62.593,76.165],[61.303,76.238],[60.949,75.961],[59.018,75.799],[57.729,75.291],[56.995,75.273],[56.303,74.871],[56.652,74.693]]],[[[-174.371,66.944],[-174.091,66.524],[-174.635,66.405],[-175.101,66.765],[-175.006,66.957],[-175.514,67.669],[-175.991,67.847],[-178.129,68.374],[-180,68.98],[-180,65.259],[-179.379,65.996],[-178.697,65.832],[-178.654,65.54],[-178.116,65.482],[-177.126,65.623],[-176.529,65.61],[-176.137,65.457],[-175.952,65.006],[-174.379,64.619],[-174.261,64.461],[-173.077,64.384],[-173.25,64.896],[-172.437,65.02],[-172.562,65.515],[-172.184,65.589],[-171.2,65.561],[-170.613,66.038],[-169.873,66.083],[-171.227,66.603],[-171.958,66.956],[-172.829,66.961],[-173.875,67.159],[-174.371,66.944]]],[[[60.546,69.799],[59.044,70.447],[58.594,70.259],[58.671,70.01],[60.206,69.679],[60.546,69.799]]],[[[50.182,69.096],[50.104,69.281],[49.313,69.496],[48.582,69.425],[48.269,69.215],[48.226,68.883],[48.59,68.729],[49.436,68.809],[50.182,69.096]]],[[[143.142,73.641],[142.004,73.92],[141.086,73.871],[140.425,73.433],[143.185,73.203],[143.432,73.522],[143.142,73.641]]],[[[147.166,75.361],[146.358,75.558],[146.072,75.233],[148.234,74.792],[149.72,74.762],[150.63,74.89],[150.148,75.219],[148.388,75.416],[147.166,75.361]]],[[[139.768,75.974],[138.733,76.216],[137.45,75.955],[136.911,75.272],[138.139,74.778],[139.494,74.759],[141.798,74.986],[142.351,74.824],[144.348,75.044],[145.302,75.567],[143.901,75.837],[142.656,75.846],[141.763,76.1],[139.768,75.974]]],[[[-178.23,71.476],[-179.034,71.598],[-180,71.536],[-180,70.997],[-179.486,70.912],[-177.939,71.037],[-177.441,71.235],[-178.23,71.476]]],[[[71.276,73.283],[70.931,73.516],[69.958,73.376],[70.241,73.038],[71.276,73.283]]],[[[179.785,70.94],[180,70.997],[180,71.536],[178.872,71.217],[178.791,70.796],[179.785,70.94]]]]},"properties":{"NAME":"Russian Empire","SUBJECTO":"Russian Empire","PARTOF":"Russian Empire","ABBREVN":"Russian Empire","BORDERPRECISION":3,"fid":206}},
{"type":"Feature","geometry":{"type":"Polygon","coordinates":[[[-170.55,-14.298],[-170.537,-14.289],[-170.548,-14.283],[-170.561,-14.288],[-170.55,-14.298]]]},"properties":{"NAME":"American Samoa","SUBJECTO":"American Samoa","PARTOF":"American Samoa","ABBREVN":"American Samoa","BORDERPRECISION":3,"fid":207}},
{"type":"Feature","geometry":{"type":"Polygon","coordinates":[[[-170.749,-14.374],[-170.637,-14.289],[-170.682,-14.258],[-170.795,-14.298],[-170.749,-14.374]]]},"properties":{"NAME":"American Samoa","SUBJECTO":"American Samoa","PARTOF":"American Samoa","ABBREVN":"American Samoa","BORDERPRECISION":3,"fid":208}},
{"type":"Feature","geometry":{"type":"Polygon","coordinates":[[[-169.509,-14.277],[-169.44,-14.261],[-169.45,-14.226],[-169.515,-14.227],[-169.509,-14.277]]]},"properties":{"NAME":"American Samoa","SUBJECTO":"American Samoa","PARTOF":"American Samoa","ABBREVN":"American Samoa","BORDERPRECISION":3,"fid":209}},
{"type":"Feature","geometry":{"type":"Polygon","coordinates":[[[-169.631,-14.191],[-169.622,-14.169],[-169.641,-14.172],[-169.631,-14.191]]]},"properties":{"NAME":"American Samoa","SUBJECTO":"American Samoa","PARTOF":"American Samoa","ABBREVN":"American Samoa","BORDERPRECISION":3,"fid":210}},
{"type":"Feature","geometry":{"type":"Polygon","coordinates":[[[-169.687,-14.192],[-169.661,-14.183],[-169.683,-14.167],[-169.687,-14.192]]]},"properties":{"NAME":"American Samoa","SUBJECTO":"American Samoa","PARTOF":"American Samoa","ABBREVN":"American Samoa","BORDERPRECISION":3,"fid":211}},
{"type":"Feature","geometry":{"type":"Polygon","coordinates":[[[-178.706,-20.671],[-178.721,-20.648],[-178.733,-20.669],[-178.706,-20.671]]]},"properties":{"NAME":"Fiji","SUBJECTO":"Fiji","PARTOF":"Fiji","ABBREVN":"Fiji","BORDERPRECISION":3,"fid":212}},
{"type":"Feature","geometry":{"type":"Polygon","coordinates":[[[-178.204,-19.827],[-178.222,-19.84],[-178.211,-19.853],[-178.198,-19.836],[-178.204,-19.827]]]},"properties":{"NAME":"Fiji","SUBJECTO":"Fiji","PARTOF":"Fiji","ABBREVN":"Fiji","BORDERPRECISION":3,"fid":213}},
{"type":"Feature","geometry":{"type":"Polygon","coordinates":[[[-178.393,-19.131],[-178.425,-19.178],[-178.397,-19.185],[-178.393,-19.131]]]},"properties":{"NAME":"Fiji","SUBJECTO":"Fiji","PARTOF":"Fiji","ABBREVN":"Fiji","BORDERPRECISION":3,"fid":214}},
{"type":"Feature","geometry":{"type":"Polygon","coordinates":[[[179.758,-19.13],[179.74,-19.182],[179.797,-19.184],[179.758,-19.13]]]},"properties":{"NAME":"Fiji","SUBJECTO":"Fiji","PARTOF":"Fiji","ABBREVN":"Fiji","BORDERPRECISION":3,"fid":215}},
{"type":"Feature","geometry":{"type":"Polygon","coordinates":[[[-178.546,-19.182],[-178.551,-19.118],[-178.597,-19.156],[-178.546,-19.182]]]},"properties":{"NAME":"Fiji","SUBJECTO":"Fiji","PARTOF":"Fiji","ABBREVN":"Fiji","BORDERPRECISION":3,"fid":216}},
{"type":"Feature","geometry":{"type":"Polygon","coordinates":[[[178.172,-19.071],[178.182,-18.982],[177.956,-19.141],[178.094,-19.163],[178.172,-19.071]]]},"properties":{"NAME":"Fiji","SUBJECTO":"Fiji","PARTOF":"Fiji","ABBREVN":"Fiji","BORDERPRECISION":3,"fid":217}},
{"type":"Feature","geometry":{"type":"Polygon","coordinates":[[[-178.937,-18.989],[-178.933,-18.937],[-178.972,-18.953],[-178.937,-18.989]]]},"properties":{"NAME":"Fiji","SUBJECTO":"Fiji","PARTOF":"Fiji","ABBREVN":"Fiji","BORDERPRECISION":3,"fid":218}},
{"type":"Feature","geometry":{"type":"Polygon","coordinates":[[[-179.857,-19.012],[-179.848,-18.957],[-179.782,-18.959],[-179.789,-18.937],[-179.845,-18.923],[-179.87,-19.001],[-179.857,-19.012]]]},"properties":{"NAME":"Fiji","SUBJECTO":"Fiji","PARTOF":"Fiji","ABBREVN":"Fiji","BORDERPRECISION":3,"fid":219}},
{"type":"Feature","geometry":{"type":"Polygon","coordinates":[[[178.502,-18.935],[178.536,-18.892],[178.477,-18.883],[178.502,-18.935]]]},"properties":{"NAME":"Fiji","SUBJECTO":"Fiji","PARTOF":"Fiji","ABBREVN":"Fiji","BORDERPRECISION":3,"fid":220}},
{"type":"Feature","geometry":{"type":"Polygon","coordinates":[[[-178.499,-18.675],[-178.473,-18.658],[-178.507,-18.635],[-178.516,-18.671],[-178.499,-18.675]]]},"properties":{"NAME":"Fiji","SUBJECTO":"Fiji","PARTOF":"Fiji","ABBREVN":"Fiji","BORDERPRECISION":3,"fid":221}},
{"type":"Feature","geometry":{"type":"Polygon","coordinates":[[[179.97,-18.549],[179.84,-18.572],[179.913,-18.642],[179.97,-18.549]]]},"properties":{"NAME":"Fiji","SUBJECTO":"Fiji","PARTOF":"Fiji","ABBREVN":"Fiji","BORDERPRECISION":3,"fid":222}},
{"type":"Feature","geometry":{"type":"Polygon","coordinates":[[[177.663,-18.59],[177.652,-18.51],[177.619,-18.538],[177.663,-18.59]]]},"properties":{"NAME":"Fiji","SUBJECTO":"Fiji","PARTOF":"Fiji","ABBREVN":"Fiji","BORDERPRECISION":3,"fid":223}},
{"type":"Feature","geometry":{"type":"Polygon","coordinates":[[[178.15,-18.407],[178.157,-18.371],[178.121,-18.362],[178.109,-18.408],[178.15,-18.407]]]},"properties":{"NAME":"Fiji","SUBJECTO":"Fiji","PARTOF":"Fiji","ABBREVN":"Fiji","BORDERPRECISION":3,"fid":224}},
{"type":"Feature","geometry":{"type":"Polygon","coordinates":[[[-178.748,-18.201],[-178.829,-18.19],[-178.837,-18.224],[-178.765,-18.248],[-178.748,-18.201]]]},"properties":{"NAME":"Fiji","SUBJECTO":"Fiji","PARTOF":"Fiji","ABBREVN":"Fiji","BORDERPRECISION":3,"fid":225}},
{"type":"Feature","geometry":{"type":"Polygon","coordinates":[[[179.368,-18.088],[179.308,-17.948],[179.246,-18.036],[179.368,-18.088]]]},"properties":{"NAME":"Fiji","SUBJECTO":"Fiji","PARTOF":"Fiji","ABBREVN":"Fiji","BORDERPRECISION":3,"fid":226}},
{"type":"Feature","geometry":{"type":"Polygon","coordinates":[[[-179.002,-17.94],[-179.068,-17.933],[-179.06,-17.974],[-178.996,-17.99],[-179.002,-17.94]]]},"properties":{"NAME":"Fiji","SUBJECTO":"Fiji","PARTOF":"Fiji","ABBREVN":"Fiji","BORDERPRECISION":3,"fid":227}},
{"type":"Feature","geometry":{"type":"Polygon","coordinates":[[[-178.298,-17.885],[-178.34,-17.956],[-178.263,-17.961],[-178.298,-17.885]]]},"properties":{"NAME":"Fiji","SUBJECTO":"Fiji","PARTOF":"Fiji","ABBREVN":"Fiji","BORDERPRECISION":3,"fid":228}},
{"type":"Feature","geometry":{"type":"Polygon","coordinates":[[[179.417,-17.851],[179.416,-17.788],[179.386,-17.794],[179.417,-17.851]]]},"properties":{"NAME":"Fiji","SUBJECTO":"Fiji","PARTOF":"Fiji","ABBREVN":"Fiji","BORDERPRECISION":3,"fid":229}},
{"type":"Feature","geometry":{"type":"Polygon","coordinates":[[[-179.282,-17.76],[-179.326,-17.735],[-179.331,-17.772],[-179.282,-17.76]]]},"properties":{"NAME":"Fiji","SUBJECTO":"Fiji","PARTOF":"Fiji","ABBREVN":"Fiji","BORDERPRECISION":3,"fid":230}},
{"type":"Feature","geometry":{"type":"Polygon","coordinates":[[[178.828,-17.624],[178.757,-17.643],[178.772,-17.754],[178.853,-17.705],[178.828,-17.624]]]},"properties":{"NAME":"Fiji","SUBJECTO":"Fiji","PARTOF":"Fiji","ABBREVN":"Fiji","BORDERPRECISION":3,"fid":231}},
{"type":"Feature","geometry":{"type":"Polygon","coordinates":[[[-179.128,-17.45],[-179.179,-17.433],[-179.162,-17.478],[-179.128,-17.45]]]},"properties":{"NAME":"Fiji","SUBJECTO":"Fiji","PARTOF":"Fiji","ABBREVN":"Fiji","BORDERPRECISION":3,"fid":232}},
{"type":"Feature","geometry":{"type":"Polygon","coordinates":[[[178.693,-18.025],[178.591,-17.636],[178.171,-17.342],[177.82,-17.365],[177.51,-17.509],[177.257,-17.874],[177.333,-18.119],[177.864,-18.264],[178.693,-18.025]]]},"properties":{"NAME":"Fiji","SUBJECTO":"Fiji","PARTOF":"Fiji","ABBREVN":"Fiji","BORDERPRECISION":3,"fid":233}},
{"type":"Feature","geometry":{"type":"Polygon","coordinates":[[[177.112,-17.314],[177.143,-17.296],[177.142,-17.248],[177.1,-17.271],[177.112,-17.314]]]},"properties":{"NAME":"Fiji","SUBJECTO":"Fiji","PARTOF":"Fiji","ABBREVN":"Fiji","BORDERPRECISION":3,"fid":234}},
{"type":"Feature","geometry":{"type":"Polygon","coordinates":[[[-179.153,-17.247],[-179.153,-17.282],[-179.129,-17.284],[-179.121,-17.259],[-179.153,-17.247]]]},"properties":{"NAME":"Fiji","SUBJECTO":"Fiji","PARTOF":"Fiji","ABBREVN":"Fiji","BORDERPRECISION":3,"fid":235}},
{"type":"Feature","geometry":{"type":"Polygon","coordinates":[[[179.419,-17.243],[179.357,-17.259],[179.427,-17.373],[179.45,-17.303],[179.419,-17.243]]]},"properties":{"NAME":"Fiji","SUBJECTO":"Fiji","PARTOF":"Fiji","ABBREVN":"Fiji","BORDERPRECISION":3,"fid":236}},
{"type":"Feature","geometry":{"type":"Polygon","coordinates":[[[-179.011,-17.182],[-178.971,-17.289],[-178.922,-17.198],[-179.011,-17.182]]]},"properties":{"NAME":"Fiji","SUBJECTO":"Fiji","PARTOF":"Fiji","ABBREVN":"Fiji","BORDERPRECISION":3,"fid":237}},
{"type":"Feature","geometry":{"type":"Polygon","coordinates":[[[177.187,-17.117],[177.264,-17.124],[177.236,-17.059],[177.187,-17.117]]]},"properties":{"NAME":"Fiji","SUBJECTO":"Fiji","PARTOF":"Fiji","ABBREVN":"Fiji","BORDERPRECISION":3,"fid":238}},
{"type":"Feature","geometry":{"type":"Polygon","coordinates":[[[178.277,-16.825],[178.338,-16.835],[178.33,-16.796],[178.277,-16.789],[178.277,-16.825]]]},"properties":{"NAME":"Fiji","SUBJECTO":"Fiji","PARTOF":"Fiji","ABBREVN":"Fiji","BORDERPRECISION":3,"fid":239}},
{"type":"Feature","geometry":{"type":"Polygon","coordinates":[[[179.882,-16.964],[180,-16.966],[180,-16.787],[179.954,-16.88],[179.882,-16.964]]]},"properties":{"NAME":"Fiji","SUBJECTO":"Fiji","PARTOF":"Fiji","ABBREVN":"Fiji","BORDERPRECISION":3,"fid":240}},
{"type":"Feature","geometry":{"type":"Polygon","coordinates":[[[-179.93,-16.71],[-180,-16.787],[-180,-16.966],[-179.988,-16.947],[-179.821,-16.781],[-179.93,-16.71]]]},"properties":{"NAME":"Fiji","SUBJECTO":"Fiji","PARTOF":"Fiji","ABBREVN":"Fiji","BORDERPRECISION":3,"fid":241}},
{"type":"Feature","geometry":{"type":"Polygon","coordinates":[[[177.558,-16.722],[177.477,-16.796],[177.522,-16.79],[177.574,-16.736],[177.558,-16.722]]]},"properties":{"NAME":"Fiji","SUBJECTO":"Fiji","PARTOF":"Fiji","ABBREVN":"Fiji","BORDERPRECISION":3,"fid":242}},
{"type":"Feature","geometry":{"type":"Polygon","coordinates":[[[179.887,-16.66],[179.943,-16.652],[179.917,-16.626],[179.887,-16.66]]]},"properties":{"NAME":"Fiji","SUBJECTO":"Fiji","PARTOF":"Fiji","ABBREVN":"Fiji","BORDERPRECISION":3,"fid":243}},
{"type":"Feature","geometry":{"type":"Polygon","coordinates":[[[179.988,-16.538],[180,-16.538],[180,-16.494],[179.986,-16.502],[179.988,-16.538]]]},"properties":{"NAME":"Fiji","SUBJECTO":"Fiji","PARTOF":"Fiji","ABBREVN":"Fiji","BORDERPRECISION":3,"fid":244}},
{"type":"Feature","geometry":{"type":"Polygon","coordinates":[[[-180,-16.494],[-180,-16.538],[-179.927,-16.519],[-179.894,-16.435],[-179.971,-16.459],[-180,-16.494]]]},"properties":{"NAME":"Fiji","SUBJECTO":"Fiji","PARTOF":"Fiji","ABBREVN":"Fiji","BORDERPRECISION":3,"fid":245}},
{"type":"Feature","geometry":{"type":"Polygon","coordinates":[[[179.898,-16.237],[180,-16.173],[180,-16.155],[179.503,-16.274],[179.401,-16.413],[178.982,-16.47],[178.708,-16.675],[178.69,-16.992],[179.206,-16.705],[179.332,-16.802],[179.757,-16.442],[179.898,-16.237]]]},"properties":{"NAME":"Fiji","SUBJECTO":"Fiji","PARTOF":"Fiji","ABBREVN":"Fiji","BORDERPRECISION":3,"fid":246}},
{"type":"Feature","geometry":{"type":"Polygon","coordinates":[[[-169.894,-19.146],[-169.782,-19.063],[-169.885,-18.963],[-169.953,-19.07],[-169.894,-19.146]]]},"properties":{"NAME":"Niue","SUBJECTO":"Niue","PARTOF":"Niue","ABBREVN":"Niue","BORDERPRECISION":3,"fid":247}},
{"type":"Feature","geometry":{"type":"Polygon","coordinates":[[[-174.975,-21.366],[-174.911,-21.427],[-174.911,-21.306],[-174.975,-21.366]]]},"properties":{"NAME":"Tonga","SUBJECTO":"Tonga","PARTOF":"Tonga","ABBREVN":"Tonga","BORDERPRECISION":3,"fid":248}},
{"type":"Feature","geometry":{"type":"Polygon","coordinates":[[[-175.123,-21.135],[-175.186,-21.253],[-175.118,-21.26],[-175.052,-21.162],[-175.123,-21.135]]]},"properties":{"NAME":"Tonga","SUBJECTO":"Tonga","PARTOF":"Tonga","ABBREVN":"Tonga","BORDERPRECISION":3,"fid":249}},
{"type":"Feature","geometry":{"type":"Polygon","coordinates":[[[-174.795,-20.239],[-174.785,-20.272],[-174.756,-20.264],[-174.76,-20.237],[-174.795,-20.239]]]},"properties":{"NAME":"Tonga","SUBJECTO":"Tonga","PARTOF":"Tonga","ABBREVN":"Tonga","BORDERPRECISION":3,"fid":250}},
{"type":"Feature","geometry":{"type":"Polygon","coordinates":[[[-174.405,-19.888],[-174.42,-19.906],[-174.414,-19.927],[-174.389,-19.901],[-174.405,-19.888]]]},"properties":{"NAME":"Tonga","SUBJECTO":"Tonga","PARTOF":"Tonga","ABBREVN":"Tonga","BORDERPRECISION":3,"fid":251}},
{"type":"Feature","geometry":{"type":"Polygon","coordinates":[[[-174.354,-19.806],[-174.312,-19.811],[-174.323,-19.764],[-174.354,-19.806]]]},"properties":{"NAME":"Tonga","SUBJECTO":"Tonga","PARTOF":"Tonga","ABBREVN":"Tonga","BORDERPRECISION":3,"fid":252}},
{"type":"Feature","geometry":{"type":"Polygon","coordinates":[[[-175.086,-19.783],[-175.042,-19.788],[-175.05,-19.728],[-175.099,-19.75],[-175.086,-19.783]]]},"properties":{"NAME":"Tonga","SUBJECTO":"Tonga","PARTOF":"Tonga","ABBREVN":"Tonga","BORDERPRECISION":3,"fid":253}},
{"type":"Feature","geometry":{"type":"Polygon","coordinates":[[[-174.307,-19.741],[-174.263,-19.745],[-174.262,-19.691],[-174.307,-19.741]]]},"properties":{"NAME":"Tonga","SUBJECTO":"Tonga","PARTOF":"Tonga","ABBREVN":"Tonga","BORDERPRECISION":3,"fid":254}},
{"type":"Feature","geometry":{"type":"Polygon","coordinates":[[[-175.034,-19.687],[-175.014,-19.686],[-175.004,-19.664],[-175.025,-19.66],[-175.034,-19.687]]]},"properties":{"NAME":"Tonga","SUBJECTO":"Tonga","PARTOF":"Tonga","ABBREVN":"Tonga","BORDERPRECISION":3,"fid":255}},
{"type":"Feature","geometry":{"type":"Polygon","coordinates":[[[-174.274,-19.643],[-174.242,-19.643],[-174.28,-19.593],[-174.294,-19.607],[-174.274,-19.643]]]},"properties":{"NAME":"Tonga","SUBJECTO":"Tonga","PARTOF":"Tonga","ABBREVN":"Tonga","BORDERPRECISION":3,"fid":256}},
{"type":"Feature","geometry":{"type":"Polygon","coordinates":[[[-174.667,-18.826],[-174.63,-18.823],[-174.646,-18.786],[-174.671,-18.79],[-174.667,-18.826]]]},"properties":{"NAME":"Tonga","SUBJECTO":"Tonga","PARTOF":"Tonga","ABBREVN":"Tonga","BORDERPRECISION":3,"fid":257}},
{"type":"Feature","geometry":{"type":"Polygon","coordinates":[[[-174.09,-18.703],[-174.067,-18.706],[-174.069,-18.682],[-174.086,-18.684],[-174.09,-18.703]]]},"properties":{"NAME":"Tonga","SUBJECTO":"Tonga","PARTOF":"Tonga","ABBREVN":"Tonga","BORDERPRECISION":3,"fid":258}},
{"type":"Feature","geometry":{"type":"Polygon","coordinates":[[[-174.033,-18.716],[-174.015,-18.705],[-174.03,-18.684],[-174.044,-18.687],[-174.033,-18.716]]]},"properties":{"NAME":"Tonga","SUBJECTO":"Tonga","PARTOF":"Tonga","ABBREVN":"Tonga","BORDERPRECISION":3,"fid":259}},
{"type":"Feature","geometry":{"type":"Polygon","coordinates":[[[-174.128,-18.703],[-174.09,-18.674],[-174.106,-18.667],[-174.124,-18.678],[-174.128,-18.703]]]},"properties":{"NAME":"Tonga","SUBJECTO":"Tonga","PARTOF":"Tonga","ABBREVN":"Tonga","BORDERPRECISION":3,"fid":260}},
{"type":"Feature","geometry":{"type":"Polygon","coordinates":[[[-173.987,-18.684],[-173.911,-18.638],[-173.939,-18.569],[-174.006,-18.58],[-173.987,-18.684]]]},"properties":{"NAME":"Tonga","SUBJECTO":"Tonga","PARTOF":"Tonga","ABBREVN":"Tonga","BORDERPRECISION":3,"fid":261}},
{"type":"Feature","geometry":{"type":"Polygon","coordinates":[[[-175.645,-15.629],[-175.609,-15.571],[-175.668,-15.566],[-175.645,-15.629]]]},"properties":{"NAME":"Tonga","SUBJECTO":"Tonga","PARTOF":"Tonga","ABBREVN":"Tonga","BORDERPRECISION":3,"fid":262}},
{"type":"Feature","geometry":{"type":"Polygon","coordinates":[[[-178.043,-14.319],[-178.13,-14.247],[-178.134,-14.318],[-178.043,-14.319]]]},"properties":{"NAME":"Wallis and Futuna Islands","SUBJECTO":"Wallis and Futuna Islands","PARTOF":"Wallis and Futuna Islands","ABBREVN":"Wallis and Futuna Islands","BORDERPRECISION":3,"fid":263}},
{"type":"Feature","geometry":{"type":"Polygon","coordinates":[[[-176.161,-13.353],[-176.121,-13.263],[-176.178,-13.232],[-176.191,-13.287],[-176.161,-13.353]]]},"properties":{"NAME":"Wallis and Futuna Islands","SUBJECTO":"Wallis and Futuna Islands","PARTOF":"Wallis and Futuna Islands","ABBREVN":"Wallis and Futuna Islands","BORDERPRECISION":3,"fid":264}},
{"type":"Feature","geometry":{"type":"Polygon","coordinates":[[[-171.43,-14.02],[-171.822,-13.808],[-171.911,-14.013],[-171.43,-14.02]]]},"properties":{"NAME":"Samoa","SUBJECTO":"Samoa","PARTOF":"Samoa","ABBREVN":"Samoa","BORDERPRECISION":3,"fid":265}},
{"type":"Feature","geometry":{"type":"Polygon","coordinates":[[[-172.286,-13.486],[-172.78,-13.54],[-172.533,-13.801],[-172.211,-13.805],[-172.286,-13.486]]]},"properties":{"NAME":"Samoa","SUBJECTO":"Samoa","PARTOF":"Samoa","ABBREVN":"Samoa","BORDERPRECISION":3,"fid":266}},
{"type":"Feature","geometry":{"type":"Polygon","coordinates":[[[-109.241,-27.133],[-109.366,-27.063],[-109.428,-27.202],[-109.241,-27.133]]]},"properties":{"NAME":"Rapa Nui","SUBJECTO":"Chile","PARTOF":"Rapa Nui","ABBREVN":"Rapa Nui","BORDERPRECISION":3,"fid":267}},
{"type":"Feature","geometry":{"type":"Polygon","coordinates":[[[114.029,22.508],[114.329,22.272],[114.309,22.554],[114.029,22.508]]]},"properties":{"NAME":"Hong Kong","SUBJECTO":"United Kingdom","ABBREVN":"Hong Kong","BORDERPRECISION":3,"fid":268}},
{"type":"Feature","geometry":{"type":"Polygon","coordinates":[[[101.014,21.442],[100.788,21.282],[100.35,20.746],[100.001,20.459],[100.431,20.226],[100.435,20.036],[100.387,19.674],[100.5,19.439],[101.097,19.551],[101.229,18.91],[100.954,18.02],[100.888,17.6],[101.17,17.392],[101.337,17.577],[101.865,18.107],[102.02,18.121],[102.661,17.845],[103.006,17.993],[103.225,18.439],[103.928,18.278],[104.079,17.911],[104.584,17.33],[104.61,16.644],[104.773,16.27],[105.214,15.695],[105.473,15.15],[105.42,14.527],[105.057,14.239],[104.393,14.382],[103.255,14.337],[102.848,14.093],[102.368,13.404],[102.346,12.947],[102.445,12.655],[102.664,12.333],[102.671,12.038],[102.963,11.368],[103.04,10.898],[103.525,11.058],[103.67,10.766],[103.525,10.524],[104.16,10.519],[104.428,10.285],[104.765,10.177],[104.979,9.981],[104.822,9.472],[104.742,8.494],[104.907,8.475],[105.208,8.654],[105.503,9.029],[105.927,9.189],[106.229,9.552],[106.482,9.552],[106.656,9.743],[106.749,10.067],[106.704,10.448],[107.412,10.367],[107.673,10.527],[108.164,10.966],[108.696,11.145],[109.073,11.635],[109.068,12.487],[109.307,12.906],[109.071,14.17],[108.918,14.792],[108.786,15.091],[108.499,15.363],[108.236,16.08],[108.095,16.252],[107.809,16.283],[107.115,16.955],[106.622,17.328],[106.433,17.55],[106.364,18.007],[105.533,18.844],[105.843,19.702],[105.965,19.881],[106.381,20.11],[106.772,20.638],[106.807,20.905],[107.374,20.881],[107.418,21.186],[107.876,21.462],[107.098,21.649],[106.673,21.926],[106.507,22.325],[106.72,22.663],[106.588,22.929],[105.941,22.931],[105.594,23.037],[105.313,23.296],[104.478,22.783],[103.397,22.707],[102.985,22.47],[102.57,22.69],[102.185,22.637],[101.662,22.392],[101.535,22.138],[101.753,21.472],[101.584,21.224],[101.238,21.26],[101.014,21.442]]]},"properties":{"NAME":"French Indochina","SUBJECTO":"France","PARTOF":"French Indochina","ABBREVN":"Fr IndoChina","BORDERPRECISION":3,"fid":269}}
]}