{"type":"FeatureCollection", "features": [
{"type":"Feature","geometry":{"type":"Polygon","coordinates":[[[5.824,49.507],[6.433,49.445],[6.399,49.604],[6.531,49.798],[6.321,49.842],[6.109,50.117],[5.834,50.047],[5.745,49.755],[5.884,49.664],[5.824,49.507]]]},"properties":{"NAME":"Luxembourg","SUBJECTO":"Luxembourg","PARTOF":"Luxembourg","ABBREVN":"Luxembourg","BORDERPRECISION":3,"fid":0}},
{"type":"Feature","geometry":{"type":"MultiPolygon","coordinates":[[[[33.925,34.953],[33.78,35.208],[33.907,35.437],[33.374,35.306],[32.819,35.282],[32.745,35.114],[32.483,35.153],[32.301,35.016],[32.144,35.043],[32.271,34.72],[32.603,34.615],[33.131,34.68],[33.484,34.796],[33.539,34.944],[33.925,34.953]]],[[[23.242,39.044],[23.014,38.961],[23.638,38.523],[23.661,38.404],[24.025,38.386],[24.314,37.985],[24.527,37.967],[24.588,38.153],[24.292,38.195],[24.208,38.552],[24.132,38.653],[23.79,38.719],[23.242,39.044]]],[[[24.588,36.869],[24.299,36.753],[24.466,36.649],[24.679,36.759],[24.588,36.869]]],[[[25.272,37.565],[24.763,38.003],[24.656,37.901],[25.318,37.402],[25.272,37.565]]],[[[25.31,37.002],[25.151,37.172],[24.938,36.96],[25.31,37.002]]],[[[25.607,37.124],[25.341,37.087],[25.455,36.923],[25.607,37.124]]],[[[18.514,42.362],[18.91,42.218],[19.143,41.932],[19.607,41.762],[19.619,41.559],[19.417,41.345],[19.53,41.218],[19.445,40.965],[19.527,40.866],[19.339,40.589],[19.494,40.403],[19.369,40.26],[19.804,40.017],[20.029,39.814],[20.212,39.405],[20.678,39.08],[21.007,39.113],[21.16,39.005],[21.007,38.871],[20.772,38.851],[21.172,38.348],[21.364,38.412],[21.826,38.464],[22.334,38.427],[22.876,38.205],[23.116,38.157],[22.747,37.953],[21.906,38.27],[21.714,38.135],[21.44,38.18],[21.228,37.905],[21.296,37.727],[21.614,37.415],[21.531,37.115],[21.781,36.823],[21.984,37.02],[22.191,36.855],[22.39,36.524],[22.524,36.722],[22.674,36.754],[22.983,36.615],[22.887,37.047],[22.793,37.139],[22.639,37.492],[22.942,37.518],[23.11,37.347],[23.312,37.548],[23.049,37.643],[22.981,37.958],[23.496,38.068],[23.836,37.685],[23.987,37.763],[23.88,38.115],[23.961,38.21],[23.804,38.347],[23.556,38.352],[23.169,38.667],[22.602,38.856],[22.871,39.024],[22.72,39.287],[23.074,39.413],[22.813,39.603],[22.695,39.834],[22.467,40.118],[22.602,40.397],[22.748,40.482],[22.96,40.315],[23.292,40.287],[23.596,40.192],[23.627,40.345],[23.785,40.477],[23.635,40.773],[23.886,40.733],[24.219,40.83],[24.354,40.971],[24.519,40.873],[25.046,40.952],[25.301,40.896],[25.993,40.852],[26.124,40.603],[26.455,40.584],[26.556,40.498],[26.195,40.303],[26.255,40.082],[26.614,40.398],[27.264,40.667],[27.474,40.963],[27.932,40.958],[28.173,41.058],[28.828,40.915],[28.964,40.989],[29.012,41.255],[28.371,41.433],[28.104,41.593],[27.913,42.078],[27.502,42.516],[27.654,42.684],[27.836,42.736],[27.887,43.064],[28.035,43.392],[28.446,43.476],[28.573,44.198],[28.686,44.488],[28.918,44.766],[29.09,44.876],[29.458,44.915],[29.711,45.258],[29.5,45.523],[29.63,45.75],[30.069,45.861],[30.433,46.176],[30.066,46.28],[29.427,46.816],[29.116,47.283],[28.908,47.818],[28.347,48.15],[27.706,48.44],[27.648,48.752],[27.486,48.671],[27.108,48.833],[27.108,48.644],[26.163,48.941],[26.36,48.125],[26.123,48.125],[26.123,47.855],[25.786,47.956],[25.381,47.855],[25.246,47.686],[25.685,47.619],[26.292,47.214],[26.191,46.809],[25.853,46.674],[25.651,46.404],[25.448,46.302],[25.516,45.796],[24.942,45.965],[24.402,45.897],[24.065,46.1],[23.795,46.066],[23.558,45.897],[23.255,46.066],[23.018,45.864],[22.478,45.729],[22.343,44.986],[22.41,44.75],[22.133,44.511],[21.859,44.681],[21.344,44.883],[20.789,44.742],[20.338,44.959],[20.188,45.26],[19.012,45.459],[19.213,45.203],[19.102,45.132],[19.122,44.926],[18.841,44.851],[18.715,45.047],[18.258,45.122],[17.666,45.117],[16.511,45.208],[16.345,45.002],[16.023,45.208],[15.828,45.203],[15.757,44.786],[15.958,44.68],[16.144,44.434],[16.194,44.193],[16.536,44.007],[17.013,43.555],[17.259,43.445],[17.294,43.269],[17.646,43.053],[17.548,42.92],[17.646,42.865],[18.113,42.742],[18.429,42.586],[18.514,42.362]]],[[[24.716,35.035],[24.693,34.94],[25.899,35.045],[26.16,35.024],[26.236,35.229],[25.935,35.213],[25.789,35.137],[25.512,35.295],[24.769,35.428],[24.388,35.373],[23.879,35.552],[23.529,35.57],[23.467,35.318],[23.568,35.255],[24.324,35.208],[24.716,35.035]]],[[[50.968,24.436],[50.778,24.471],[50.607,24.68],[50.619,24.871],[50.429,25.184],[50.382,25.461],[50.147,25.536],[49.937,25.956],[50.076,26.312],[49.934,26.483],[50.122,26.738],[49.931,26.934],[49.533,27.01],[49.322,27.162],[49.152,27.372],[49.132,27.536],[48.855,27.523],[48.752,27.872],[48.588,28.094],[48.129,29.268],[47.804,29.185],[47.614,29.272],[47.845,29.503],[47.996,29.49],[47.911,29.89],[48.028,29.973],[48.212,29.948],[48.554,29.995],[48.081,30.395],[48.107,30.669],[48.033,30.878],[47.689,30.882],[47.698,31.289],[47.787,31.569],[47.793,31.797],[47.612,32.031],[47.264,32.302],[47.068,32.396],[46.508,32.812],[46.09,32.842],[46.105,33.21],[45.506,33.797],[45.565,34.274],[45.671,34.617],[46.184,35.058],[45.995,35.401],[46.001,35.515],[46.211,35.784],[45.73,35.832],[45.388,35.926],[44.795,37.132],[44.471,37.455],[44.492,37.754],[44.205,37.867],[44.447,38.385],[44.229,38.482],[44.128,38.703],[44.183,38.872],[44.065,39.173],[44.082,39.295],[44.345,39.414],[44.349,39.609],[44.637,39.662],[44.67,39.757],[44.448,39.96],[43.812,40.014],[43.685,40.109],[43.67,40.295],[43.859,40.66],[43.847,40.75],[43.475,41.087],[42.878,41.546],[42.694,41.564],[42.25,41.369],[41.484,41.437],[41.293,41.286],[40.61,41.028],[40.361,40.963],[40.007,40.956],[39.37,41.064],[39.139,41.044],[38.651,40.922],[38.314,40.921],[37.822,41.01],[37.253,41.028],[36.817,41.29],[36.641,41.315],[36.383,41.238],[36.161,41.353],[35.958,41.686],[35.678,41.621],[35.411,41.627],[35.099,41.806],[35.002,42.043],[34.663,41.876],[34.304,41.894],[33.556,41.983],[33.155,41.95],[32.419,41.749],[31.666,41.395],[31.386,41.285],[31.404,41.164],[31.218,41.054],[30.745,41.04],[30.256,41.185],[30.138,41.132],[29.578,41.153],[29.161,41.216],[29.015,40.979],[29.525,40.688],[28.902,40.62],[28.873,40.472],[29.052,40.335],[28.478,40.395],[27.908,40.351],[27.764,40.287],[27.329,40.356],[27.272,40.451],[26.996,40.372],[26.765,40.377],[26.482,40.187],[26.32,39.992],[26.128,39.879],[26.139,39.44],[26.804,39.567],[26.708,39.182],[26.871,39.056],[26.966,38.77],[26.696,38.641],[26.997,38.4],[26.742,38.278],[26.469,38.445],[26.393,38.104],[26.679,38.105],[27.14,37.889],[27.18,37.774],[27.123,37.494],[27.16,37.36],[27.365,37.329],[27.526,37.131],[27.269,37.042],[27.308,36.921],[27.999,36.909],[27.912,36.699],[28.014,36.527],[28.267,36.712],[28.47,36.738],[28.814,36.535],[29.002,36.695],[29.298,36.173],[29.662,36.078],[30.166,36.188],[30.28,36.118],[30.473,36.188],[30.594,36.762],[30.905,36.794],[31.371,36.712],[31.902,36.497],[32.335,36.128],[32.64,36.008],[33.171,35.971],[33.753,36.147],[34.485,36.627],[34.662,36.648],[35.221,36.388],[35.495,36.443],[35.891,36.771],[36.082,36.622],[36.095,36.482],[35.709,36.212],[35.856,35.835],[35.607,35.418],[35.796,35.271],[35.841,35.043],[35.751,34.747],[35.873,34.422],[35.532,34.119],[35.492,33.831],[35.356,33.64],[35.089,33.069],[34.972,32.938],[34.957,32.705],[34.843,32.671],[34.759,32.301],[34.599,31.818],[34.501,31.621],[34.146,31.209],[34.56,30.204],[34.936,29.418],[35.095,29.343],[34.886,28.357],[34.764,28.097],[35.112,28.072],[35.436,27.73],[35.831,27.095],[36.312,26.423],[36.669,26.017],[37.005,25.535],[37.218,25.167],[37.269,24.97],[37.201,24.658],[37.557,24.271],[37.988,24.114],[38.329,23.835],[38.49,23.613],[38.915,22.87],[39.102,22.4],[39.103,22],[39.167,21.219],[39.527,20.692],[39.764,20.407],[40.336,20.097],[40.694,19.869],[40.82,19.685],[41.923,20.767],[41.812,21.713],[41.07,22.263],[40.648,24.153],[38.814,24.841],[37.364,27.957],[36.593,29.787],[36.525,31.162],[37.212,33.566],[38.036,34.597],[39.342,34.597],[40.029,34.391],[44.083,30.337],[44.839,29.993],[45.87,29.856],[46.905,29.438],[46.509,28.97],[47.439,28.829],[47.672,28.443],[48.469,26.695],[49.395,26.078],[49.704,24.41],[50.569,23.854],[50.968,24.436]]]]},"properties":{"NAME":"Ottoman Empire","SUBJECTO":"Ottoman Empire","PARTOF":"Ottoman Empire","ABBREVN":"Ottoman Empi","BORDERPRECISION":3,"fid":1}},
{"type":"Feature","geometry":{"type":"Polygon","coordinates":[[[91.608,27.641],[91.46,27.92],[91.152,28.032],[90,28.053],[90,28.28],[89.863,28.273],[89.366,27.876],[88.803,27.181],[88.868,26.908],[89.834,26.685],[90,26.779],[91.162,26.75],[91.909,26.805],[91.999,27.193],[91.595,27.464],[91.608,27.641]]]},"properties":{"NAME":"Bhutan","SUBJECTO":"Bhutan","PARTOF":"Bhutan","ABBREVN":"Bhutan","BORDERPRECISION":3,"fid":2}},
{"type":"Feature","geometry":{"type":"MultiPolygon","coordinates":[[[[-66.906,17.936],[-66.746,18.013],[-66.451,18.045],[-65.967,18.027],[-65.724,18.333],[-65.952,18.472],[-67.055,18.546],[-67.211,18.438],[-67.162,18.33],[-67.152,17.987],[-66.906,17.936]]],[[[-71.677,18.003],[-71.531,17.755],[-71.401,17.704],[-71.217,17.997],[-71.062,18.347],[-70.765,18.494],[-70.621,18.507],[-70.477,18.285],[-70.299,18.259],[-69.956,18.502],[-69.808,18.547],[-69.511,18.503],[-68.986,18.51],[-68.772,18.244],[-68.665,18.199],[-68.373,18.575],[-68.657,18.873],[-69.069,19.076],[-69.509,19.208],[-69.747,19.354],[-69.993,19.684],[-70.289,19.652],[-70.739,19.79],[-70.882,19.93],[-71.22,19.834],[-71.551,19.897],[-71.777,19.771],[-71.72,18.895],[-71.895,18.614],[-71.677,18.003]]],[[[-82.177,22.366],[-81.792,22.208],[-81.572,22.164],[-80.776,22.102],[-80.444,21.995],[-80.014,21.773],[-79.735,21.672],[-79.358,21.609],[-78.728,21.617],[-78.63,21.547],[-78.514,21.306],[-78.45,20.969],[-78.157,20.817],[-77.886,20.767],[-77.571,20.767],[-77.291,20.704],[-77.099,20.533],[-77.177,20.355],[-77.663,19.903],[-77.461,19.871],[-76.819,19.936],[-76.398,20.02],[-75.993,20.002],[-75.519,19.907],[-75.237,19.933],[-74.72,20.112],[-74.278,20.152],[-74.345,20.323],[-74.611,20.45],[-74.839,20.621],[-75.062,20.697],[-75.402,20.664],[-75.654,20.683],[-75.759,20.752],[-75.604,21.013],[-75.751,21.121],[-76.209,21.196],[-76.976,21.43],[-77.34,21.512],[-77.508,21.759],[-77.712,21.899],[-78.171,22.12],[-78.723,22.278],[-79.33,22.404],[-79.76,22.759],[-79.985,22.879],[-80.199,22.885],[-80.721,23.024],[-81.103,23.061],[-81.431,23.137],[-82.057,23.135],[-82.436,23.065],[-82.959,23.025],[-83.69,22.814],[-84.256,22.539],[-84.435,22.323],[-84.377,22.056],[-84.706,21.77],[-84.209,21.828],[-84.03,21.955],[-83.851,22.21],[-83.39,22.223],[-82.853,22.638],[-82.562,22.708],[-82.046,22.697],[-81.739,22.621],[-81.663,22.507],[-82.177,22.366]]]]},"properties":{"NAME":"Spain","SUBJECTO":"Spain","PARTOF":"Spain","ABBREVN":"Spain","BORDERPRECISION":3,"fid":3}},
{"type":"Feature","geometry":{"type":"Polygon","coordinates":[[[-71.777,19.771],[-72.103,19.756],[-72.589,19.888],[-72.94,19.945],[-73.421,19.874],[-73.493,19.753],[-73.355,19.658],[-72.945,19.595],[-72.767,19.525],[-72.676,19.392],[-72.759,19.074],[-72.698,18.941],[-72.298,18.662],[-72.746,18.509],[-73.04,18.527],[-73.83,18.652],[-74.303,18.696],[-74.442,18.524],[-74.365,18.378],[-73.857,18.112],[-73.687,18.271],[-73.474,18.316],[-72.915,18.228],[-72.521,18.223],[-72.178,18.287],[-71.978,18.262],[-71.677,18.003],[-71.895,18.614],[-71.72,18.895],[-71.777,19.771]]]},"properties":{"NAME":"Haiti","SUBJECTO":"Haiti","PARTOF":"Haiti","ABBREVN":"Haiti","BORDERPRECISION":3,"fid":4}},
{"type":"Feature","geometry":{"type":"MultiPolygon","coordinates":[[[[-88.32,18.494],[-88.517,18.487],[-88.597,18.286],[-88.867,17.901],[-89.04,18.022],[-89.154,17.831],[-89.251,15.897],[-88.941,15.905],[-88.941,16.033],[-88.766,16.141],[-88.742,16.269],[-88.58,16.284],[-88.445,16.441],[-88.242,17.014],[-88.327,17.157],[-88.22,17.514],[-88.3,17.635],[-88.112,18.194],[-88.124,18.387],[-88.399,18.309],[-88.32,18.494]]],[[[-83.296,14.615],[-83.858,14.185],[-84.095,12.528],[-83.9,11.888],[-83.883,12.122],[-83.688,12.962],[-83.707,13.368],[-83.662,13.705],[-83.418,14.068],[-83.322,14.386],[-83.296,14.615]]],[[[-73.037,21.139],[-73.536,21.183],[-73.702,21],[-73.453,20.925],[-73.152,20.972],[-73.037,21.139]]],[[[-77.736,24.029],[-77.808,23.879],[-77.553,23.754],[-77.546,24.114],[-77.736,24.029]]],[[[-78.192,25.204],[-78.199,24.868],[-78.289,24.776],[-78.194,24.616],[-78.36,24.535],[-78.095,24.386],[-78.011,24.277],[-77.717,24.507],[-77.774,24.733],[-77.886,24.856],[-77.983,25.146],[-78.192,25.204]]],[[[-76.533,25.398],[-76.507,25.351],[-76.356,25.318],[-76.254,25.178],[-76.175,25.144],[-76.145,25.009],[-76.32,24.794],[-76.168,24.69],[-76.11,25.067],[-76.132,25.146],[-76.313,25.287],[-76.35,25.343],[-76.41,25.34],[-76.533,25.398]]],[[[-77.917,26.745],[-78.106,26.702],[-78.6,26.702],[-78.678,26.496],[-78.366,26.611],[-78.021,26.659],[-77.917,26.745]]],[[[-77.735,26.914],[-77.526,26.856],[-77.35,26.641],[-77.154,26.52],[-77.233,26.406],[-77.219,26.147],[-77.398,26.026],[-77.194,25.892],[-77.151,26.255],[-77.028,26.36],[-77.04,26.498],[-77.278,26.623],[-77.501,26.863],[-77.735,26.914]]],[[[-77.291,17.806],[-77.05,17.978],[-76.806,18.004],[-76.468,17.871],[-76.301,17.992],[-76.426,18.119],[-77.156,18.397],[-77.769,18.51],[-78.086,18.478],[-78.325,18.35],[-78.261,18.255],[-78.052,18.218],[-77.737,17.932],[-77.291,17.806]]]]},"properties":{"NAME":"United Kingdom","SUBJECTO":"United Kingdom","PARTOF":"United Kingdom","ABBREVN":"United Kingdom","BORDERPRECISION":3,"fid":5}},
{"type":"Feature","geometry":{"type":"MultiPolygon","coordinates":[[[[120.364,14.531],[120.471,14.804],[120.706,14.729],[120.897,14.551],[121.217,14.418],[121.105,14.253],[120.799,14.386],[120.511,14.112],[120.599,13.922],[121.009,13.656],[121.25,13.713],[121.332,13.828],[121.625,13.898],[122.067,13.652],[122.394,13.303],[122.492,13.43],[122.325,13.779],[122.485,13.881],[123.094,13.381],[123.197,13.241],[123.239,13.025],[123.677,12.893],[123.819,12.976],[123.398,13.527],[123.661,13.693],[123.639,13.833],[123.359,13.953],[123.132,13.692],[122.985,13.73],[122.856,13.888],[122.776,14.174],[122.675,14.269],[122.397,14.307],[122.179,14.065],[122.107,13.918],[121.729,14.108],[121.612,14.388],[121.457,14.883],[121.242,15.308],[121.368,15.499],[121.439,15.918],[121.689,16.058],[122.064,16.332],[122.203,16.542],[122.396,17.114],[122.314,17.26],[122.07,17.438],[122.007,17.793],[122.028,18.009],[122.147,18.206],[122.05,18.447],[121.84,18.276],[121.581,18.294],[121.036,18.528],[120.8,18.553],[120.564,18.432],[120.393,18.044],[120.312,17.072],[120.247,16.875],[120.303,16.417],[120.293,16.233],[120.202,16.042],[119.762,16.359],[119.681,16.187],[119.813,15.978],[119.772,15.47],[119.972,14.905],[120.364,14.531]]],[[[121.094,12.201],[121.274,12.525],[121.317,12.742],[121.304,13.129],[121.181,13.332],[121.039,13.408],[120.341,13.387],[120.547,13.153],[120.734,12.55],[121.094,12.201]]],[[[125.323,11.124],[125.449,11.207],[125.333,11.562],[125.246,12.293],[125.119,12.477],[124.952,12.527],[124.264,12.418],[124.33,12.208],[124.875,11.834],[124.917,11.644],[124.854,11.491],[125.07,11.244],[125.323,11.124]]],[[[121.873,10.468],[122.297,10.647],[122.706,10.94],[122.897,11.15],[122.92,11.525],[122.635,11.442],[122.47,11.454],[122.211,11.581],[121.994,11.758],[121.966,11.231],[121.873,10.468]]],[[[118.865,10.024],[119.217,10.291],[119.564,10.502],[119.345,11.003],[119.207,11.13],[119.108,10.628],[118.989,10.392],[118.7,10.036],[118.865,10.024]]],[[[122.942,9.048],[123.133,9.251],[122.962,9.594],[123.104,10.23],[123.312,10.738],[123.239,10.922],[122.92,10.852],[122.701,10.032],[122.602,9.911],[122.347,9.815],[122.303,9.65],[122.396,9.478],[122.769,9.212],[122.942,9.048]]],[[[117.271,8.451],[117.444,8.635],[117.71,8.712],[117.857,8.833],[117.967,9.113],[118.276,9.266],[118.505,9.483],[118.558,9.673],[118.508,9.921],[118.089,9.431],[117.802,9.208],[117.536,9.049],[117.224,8.686],[117.128,8.47],[117.271,8.451]]],[[[126.045,6.608],[126.322,7.149],[126.373,7.537],[126.28,7.733],[126.254,8.045],[126.306,8.235],[126.272,8.426],[126.03,8.381],[125.923,8.482],[126.075,8.813],[125.934,9.175],[125.428,9.784],[125.362,9.625],[125.44,9.371],[125.461,9.053],[125.401,8.951],[125.225,8.995],[124.991,8.715],[124.872,8.925],[124.742,8.918],[124.671,8.429],[124.372,8.561],[124.21,8.447],[124.117,8.192],[124.024,8.11],[123.663,8.014],[123.617,8.337],[123.486,8.496],[123.136,8.451],[122.796,8.272],[122.736,8.062],[122.384,7.985],[122.094,7.775],[121.849,7.196],[121.84,6.968],[121.992,6.873],[122.228,7.261],[122.455,7.693],[122.635,7.783],[122.713,7.675],[122.725,7.452],[123.023,7.478],[123.248,7.593],[123.334,7.771],[123.465,7.791],[123.815,7.658],[124.025,7.474],[124.074,7.258],[123.864,6.851],[123.881,6.565],[123.973,6.337],[124.224,6.09],[124.803,5.786],[124.966,6.085],[125.129,6.053],[125.163,5.907],[125.073,5.723],[125.289,5.488],[125.461,5.717],[125.533,5.94],[125.466,6.245],[125.28,6.594],[125.443,6.963],[125.615,7.236],[125.748,7.186],[126.045,6.608]]]]},"properties":{"NAME":"Philippines","SUBJECTO":"Philippines","PARTOF":"Philippines","ABBREVN":"Philippines","BORDERPRECISION":3,"fid":6}},
{"type":"Feature","geometry":{"type":"Polygon","coordinates":[[[80.563,5.932],[80.852,5.951],[81.203,6.079],[81.6,6.449],[81.779,6.754],[81.866,7.085],[81.805,7.313],[81.446,7.929],[81.326,8.259],[81.06,8.411],[81.093,8.627],[80.662,9.299],[80.348,9.47],[80.178,9.445],[80.053,9.114],[79.896,8.92],[79.706,8.931],[79.675,8.805],[79.809,8.647],[79.724,8.417],[79.832,8.103],[79.854,7.061],[80.017,6.496],[80.222,6.058],[80.341,5.969],[80.563,5.932]]]},"properties":{"NAME":"Ceylon","SUBJECTO":"Ceylon","PARTOF":"Ceylon","ABBREVN":"Ceylon","BORDERPRECISION":3,"fid":7}},
{"type":"Feature","geometry":{"type":"Polygon","coordinates":[[[44.672,-16.236],[44.454,-16.242],[44.451,-16.725],[44.378,-16.923],[43.972,-17.553],[44.076,-17.877],[44.16,-18.404],[44.394,-18.791],[44.251,-19.103],[44.536,-19.369],[44.585,-19.528],[44.47,-20.17],[43.816,-21.316],[43.501,-21.494],[43.325,-22.111],[43.291,-22.41],[43.376,-22.632],[43.785,-23.267],[43.827,-23.413],[43.672,-23.903],[43.671,-24.227],[43.727,-24.354],[43.934,-24.519],[44.037,-24.989],[44.425,-25.312],[44.713,-25.305],[44.959,-25.387],[45.211,-25.66],[45.576,-25.621],[45.789,-25.411],[46.239,-25.264],[46.855,-25.218],[46.945,-25.167],[47.258,-24.766],[47.492,-24.06],[48.087,-22.044],[48.652,-20.339],[49.023,-19.182],[49.342,-18.228],[49.423,-17.802],[49.425,-17.198],[49.76,-16.746],[49.898,-16.46],[49.863,-16.282],[49.685,-16.047],[49.598,-15.653],[49.62,-15.462],[49.754,-15.398],[50.187,-15.957],[50.486,-15.48],[50.503,-15.314],[50.254,-14.775],[50.15,-14.419],[49.976,-13.301],[49.88,-12.92],[49.817,-12.831],[49.542,-12.704],[49.337,-12.412],[49.176,-12.266],[48.935,-12.477],[48.993,-12.737],[48.857,-13.252],[48.751,-13.418],[48.44,-13.654],[48.35,-13.838],[48.224,-13.794],[48.11,-13.597],[47.942,-13.585],[47.916,-13.737],[48.049,-14.131],[47.972,-14.284],[47.741,-14.31],[47.699,-14.443],[47.884,-14.716],[47.633,-14.984],[47.426,-14.825],[47.106,-15.144],[47.245,-15.366],[47.07,-15.461],[46.925,-15.36],[46.734,-15.449],[46.388,-15.692],[46.464,-15.857],[46.282,-15.952],[46.142,-15.826],[45.732,-15.89],[45.434,-16.094],[45.197,-16.037],[44.917,-16.203],[44.672,-16.236]],[[48.022,-17.999],[48.91,-17.999],[48.496,-18.887],[48.318,-20.071],[47.371,-21.018],[46.661,-23.267],[45.773,-22.734],[44.945,-22.379],[46.128,-20.663],[46.654,-17.733],[47.482,-16.904],[48.022,-17.999]]]},"properties":{"BORDERPRECISION":3,"fid":8}},
{"type":"Feature","geometry":{"type":"MultiPolygon","coordinates":[[[[175.308,-37.321],[175.201,-37.073],[174.98,-37.083],[174.928,-36.967],[174.645,-36.831],[174.857,-36.694],[174.787,-36.283],[174.348,-35.915],[174.609,-35.789],[174.217,-35.337],[173.47,-35.032],[173.33,-35.084],[172.96,-34.864],[173.07,-35.126],[173.046,-35.253],[173.166,-35.421],[173.841,-36.136],[174.07,-36.189],[174.266,-36.483],[174.22,-36.557],[174.479,-36.862],[174.765,-37.297],[174.728,-37.552],[174.945,-37.928],[174.931,-38.101],[174.713,-38.44],[174.749,-38.753],[174.655,-38.983],[173.805,-39.42],[173.992,-39.611],[174.433,-39.815],[174.889,-39.98],[175.354,-40.3],[175.367,-40.454],[175.188,-40.679],[174.895,-41.296],[175.002,-41.444],[175.365,-41.662],[175.671,-41.52],[176.011,-41.255],[176.796,-40.271],[177.087,-40.04],[177.157,-39.854],[177.024,-39.445],[177.34,-39.227],[177.867,-39.207],[177.939,-38.83],[178.408,-38.771],[178.589,-38.215],[178.569,-37.921],[178.241,-37.832],[177.843,-37.986],[177.528,-38.204],[177.134,-38.186],[176.129,-37.798],[176.004,-37.364],[175.838,-37.026],[175.558,-36.944],[175.535,-37.072],[175.64,-37.41],[175.308,-37.321]]],[[[172.063,-43.923],[172.441,-43.793],[172.667,-43.926],[173.01,-43.844],[172.82,-43.714],[172.628,-43.692],[172.441,-43.509],[172.844,-43.206],[173.237,-42.986],[173.841,-42.488],[174.234,-42.011],[174.069,-41.696],[174.158,-41.516],[174.058,-41.291],[173.701,-41.254],[173.264,-41.544],[173.123,-41.435],[173.019,-41.075],[172.784,-40.965],[172.769,-40.848],[172.437,-40.753],[172.207,-41.045],[172.148,-41.578],[171.887,-41.829],[171.458,-41.993],[171.349,-42.287],[171.398,-42.513],[171.077,-42.713],[171.024,-42.887],[170.725,-43.068],[170.371,-43.217],[170.203,-43.224],[169.987,-43.36],[169.957,-43.482],[169.649,-43.741],[169.479,-43.786],[168.914,-44.097],[168.416,-44.221],[167.967,-44.48],[167.921,-44.616],[167.521,-44.953],[167.265,-45.063],[167.137,-45.2],[167.281,-45.563],[166.855,-45.492],[166.801,-45.557],[167.009,-45.817],[166.551,-45.967],[166.523,-46.233],[166.85,-46.35],[167.202,-46.308],[167.338,-46.168],[167.548,-46.212],[167.62,-46.351],[168.154,-46.452],[168.417,-46.651],[168.7,-46.6],[169.22,-46.716],[169.399,-46.71],[169.666,-46.527],[170.044,-46.357],[170.121,-46.246],[170.612,-45.946],[170.707,-45.699],[171.024,-45.075],[171.171,-44.939],[171.255,-44.551],[170.994,-44.267],[171.378,-44.338],[171.772,-44.053],[172.063,-43.923]]]]},"properties":{"NAME":"Maori","SUBJECTO":"Maori","PARTOF":"Maori","ABBREVN":"M?ori","BORDERPRECISION":3,"fid":9}},
{"type":"Feature","geometry":{"type":"MultiPolygon","coordinates":[[[[-6.343,53.94],[-5.912,54.027],[-5.662,54.322],[-5.8,54.523],[-5.785,54.737],[-6.018,55.093],[-6.963,55.241],[-7.334,55.384],[-7.427,55.294],[-8.118,55.177],[-8.345,55.095],[-8.504,54.75],[-8.211,54.634],[-8.301,54.489],[-8.687,54.364],[-8.59,54.203],[-9.323,54.275],[-9.474,54.241],[-9.892,54.326],[-10.16,54.133],[-10.179,53.912],[-9.913,53.97],[-9.81,53.632],[-10.16,53.374],[-9.885,53.297],[-9.617,53.346],[-9.158,53.221],[-9.526,52.905],[-9.442,52.833],[-9.616,52.637],[-9.134,52.681],[-9.193,52.554],[-9.736,52.48],[-9.891,52.194],[-10.469,52.207],[-10.217,51.758],[-9.835,51.803],[-9.819,51.435],[-9.243,51.473],[-8.848,51.6],[-8.565,51.615],[-7.751,52.033],[-6.962,52.111],[-6.894,52.207],[-6.406,52.214],[-6.232,52.613],[-6.043,52.893],[-6.172,53.439],[-6.343,53.94]]],[[[0.081,53.386],[-0.319,53.579],[-0.235,53.799],[-0.296,54.033],[-0.871,54.547],[-1.389,54.68],[-1.556,54.922],[-1.719,55.454],[-1.942,55.556],[-2.245,55.811],[-2.742,55.957],[-3.161,55.846],[-3.294,55.974],[-2.773,56.171],[-2.981,56.354],[-2.667,56.471],[-2.159,57.014],[-1.945,57.402],[-2.15,57.572],[-2.854,57.543],[-3.093,57.577],[-4.148,57.555],[-4.15,57.835],[-3.943,57.958],[-3.166,58.275],[-3.028,58.406],[-3.165,58.522],[-3.831,58.507],[-4.51,58.403],[-4.926,58.567],[-5.113,58.395],[-4.907,58.169],[-5.346,58.093],[-5.056,57.751],[-5.568,57.777],[-5.763,57.62],[-5.461,57.388],[-5.726,57.258],[-5.625,56.999],[-5.909,56.733],[-6.044,56.475],[-5.822,56.4],[-5.547,56.652],[-5.271,56.544],[-5.3,56.429],[-5.633,55.94],[-5.135,55.893],[-4.848,56.097],[-4.623,55.908],[-4.895,55.772],[-4.908,55.664],[-4.638,55.428],[-5.067,54.948],[-5.111,54.794],[-4.6,54.688],[-4.461,54.862],[-4.122,54.762],[-3.577,54.924],[-3.153,54.838],[-3.43,54.643],[-3.569,54.415],[-3.261,54.141],[-2.886,54.169],[-2.865,54.028],[-3.057,53.514],[-2.914,53.267],[-3.957,53.205],[-4.318,53.091],[-4.621,52.831],[-4.148,52.832],[-4.124,52.373],[-4.295,52.2],[-5.061,52.006],[-5.249,51.86],[-4.999,51.702],[-4.159,51.677],[-3.499,51.46],[-3.173,51.467],[-2.75,51.644],[-3.066,51.178],[-3.483,51.181],[-3.825,51.235],[-4.281,51.187],[-4.277,51.064],[-4.552,50.997],[-4.605,50.779],[-4.815,50.604],[-5.017,50.561],[-5.238,50.346],[-5.778,50.134],[-5.429,50.068],[-5.282,49.964],[-4.967,50.212],[-4.541,50.358],[-4.004,50.314],[-3.715,50.219],[-3.563,50.361],[-3.521,50.617],[-2.961,50.722],[-2.551,50.57],[-2.432,50.646],[-1.373,50.766],[-1.103,50.817],[-0.839,50.722],[-0.336,50.817],[0.192,50.731],[0.673,50.931],[1.335,51.121],[1.365,51.353],[1.03,51.359],[0.254,51.454],[0.686,51.56],[1.031,51.813],[1.512,52.026],[1.692,52.311],[1.586,52.65],[1.376,52.809],[0.742,52.901],[0.327,52.707],[0.006,52.787],[0.268,53.127],[0.081,53.386]]]]},"properties":{"NAME":"United Kingdom of Great Britain and Ireland","SUBJECTO":"United Kingdom of Great Britain and Ireland","PARTOF":"United Kingdom of Great Britain and Ireland","ABBREVN":"UK+Ireland","BORDERPRECISION":3,"fid":10}},
{"type":"Feature","geometry":{"type":"Polygon","coordinates":[[[-8.806,41.889],[-8.157,42.087],[-7.919,41.889],[-7.098,41.868],[-6.86,41.985],[-6.709,41.96],[-6.518,41.749],[-6.139,41.526],[-6.241,41.32],[-6.797,41.093],[-6.857,40.862],[-6.825,40.657],[-6.884,40.214],[-6.878,39.702],[-7.084,39.599],[-7.431,39.521],[-6.933,38.961],[-7.317,38.5],[-7.394,38.295],[-7.028,38.24],[-6.845,38.1],[-7.243,37.811],[-7.351,37.644],[-7.492,37.208],[-7.228,37.226],[-6.632,37.022],[-6.422,36.792],[-6.444,36.623],[-6.204,36.282],[-5.85,36.072],[-5.661,36.008],[-5.387,36.11],[-5.374,36.237],[-5.217,36.41],[-4.757,36.486],[-4.447,36.722],[-2.97,36.741],[-2.761,36.69],[-2.624,36.811],[-2.355,36.824],[-2.239,36.728],[-1.94,36.952],[-1.817,37.292],[-1.626,37.439],[-1.365,37.548],[-0.918,37.57],[-0.872,37.76],[-0.665,38.177],[-0.435,38.43],[0.173,38.738],[-0.166,38.954],[-0.395,39.434],[-0.161,39.886],[0.238,40.24],[0.505,40.593],[0.788,40.657],[0.71,40.785],[0.879,41.022],[1.311,41.157],[2.081,41.298],[2.201,41.446],[3.129,41.857],[3.087,42.369],[2.937,42.41],[2.363,42.293],[2.171,42.382],[1.994,42.307],[1.709,42.423],[1.364,42.41],[1.307,42.635],[0.744,42.772],[0.592,42.628],[-0.166,42.649],[-0.41,42.786],[-0.612,42.731],[-0.907,42.881],[-1.397,43.032],[-1.491,43.21],[-1.702,43.196],[-1.915,43.305],[-2.367,43.326],[-2.768,43.538],[-3.007,43.55],[-3.417,43.376],[-3.848,43.439],[-4.802,43.469],[-5.537,43.577],[-5.82,43.706],[-5.98,43.705],[-6.468,43.563],[-6.808,43.523],[-7.151,43.555],[-7.636,43.721],[-7.98,43.74],[-8.22,43.617],[-8.31,43.353],[-8.849,43.326],[-9.014,43.281],[-9.271,43.049],[-9.247,42.901],[-8.942,42.824],[-8.644,42.42],[-8.86,42.015],[-8.806,41.889]]]},"properties":{"NAME":"Spain","SUBJECTO":"Spain","PARTOF":"Spain","ABBREVN":"Spain","BORDERPRECISION":3,"fid":11}},
{"type":"Feature","geometry":{"type":"Polygon","coordinates":[[[-8.806,41.889],[-8.921,41.767],[-8.852,41.408],[-8.694,40.992],[-8.97,40.19],[-8.916,40.138],[-9.118,39.644],[-9.398,39.23],[-9.549,38.775],[-9.285,38.619],[-9.237,38.417],[-8.854,38.5],[-8.823,38.206],[-8.933,37.962],[-8.851,37.91],[-8.842,37.525],[-9.017,37.07],[-8.667,37.121],[-8.28,37.089],[-8.034,37.009],[-7.836,37.032],[-7.492,37.208],[-7.351,37.644],[-7.243,37.811],[-6.845,38.1],[-7.028,38.24],[-7.394,38.295],[-7.317,38.5],[-6.933,38.961],[-7.431,39.521],[-7.084,39.599],[-6.878,39.702],[-6.884,40.214],[-6.825,40.657],[-6.857,40.862],[-6.797,41.093],[-6.241,41.32],[-6.139,41.526],[-6.518,41.749],[-6.709,41.96],[-6.86,41.985],[-7.098,41.868],[-7.919,41.889],[-8.157,42.087],[-8.806,41.889]]]},"properties":{"NAME":"Portugal","SUBJECTO":"Portugal","PARTOF":"Portugal","ABBREVN":"Portugal","BORDERPRECISION":3,"fid":12}},
{"type":"Feature","geometry":{"type":"Polygon","coordinates":[[[61.221,35.582],[61.156,35.473],[61.008,34.957],[60.787,34.385],[60.687,34.251],[60.419,34.078],[60.466,33.716],[60.841,33.566],[60.853,33.484],[60.54,32.993],[60.654,32.505],[60.794,31.579],[60.88,31.484],[61.513,31.342],[61.694,31.267],[61.779,30.905],[61.588,30.656],[61.204,30.299],[60.82,29.833],[61.503,29.602],[62.369,29.385],[62.946,29.356],[63.48,29.455],[64.089,29.395],[64.645,29.449],[65.611,29.613],[66.091,29.736],[66.233,29.889],[66.277,30.296],[66.382,30.69],[66.467,30.843],[66.921,31.207],[67.048,31.24],[67.57,31.186],[67.684,31.224],[67.829,31.536],[68.243,31.767],[68.496,31.756],[68.947,31.587],[69.053,31.626],[69.206,31.798],[69.278,32.382],[69.508,32.949],[69.64,33.051],[70.057,33.117],[70.289,33.283],[70.191,33.606],[69.87,33.941],[70.03,33.999],[70.792,33.927],[71.154,34.138],[71.038,34.493],[71.097,34.62],[71.513,34.934],[71.659,35.125],[71.569,35.34],[71.623,35.557],[71.514,35.786],[71.329,35.908],[71.325,36.052],[71.65,36.334],[71.76,36.323],[72.373,36.718],[72.89,36.786],[73.495,36.791],[73.786,36.727],[74.088,36.805],[74.521,37.005],[74.733,37.209],[74.256,37.302],[74.137,37.37],[73.883,37.268],[73.445,37.202],[73.352,37.342],[73.047,37.328],[72.714,37.186],[72.448,36.968],[72.183,36.939],[71.848,36.716],[71.467,36.752],[71.303,37.17],[71.387,37.37],[71.444,37.834],[71.149,37.876],[71.22,38.145],[70.961,38.347],[70.719,38.365],[70.334,37.936],[70.315,37.63],[70.022,37.457],[69.698,37.531],[69.567,37.505],[69.537,37.282],[69.308,37.084],[69.136,37.076],[68.707,37.182],[68.184,36.899],[67.856,36.853],[67.622,37.157],[67.515,37.214],[66.677,37.241],[65.979,37.358],[65.725,37.49],[65.337,37.24],[64.826,37.148],[64.632,36.784],[64.541,36.338],[64.266,36.171],[63.372,35.861],[63.117,35.789],[63.063,35.49],[62.678,35.265],[62.179,35.288],[61.73,35.445],[61.221,35.582]]]},"properties":{"NAME":"Afghanistan","SUBJECTO":"Afghanistan","PARTOF":"Afghanistan","ABBREVN":"Afghanistan","BORDERPRECISION":3,"fid":13}},
{"type":"Feature","geometry":{"type":"MultiPolygon","coordinates":[[[[100.159,6.34],[100.139,6.177],[100.224,5.853],[100.38,5.021],[100.559,4.736],[100.608,4.552],[100.577,4.202],[100.664,3.904],[101.067,3.536],[101.264,3.225],[101.336,2.781],[101.434,2.666],[101.893,2.337],[102.717,1.881],[103.428,1.381],[103.608,1.445],[104.176,1.389],[103.83,2.17],[103.678,2.411],[103.44,2.633],[103.308,3.026],[103.339,3.312],[103.308,3.795],[103.368,4.183],[103.379,4.545],[103.342,4.805],[102.802,5.56],[102.325,6.099],[102.074,6.154],[102.035,6.002],[101.812,5.845],[101.763,5.586],[101.473,5.546],[101.451,5.761],[101.312,5.835],[101.076,5.531],[100.931,5.677],[101.027,5.856],[100.984,6.052],[100.867,6.159],[100.665,6.212],[100.617,6.422],[100.36,6.417],[100.159,6.34]]],[[[114.074,4.455],[113.815,4.263],[113.423,3.76],[113.188,3.615],[112.952,3.155],[112.759,3.009],[112.301,2.874],[111.635,2.72],[111.372,2.599],[111.134,2.033],[110.97,1.759],[110.893,1.511],[111.12,1.27],[110.818,1.244],[110.289,1.516],[109.902,1.554],[109.723,1.617],[109.518,1.821],[109.648,1.464],[110.211,0.889],[110.549,0.726],[110.966,0.913],[111.562,0.764],[111.98,0.995],[112.161,1.231],[112.4,1.43],[112.616,1.463],[112.809,1.413],[113.296,1.2],[113.677,1.145],[113.887,1.305],[114.096,1.383],[114.485,1.461],[114.659,1.596],[115.076,2.399],[115.042,2.736],[115.14,2.889],[115.431,2.999],[115.53,3.171],[115.482,3.615],[115.536,3.87],[115.707,4.157],[116.027,4.235],[116.657,4.162],[117.138,4.153],[117.559,3.981],[117.589,4.048],[118.112,4.145],[118.319,4.234],[118.391,4.374],[117.992,4.685],[117.948,4.799],[118.108,4.939],[118.416,4.902],[118.683,4.915],[118.881,4.979],[119.043,5.17],[118.843,5.341],[118.377,5.639],[118.256,5.664],[117.762,5.58],[117.918,5.803],[117.867,5.904],[117.37,5.789],[117.354,5.878],[117.541,6.24],[117.507,6.393],[117.168,6.614],[117.031,6.837],[116.889,6.646],[116.741,6.69],[116.596,6.899],[116.338,6.358],[116.099,6.097],[115.971,5.881],[115.787,5.74],[115.717,5.468],[115.292,5.454],[115.203,5.276],[115.418,5.111],[115.361,4.876],[115.121,4.831],[114.962,4.877],[115.078,4.598],[115.061,4.437],[115.161,4.309],[114.606,4.121],[114.434,3.998],[114.139,4.232],[114.074,4.455]]]]},"properties":{"NAME":"Malaya","SUBJECTO":"Malaya","PARTOF":"Malaya","ABBREVN":"Malaya","BORDERPRECISION":3,"fid":14}},
{"type":"Feature","geometry":{"type":"Polygon","coordinates":[[[146.713,-43.722],[146.836,-43.689],[147.142,-43.257],[147.391,-43.082],[147.815,-42.965],[147.926,-42.823],[147.981,-42.482],[148.319,-41.806],[148.323,-41.497],[148.27,-41.093],[148.056,-40.92],[147.734,-41.029],[147.596,-41.165],[147.289,-41.152],[146.741,-41.295],[146.382,-41.308],[145.892,-41.142],[145.228,-40.983],[144.776,-40.843],[144.7,-41.164],[144.936,-41.71],[145.53,-42.345],[145.566,-42.583],[145.301,-42.462],[145.279,-42.668],[145.723,-43.24],[145.967,-43.407],[146.713,-43.722]]]},"properties":{"BORDERPRECISION":3,"fid":15}},
{"type":"Feature","geometry":{"type":"Polygon","coordinates":[[[81.021,30.247],[80.54,29.837],[80.413,29.785],[80.317,29.502],[80.336,29.324],[80.098,28.952],[80.116,28.84],[80.399,28.669],[80.609,28.706],[80.906,28.493],[81.225,28.424],[81.362,28.186],[81.921,27.881],[82.025,27.955],[82.488,27.687],[82.73,27.717],[82.812,27.538],[83.187,27.464],[83.324,27.375],[83.431,27.501],[83.657,27.501],[83.874,27.382],[84.136,27.538],[84.358,27.404],[84.648,27.375],[84.711,27.27],[84.666,27.07],[84.965,27.003],[85.093,26.876],[85.371,26.757],[85.634,26.883],[85.901,26.593],[86.071,26.697],[86.395,26.631],[86.777,26.467],[87.049,26.601],[87.17,26.437],[87.349,26.385],[87.941,26.467],[88.092,26.445],[88.232,26.757],[88.039,27.129],[88.071,27.523],[88.197,27.876],[87.902,27.947],[87.75,27.821],[87.597,27.873],[87.214,27.843],[87.071,28.007],[86.787,28.133],[86.604,28.133],[86.446,27.947],[86.138,28.119],[86.142,27.955],[85.729,28.342],[85.565,28.312],[85.144,28.342],[85.217,28.639],[85.07,28.647],[84.92,28.535],[84.267,28.937],[84.219,29.235],[84.088,29.309],[83.769,29.257],[83.698,29.183],[83.402,29.54],[83.197,29.666],[82.918,29.703],[82.591,29.971],[82.201,30.09],[82.142,30.366],[81.656,30.455],[81.449,30.403],[81.388,30.172],[81.264,30.031],[81.129,30.053],[81.021,30.247]]]},"properties":{"NAME":"Nepal","SUBJECTO":"Nepal","PARTOF":"Nepal","ABBREVN":"Nepal","BORDERPRECISION":3,"fid":16}},
{"type":"Feature","geometry":{"type":"Polygon","coordinates":[[[-61.114,10.822],[-61.579,10.786],[-61.809,10.725],[-61.662,10.543],[-61.653,10.279],[-61.831,10.227],[-62.039,10.058],[-61.536,10.036],[-61.207,10.118],[-61.189,10.309],[-61.237,10.63],[-61.114,10.822]]]},"properties":{"NAME":"Trinidad","SUBJECTO":"Trinidad","PARTOF":"Trinidad","ABBREVN":"Trinidad","BORDERPRECISION":3,"fid":17}},
{"type":"Feature","geometry":{"type":"Polygon","coordinates":[[[114.962,4.877],[114.745,4.984],[114.45,4.563],[114.074,4.455],[114.139,4.232],[114.434,3.998],[114.606,4.121],[115.161,4.309],[115.061,4.437],[115.078,4.598],[114.962,4.877]]]},"properties":{"NAME":"Brunei","SUBJECTO":"Brunei","PARTOF":"Brunei","ABBREVN":"Brunei","BORDERPRECISION":3,"fid":18}},
{"type":"Feature","geometry":{"type":"MultiPolygon","coordinates":[[[[-76.133,44.327],[-75.458,44.64],[-74.782,45.012],[-72.862,45.003],[-72.027,45.001],[-71.535,44.959],[-71.293,45.323],[-71.112,45.35],[-70.589,45.295],[-70.077,45.947],[-69.565,46.946],[-69.333,47.228],[-69.049,47.464],[-68.699,47.264],[-67.996,47.294],[-67.699,47.041],[-67.559,45.772],[-67.594,45.669],[-67.321,45.565],[-67.187,45.252],[-66.502,45.186],[-66.404,45.108],[-66.049,45.288],[-65.76,45.294],[-64.871,45.662],[-64.724,45.668],[-64.562,45.885],[-64.398,45.716],[-64.905,45.463],[-64.008,45.427],[-63.884,45.319],[-64.337,45.156],[-64.307,45.349],[-64.458,45.391],[-65.253,44.975],[-65.749,44.741],[-65.984,44.489],[-66.189,44.141],[-65.713,43.56],[-65.319,43.752],[-65.087,43.728],[-64.835,43.884],[-64.706,44.129],[-64.088,44.513],[-63.902,44.573],[-63.559,44.513],[-63.303,44.663],[-63.053,44.711],[-62.01,45.072],[-61.032,45.379],[-61.403,45.391],[-61.262,45.554],[-61.481,45.741],[-61.723,45.686],[-61.893,45.759],[-61.94,45.922],[-62.39,45.722],[-62.742,45.819],[-63.121,45.849],[-63.276,45.783],[-63.492,45.915],[-63.748,45.879],[-63.843,45.988],[-63.749,46.169],[-64.535,46.272],[-64.697,46.544],[-64.69,46.695],[-64.892,46.912],[-64.842,47.124],[-65.39,47.13],[-64.98,47.33],[-64.924,47.56],[-64.658,47.779],[-65.028,47.882],[-65.612,47.663],[-65.837,47.961],[-66.472,48.099],[-66.181,48.185],[-65.855,48.205],[-65.474,48.101],[-65.213,48.121],[-64.874,48.325],[-64.398,48.456],[-64.194,48.653],[-64.32,48.947],[-64.55,49.077],[-64.952,49.207],[-65.367,49.233],[-66.03,49.166],[-66.973,48.955],[-68.341,48.546],[-69.254,48.12],[-69.747,47.767],[-70.224,47.342],[-70.534,47.126],[-70.806,47.172],[-70.599,47.433],[-70.411,47.557],[-70.192,47.811],[-69.507,48.459],[-68.801,48.977],[-68.307,49.227],[-67.584,49.34],[-67.318,49.425],[-67.096,49.826],[-66.855,50.089],[-66.373,50.314],[-65.582,50.362],[-64.326,50.305],[-63.85,50.299],[-63.207,50.346],[-61.64,50.277],[-60.81,50.334],[-60.138,50.412],[-59.716,50.511],[-59.132,50.836],[-58.524,51.379],[-57.828,51.414],[-56.964,51.488],[-56.666,51.615],[-56.181,51.894],[-55.824,52.021],[-55.659,52.187],[-56.11,52.605],[-55.927,52.805],[-55.77,53.159],[-55.881,53.352],[-56.354,53.571],[-56.649,53.658],[-57.131,53.483],[-57.285,53.67],[-57.106,53.871],[-57.263,54.024],[-57.561,54.131],[-58.077,54.083],[-58.64,53.868],[-59.181,53.519],[-59.717,53.431],[-60.246,53.277],[-60.124,53.517],[-60.137,53.684],[-59.863,53.839],[-59.399,53.866],[-59.106,53.967],[-58.844,54.148],[-58.468,54.256],[-58.17,54.277],[-57.515,54.466],[-57.433,54.58],[-58.557,54.772],[-59.338,55.08],[-59.694,55.154],[-60.346,55.045],[-60.575,55.071],[-60.373,55.422],[-60.468,55.659],[-61.458,56.158],[-61.743,56.171],[-61.928,56.273],[-62.163,56.612],[-62.184,56.796],[-61.545,56.729],[-61.335,56.811],[-61.476,57.104],[-61.822,57.192],[-62.186,57.437],[-61.828,57.554],[-62.015,57.841],[-62.349,57.902],[-62.577,58.039],[-62.741,58.389],[-63.042,58.525],[-62.887,58.656],[-63.006,58.815],[-63.476,59.158],[-63.744,59.517],[-64.097,59.745],[-64.371,60.014],[-64.671,60.181],[-64.988,59.819],[-65.429,59.777],[-65.555,59.576],[-65.263,59.348],[-65.719,59.057],[-65.861,58.795],[-65.91,58.451],[-66.241,58.746],[-66.475,58.808],[-66.821,58.388],[-67.107,58.305],[-67.772,58.249],[-68.129,58.31],[-68.095,58.481],[-68.569,58.783],[-69.214,58.748],[-69.726,58.561],[-69.894,58.684],[-69.832,58.988],[-69.476,58.975],[-69.343,59.209],[-69.704,60.318],[-69.649,60.52],[-69.389,60.674],[-69.384,60.856],[-70.028,60.883],[-70.909,61.043],[-71.673,61.266],[-71.856,61.371],[-71.724,61.547],[-72.495,61.912],[-72.834,62.116],[-73.395,62.355],[-73.66,62.39],[-74.222,62.24],[-74.708,62.176],[-75.695,62.216],[-76.99,62.49],[-77.362,62.517],[-77.868,62.29],[-78.005,62.099],[-77.985,61.859],[-77.462,61.473],[-77.688,61.156],[-78.176,60.742],[-77.388,60.694],[-77.507,60.415],[-77.262,59.983],[-77.215,59.748],[-77.348,59.623],[-77.662,59.574],[-78.042,58.993],[-78.469,58.709],[-78.337,58.551],[-77.404,58.114],[-76.772,57.663],[-76.555,57.28],[-76.439,56.81],[-76.569,56.272],[-76.764,56.027],[-77.234,55.607],[-78.308,55.044],[-78.589,54.922],[-79.545,54.692],[-79.399,54.276],[-79.23,54.149],[-78.801,53.963],[-78.758,53.749],[-79.035,53.742],[-78.844,53.281],[-78.842,53.034],[-78.725,52.695],[-78.491,52.256],[-78.553,52.01],[-78.797,51.771],[-78.7,51.566],[-78.823,51.161],[-79.112,51.525],[-79.276,51.604],[-79.534,51.418],[-79.594,51.266],[-79.338,50.843],[-80.073,51.298],[-80.361,51.304],[-80.573,51.641],[-80.877,51.906],[-81.311,52.118],[-81.747,52.17],[-81.734,52.549],[-81.852,52.709],[-82.341,52.981],[-82.212,53.341],[-82.16,53.802],[-82.192,53.99],[-82.399,54.271],[-82.336,54.653],[-82.202,54.969],[-82.383,55.056],[-83.576,55.223],[-84.468,55.167],[-85.161,55.328],[-85.892,55.61],[-87.467,55.912],[-87.914,56.332],[-88.767,56.738],[-89.726,56.934],[-90,57.074],[-90,57.178],[-91.337,57.163],[-92.18,56.97],[-92.483,56.977],[-92.424,57.386],[-92.523,57.687],[-92.888,58.208],[-93.074,58.551],[-93.364,58.702],[-93.888,58.66],[-94.415,58.714],[-94.684,58.878],[-94.8,59.514],[-94.753,59.95],[-94.376,60.795],[-93.874,61.343],[-93.466,61.435],[-93.325,61.541],[-93.423,61.858],[-92.579,62.269],[-92.102,62.412],[-91.891,62.604],[-92.455,62.794],[-92.29,62.915],[-91.417,62.853],[-90,62.946],[-90,63.302],[-91.027,63.395],[-91.642,63.515],[-92.351,63.585],[-93.317,63.974],[-91.984,63.829],[-90,63.609],[-89.973,64.191],[-89.495,64.019],[-89.077,63.963],[-88.377,64.057],[-87.435,64.569],[-87.157,65.06],[-88.171,65.13],[-88.904,65.325],[-90,65.768],[-90,65.974],[-89.509,65.929],[-88.642,65.712],[-88.174,65.458],[-87.787,65.349],[-87.254,65.43],[-86.059,66.075],[-85.987,66.163],[-86.853,66.462],[-86.739,66.565],[-85.387,66.612],[-84.95,66.275],[-83.74,66.306],[-84.408,66.709],[-85.022,66.944],[-84.714,67.07],[-84.226,66.931],[-83.482,66.498],[-83.139,66.373],[-82.633,66.602],[-82.33,66.64],[-81.499,67.069],[-81.295,67.499],[-82.178,67.995],[-82.493,68.323],[-82.687,68.697],[-82.21,68.819],[-81.886,68.579],[-81.37,68.722],[-81.48,69.189],[-81.684,69.279],[-82.161,69.248],[-82.757,69.549],[-84.314,69.826],[-85.113,69.817],[-85.381,69.695],[-85.421,69.294],[-84.564,68.987],[-84.625,68.754],[-85.4,68.76],[-85.506,68.677],[-85.782,68.041],[-86.395,67.675],[-86.488,67.378],[-87.325,67.169],[-88.324,67.813],[-88.481,67.991],[-88.371,68.312],[-87.861,68.283],[-87.79,68.478],[-88.097,68.853],[-88.905,69.228],[-89.441,69.046],[-89.736,68.534],[-90,68.369],[-90,69.489],[-91.172,69.647],[-91.977,69.607],[-92.671,69.742],[-92.271,70.116],[-91.828,70.132],[-91.658,70.286],[-93.099,70.969],[-92.989,71.24],[-93.271,71.559],[-93.838,71.76],[-94.417,71.884],[-95.411,71.859],[-95.672,71.57],[-95.353,71.407],[-95.957,71.351],[-96.398,71.203],[-96.7,70.838],[-95.947,70.57],[-96.474,70.3],[-96.423,70.093],[-96.127,69.941],[-95.31,69.737],[-94.75,69.655],[-94.423,69.694],[-94.037,69.55],[-93.327,69.484],[-92.992,69.515],[-92.956,69.084],[-93.527,69.219],[-94.343,69.112],[-94.583,68.878],[-94.138,68.841],[-93.636,68.925],[-93.414,68.542],[-94.084,68.451],[-94.637,68.069],[-95.323,68.06],[-95.5,67.725],[-95.291,67.28],[-95.259,67.028],[-96.26,67.315],[-96.34,67.545],[-96.208,68.074],[-97.572,68.37],[-98.367,68.361],[-98.407,68.159],[-97.788,68.13],[-97.159,67.967],[-97.151,67.737],[-97.496,67.587],[-97.923,67.72],[-98.355,67.935],[-98.886,67.815],[-99.368,67.792],[-101.002,67.796],[-101.397,67.706],[-101.913,67.705],[-102.763,67.8],[-103.307,67.934],[-103.583,68.12],[-104.454,68.103],[-105.636,68.355],[-105.912,68.339],[-106.212,68.107],[-106.63,68.039],[-107.662,67.963],[-107.717,67.628],[-107.594,67.338],[-107.128,66.962],[-107.611,66.88],[-107.528,66.563],[-108.485,67.07],[-108.101,67.219],[-108.095,67.36],[-108.835,67.611],[-109.489,67.691],[-110.133,67.906],[-110.532,67.92],[-111.78,67.746],[-112.503,67.693],[-114.066,67.735],[-115.562,67.896],[-115.402,68.217],[-114.109,68.347],[-114.39,68.608],[-115.285,68.892],[-115.69,68.936],[-116.813,68.912],[-117.832,69.008],[-118.818,69.164],[-120.222,69.418],[-121.635,69.764],[-122.326,69.884],[-123.051,69.86],[-123.292,69.64],[-123.803,69.434],[-124.6,69.463],[-124.534,69.782],[-124.707,69.941],[-125.386,69.818],[-125.188,69.409],[-125.455,69.333],[-125.974,69.43],[-126.795,69.785],[-127.352,70.38],[-127.806,70.31],[-127.94,70.08],[-128.724,69.873],[-129.013,69.72],[-129.943,69.643],[-130.896,69.3],[-131.673,69.276],[-132.175,68.981],[-132.713,68.867],[-132.789,68.709],[-133.72,68.918],[-133.413,69.137],[-132.618,69.252],[-132.303,69.487],[-131.195,69.686],[-130.703,69.854],[-130.05,69.969],[-129.849,70.151],[-130.242,70.206],[-131.059,70.158],[-131.446,69.966],[-132.508,69.858],[-133.648,69.507],[-134.776,69.573],[-135.439,69.526],[-136.044,69.336],[-136.015,69.147],[-135.699,68.989],[-135.61,68.704],[-136.203,68.876],[-137.729,69.016],[-138.275,69.135],[-138.995,69.368],[-140.335,69.623],[-141.059,69.595],[-141.013,69.378],[-141.014,68.093],[-140.997,67.077],[-140.974,66.026],[-140.916,64.768],[-140.927,63.786],[-140.947,61.835],[-140.935,60.86],[-140.895,60.389],[-140.807,60.263],[-140.429,60.23],[-139.338,60.285],[-139.005,60.258],[-138.621,59.778],[-137.649,59.185],[-137.223,58.882],[-137.116,59.028],[-136.735,59.121],[-136.184,59.422],[-135.855,59.646],[-135.258,59.67],[-134.791,59.214],[-133.869,58.685],[-133.503,58.424],[-132.707,57.629],[-131.955,56.782],[-131.725,56.605],[-131.199,56.451],[-130.287,56.107],[-130.106,55.993],[-130.18,55.638],[-130.003,55.289],[-129.842,54.979],[-130.299,54.548],[-130.268,54.353],[-130.004,53.938],[-129.434,53.518],[-129.06,53.739],[-128.814,53.764],[-128.889,53.418],[-128.432,52.939],[-128.077,52.939],[-128.06,52.5],[-127.71,52.394],[-127.431,52.461],[-127.037,52.464],[-127.31,52.235],[-127.556,52.168],[-128.013,51.808],[-127.455,51.769],[-127.353,51.637],[-127.559,51.537],[-127.675,51.245],[-127.455,51.021],[-127.247,50.968],[-126.691,50.989],[-126.425,51.089],[-126.228,50.93],[-126.164,50.752],[-125.412,50.549],[-124.939,50.596],[-124.795,50.035],[-124.471,49.813],[-123.976,49.971],[-123.847,49.663],[-123.531,49.513],[-123.212,49.625],[-123.213,49.272],[-122.9,49.067],[-121.052,49.051],[-118.987,49.062],[-117.215,49.058],[-115.165,49.056],[-112.529,49.064],[-110.67,49.054],[-110.18,49.07],[-108.461,49.059],[-106.44,49.064],[-104.262,49.056],[-102.67,49.051],[-100.46,49.043],[-98.201,49.049],[-96.335,49.039],[-94.82,49.051],[-95.053,49.472],[-94.827,49.488],[-94.424,49.151],[-94.088,48.778],[-93.713,48.574],[-93.48,48.608],[-92.839,48.515],[-92.484,48.332],[-92.258,48.327],[-91.91,48.083],[-91.682,48.039],[-91.141,48.215],[-90,48.249],[-90,47.972],[-89.622,47.968],[-89.344,48.148],[-89.236,48.359],[-88.888,48.535],[-88.797,48.337],[-88.542,48.723],[-88.169,48.636],[-88.236,48.871],[-88.095,49.005],[-87.462,48.824],[-86.384,48.725],[-86.077,48.179],[-85.797,47.966],[-85.388,47.925],[-85.027,47.94],[-84.894,47.86],[-84.989,47.686],[-84.924,47.524],[-84.623,47.261],[-84.769,47.016],[-84.442,46.817],[-84.466,46.655],[-84.555,46.583],[-84.6,46.46],[-84.744,46.468],[-84.723,46.448],[-84.44,46.459],[-84.277,46.266],[-83.821,46.15],[-83.614,46.266],[-83.267,46.199],[-82.743,46.199],[-82.46,46.153],[-81.564,46.074],[-81.101,45.937],[-80.807,45.955],[-80.649,45.74],[-80.397,45.609],[-80.313,45.433],[-80.099,45.396],[-80.087,45.177],[-79.918,44.967],[-80.088,44.774],[-80.01,44.618],[-80.224,44.505],[-80.758,44.709],[-81.095,44.799],[-81.117,44.909],[-81.39,45.248],[-81.698,45.246],[-81.385,44.993],[-81.297,44.713],[-81.355,44.546],[-81.719,44.139],[-81.739,43.529],[-81.808,43.318],[-82.298,43.029],[-82.536,42.612],[-83.041,42.243],[-83.056,42.027],[-82.689,42.019],[-82.484,41.96],[-82.284,42.147],[-81.838,42.29],[-81.682,42.457],[-81.439,42.587],[-81.014,42.624],[-80.406,42.569],[-80.276,42.741],[-79.637,42.853],[-79.05,42.852],[-79.14,43.222],[-79.478,43.195],[-79.794,43.301],[-79.647,43.491],[-79.267,43.669],[-79.153,43.772],[-78.738,43.878],[-78.023,43.985],[-77.623,44.01],[-77.29,43.956],[-77.175,43.843],[-76.933,43.91],[-76.876,44.112],[-76.586,44.233],[-76.133,44.327]]],[[[-98.878,68.885],[-98.168,68.781],[-97.606,68.64],[-96.794,68.529],[-96.213,68.537],[-95.515,68.809],[-96.007,69.041],[-96.182,69.297],[-97.742,69.832],[-98.253,69.694],[-98.304,69.391],[-99.171,69.125],[-99.365,68.974],[-98.878,68.885]]],[[[-101.406,72.295],[-100.319,72.14],[-98.939,71.392],[-98.372,71.37],[-97.842,71.69],[-97.284,71.652],[-96.85,71.88],[-96.657,72.343],[-96.351,72.501],[-96.689,72.817],[-98.394,73.131],[-98.186,73.29],[-97.489,73.459],[-96.937,73.788],[-97.957,73.922],[-99.219,73.743],[-99.668,73.919],[-100.177,73.822],[-100.934,73.86],[-100.914,73.708],[-99.955,73.263],[-100.835,72.745],[-101.521,72.871],[-102.279,73.147],[-102.669,72.853],[-101.406,72.295]]],[[[-95.493,73.614],[-95.641,73.144],[-95.548,72.882],[-95.124,72.519],[-95.058,72.283],[-94.542,72.19],[-94.109,72.222],[-93.639,72.53],[-94.266,72.853],[-93.695,72.878],[-92.624,72.808],[-92.001,72.841],[-91.32,73.255],[-90,73.591],[-90,74],[-91.524,74.055],[-92.116,73.989],[-92.693,74.012],[-93.899,74.163],[-94.868,74.137],[-95.069,74.064],[-94.758,73.744],[-95.323,73.759],[-95.493,73.614]]],[[[-125.645,49.056],[-125.46,49.168],[-124.999,49.169],[-125.196,48.874],[-125.098,48.795],[-124.493,48.6],[-123.902,48.471],[-123.719,48.477],[-123.593,48.635],[-123.645,48.818],[-123.861,49.158],[-124.004,49.249],[-124.718,49.491],[-125.076,49.765],[-125.267,50.054],[-125.719,50.409],[-126.516,50.5],[-126.957,50.592],[-127.848,50.861],[-128.433,50.827],[-128.343,50.668],[-127.385,50.05],[-126.961,50.057],[-126.522,49.822],[-126.665,49.69],[-126.563,49.572],[-126.112,49.527],[-125.892,49.377],[-125.967,49.174],[-125.645,49.056]]],[[[-132.379,53.987],[-132.73,54.067],[-133.054,54.066],[-133.086,53.805],[-132.997,53.651],[-132.569,53.28],[-132.09,53.399],[-131.999,53.794],[-131.894,53.894],[-132.082,54.021],[-132.379,53.987]]],[[[-111.726,72.331],[-111.641,72.725],[-112.839,72.953],[-113.241,72.944],[-113.753,72.698],[-114.473,72.625],[-114.463,72.989],[-114.185,73.244],[-114.647,73.355],[-116.059,73.121],[-117.22,72.857],[-118.399,72.476],[-118.986,72.034],[-118.968,71.909],[-118.338,71.824],[-117.314,71.475],[-115.693,71.579],[-115.517,71.423],[-115.742,71.299],[-116.962,71.188],[-117.41,71.202],[-118.499,71.053],[-118.503,70.96],[-117.761,70.722],[-116.297,70.771],[-113.764,70.737],[-112.89,70.646],[-111.85,70.425],[-111.731,70.256],[-112.991,70.238],[-115.147,70.273],[-116.214,70.232],[-116.486,70.147],[-117.193,70.123],[-117.568,69.992],[-116.995,69.743],[-116.656,69.516],[-115.907,69.351],[-115.341,69.299],[-113.925,69.249],[-113.539,69.114],[-113.602,68.722],[-113.152,68.596],[-112.522,68.634],[-111.629,68.606],[-110.448,68.653],[-109.209,68.813],[-108.646,69.002],[-107.536,69.057],[-107.035,69.284],[-106.854,69.451],[-106.375,69.482],[-105.93,69.234],[-104.905,69.009],[-104.188,68.898],[-103.178,68.855],[-102.278,68.954],[-101.808,69.136],[-101.804,69.241],[-102.198,69.482],[-102.778,69.36],[-103.268,69.329],[-103.361,69.639],[-102.787,69.708],[-102.24,69.876],[-101.449,69.665],[-100.891,69.674],[-101.055,70.031],[-102.436,70.465],[-103.116,70.51],[-103.864,70.701],[-104.595,71.048],[-104.675,71.187],[-104.467,71.655],[-105.01,72.045],[-105.24,72.335],[-105.313,72.65],[-105.609,72.871],[-106.523,73.195],[-108.182,73.383],[-108.284,73.223],[-108.087,72.629],[-107.527,72.016],[-108.061,71.757],[-108.348,71.913],[-108.782,72.391],[-108.986,72.73],[-109.834,72.95],[-110.525,72.997],[-110.079,72.562],[-110.571,72.538],[-111.197,72.371],[-111.726,72.331]]],[[[-125.189,71.928],[-124.577,71.898],[-124.072,71.735],[-123.468,71.199],[-122.574,71.146],[-122.17,71.287],[-121.936,71.505],[-121.39,71.475],[-120.843,71.53],[-120.546,71.656],[-120.424,71.883],[-120.454,72.299],[-119.768,72.394],[-118.585,72.974],[-117.281,73.31],[-115.763,73.568],[-115.654,73.633],[-117.336,74.167],[-118.233,74.206],[-119.144,74.124],[-119.557,74.163],[-121.239,74.58],[-123.057,74.439],[-124.909,74.444],[-124.74,74.242],[-124.065,73.865],[-124.247,73.457],[-124.744,73.216],[-124.882,73.049],[-125.341,72.969],[-125.145,72.605],[-125.181,72.431],[-125.904,72.155],[-125.617,71.99],[-125.189,71.928]]],[[[-114.372,76.47],[-114.948,76.443],[-116.296,76.238],[-116.15,75.935],[-115.15,75.757],[-115.582,75.685],[-116.998,75.649],[-117.397,75.407],[-116.572,75.201],[-115.942,75.31],[-115.186,75.154],[-113.515,75.29],[-112.811,75.416],[-111.15,75.353],[-111.367,75.104],[-113.045,74.985],[-114.217,74.845],[-114.093,74.674],[-113.106,74.514],[-112.203,74.5],[-110.869,74.721],[-109.07,75.133],[-107.48,75.012],[-106.371,75.055],[-105.773,75.23],[-105.498,75.847],[-105.917,76.022],[-106.59,76.13],[-106.842,75.97],[-107.504,75.943],[-108.163,76.009],[-108.389,76.489],[-108.965,76.871],[-109.715,76.75],[-110.382,76.435],[-109.353,76.099],[-109.144,75.714],[-109.912,75.629],[-111.386,75.66],[-112.851,76.227],[-113.549,76.133],[-114.372,76.47]]],[[[-122.636,76.276],[-122.282,76.151],[-121.311,76.296],[-120.454,75.952],[-120.1,75.978],[-119.387,76.375],[-118.736,76.938],[-118.253,76.879],[-117.863,76.438],[-117.413,76.43],[-117,76.728],[-116.24,76.78],[-116.505,77.113],[-116.406,77.234],[-115.682,77.381],[-116.359,77.578],[-117.226,77.413],[-117.982,77.42],[-119.696,77.313],[-121.578,76.702],[-122.659,76.539],[-122.636,76.276]]],[[[-113.16,77.792],[-113.024,77.602],[-111.91,77.483],[-110.62,77.537],[-109.661,77.95],[-110.71,78.023],[-113.01,77.923],[-113.16,77.792]]],[[[-103.512,78.273],[-102.564,78.31],[-101.168,78.269],[-100.471,77.895],[-99.68,77.792],[-99.049,77.941],[-99.125,78.133],[-99.892,78.658],[-100.693,78.878],[-102.569,79.016],[-103.365,79.389],[-104.441,79.459],[-105.452,79.403],[-105.481,79.224],[-104.11,79.058],[-103.505,78.837],[-103.378,78.607],[-104.527,78.702],[-104.966,78.534],[-104.162,78.298],[-103.512,78.273]]],[[[-60.627,47.133],[-61.047,46.664],[-61.381,46.331],[-61.409,46.046],[-61.248,45.793],[-61.025,45.67],[-60.507,45.664],[-59.997,45.854],[-59.807,46.081],[-60.03,46.289],[-60.169,46.314],[-60.446,46.171],[-60.761,45.891],[-61.072,45.988],[-60.963,46.189],[-60.584,46.385],[-60.428,46.743],[-60.26,46.938],[-60.627,47.133]]],[[[-57.814,49.202],[-57.974,49.083],[-58.392,49.037],[-58.68,48.703],[-58.139,48.599],[-58.652,48.376],[-59.319,47.963],[-59.157,47.67],[-58.7,47.736],[-58.091,47.763],[-56.804,47.616],[-56.33,47.636],[-56.079,47.865],[-55.739,47.872],[-55.756,47.651],[-55.513,47.586],[-55.368,47.795],[-54.783,47.711],[-55.067,47.548],[-55.277,47.313],[-55.83,47.129],[-55.804,46.967],[-55.408,46.948],[-54.936,47.339],[-54.576,47.497],[-54.211,47.804],[-53.896,47.557],[-53.901,47.407],[-54.125,47.113],[-53.914,46.996],[-53.644,47.179],[-53.625,46.886],[-53.07,46.731],[-52.729,47.455],[-52.774,47.539],[-53.096,47.552],[-53.118,47.878],[-53.356,47.949],[-53.577,47.74],[-53.703,47.844],[-53.882,48.189],[-53.411,48.295],[-53.115,48.524],[-53.249,48.648],[-53.763,48.523],[-54.13,48.836],[-53.643,49.151],[-53.509,49.282],[-54.158,49.477],[-54.62,49.476],[-54.766,49.293],[-55.107,49.279],[-55.851,49.566],[-55.968,49.657],[-55.565,49.966],[-56.067,50.103],[-56.273,50.017],[-56.49,49.768],[-56.784,49.819],[-56.662,50.056],[-56.11,50.703],[-55.77,51.054],[-55.927,51.252],[-55.557,51.326],[-55.422,51.425],[-55.561,51.557],[-56.152,51.47],[-56.702,51.185],[-57.356,50.595],[-57.86,49.988],[-58.128,49.496],[-57.814,49.202]]],[[[-87.053,63.752],[-87.101,63.545],[-85.601,63.748],[-85.432,63.598],[-85.463,63.206],[-85.157,63.185],[-84.655,63.314],[-84.087,63.672],[-83.496,63.744],[-83.517,64.052],[-83.189,64.182],[-82.731,64.075],[-82.198,63.69],[-81.123,63.52],[-80.696,63.5],[-80.179,63.722],[-80.953,63.978],[-81.872,63.991],[-81.831,64.407],[-82.11,64.644],[-83.085,64.865],[-83.76,65.211],[-84.424,65.392],[-84.605,65.181],[-85.198,65.376],[-85.058,65.609],[-85.558,65.864],[-85.821,65.36],[-86.016,65.105],[-86.243,64.542],[-86.061,64.141],[-86.801,63.888],[-87.053,63.752]]],[[[-76.794,68.147],[-77.248,67.655],[-77.065,67.329],[-76.269,67.249],[-75.77,67.302],[-75.146,67.577],[-75.12,68.113],[-75.885,68.343],[-76.496,68.267],[-76.794,68.147]]],[[[-71.258,63.567],[-71.622,63.21],[-71.319,63.061],[-70.075,62.772],[-69.559,62.709],[-69.155,62.42],[-68.664,62.307],[-68.014,62.259],[-66.765,61.944],[-65.94,61.79],[-66.332,62.319],[-66.681,62.566],[-67.264,62.856],[-68.093,63.146],[-68.476,63.337],[-68.836,63.65],[-68.486,63.737],[-67.682,63.453],[-67.766,63.802],[-67.144,63.375],[-66.496,63.077],[-66.087,62.993],[-65.698,63.008],[-65.298,62.696],[-64.938,62.711],[-65.156,62.988],[-64.735,63.067],[-65.21,63.643],[-65.001,63.765],[-64.415,63.245],[-64.365,63.438],[-64.474,63.744],[-65.309,64.179],[-65.327,64.359],[-66.193,64.889],[-66.598,64.766],[-66.829,64.96],[-67.329,65.584],[-67.865,65.627],[-68.252,66.064],[-68.085,66.189],[-67.614,65.912],[-67.161,65.986],[-67.76,66.373],[-67.749,66.476],[-67.256,66.616],[-66.913,66.595],[-65.717,66.054],[-65.034,65.953],[-65.178,65.654],[-64.844,65.378],[-64.425,65.502],[-64.184,65.19],[-63.541,64.995],[-63.352,65.025],[-63.511,65.431],[-63.381,65.927],[-62.845,65.614],[-62.544,65.848],[-62.068,65.937],[-62.094,66.061],[-62.655,66.338],[-62.298,66.435],[-61.864,66.318],[-61.495,66.341],[-61.211,66.635],[-62.096,67.017],[-62.521,66.846],[-63.165,66.926],[-62.991,67.177],[-64.614,67.115],[-64.601,67.315],[-63.933,67.413],[-64.102,67.568],[-64.829,67.953],[-65.53,67.87],[-66.407,68.025],[-66.745,67.927],[-67.032,68.307],[-68.665,68.716],[-68.775,68.844],[-68.077,68.897],[-67.98,68.988],[-68.533,69.25],[-68.391,69.334],[-67.626,69.207],[-66.668,69.186],[-66.773,69.322],[-67.44,69.502],[-68.04,69.531],[-68.043,69.773],[-67.044,69.798],[-67.575,70.185],[-68.021,70.299],[-68.366,70.123],[-69.463,69.96],[-69.591,70.197],[-68.75,70.39],[-68.469,70.56],[-69.092,70.782],[-69.684,70.742],[-70.293,70.618],[-70.652,70.764],[-70.667,71.08],[-71.356,70.955],[-71.882,70.931],[-71.253,71.351],[-71.664,71.513],[-72.535,71.629],[-73.275,71.161],[-73.672,71.556],[-74.112,71.688],[-74.809,71.422],[-75.204,71.569],[-74.313,72.039],[-74.896,72.282],[-75.322,72.548],[-76.15,72.57],[-77.119,72.711],[-77.896,72.701],[-78.363,72.582],[-78.666,72.314],[-78.574,71.93],[-79.056,71.96],[-79.125,72.289],[-79.953,72.343],[-80.081,72.138],[-80.57,71.996],[-81.027,72.05],[-81.044,72.38],[-80.725,72.665],[-80.489,73.037],[-81.532,73.688],[-82.697,73.782],[-84.505,73.491],[-84.862,73.355],[-83.885,73.07],[-85.107,73.084],[-85.506,72.94],[-85.504,72.608],[-84.831,72.468],[-84.289,72.256],[-85.116,72.278],[-85.602,72.01],[-85.205,71.769],[-84.689,71.66],[-84.488,71.349],[-84.783,71.062],[-85.891,71.122],[-85.859,71.261],[-85.243,71.465],[-85.945,71.744],[-86.333,71.993],[-86.414,72.315],[-86.214,72.449],[-86.779,72.693],[-86.855,72.859],[-86.662,73.097],[-85.254,73.777],[-85.64,73.865],[-86.892,73.83],[-88.099,73.636],[-89.1,73.196],[-89.639,72.782],[-89.821,72.348],[-89.334,72.168],[-89.814,71.979],[-89.997,71.541],[-89.435,71.441],[-88.854,71.45],[-87.949,71.351],[-87.169,71.019],[-87.705,70.925],[-88.759,71],[-89.15,70.968],[-89.019,70.675],[-88.432,70.461],[-87.948,70.385],[-87.121,70.402],[-86.944,70.556],[-86.373,70.465],[-86.372,70.196],[-85.984,70.113],[-84.874,70.115],[-83.313,69.957],[-82.926,70.011],[-82.269,69.86],[-81.138,70.015],[-80.713,70.153],[-79.826,69.918],[-79.241,69.881],[-78.713,70.011],[-78.941,70.271],[-80.218,70.592],[-80.49,70.815],[-79.376,70.586],[-79.101,70.655],[-78.619,70.448],[-78.003,70.288],[-77.699,70.136],[-77.622,69.892],[-76.971,69.802],[-75.552,69.222],[-75.625,69.102],[-76.643,69.032],[-76.546,68.731],[-75.57,68.868],[-75.199,68.862],[-74.752,69.043],[-74.405,68.66],[-73.937,68.444],[-73.185,68.296],[-72.354,67.53],[-72.305,67.264],[-72.874,66.886],[-73.036,66.642],[-73.994,66.266],[-74.28,66.06],[-73.932,65.9],[-73.42,65.529],[-73.494,65.405],[-74.079,65.448],[-74.665,65.323],[-75.368,65.263],[-75.356,64.916],[-75.789,65.197],[-76.655,65.341],[-77.358,65.376],[-77.387,65.064],[-77.867,64.99],[-78.127,64.651],[-78.103,64.507],[-77.737,64.393],[-76.526,64.23],[-75.936,64.267],[-75.452,64.548],[-74.685,64.399],[-74.431,64.435],[-74.559,64.78],[-74.256,64.766],[-73.666,64.602],[-73.164,64.574],[-73.148,64.344],[-72.73,64.015],[-72.388,63.858],[-71.879,63.802],[-71.258,63.567]]],[[[-89.802,75.918],[-91.156,75.974],[-90,76.185],[-89.812,76.373],[-90,76.591],[-92.247,76.622],[-93.085,76.527],[-93.064,76.375],[-92.224,75.947],[-92.101,75.638],[-92.366,75.421],[-91.867,74.789],[-91.358,74.757],[-91.054,74.977],[-89.698,74.615],[-89.269,74.705],[-88.947,74.932],[-88.39,74.99],[-88.144,74.569],[-87.49,74.538],[-86.306,74.621],[-86.212,74.816],[-85.118,74.623],[-84.568,74.616],[-83.581,74.699],[-83.614,75.024],[-83.074,74.984],[-82.936,74.684],[-82.373,74.555],[-80.349,74.616],[-80.5,75.03],[-79.495,75.28],[-79.739,75.47],[-80.766,75.61],[-81.703,75.875],[-83.559,75.905],[-85.203,75.743],[-85.83,75.617],[-86.179,75.408],[-86.618,75.432],[-87.293,75.656],[-88.647,75.595],[-89.042,75.461],[-89.802,75.918]]],[[[-88.64,82.074],[-91.219,81.837],[-91.08,81.538],[-89.559,81.418],[-89.193,81.096],[-86.437,81.393],[-85.192,81.324],[-84.923,81.122],[-85.364,80.991],[-84.793,80.782],[-82.791,80.697],[-81.876,80.749],[-80.088,81.022],[-78.321,80.965],[-77.521,80.75],[-81.064,80.533],[-81.719,80.385],[-82.263,80.051],[-81.356,79.908],[-81.106,79.701],[-81.758,79.682],[-83.618,80.207],[-86.17,80.279],[-86.322,80.114],[-83.911,79.257],[-81.597,78.755],[-82.326,78.665],[-83.84,78.857],[-85.807,78.906],[-86.304,78.834],[-86.825,78.586],[-86.51,78.297],[-84.843,78.16],[-84.868,77.708],[-84.407,77.631],[-83.049,77.631],[-83.319,77.374],[-83.692,77.313],[-84.93,77.345],[-85.538,77.49],[-86.436,77.817],[-87.812,77.876],[-88.051,77.754],[-87.099,77.281],[-87.854,77.219],[-88.561,77.029],[-89.247,76.977],[-89.418,76.61],[-88.589,76.468],[-88.183,76.74],[-87.273,76.504],[-85.037,76.407],[-84.559,76.543],[-84.622,76.892],[-83.763,76.536],[-82.424,76.471],[-81.918,76.633],[-81.382,76.651],[-80.814,76.238],[-78.212,76.547],[-77.804,76.726],[-78.121,77.041],[-79.022,77.056],[-81.473,77.24],[-82.102,77.316],[-81.554,77.541],[-78.855,77.374],[-78.219,77.573],[-78.367,78.033],[-77.017,77.974],[-76.143,78.072],[-76.618,78.298],[-75.753,78.361],[-75.521,78.678],[-74.909,78.821],[-74.963,79.122],[-76.254,79.325],[-77.299,79.286],[-77.239,79.583],[-76.335,79.611],[-75.174,79.515],[-73.674,79.518],[-73.376,79.581],[-74.542,79.894],[-74.245,80.043],[-72.514,79.871],[-71.454,79.846],[-70.219,80.137],[-70.511,80.545],[-69.497,80.547],[-66.482,81.303],[-65.3,81.458],[-65.588,81.705],[-67.516,81.587],[-67.854,81.752],[-67.585,81.961],[-66.375,82.101],[-63.921,82.011],[-61.989,82.312],[-61.816,82.473],[-62.427,82.634],[-65.481,82.9],[-67.696,82.873],[-70.584,83.176],[-71.926,83.084],[-73.361,83.103],[-74.161,82.991],[-76.382,83.152],[-77.074,82.863],[-78.698,83.003],[-80.415,82.867],[-81.523,82.689],[-81.287,82.387],[-79.891,82.04],[-81.391,82.079],[-82.57,82.225],[-84.947,82.379],[-86.324,82.206],[-88.64,82.074]]],[[[-100.619,75.789],[-100.097,75.765],[-99.896,75.615],[-100.474,75.315],[-99.944,75.084],[-98.002,75.162],[-98.152,75.602],[-97.667,75.861],[-97.817,76.476],[-98.615,76.678],[-99.024,76.423],[-100.067,76.675],[-100.694,76.606],[-99.912,76.168],[-100.074,76.016],[-101.14,76.436],[-101.885,76.333],[-101.675,76.064],[-102.534,75.769],[-102.15,75.644],[-100.619,75.789]]],[[[-96.723,77.022],[-96.809,76.92],[-95.873,76.513],[-93.938,76.398],[-93.795,76.738],[-94.195,76.899],[-94.934,76.923],[-95.629,77.042],[-96.723,77.022]]],[[[-97.31,78.822],[-98.343,78.803],[-98.437,78.661],[-97.46,78.101],[-96.602,77.998],[-95.233,78.132],[-95.097,78.438],[-97.31,78.822]]],[[[-88.373,80.226],[-89.042,80.167],[-89.425,80.615],[-91.016,80.75],[-92.025,81.259],[-93.203,81.226],[-95.06,81.031],[-94.25,80.674],[-95.081,80.583],[-95.58,80.386],[-94.675,80.117],[-96.433,79.933],[-95.039,79.396],[-93.178,79.534],[-91.819,79.438],[-90,79.126],[-93.303,79.256],[-94.189,79.148],[-94.103,79.023],[-92.702,78.434],[-91.424,78.305],[-90,78.263],[-90,78.624],[-89.121,78.344],[-88.759,78.451],[-88.956,78.75],[-88.661,78.901],[-87.787,78.725],[-87.165,79.126],[-85.759,79.378],[-85.994,79.486],[-86.997,79.445],[-87.341,79.644],[-87.336,80.093],[-88.373,80.226]]]]},"properties":{"NAME":"Canada","SUBJECTO":"Canada","PARTOF":"Canada","ABBREVN":"Canada","BORDERPRECISION":3,"fid":19}},
{"type":"Feature","geometry":{"type":"MultiPolygon","coordinates":[[[[-73.112,-72.749],[-71.566,-72.749],[-70.021,-72.672],[-69.325,-72.286],[-68.63,-72.054],[-68.398,-71.127],[-68.862,-70.509],[-69.48,-69.968],[-69.943,-69.35],[-70.33,-68.963],[-70.716,-68.809],[-71.412,-68.886],[-71.952,-69.041],[-72.394,-69.261],[-71.798,-69.736],[-71.798,-70.354],[-72.184,-70.586],[-72.107,-71.05],[-72.725,-71.281],[-74.116,-71.359],[-74.657,-71.436],[-75.275,-71.668],[-75.043,-72.054],[-74.348,-72.209],[-73.421,-71.977],[-72.03,-71.822],[-71.952,-72.209],[-72.493,-72.44],[-72.88,-72.44],[-73.112,-72.749]]],[[[-102.551,-72.131],[-101.16,-72.363],[-98.834,-72.521],[-97.142,-72.672],[-95.906,-72.363],[-97.22,-71.822],[-101.16,-71.822],[-102.551,-72.131]]],[[[-150.951,-76.949],[-150.325,-77.098],[-149.429,-77.098],[-149.787,-76.889],[-150.414,-76.83],[-150.951,-76.949]]],[[[-55.185,-80.94],[-50.162,-80.786],[-44.831,-80.322],[-43.904,-79.781],[-43.904,-79.24],[-44.213,-78.39],[-45.758,-78.081],[-48.849,-78.081],[-50.24,-78.39],[-50.858,-78.699],[-51.012,-79.395],[-51.708,-79.781],[-53.871,-79.936],[-54.953,-80.399],[-55.185,-80.94]]],[[[-164.058,-79.356],[-162.358,-79.742],[-160.426,-79.974],[-159.203,-79.882],[-158.804,-79.665],[-160.735,-79.047],[-162.59,-78.815],[-163.517,-78.97],[-164.058,-79.356]]],[[[169.769,-83.418],[167.569,-83.317],[168.386,-83.092],[167.275,-82.988],[164.957,-82.447],[163.309,-82.087],[162.015,-81.66],[160.577,-81.534],[160.433,-80.906],[159.579,-80.442],[158.348,-80.492],[158.135,-80.316],[159.315,-80.027],[160.345,-79.4],[159.843,-79.161],[160.686,-79.114],[161.773,-78.866],[162.594,-78.904],[163.643,-78.661],[164.902,-78.599],[166.753,-78.599],[165.551,-78.351],[165.399,-78.198],[164.483,-78.064],[164.107,-77.656],[163.529,-77.74],[163.3,-77.187],[162.327,-76.958],[162.67,-76.767],[162.632,-76.423],[162.384,-76.214],[162.765,-75.966],[162.823,-75.622],[162.407,-75.338],[162.346,-75.107],[163.414,-75.031],[163.433,-74.744],[163.777,-74.649],[164.33,-74.763],[165.189,-74.668],[164.616,-74.172],[165.799,-73.828],[167.575,-73.476],[168.178,-73.583],[168.899,-73.54],[168.975,-73.239],[169.459,-73.056],[169.728,-72.776],[170.105,-72.636],[170.116,-72.335],[169.793,-72.238],[169.89,-72.076],[170.729,-71.904],[170.525,-71.603],[170.083,-71.667],[168.743,-71.243],[167.963,-71.097],[167.635,-70.865],[164.957,-70.625],[164.319,-70.518],[162.888,-70.571],[162.485,-70.306],[161.557,-70.315],[161.33,-70.232],[160.599,-70.221],[159.846,-69.829],[159.114,-69.606],[157.307,-69.156],[156.148,-69.311],[154.435,-68.95],[154.286,-68.63],[153.924,-68.439],[153.605,-68.481],[153.752,-68.925],[152.306,-68.843],[151.093,-68.886],[150.838,-68.779],[150.893,-68.538],[148.73,-68.306],[148.263,-68.205],[148.093,-67.937],[146.875,-67.997],[146.39,-67.779],[145.322,-67.575],[145.586,-67.223],[145.262,-67.098],[144.38,-67.173],[143.388,-66.972],[142.76,-67.048],[142.183,-66.985],[141.157,-66.722],[138.685,-66.568],[136.317,-66.399],[135.053,-66.182],[134.691,-66.083],[134.982,-65.597],[134.59,-65.022],[134.035,-65.185],[134.011,-65.549],[134.205,-66.18],[133.307,-66.132],[132.967,-66.259],[130.272,-66.253],[129.422,-66.52],[129.01,-67.03],[126.8,-66.884],[126.412,-66.374],[125.441,-66.447],[125.125,-66.787],[123.54,-66.645],[122.458,-66.645],[121.454,-66.8],[119.599,-66.916],[118.286,-67.07],[116.972,-66.838],[116.122,-66.529],[115.679,-66.414],[114.436,-66.493],[113.959,-65.988],[113.015,-65.763],[112.027,-65.988],[111.673,-65.96],[110.607,-66.059],[110.568,-66.395],[109.976,-66.592],[109.404,-66.71],[108.437,-66.75],[108.101,-66.71],[107.622,-66.452],[107.159,-66.452],[105.459,-66.297],[103.836,-65.988],[103.311,-66.066],[102.631,-65.926],[101.715,-65.977],[100.875,-66.079],[99.654,-66.549],[99.12,-66.893],[98.662,-66.626],[98.064,-66.588],[97.114,-66.684],[95.723,-66.529],[93.482,-66.607],[90,-66.607],[88.654,-66.764],[88.305,-66.066],[88.084,-66.111],[87.841,-66.452],[87.765,-66.749],[87.223,-66.993],[85.523,-66.916],[82.742,-67.225],[81.814,-67.302],[79.805,-67.92],[78.26,-68.384],[77.796,-68.847],[76.869,-69.311],[75.401,-69.466],[74.396,-69.775],[72.542,-70.238],[71.924,-70.547],[71.151,-71.32],[70.301,-72.015],[69.528,-72.402],[68.215,-72.402],[67.365,-72.093],[67.365,-71.706],[68.138,-71.088],[68.684,-71.06],[69.074,-70.588],[68.191,-70.67],[67.513,-70.464],[67.841,-70.033],[68.215,-69.852],[68.622,-70.033],[68.951,-69.889],[69.142,-69.388],[69.444,-69.19],[69.773,-68.636],[69.683,-68.152],[69.374,-67.843],[66.979,-67.843],[63.579,-67.534],[62.806,-67.611],[62.111,-67.534],[59.603,-67.33],[56.627,-66.942],[56.702,-66.738],[57.111,-66.695],[57.101,-66.523],[56.767,-66.458],[56.175,-66.447],[55.142,-65.963],[53.765,-65.911],[52.452,-65.988],[50.52,-66.375],[50.006,-66.588],[50.006,-66.84],[50.273,-67.137],[49.962,-67.196],[49.67,-67.07],[48.967,-66.973],[48.314,-67.018],[48.27,-67.181],[48.848,-67.434],[48.279,-67.534],[47.305,-67.775],[47.008,-67.671],[46.919,-67.404],[46.37,-67.33],[46.058,-67.434],[46.038,-67.688],[44.797,-67.745],[44.184,-68.036],[42.561,-68.113],[41.943,-68.422],[39.647,-68.934],[39.459,-69.701],[38.332,-70.029],[37.299,-69.654],[37.674,-69.513],[37.581,-69.278],[36.986,-69.356],[36.532,-69.654],[36.078,-69.591],[35.298,-69.118],[34.716,-68.934],[34.293,-68.5],[33.541,-68.542],[33.025,-68.918],[32.748,-69.35],[31.744,-69.504],[30.662,-69.736],[28.344,-70.045],[25.639,-70.354],[23.707,-70.586],[22.548,-70.586],[19.535,-70.161],[17.603,-70.084],[16.058,-70.161],[12.658,-70.315],[11.962,-70.702],[11.113,-70.856],[10.34,-70.702],[9.413,-70.084],[8.485,-70.084],[6.554,-70.47],[3.308,-70.934],[0.681,-71.32],[-0.787,-71.706],[-1.251,-71.32],[-2.719,-71.397],[-4.882,-71.281],[-6.318,-71.425],[-6.255,-71.154],[-5.732,-70.895],[-6.35,-70.663],[-7.2,-70.895],[-7.633,-71.258],[-7.741,-71.668],[-8.823,-71.822],[-9.364,-71.127],[-9.75,-71.05],[-10.214,-71.204],[-11.141,-71.59],[-11.599,-71.634],[-11.808,-71.3],[-12.371,-71.404],[-12.329,-71.675],[-11.557,-72.072],[-11.828,-72.323],[-12.538,-72.51],[-14.271,-72.844],[-14.584,-73.178],[-15.7,-73.29],[-16.396,-73.445],[-17.091,-73.909],[-16.164,-74.063],[-15.005,-73.831],[-14.451,-74.065],[-17.168,-74.758],[-18.405,-75.686],[-20.645,-75.918],[-23.582,-75.918],[-25.977,-76.304],[-30.227,-76.845],[-32.081,-77.308],[-33.163,-77.386],[-34.94,-77.927],[-36.408,-78.622],[-36.408,-79.163],[-35.018,-79.163],[-32.854,-79.317],[-31.849,-79.24],[-29.568,-79.224],[-29.035,-79.377],[-28.913,-79.858],[-28.372,-80.09],[-28.913,-80.476],[-32.931,-80.863],[-38.031,-80.94],[-41.817,-81.404],[-42.976,-81.945],[-43.826,-81.79],[-52.249,-82.022],[-55.185,-82.331],[-57.58,-83.026],[-58.971,-83.181],[-59.28,-82.717],[-60.207,-82.331],[-63.144,-82.099],[-67.934,-81.481],[-74.889,-80.708],[-76.643,-80.215],[-78.289,-80.322],[-78.829,-80.013],[-76.434,-79.858],[-76.589,-79.395],[-77.98,-79.086],[-80.22,-79.317],[-81.302,-79.317],[-81.92,-79.163],[-82.925,-79.163],[-84.104,-78.649],[-84.161,-78.236],[-83.079,-78.236],[-82.075,-78.777],[-81.457,-78.854],[-79.139,-78.931],[-77.782,-78.649],[-77.67,-78.467],[-78.289,-78.313],[-79.293,-78.313],[-80.761,-78.236],[-81.285,-77.994],[-81.655,-77.68],[-80.687,-77.566],[-79.293,-77.695],[-77.052,-77.927],[-74.502,-78.081],[-73.027,-77.823],[-73.568,-77.481],[-75.816,-77.463],[-78.598,-76.613],[-78.829,-76.227],[-78.443,-75.995],[-77.825,-75.995],[-76.28,-76.304],[-75.932,-76.484],[-73.881,-76.627],[-70.562,-76.69],[-69.248,-76.381],[-65.925,-75.84],[-64.457,-75.686],[-63.685,-75.222],[-63.221,-74.836],[-62.68,-74.758],[-61.367,-73.909],[-60.826,-72.749],[-60.98,-72.054],[-61.676,-70.818],[-62.139,-70.509],[-62.448,-70.122],[-63.144,-69.427],[-63.453,-68.886],[-63.839,-68.654],[-64.535,-68.654],[-65.153,-68.5],[-65.694,-67.881],[-65.385,-67.341],[-64.38,-66.722],[-63.839,-66.491],[-63.376,-66.491],[-62.757,-66.645],[-62.448,-66.336],[-62.371,-65.795],[-61.598,-65.177],[-61.135,-64.868],[-59.821,-64.327],[-58.894,-64.327],[-58.353,-64.095],[-57.271,-63.709],[-57.426,-63.245],[-58.121,-63.4],[-59.126,-63.863],[-60.207,-63.941],[-61.289,-64.482],[-62.912,-64.713],[-64.225,-65.254],[-64.689,-65.563],[-65.075,-65.95],[-65.771,-66.182],[-66.853,-66.8],[-67.703,-66.877],[-67.857,-67.572],[-67.316,-67.804],[-67.239,-68.268],[-67.084,-68.654],[-67.471,-69.195],[-68.244,-69.35],[-68.784,-69.813],[-68.63,-70.277],[-68.089,-70.586],[-67.703,-71.281],[-67.084,-71.822],[-67.084,-72.44],[-67.625,-72.749],[-71.489,-73.368],[-75.584,-73.754],[-77.13,-73.638],[-78.52,-73.715],[-79.757,-73.174],[-80.993,-73.252],[-81.302,-73.793],[-81.766,-74.024],[-84.393,-73.793],[-85.938,-73.484],[-86.325,-73.252],[-87.406,-73.406],[-88.565,-73.252],[-88.72,-72.788],[-89.261,-72.788],[-89.57,-73.097],[-90,-73.329],[-93.974,-73.174],[-96.524,-73.329],[-99.788,-72.998],[-102.174,-73.09],[-102.551,-72.788],[-103.587,-72.741],[-103.587,-73.108],[-103.293,-73.328],[-102.944,-73.365],[-100.229,-73.438],[-99.678,-73.658],[-101.421,-73.768],[-103.247,-73.561],[-103.165,-73.86],[-101.88,-74.099],[-101.495,-74.539],[-100.559,-74.466],[-100.412,-74.759],[-100.999,-74.888],[-100.008,-74.943],[-99.733,-75.071],[-100.045,-75.31],[-101.752,-75.255],[-103.942,-75.106],[-105.642,-75.068],[-106.801,-75.377],[-108.347,-75.299],[-109.196,-75.145],[-110.557,-75.303],[-110.791,-74.951],[-110.337,-74.761],[-110.433,-74.295],[-111.099,-74.175],[-111.746,-74.295],[-111.744,-74.717],[-112.365,-74.836],[-113.428,-74.688],[-113.238,-74.321],[-113.502,-74.072],[-114.146,-73.926],[-114.937,-74.058],[-114.992,-74.449],[-117.387,-74.527],[-118.083,-74.295],[-118.778,-74.604],[-120.169,-74.527],[-123.569,-74.836],[-127.123,-74.681],[-128.978,-74.913],[-130.987,-74.797],[-133.536,-74.797],[-134.773,-74.643],[-136.782,-74.874],[-138.559,-75.106],[-140.568,-75.261],[-144.509,-75.724],[-146.672,-76.111],[-148.527,-76.033],[-149.609,-76.343],[-148.45,-76.497],[-147.131,-76.531],[-146.116,-76.86],[-146.146,-77.457],[-147.986,-77.347],[-149.995,-77.733],[-150.613,-77.656],[-152.086,-77.337],[-154.167,-77.115],[-156.408,-77.115],[-157.151,-77.238],[-158.031,-77.27],[-158.185,-77.811],[-157.336,-78.197],[-156.563,-78.352],[-156.022,-78.352],[-154.708,-78.12],[-154.132,-78.352],[-155.867,-78.738],[-154.554,-79.124],[-153.24,-79.124],[-151.772,-79.201],[-150.58,-79.483],[-148.604,-79.665],[-146.904,-80.051],[-145.668,-80.515],[-148.836,-81.365],[-149.995,-81.21],[-151.54,-81.21],[-154.477,-81.056],[-155.713,-81.056],[-156.999,-81.196],[-156.952,-81.314],[-155.569,-81.407],[-154.267,-81.677],[-154.983,-81.911],[-154.554,-82.138],[-153.549,-82.292],[-152.081,-82.601],[-152.931,-82.91],[-153.24,-83.297],[-153.31,-83.942],[-153.086,-84.147],[-152.004,-84.379],[-149.609,-84.456],[-145.281,-84.765],[-138.817,-85.013],[-139.331,-85.223],[-141.418,-85.229],[-148.759,-85.074],[-150.381,-85.46],[-151.463,-85.306],[-156.563,-85.46],[-160.504,-85.383],[-167.226,-84.765],[-170.317,-84.688],[-173.871,-84.456],[-178.43,-84.456],[-180,-84.322],[-180,-85.322],[-180,-86.322],[-180,-87.322],[-180,-88.322],[-180,-89.322],[-180,-90],[-179.204,-90],[-178.204,-90],[-177.204,-90],[-176.204,-90],[-175.204,-90],[-174.204,-90],[-173.204,-90],[-172.204,-90],[-171.204,-90],[-170.204,-90],[-169.204,-90],[-168.204,-90],[-167.204,-90],[-166.204,-90],[-165.204,-90],[-164.204,-90],[-163.204,-90],[-162.204,-90],[-161.204,-90],[-160.204,-90],[-159.204,-90],[-158.204,-90],[-157.204,-90],[-156.204,-90],[-155.204,-90],[-154.204,-90],[-153.204,-90],[-152.204,-90],[-151.204,-90],[-150.204,-90],[-149.204,-90],[-148.204,-90],[-147.204,-90],[-146.204,-90],[-145.204,-90],[-144.204,-90],[-143.204,-90],[-142.204,-90],[-141.204,-90],[-140.204,-90],[-139.204,-90],[-138.204,-90],[-137.204,-90],[-136.204,-90],[-135.204,-90],[-134.204,-90],[-133.204,-90],[-132.204,-90],[-131.204,-90],[-130.204,-90],[-129.204,-90],[-128.204,-90],[-127.204,-90],[-126.204,-90],[-125.204,-90],[-124.204,-90],[-123.204,-90],[-122.204,-90],[-121.204,-90],[-120.204,-90],[-119.204,-90],[-118.204,-90],[-117.204,-90],[-116.204,-90],[-115.204,-90],[-114.204,-90],[-113.204,-90],[-112.204,-90],[-111.204,-90],[-110.204,-90],[-109.204,-90],[-108.204,-90],[-107.204,-90],[-106.204,-90],[-105.204,-90],[-104.204,-90],[-103.204,-90],[-102.204,-90],[-101.204,-90],[-100.204,-90],[-99.204,-90],[-98.204,-90],[-97.204,-90],[-96.204,-90],[-95.204,-90],[-94.204,-90],[-93.204,-90],[-92.204,-90],[-91.204,-90],[-90,-90],[-89.204,-90],[-88.204,-90],[-87.204,-90],[-86.204,-90],[-85.204,-90],[-84.204,-90],[-83.204,-90],[-82.204,-90],[-81.204,-90],[-80.204,-90],[-79.204,-90],[-78.204,-90],[-77.204,-90],[-76.204,-90],[-75.204,-90],[-74.204,-90],[-73.204,-90],[-72.204,-90],[-71.204,-90],[-70.204,-90],[-69.204,-90],[-68.204,-90],[-67.204,-90],[-66.204,-90],[-65.204,-90],[-64.204,-90],[-63.204,-90],[-62.204,-90],[-61.204,-90],[-60.204,-90],[-59.204,-90],[-58.204,-90],[-57.204,-90],[-56.204,-90],[-55.204,-90],[-54.204,-90],[-53.204,-90],[-52.204,-90],[-51.204,-90],[-50.204,-90],[-49.204,-90],[-48.204,-90],[-47.204,-90],[-46.204,-90],[-45.204,-90],[-44.204,-90],[-43.204,-90],[-42.204,-90],[-41.204,-90],[-40.204,-90],[-39.204,-90],[-38.204,-90],[-37.204,-90],[-36.204,-90],[-35.204,-90],[-34.204,-90],[-33.204,-90],[-32.204,-90],[-31.204,-90],[-30.204,-90],[-29.204,-90],[-28.204,-90],[-27.204,-90],[-26.204,-90],[-25.204,-90],[-24.204,-90],[-23.204,-90],[-22.204,-90],[-21.204,-90],[-20.204,-90],[-19.204,-90],[-18.204,-90],[-17.204,-90],[-16.204,-90],[-15.204,-90],[-14.204,-90],[-13.204,-90],[-12.204,-90],[-11.204,-90],[-10.204,-90],[-9.204,-90],[-8.204,-90],[-7.204,-90],[-6.204,-90],[-5.204,-90],[-4.204,-90],[-3.204,-90],[-2.204,-90],[-1.204,-90],[-0.204,-90],[0.778,-90],[1.778,-90],[2.778,-90],[3.778,-90],[4.778,-90],[5.778,-90],[6.778,-90],[7.778,-90],[8.778,-90],[9.778,-90],[10.778,-90],[11.778,-90],[12.778,-90],[13.778,-90],[14.778,-90],[15.778,-90],[16.778,-90],[17.778,-90],[18.778,-90],[19.778,-90],[20.778,-90],[21.778,-90],[22.778,-90],[23.778,-90],[24.778,-90],[25.778,-90],[26.778,-90],[27.778,-90],[28.778,-90],[29.778,-90],[30.778,-90],[31.778,-90],[32.778,-90],[33.778,-90],[34.778,-90],[35.778,-90],[36.778,-90],[37.778,-90],[38.778,-90],[39.778,-90],[40.778,-90],[41.778,-90],[42.778,-90],[43.778,-90],[44.778,-90],[45.778,-90],[46.778,-90],[47.778,-90],[48.778,-90],[49.778,-90],[50.778,-90],[51.778,-90],[52.778,-90],[53.778,-90],[54.778,-90],[55.778,-90],[56.778,-90],[57.778,-90],[58.778,-90],[59.778,-90],[60.778,-90],[61.778,-90],[62.778,-90],[63.778,-90],[64.778,-90],[65.778,-90],[66.778,-90],[67.778,-90],[68.778,-90],[69.778,-90],[70.778,-90],[71.778,-90],[72.778,-90],[73.778,-90],[74.778,-90],[75.778,-90],[76.778,-90],[77.778,-90],[78.778,-90],[79.778,-90],[80.778,-90],[81.778,-90],[82.778,-90],[83.778,-90],[84.778,-90],[85.778,-90],[86.778,-90],[87.778,-90],[88.778,-90],[89.778,-90],[89.796,-90],[90,-90],[91.778,-90],[92.778,-90],[93.778,-90],[94.778,-90],[95.778,-90],[96.778,-90],[97.778,-90],[98.778,-90],[99.778,-90],[100.778,-90],[101.778,-90],[102.778,-90],[103.778,-90],[104.778,-90],[105.778,-90],[106.778,-90],[107.778,-90],[108.778,-90],[109.778,-90],[110.778,-90],[111.778,-90],[112.778,-90],[113.778,-90],[114.778,-90],[115.778,-90],[116.778,-90],[117.778,-90],[118.778,-90],[119.778,-90],[120.778,-90],[121.778,-90],[122.778,-90],[123.778,-90],[124.778,-90],[125.778,-90],[126.778,-90],[127.778,-90],[128.778,-90],[129.778,-90],[130.778,-90],[131.778,-90],[132.778,-90],[133.778,-90],[134.778,-90],[135.778,-90],[136.778,-90],[137.778,-90],[138.778,-90],[139.778,-90],[140.778,-90],[141.778,-90],[142.778,-90],[143.778,-90],[144.778,-90],[145.778,-90],[146.778,-90],[147.778,-90],[148.778,-90],[149.778,-90],[150.778,-90],[151.778,-90],[152.778,-90],[153.778,-90],[154.778,-90],[155.778,-90],[156.778,-90],[157.778,-90],[158.778,-90],[159.778,-90],[160.778,-90],[161.778,-90],[162.778,-90],[163.778,-90],[164.778,-90],[165.778,-90],[166.778,-90],[167.778,-90],[168.778,-90],[169.778,-90],[170.778,-90],[171.778,-90],[172.778,-90],[173.778,-90],[174.778,-90],[175.778,-90],[176.778,-90],[177.778,-90],[178.778,-90],[180,-90],[180,-89.319],[180,-88.319],[180,-87.319],[180,-86.319],[180,-85.319],[180,-84.34],[176.933,-84.031],[174.585,-83.883],[172.58,-83.844],[171.49,-83.594],[169.769,-83.418]]]]},"properties":{"ABBREVN":"Antarctica","BORDERPRECISION":3,"fid":20}},
{"type":"Feature","geometry":{"type":"MultiPolygon","coordinates":[[[[5.824,49.507],[5.475,49.48],[5.418,49.583],[4.877,49.885],[4.668,49.96],[4.285,49.911],[4.156,49.966],[4.22,50.242],[4.051,50.318],[3.675,50.334],[3.603,50.47],[3.283,50.524],[3.123,50.807],[2.875,50.682],[2.616,50.89],[2.522,51.091],[2.03,51.007],[1.589,50.822],[1.528,50.578],[1.552,50.229],[1.275,50.004],[0.529,49.826],[0.189,49.681],[0.033,49.334],[-0.239,49.285],[-0.465,49.351],[-1.023,49.398],[-1.524,49.653],[-1.941,49.709],[-1.892,49.526],[-1.639,49.22],[-1.563,49.036],[-1.591,48.638],[-2.2,48.599],[-2.343,48.674],[-2.636,48.552],[-2.791,48.59],[-3.091,48.872],[-3.558,48.81],[-3.608,48.693],[-3.999,48.731],[-4.762,48.552],[-4.78,48.355],[-4.35,48.391],[-4.313,48.101],[-4.364,47.829],[-3.955,47.904],[-3.712,47.798],[-3.063,47.604],[-2.842,47.492],[-2.614,47.572],[-2.466,47.494],[-2.494,47.247],[-2.005,47.043],[-2.13,46.851],[-1.711,46.449],[-1.403,46.404],[-1.256,46.307],[-1.075,46.015],[-1.247,45.688],[-1.123,45.432],[-1.276,45.129],[-1.314,44.559],[-1.561,43.524],[-1.915,43.305],[-1.702,43.196],[-1.491,43.21],[-1.397,43.032],[-0.907,42.881],[-0.612,42.731],[-0.41,42.786],[-0.166,42.649],[0.592,42.628],[0.744,42.772],[1.307,42.635],[1.364,42.41],[1.709,42.423],[1.994,42.307],[2.171,42.382],[2.363,42.293],[2.937,42.41],[3.087,42.369],[3.002,42.771],[3.068,42.945],[3.479,43.312],[3.807,43.467],[4.078,43.487],[4.417,43.346],[5.052,43.328],[5.434,43.104],[5.829,43.021],[6.523,43.151],[7.397,43.764],[7.355,43.902],[6.923,43.815],[6.997,44.05],[6.836,44.112],[6.87,44.349],[6.783,44.548],[6.943,44.869],[6.665,44.955],[6.507,45.116],[6.28,45.199],[6.219,45.347],[5.935,45.322],[5.947,45.816],[5.86,46.026],[5.941,46.176],[6.049,46.277],[6.058,46.616],[6.382,46.804],[6.364,46.946],[6.623,47.054],[6.866,47.31],[6.922,47.514],[7.333,47.465],[7.507,47.604],[7.446,47.709],[7.536,48.191],[7.681,48.359],[7.729,48.616],[8.158,48.978],[7.886,49.065],[7.465,49.099],[7.423,49.183],[6.954,49.202],[6.777,49.177],[6.433,49.445],[5.824,49.507]]],[[[9.432,42.794],[9.018,42.691],[8.609,42.487],[8.5,42.36],[8.628,42.262],[8.511,42.134],[8.742,41.882],[8.627,41.732],[8.727,41.561],[9.173,41.35],[9.305,41.575],[9.357,41.901],[9.453,42.048],[9.487,42.406],[9.405,42.581],[9.432,42.794]]]]},"properties":{"NAME":"France","SUBJECTO":"France","PARTOF":"France","ABBREVN":"France","BORDERPRECISION":3,"fid":21}},
{"type":"Feature","geometry":{"type":"MultiPolygon","coordinates":[[[[14.076,42.634],[13.714,42.398],[13.415,42.364],[13.581,42.099],[13.647,41.8],[13.863,41.75],[13.979,41.335],[13.761,41.207],[13.942,40.998],[14.051,40.768],[14.37,40.851],[14.495,40.73],[14.743,40.705],[14.951,40.551],[15.027,40.212],[15.432,39.989],[15.666,40.092],[15.825,39.661],[15.99,39.428],[16.083,39.012],[16.212,38.778],[15.99,38.735],[15.791,38.296],[15.627,38.233],[15.627,38.004],[15.785,37.91],[16.053,37.931],[16.331,38.321],[16.572,38.457],[16.522,38.725],[16.798,38.926],[17.095,38.915],[17.149,39.422],[16.532,39.698],[16.728,40.184],[16.949,40.481],[17.084,40.525],[17.402,40.292],[17.85,40.243],[17.968,40.167],[18.017,39.948],[18.365,39.747],[18.523,40.094],[18.384,40.308],[18.06,40.514],[18.034,40.597],[16.946,41.094],[15.991,41.406],[15.873,41.502],[16.198,41.746],[16.013,41.904],[15.449,41.857],[14.922,41.972],[14.519,42.23],[14.076,42.634]]],[[[14.942,36.739],[15.027,36.745],[15.301,37.058],[15.116,37.287],[15.181,37.682],[15.473,38.11],[15.387,38.206],[14.766,38.058],[14.134,37.973],[13.81,37.966],[13.322,38.221],[13.066,38.067],[12.783,38.117],[12.517,37.919],[12.454,37.766],[12.637,37.582],[13.012,37.525],[13.868,37.157],[14.216,37.049],[14.622,36.776],[14.942,36.739]]]]},"properties":{"NAME":"Kingdom of the Two Sicilies","SUBJECTO":"Kingdom of the Two Sicilies","PARTOF":"Kingdom of the Two Sicilies","ABBREVN":"Sicily","BORDERPRECISION":3,"fid":22}},
{"type":"Feature","geometry":{"type":"Polygon","coordinates":[[[8.158,48.978],[8.483,49.294],[8.31,49.553],[7.993,49.582],[7.821,49.755],[7.878,49.899],[7.645,49.98],[7.553,49.98],[6.999,49.657],[7.068,49.542],[6.884,49.426],[6.954,49.202],[7.423,49.183],[7.465,49.099],[7.886,49.065],[8.158,48.978]]]},"properties":{"NAME":"Palatinate","SUBJECTO":"Palatinate","PARTOF":"Palatinate","ABBREVN":"Palatinate","BORDERPRECISION":3,"fid":23}},
{"type":"Feature","geometry":{"type":"Polygon","coordinates":[[[8.594,47.889],[8.682,47.97],[8.512,48.112],[8.594,47.889]]]},"properties":{"NAME":"Hohenzollern","SUBJECTO":"Hohenzollern","PARTOF":"Hohenzollern","ABBREVN":"Hohenzollern","BORDERPRECISION":3,"fid":24}},
{"type":"Feature","geometry":{"type":"Polygon","coordinates":[[[7.507,47.604],[7.873,47.573],[8.635,47.779],[8.594,47.889],[8.512,48.112],[8.397,47.911],[8.022,48.458],[8.368,48.487],[8.743,48.833],[8.887,48.775],[9.261,49.063],[9.428,49.095],[9.638,49.294],[9.638,49.586],[9.305,49.627],[9.075,49.377],[8.742,49.398],[8.721,49.553],[8.31,49.553],[8.483,49.294],[8.158,48.978],[7.729,48.616],[7.681,48.359],[7.536,48.191],[7.446,47.709],[7.507,47.604]]]},"properties":{"NAME":"Baden","SUBJECTO":"Baden","PARTOF":"Baden","ABBREVN":"Baden","BORDERPRECISION":3,"fid":25}},
{"type":"Feature","geometry":{"type":"Polygon","coordinates":[[[15.009,51.056],[14.715,51.411],[14.24,51.536],[13.715,51.498],[12.627,51.611],[12.365,51.486],[12.065,51.511],[12.127,51.248],[12.065,51.023],[12.352,50.886],[12.202,50.686],[11.99,50.611],[11.842,50.327],[12.115,50.173],[12.252,50.216],[12.462,50.398],[12.982,50.474],[13.233,50.664],[13.524,50.757],[13.855,50.767],[14.596,51.023],[14.61,50.898],[14.997,50.917],[15.009,51.056]]]},"properties":{"NAME":"Saxony","SUBJECTO":"Saxony","PARTOF":"Saxony","ABBREVN":"Saxony","BORDERPRECISION":3,"fid":26}},
{"type":"Feature","geometry":{"type":"Polygon","coordinates":[[[9.91,50.502],[10.132,50.329],[10.233,50.493],[9.91,50.502]]]},"properties":{"NAME":"Prussia","SUBJECTO":"Prussia","PARTOF":"Prussia","ABBREVN":"Prussia","BORDERPRECISION":3,"fid":27}},
{"type":"Feature","geometry":{"type":"Polygon","coordinates":[[[11.258,50.699],[11.343,50.506],[11.448,50.497],[11.427,50.655],[11.258,50.699]]]},"properties":{"NAME":"Prussia","SUBJECTO":"Prussia","PARTOF":"Prussia","ABBREVN":"Prussia","BORDERPRECISION":3,"fid":28}},
{"type":"Feature","geometry":{"type":"MultiPolygon","coordinates":[[[[10.894,53.884],[10.723,53.611],[10.913,53.432],[11.081,53.691],[10.96,53.898],[10.894,53.884]]],[[[12.836,52.942],[13.143,52.877],[13.272,53.022],[13.531,53.087],[13.725,53.281],[13.806,53.604],[13.401,53.701],[13.256,53.572],[13.046,53.168],[12.787,53.249],[12.642,53.039],[12.836,52.942]]]]},"properties":{"NAME":"Mecklenburg-Strelitz","SUBJECTO":"Mecklenburg-Strelitz","PARTOF":"Mecklenburg-Strelitz","ABBREVN":"Mecklenburg","BORDERPRECISION":3,"fid":29}},
{"type":"Feature","geometry":{"type":"Polygon","coordinates":[[[8.31,49.553],[8.721,49.553],[8.742,49.398],[9.075,49.377],[8.971,49.481],[8.824,50.229],[8.415,50.077],[7.737,50.141],[7.645,49.98],[7.878,49.899],[7.821,49.755],[7.993,49.582],[8.31,49.553]]]},"properties":{"NAME":"Grand Duchy of Hesse","SUBJECTO":"Grand Duchy of Hesse","PARTOF":"Grand Duchy of Hesse","ABBREVN":"Grand Duchy","BORDERPRECISION":3,"fid":30}},
{"type":"Feature","geometry":{"type":"Polygon","coordinates":[[[8.415,50.077],[8.364,50.146],[8.402,50.272],[8.207,50.313],[8.176,50.59],[8.366,50.639],[8.169,50.797],[7.971,50.641],[7.735,50.662],[7.663,50.344],[7.737,50.141],[8.415,50.077]]]},"properties":{"NAME":"Nassau","SUBJECTO":"Nassau","PARTOF":"Nassau","ABBREVN":"Nassau","BORDERPRECISION":3,"fid":31}},
{"type":"Feature","geometry":{"type":"Polygon","coordinates":[[[8.402,50.272],[8.412,50.61],[8.366,50.639],[8.176,50.59],[8.207,50.313],[8.402,50.272]]]},"properties":{"NAME":"Wetzlar","SUBJECTO":"Wetzlar","PARTOF":"Wetzlar","ABBREVN":"Wetzlar","BORDERPRECISION":3,"fid":32}},
{"type":"Feature","geometry":{"type":"Polygon","coordinates":[[[8.535,51.079],[8.715,50.949],[8.864,51.257],[8.72,51.349],[8.535,51.079]]]},"properties":{"NAME":"Waldeck","SUBJECTO":"Waldeck","PARTOF":"Waldeck","ABBREVN":"Waldeck","BORDERPRECISION":3,"fid":33}},
{"type":"Feature","geometry":{"type":"Polygon","coordinates":[[[8.833,52.16],[8.499,52.037],[8.592,51.76],[8.869,51.657],[9.173,51.625],[9.192,51.801],[8.987,51.729],[8.833,52.16]]]},"properties":{"NAME":"Lippe-Detmold","SUBJECTO":"Lippe-Detmold","PARTOF":"Lippe-Detmold","ABBREVN":"Lippe","BORDERPRECISION":3,"fid":34}},
{"type":"Feature","geometry":{"type":"Polygon","coordinates":[[[9.173,51.625],[9.161,51.544],[9.351,51.598],[9.784,51.56],[10.151,51.637],[10.211,51.663],[9.584,51.674],[9.192,51.801],[9.173,51.625]]]},"properties":{"NAME":"Brunswick","SUBJECTO":"Brunswick","PARTOF":"Brunswick","ABBREVN":"Brunswick","BORDERPRECISION":3,"fid":35}},
{"type":"Feature","geometry":{"type":"Polygon","coordinates":[[[10.162,51.472],[10.47,51.489],[10.55,51.575],[10.18,51.596],[10.162,51.472]]]},"properties":{"NAME":"Brunswick","SUBJECTO":"Brunswick","PARTOF":"Brunswick","ABBREVN":"Brunswick","BORDERPRECISION":3,"fid":36}},
{"type":"Feature","geometry":{"type":"Polygon","coordinates":[[[10.47,51.489],[10.765,51.444],[10.973,51.584],[10.55,51.575],[10.47,51.489]]]},"properties":{"NAME":"Anhalt","SUBJECTO":"Anhalt","PARTOF":"Anhalt","ABBREVN":"Anhalt","BORDERPRECISION":3,"fid":37}},
{"type":"Feature","geometry":{"type":"Polygon","coordinates":[[[10.913,53.432],[11.081,52.971],[11.817,53.216],[12.092,53.2],[12.787,52.893],[12.836,52.942],[12.642,53.039],[12.787,53.249],[13.046,53.168],[13.256,53.572],[13.143,53.782],[12.771,53.701],[12.9,54.025],[12.463,54.255],[12.041,54.097],[11.565,54.035],[11.408,53.859],[10.96,53.898],[11.081,53.691],[10.913,53.432]]]},"properties":{"NAME":"Mecklenburg-Schwerin","SUBJECTO":"Mecklenburg-Schwerin","PARTOF":"Mecklenburg-Schwerin","ABBREVN":"Mecklenburg","BORDERPRECISION":3,"fid":38}},
{"type":"Feature","geometry":{"type":"MultiPolygon","coordinates":[[[[12.065,51.023],[11.783,50.915],[11.56,51.149],[11.303,51.216],[10.8,51.16],[10.677,50.725],[10.543,51.082],[10.118,51.004],[9.929,51.105],[9.839,50.915],[9.683,50.881],[9.694,50.505],[9.888,50.378],[10.118,50.065],[10.43,50.065],[10.576,49.961],[10.868,49.961],[10.952,50.232],[10.889,50.441],[11.036,50.531],[11.283,50.459],[11.306,50.19],[11.842,50.327],[11.99,50.611],[12.202,50.686],[12.352,50.886],[12.065,51.023]],[[9.91,50.502],[10.233,50.493],[10.132,50.329],[9.91,50.502]],[[11.258,50.699],[11.427,50.655],[11.448,50.497],[11.343,50.506],[11.258,50.699]]],[[[10.337,51.349],[10.311,51.178],[10.613,51.156],[10.724,51.364],[10.337,51.349]]]]},"properties":{"NAME":"Thuringia","SUBJECTO":"Thuringia","PARTOF":"Thuringia","ABBREVN":"Thuringia","BORDERPRECISION":3,"fid":39}},
{"type":"Feature","geometry":{"type":"Polygon","coordinates":[[[10.894,53.884],[10.884,53.882],[10.662,53.685],[10.723,53.611],[10.894,53.884]]]},"properties":{"NAME":"Lübeck","SUBJECTO":"Lübeck","PARTOF":"Lübeck","ABBREVN":"Lübeck","BORDERPRECISION":3,"fid":40}},
{"type":"Feature","geometry":{"type":"Polygon","coordinates":[[[10.884,53.882],[10.771,53.931],[10.577,53.885],[10.662,53.685],[10.884,53.882]]]},"properties":{"NAME":"Oldenburg","SUBJECTO":"Oldenburg","PARTOF":"Oldenburg","ABBREVN":"Oldenburg","BORDERPRECISION":3,"fid":41}},
{"type":"Feature","geometry":{"type":"Polygon","coordinates":[[[9.351,51.598],[9.472,51.259],[9.649,51.308],[10.162,51.472],[10.18,51.596],[10.151,51.637],[9.784,51.56],[9.351,51.598]]]},"properties":{"NAME":"Hanover","SUBJECTO":"Hanover","PARTOF":"Hanover","ABBREVN":"Hanover","BORDERPRECISION":3,"fid":42}},
{"type":"Feature","geometry":{"type":"Polygon","coordinates":[[[8.364,50.146],[8.446,50.227],[8.86,50.278],[9.078,50.583],[8.78,50.722],[8.412,50.61],[8.402,50.272],[8.364,50.146]]]},"properties":{"NAME":"Grand Duchy of Hesse","SUBJECTO":"Grand Duchy of Hesse","PARTOF":"Grand Duchy of Hesse","ABBREVN":"Gr D of Hess","BORDERPRECISION":3,"fid":43}},
{"type":"Feature","geometry":{"type":"Polygon","coordinates":[[[8.824,50.229],[9.171,50.275],[9.694,50.505],[9.683,50.881],[9.839,50.915],[9.929,51.105],[9.649,51.308],[9.472,51.259],[9.351,51.598],[9.161,51.544],[8.864,51.257],[8.715,50.949],[8.535,51.079],[8.169,50.797],[8.366,50.639],[8.412,50.61],[8.78,50.722],[9.078,50.583],[8.86,50.278],[8.446,50.227],[8.364,50.146],[8.415,50.077],[8.824,50.229]]]},"properties":{"NAME":"Electoral Hesse","SUBJECTO":"Electoral Hesse","PARTOF":"Electoral Hesse","ABBREVN":"Elect. Hesse","BORDERPRECISION":3,"fid":44}},
{"type":"Feature","geometry":{"type":"Polygon","coordinates":[[[7.875,53.634],[7.947,53.344],[7.689,53.002],[7.689,52.63],[7.885,52.671],[7.999,52.444],[8.32,52.392],[8.341,52.671],[8.465,52.692],[8.506,53.033],[8.66,53.027],[8.558,53.158],[8.423,53.261],[8.502,53.449],[8.306,53.525],[8.099,53.444],[7.875,53.634]]]},"properties":{"NAME":"Oldenburg","SUBJECTO":"Oldenburg","PARTOF":"Oldenburg","ABBREVN":"Oldenburg","BORDERPRECISION":3,"fid":45}},
{"type":"Feature","geometry":{"type":"Polygon","coordinates":[[[8.66,53.027],[8.744,53.085],[8.558,53.158],[8.66,53.027]]]},"properties":{"NAME":"Bremen","SUBJECTO":"Bremen","PARTOF":"Bremen","ABBREVN":"Bremen","BORDERPRECISION":3,"fid":46}},
{"type":"Feature","geometry":{"type":"Polygon","coordinates":[[[8.516,53.761],[8.562,53.745],[8.586,53.793],[8.516,53.761]]]},"properties":{"NAME":"Cuxhaven","SUBJECTO":"Cuxhaven","PARTOF":"Cuxhaven","ABBREVN":"Cuxhaven","BORDERPRECISION":3,"fid":47}},
{"type":"Feature","geometry":{"type":"Polygon","coordinates":[[[8.884,54.229],[9.056,54.349],[9.449,54.189],[9.674,54.189],[10.142,54.337],[9.864,54.726],[9.496,54.938],[8.616,54.887],[8.596,54.761],[8.951,54.419],[8.884,54.229]]]},"properties":{"NAME":"Schleswig","SUBJECTO":"Schleswig","PARTOF":"Schleswig","ABBREVN":"Schleswig","BORDERPRECISION":3,"fid":48}},
{"type":"Feature","geometry":{"type":"Polygon","coordinates":[[[10.723,53.611],[10.662,53.685],[10.577,53.885],[10.357,53.76],[10.357,53.614],[9.943,53.6],[10.023,53.455],[9.752,53.503],[9.376,53.571],[9.125,53.79],[8.586,53.793],[8.562,53.745],[8.516,53.761],[8.429,53.612],[8.502,53.449],[8.423,53.261],[8.558,53.158],[8.744,53.085],[8.66,53.027],[8.506,53.033],[8.465,52.692],[8.341,52.671],[8.32,52.392],[7.999,52.444],[7.885,52.671],[7.689,52.63],[7.689,53.002],[7.947,53.344],[7.875,53.634],[7.166,53.592],[6.981,53.317],[7.16,53.164],[7.228,52.967],[7.035,52.624],[6.778,52.64],[6.714,52.476],[7.069,52.366],[7.068,52.273],[7.217,52.221],[7.638,52.488],[7.863,52.345],[7.904,52.037],[8.315,52.098],[8.643,52.488],[8.787,52.365],[8.85,52.195],[8.833,52.16],[8.987,51.729],[9.192,51.801],[9.584,51.674],[10.211,51.663],[10.193,51.765],[10.511,51.882],[10.578,52.243],[10.503,52.351],[10.528,52.737],[10.704,52.82],[11.148,52.812],[11.081,52.971],[10.913,53.432],[10.723,53.611]]]},"properties":{"NAME":"Hanover","SUBJECTO":"Hanover","PARTOF":"Hanover","ABBREVN":"Hanover","BORDERPRECISION":3,"fid":49}},
{"type":"Feature","geometry":{"type":"Polygon","coordinates":[[[10.771,53.931],[11.016,54.097],[11.039,54.313],[10.649,54.259],[10.34,54.362],[10.142,54.337],[9.674,54.189],[9.449,54.189],[9.056,54.349],[8.884,54.229],[8.946,54.015],[8.857,53.867],[9.125,53.79],[9.376,53.571],[9.752,53.503],[9.943,53.6],[10.357,53.614],[10.357,53.76],[10.577,53.885],[10.771,53.931]]]},"properties":{"NAME":"Holstein","SUBJECTO":"Holstein","PARTOF":"Holstein","ABBREVN":"Holstein","BORDERPRECISION":3,"fid":50}},
{"type":"Feature","geometry":{"type":"Polygon","coordinates":[[[9.943,53.6],[9.752,53.503],[10.023,53.455],[9.943,53.6]]]},"properties":{"NAME":"Hamburg","SUBJECTO":"Hamburg","PARTOF":"Hamburg","ABBREVN":"Hamburg","BORDERPRECISION":3,"fid":51}},
{"type":"Feature","geometry":{"type":"Polygon","coordinates":[[[11.059,51.557],[11.245,51.658],[11.803,51.565],[12.161,51.84],[11.934,52.093],[11.792,52.056],[11.39,51.77],[11.067,51.747],[11.059,51.557]]]},"properties":{"NAME":"Anhalt","SUBJECTO":"Anhalt","PARTOF":"Anhalt","ABBREVN":"Anhalt","BORDERPRECISION":3,"fid":52}},
{"type":"Feature","geometry":{"type":"Polygon","coordinates":[[[8.787,52.365],[8.77,52.242],[8.85,52.195],[8.787,52.365]]]},"properties":{"NAME":"Schaumburg-Lippe","SUBJECTO":"Schaumburg-Lippe","PARTOF":"Schaumburg-Lippe","ABBREVN":"Westphalia","BORDERPRECISION":3,"fid":53}},
{"type":"Feature","geometry":{"type":"Polygon","coordinates":[[[6.433,49.445],[6.777,49.177],[6.954,49.202],[6.884,49.426],[7.068,49.542],[6.999,49.657],[7.553,49.98],[7.645,49.98],[7.737,50.141],[7.663,50.344],[7.735,50.662],[7.971,50.641],[8.169,50.797],[8.535,51.079],[8.72,51.349],[8.864,51.257],[9.161,51.544],[9.173,51.625],[8.869,51.657],[8.592,51.76],[8.499,52.037],[8.833,52.16],[8.85,52.195],[8.77,52.242],[8.787,52.365],[8.643,52.488],[8.315,52.098],[7.904,52.037],[7.863,52.345],[7.638,52.488],[7.217,52.221],[7.068,52.273],[6.882,52.126],[6.825,51.956],[6.381,51.82],[6.211,51.88],[5.979,51.804],[6.222,51.389],[5.964,51.024],[6.01,50.759],[6.281,50.498],[6.298,50.287],[6.109,50.117],[6.321,49.842],[6.531,49.798],[6.399,49.604],[6.433,49.445]]]},"properties":{"NAME":"Prussia","SUBJECTO":"Prussia","PARTOF":"Prussia","ABBREVN":"Prussia","BORDERPRECISION":3,"fid":54}},
{"type":"Feature","geometry":{"type":"Polygon","coordinates":[[[-1.081,32.454],[0.873,31.986],[6.269,31.873],[8.021,33.02],[7.817,33.064],[7.531,33.812],[7.581,34.041],[8.218,34.585],[8.313,35.011],[8.277,35.679],[8.272,36.323],[8.324,36.521],[8.631,36.803],[8.637,36.885],[7.913,36.775],[7.545,37.042],[7.307,37.061],[6.923,36.818],[6.323,37.091],[6.047,36.842],[5.383,36.675],[5.144,36.668],[4.395,36.838],[3.741,36.837],[3.324,36.651],[3.07,36.619],[2.81,36.714],[2.524,36.573],[2.294,36.541],[1.58,36.514],[1.058,36.462],[0.781,36.385],[0.199,36.033],[-0.092,35.74],[-0.429,35.86],[-0.917,35.668],[-1.147,35.629],[-1.329,35.489],[-1.495,35.234],[-1.738,35.119],[-2.193,35.054],[-2.077,34.826],[-1.738,34.605],[-1.664,34.205],[-1.681,33.258],[-1.61,33.048],[-1.341,32.694],[-1.081,32.454]]]},"properties":{"NAME":"Algiers","SUBJECTO":"Algiers","PARTOF":"Algiers","ABBREVN":"Algiers","BORDERPRECISION":3,"fid":55}},
{"type":"Feature","geometry":{"type":"Polygon","coordinates":[[[8.021,33.02],[9.417,33.335],[10.413,33.631],[10.149,33.878],[10.019,34.081],[10.116,34.234],[10.574,34.648],[10.839,34.801],[11.125,35.241],[10.989,35.622],[10.831,35.679],[10.603,35.889],[10.509,36.214],[10.633,36.424],[10.92,36.654],[11.039,36.909],[10.843,36.991],[10.581,36.793],[10.272,36.755],[10.133,37.105],[10.021,37.2],[9.732,37.282],[9.416,37.275],[9.15,37.173],[8.866,36.968],[8.637,36.885],[8.631,36.803],[8.324,36.521],[8.272,36.323],[8.277,35.679],[8.313,35.011],[8.218,34.585],[7.581,34.041],[7.531,33.812],[7.817,33.064],[8.021,33.02]]]},"properties":{"NAME":"Tunis","SUBJECTO":"Tunis","PARTOF":"Tunis","ABBREVN":"Tunis","BORDERPRECISION":3,"fid":56}},
{"type":"Feature","geometry":{"type":"Polygon","coordinates":[[[34.464,9.747],[36.53,9.731],[38.938,9.72],[39.456,10.367],[39.068,12.697],[39.003,14.427],[38.807,14.517],[38.611,14.427],[38.255,14.392],[38.005,14.659],[37.72,14.802],[37.15,14.445],[36.936,14.41],[36.812,14.249],[36.477,14.266],[36.409,13.803],[36.23,13.249],[35.879,13.103],[35.666,12.623],[35.48,12.456],[35.098,11.793],[35.012,11.303],[34.9,10.983],[34.755,10.813],[34.426,10.728],[34.367,10.546],[34.318,10.134],[34.464,9.747]]]},"properties":{"NAME":"Ethiopia","SUBJECTO":"Ethiopia","PARTOF":"Ethiopia","ABBREVN":"Ethiopia","BORDERPRECISION":3,"fid":57}},
{"type":"Feature","geometry":{"type":"Polygon","coordinates":[[[23.161,-9.951],[23.484,-10.044],[24.314,-9.997],[24.914,-9.721],[25.421,-8.522],[25.329,-7.922],[25.052,-7.692],[23.899,-7.738],[23.53,-7.922],[23.161,-8.568],[23.161,-9.951]]]},"properties":{"NAME":"Lunda","SUBJECTO":"Lunda","PARTOF":"Lunda","ABBREVN":"Lunda","BORDERPRECISION":3,"fid":58}},
{"type":"Feature","geometry":{"type":"Polygon","coordinates":[[[18.901,-9.943],[19.359,-10.9],[20.063,-10.418],[20.137,-10.047],[19.841,-9.714],[19.359,-9.603],[18.988,-9.751],[18.901,-9.943]]]},"properties":{"NAME":"Imbangala","SUBJECTO":"Imbangala","PARTOF":"Imbangala","ABBREVN":"Imbangala","BORDERPRECISION":3,"fid":59}},
{"type":"Feature","geometry":{"type":"Polygon","coordinates":[[[16.845,14.366],[16.71,14.68],[15.148,14.396],[14.533,13.781],[12.734,14.491],[11.598,14.065],[12.497,12.219],[15.811,11.982],[16.843,14.328],[16.845,14.366]]]},"properties":{"NAME":"Bornu-Kanem","SUBJECTO":"Bornu-Kanem","PARTOF":"Bornu-Kanem","ABBREVN":"Bornu","BORDERPRECISION":3,"fid":60}},
{"type":"Feature","geometry":{"type":"Polygon","coordinates":[[[11.598,14.065],[7.16,16.039],[2.5,15.447],[1.464,13.672],[2.722,9.604],[4.719,7.681],[8.861,8.199],[12.189,7.311],[13.299,7.755],[13.669,8.273],[13.003,9.826],[12.497,12.219],[11.598,14.065]]]},"properties":{"NAME":"Fulani Empire","SUBJECTO":"Fulani Empire","PARTOF":"Fulani Empire","ABBREVN":"Fulani Empir","BORDERPRECISION":3,"fid":61}},
{"type":"Feature","geometry":{"type":"Polygon","coordinates":[[[-13.164,8.851],[-13.145,8.722],[-12.927,8.627],[-12.99,8.456],[-13.212,8.347],[-12.869,7.973],[-12.513,7.726],[-12.274,7.631],[-12.264,7.351],[-11.749,7.079],[-11.465,6.844],[-11.046,7.309],[-11.464,8.633],[-13.031,9.002],[-13.164,8.851]]]},"properties":{"NAME":"Sierra Leone","SUBJECTO":"Sierra Leone","PARTOF":"Sierra Leone","ABBREVN":"Sierra Leone","BORDERPRECISION":3,"fid":62}},
{"type":"Feature","geometry":{"type":"Polygon","coordinates":[[[34.146,31.209],[33.917,31.07],[33.558,30.968],[33.13,31.052],[33.021,31.132],[32.769,30.952],[32.597,30.964],[32.309,31.084],[32.077,31.014],[31.808,31.178],[31.717,31.388],[30.996,31.469],[30.099,31.232],[29.683,31.053],[29.249,30.754],[28.966,30.785],[28.517,30.962],[27.919,30.999],[27.763,31.183],[26.143,31.491],[25.79,31.49],[25.258,31.438],[26.005,30.708],[29.426,22.664],[30.669,21.918],[31.645,21.277],[32.662,21],[35.251,21.369],[36.8,21.915],[36.66,22.167],[36.29,22.572],[36.111,22.648],[35.746,22.914],[35.576,23.232],[35.468,23.721],[35.725,23.912],[35.19,24.4],[34.515,25.574],[34.104,26.355],[33.929,26.564],[33.804,26.932],[33.567,27.37],[33.354,27.91],[32.935,28.379],[32.649,28.766],[32.318,29.54],[32.438,29.776],[32.648,29.852],[32.944,29.198],[33.178,28.996],[33.331,28.551],[33.504,28.329],[33.856,28.025],[34.058,27.79],[34.322,27.829],[34.549,28.732],[34.764,29.247],[34.936,29.418],[34.56,30.204],[34.146,31.209]]]},"properties":{"NAME":"Egypt","SUBJECTO":"Egypt","PARTOF":"Egypt","ABBREVN":"Egypt","BORDERPRECISION":3,"fid":63}},
{"type":"Feature","geometry":{"type":"Polygon","coordinates":[[[12.117,32.879],[12.413,32.464],[14.725,30.245],[15.649,30.523],[18.885,30.221],[17.957,30.768],[17.422,30.996],[16.783,31.128],[16.318,31.165],[15.843,31.285],[15.533,31.551],[15.358,31.805],[15.241,32.173],[15.01,32.363],[14.791,32.363],[14.433,32.464],[14.157,32.679],[13.459,32.78],[13.187,32.792],[12.799,32.734],[12.565,32.74],[12.117,32.879]]]},"properties":{"NAME":"Tripolitania","SUBJECTO":"Tripolitania","PARTOF":"Tripolitania","ABBREVN":"Tripolitania","BORDERPRECISION":3,"fid":64}},
{"type":"Feature","geometry":{"type":"Polygon","coordinates":[[[19.319,30.255],[20.365,30.338],[21.197,31.077],[22.122,31.077],[23.742,32.064],[23.153,32.139],[23.027,32.253],[23.007,32.482],[22.543,32.722],[22.216,32.791],[21.673,32.816],[21.054,32.63],[20.366,32.298],[20.068,32.037],[19.942,31.611],[20.117,30.957],[19.982,30.722],[19.664,30.442],[19.319,30.255]]]},"properties":{"NAME":"Cyrenaica","SUBJECTO":"Cyrenaica","PARTOF":"Cyrenaica","ABBREVN":"Cyrenaica","BORDERPRECISION":3,"fid":65}},
{"type":"Feature","geometry":{"type":"Polygon","coordinates":[[[41.812,21.713],[41.799,23.113],[42.417,25.09],[43.899,25.954],[46.987,25.584],[49.704,24.41],[49.395,26.078],[48.469,26.695],[47.672,28.443],[47.439,28.829],[46.509,28.97],[46.905,29.438],[45.87,29.856],[44.839,29.993],[44.083,30.337],[40.029,34.391],[39.342,34.597],[38.036,34.597],[37.212,33.566],[36.525,31.162],[36.593,29.787],[37.364,27.957],[38.814,24.841],[40.648,24.153],[41.07,22.263],[41.812,21.713]]]},"properties":{"BORDERPRECISION":3,"fid":66}},
{"type":"Feature","geometry":{"type":"Polygon","coordinates":[[[56.282,25.462],[56.113,25.218],[56.113,24.304],[56.381,23.821],[57.402,22.531],[57.617,22.155],[57.617,21.511],[57.241,20.812],[57.348,20.114],[57.839,19.035],[57.778,19.314],[57.806,20.172],[57.931,20.401],[58.044,20.433],[58.403,20.357],[58.512,20.421],[58.861,21.114],[59.259,21.477],[59.536,21.802],[59.837,22.279],[59.826,22.374],[59.461,22.539],[59.254,22.729],[58.628,23.458],[58.465,23.509],[58.081,23.502],[57.904,23.571],[57.146,23.982],[56.794,24.268],[56.611,24.477],[56.405,24.82],[56.406,25.309],[56.282,25.462]]]},"properties":{"NAME":"Oman","SUBJECTO":"Oman","PARTOF":"Oman","ABBREVN":"Oman","BORDERPRECISION":3,"fid":67}},
{"type":"Feature","geometry":{"type":"Polygon","coordinates":[[[49.704,24.41],[46.987,25.584],[43.899,25.954],[42.417,25.09],[41.799,23.113],[41.812,21.713],[41.923,20.767],[43.595,20.06],[45.368,18.61],[51.761,19.953],[53.051,20.382],[53.373,20.758],[53.266,21.833],[53.051,22.155],[51.654,22.585],[50.955,23.283],[50.569,23.854],[49.704,24.41]]]},"properties":{"NAME":"Nejd","SUBJECTO":"Nejd","PARTOF":"Nejd","ABBREVN":"Nejd","BORDERPRECISION":3,"fid":68}},
{"type":"Feature","geometry":{"type":"Polygon","coordinates":[[[46.878,13.474],[46.711,13.936],[46.335,14.097],[45.261,13.828],[44.509,14.097],[43.488,16.622],[42.764,16.645],[42.884,15.985],[42.764,15.667],[42.796,15.47],[43.207,14.079],[43.348,13.851],[43.384,13.565],[43.303,13.241],[43.484,12.93],[43.841,12.664],[44.063,12.614],[44.441,12.64],[44.681,12.825],[44.964,12.825],[45.396,13.074],[45.692,13.348],[45.826,13.405],[46.601,13.401],[46.878,13.474]]]},"properties":{"NAME":"Yemen","SUBJECTO":"Yemen","PARTOF":"Yemen","ABBREVN":"Yemen","BORDERPRECISION":3,"fid":69}},
{"type":"Feature","geometry":{"type":"Polygon","coordinates":[[[50.569,23.854],[50.955,23.283],[51.654,22.585],[53.051,22.155],[53.266,21.833],[53.373,20.758],[53.051,20.382],[51.761,19.953],[45.368,18.61],[43.595,20.06],[41.923,20.767],[40.82,19.685],[41.033,19.285],[41.399,18.441],[41.629,18.047],[42.009,17.737],[42.207,17.515],[42.535,17.071],[42.764,16.645],[43.488,16.622],[44.509,14.097],[45.261,13.828],[46.335,14.097],[46.711,13.936],[46.878,13.474],[47.37,13.669],[48.036,14.045],[48.27,14.078],[48.537,14.046],[48.765,14.098],[48.96,14.219],[49.173,14.499],[49.334,14.633],[50.291,14.959],[51.313,15.247],[51.95,15.541],[52.135,15.687],[52.238,16.1],[52.652,16.489],[52.894,16.61],[53.681,16.898],[54.084,17.019],[54.407,17.045],[54.756,16.951],[54.911,16.97],[55.195,17.149],[55.29,17.676],[55.561,17.937],[56.013,17.932],[56.258,17.977],[56.458,18.092],[56.549,18.219],[56.609,18.467],[56.739,18.689],[56.904,18.817],[57.186,18.938],[57.657,18.971],[57.839,19.035],[57.348,20.114],[57.241,20.812],[57.617,21.511],[57.617,22.155],[57.402,22.531],[56.381,23.821],[56.113,24.304],[56.113,25.218],[56.282,25.462],[56.215,25.543],[56.405,25.861],[56.367,26.236],[56.015,25.772],[55.53,25.373],[55.457,25.42],[55.091,25.02],[54.771,24.733],[54.592,24.377],[54.347,24.154],[53.687,23.987],[53.076,24.087],[52.939,24.024],[52.383,24.108],[52.255,23.987],[51.946,23.945],[51.586,24.003],[51.523,24.161],[51.291,24.281],[51.288,24.411],[51.559,24.816],[51.539,25.42],[51.587,25.609],[51.506,25.845],[51.358,26.029],[51.217,26.066],[51.069,25.945],[50.847,25.265],[50.896,24.91],[50.965,24.713],[50.968,24.436],[50.569,23.854]]]},"properties":{"BORDERPRECISION":3,"fid":70}},
{"type":"Feature","geometry":{"type":"Polygon","coordinates":[[[48.554,29.995],[48.801,30.083],[48.946,30.388],[49.222,30.477],[49.235,30.223],[49.321,30.103],[49.718,30.002],[50.132,30.066],[50.36,29.743],[50.705,29.401],[50.702,29.134],[50.797,29.013],[51.35,28.036],[51.611,27.827],[51.962,27.777],[52.41,27.581],[52.891,27.052],[53.381,26.91],[53.634,26.748],[54.065,26.701],[54.646,26.391],[54.926,26.538],[55.098,26.737],[55.34,26.799],[55.425,26.963],[55.805,27.005],[55.9,27.105],[56.431,27.107],[56.79,26.974],[56.929,26.752],[56.935,26.465],[57.066,26.307],[57.112,26.076],[57.245,26.018],[57.255,25.793],[57.465,25.705],[57.805,25.648],[57.9,25.541],[58.744,25.536],[59.031,25.308],[59.302,25.34],[60.298,25.323],[60.48,25.298],[60.858,25.096],[61.344,25.027],[61.813,25.053],[62.45,25.163],[63.404,25.165],[63.65,25.337],[64.059,25.401],[64.238,25.211],[64.425,25.173],[64.851,25.206],[65.216,25.27],[65.769,25.309],[66.3,25.495],[66.432,25.489],[66.621,25.317],[66.701,25.114],[66.648,24.905],[66.702,24.752],[67.771,25.808],[67.61,26.668],[67.663,27.85],[68.362,28.28],[69.275,28.387],[69.32,28.935],[69.045,29.43],[69.053,31.626],[68.947,31.587],[68.496,31.756],[68.243,31.767],[67.829,31.536],[67.684,31.224],[67.57,31.186],[67.048,31.24],[66.921,31.207],[66.467,30.843],[66.382,30.69],[66.277,30.296],[66.233,29.889],[66.091,29.736],[65.611,29.613],[64.645,29.449],[64.089,29.395],[63.48,29.455],[62.946,29.356],[62.369,29.385],[61.503,29.602],[60.82,29.833],[61.204,30.299],[61.588,30.656],[61.779,30.905],[61.694,31.267],[61.513,31.342],[60.88,31.484],[60.794,31.579],[60.654,32.505],[60.54,32.993],[60.853,33.484],[60.841,33.566],[60.466,33.716],[60.419,34.078],[60.687,34.251],[60.787,34.385],[61.008,34.957],[61.156,35.473],[61.221,35.582],[61.119,35.905],[61.097,36.542],[61.014,36.637],[60.346,36.607],[59.24,37.448],[58.972,37.599],[58.675,37.674],[58.095,37.728],[57.407,37.992],[57.225,38.188],[56.517,38.261],[56.131,38.048],[55.356,38.038],[54.956,37.825],[54.676,37.531],[54.467,37.396],[54.015,37.348],[54.067,36.942],[53.984,36.782],[53.8,36.679],[53.139,36.644],[52.602,36.577],[51.796,36.432],[51.417,36.456],[50.561,36.686],[50.252,36.895],[50.039,37.225],[49.476,37.292],[49.06,37.398],[48.837,37.511],[48.745,37.727],[48.825,38.31],[49.052,38.932],[49.041,39.145],[49.339,39.283],[49.541,39.879],[49.573,40.176],[49.914,40.325],[50.307,40.325],[50.424,40.411],[50.19,40.57],[49.807,40.581],[49.35,40.953],[49.244,41.293],[48.999,41.517],[48.892,41.687],[48.5,41.929],[48.42,42.091],[47.97,42.594],[47.844,42.621],[47.79,42.855],[47.565,43.008],[47.601,43.322],[47.493,43.583],[47.195,43.376],[47.249,42.785],[48.224,41.471],[47.988,41.219],[47.818,41.198],[47.35,41.304],[47.35,41.442],[46.914,41.751],[46.669,41.815],[46.499,41.964],[46.042,42.049],[45.754,42.251],[45.808,42.538],[45.478,42.549],[45.297,42.676],[44.978,42.772],[44.872,42.666],[44.669,42.761],[44.414,42.729],[44.297,42.612],[43.957,42.591],[42.878,41.546],[43.475,41.087],[43.847,40.75],[43.859,40.66],[43.67,40.295],[43.685,40.109],[43.812,40.014],[44.448,39.96],[44.67,39.757],[44.637,39.662],[44.349,39.609],[44.345,39.414],[44.082,39.295],[44.065,39.173],[44.183,38.872],[44.128,38.703],[44.229,38.482],[44.447,38.385],[44.205,37.867],[44.492,37.754],[44.471,37.455],[44.795,37.132],[45.388,35.926],[45.73,35.832],[46.211,35.784],[46.001,35.515],[45.995,35.401],[46.184,35.058],[45.671,34.617],[45.565,34.274],[45.506,33.797],[46.105,33.21],[46.09,32.842],[46.508,32.812],[47.068,32.396],[47.264,32.302],[47.612,32.031],[47.793,31.797],[47.787,31.569],[47.698,31.289],[47.689,30.882],[48.033,30.878],[48.107,30.669],[48.081,30.395],[48.554,29.995]]]},"properties":{"NAME":"Persia","SUBJECTO":"Persia","PARTOF":"Persia","ABBREVN":"Persia","BORDERPRECISION":3,"fid":71}},
{"type":"Feature","geometry":{"type":"Polygon","coordinates":[[[103.621,14.411],[102.936,14.15],[102.36,13.508],[102.752,12.398],[102.612,12.096],[102.658,12.066],[102.963,11.368],[103.04,10.898],[103.192,10.905],[103.525,11.058],[103.67,10.766],[103.525,10.524],[103.831,10.474],[104.16,10.519],[104.387,10.314],[104.522,10.444],[104.813,10.547],[105.224,10.785],[105.494,10.888],[105.717,10.883],[106.027,10.796],[106.09,11.006],[105.834,11.202],[105.737,11.391],[105.843,11.583],[106.288,11.839],[106.942,12.142],[107.211,12.226],[107.385,12.354],[107.482,12.583],[107.458,13.066],[107.515,13.422],[107.31,13.878],[107.297,14.176],[107.387,14.557],[106.841,14.316],[106.511,14.541],[106.046,14.387],[106.144,14.09],[106.131,13.96],[105.862,13.972],[105.127,14.221],[104.356,14.328],[103.621,14.411]]]},"properties":{"NAME":"Cambodia","SUBJECTO":"Cambodia","PARTOF":"Cambodia","ABBREVN":"Cambodia","BORDERPRECISION":3,"fid":72}},
{"type":"Feature","geometry":{"type":"Polygon","coordinates":[[[104.387,10.314],[104.765,10.177],[104.979,9.981],[104.987,9.822],[104.822,9.472],[104.742,8.494],[104.907,8.475],[105.208,8.654],[105.503,9.029],[105.927,9.189],[106.118,9.335],[106.229,9.552],[106.482,9.552],[106.656,9.743],[106.749,10.067],[106.704,10.448],[106.09,11.006],[106.027,10.796],[105.717,10.883],[105.494,10.888],[105.224,10.785],[104.813,10.547],[104.522,10.444],[104.387,10.314]]]},"properties":{"NAME":"Cochin China","SUBJECTO":"Cochin China","PARTOF":"Cochin China","ABBREVN":"Cochin China","BORDERPRECISION":3,"fid":73}},
{"type":"Feature","geometry":{"type":"Polygon","coordinates":[[[106.09,11.006],[106.704,10.448],[106.773,10.639],[107.036,10.436],[107.266,10.348],[107.412,10.367],[107.673,10.527],[107.939,10.807],[108.164,10.966],[108.696,11.145],[108.897,11.343],[109.073,11.635],[109.048,11.934],[109.091,12.118],[109.068,12.487],[109.307,12.906],[109.071,14.17],[108.918,14.792],[108.786,15.091],[108.499,15.363],[108.363,15.623],[108.236,16.08],[108.095,16.252],[107.809,16.283],[107.692,16.371],[107.115,16.955],[106.622,17.328],[106.433,17.55],[106.364,18.007],[105.864,18.489],[105.533,18.844],[105.843,19.702],[105.965,19.881],[106.381,20.11],[106.772,20.638],[106.807,20.905],[107.374,20.881],[107.466,20.976],[107.418,21.186],[107.876,21.462],[107.787,21.526],[107.378,21.575],[107.098,21.649],[106.673,21.926],[106.551,22.091],[106.507,22.325],[106.72,22.663],[106.588,22.929],[106.238,22.908],[105.941,22.931],[105.594,23.037],[105.313,23.296],[104.945,23.103],[104.631,22.854],[104.478,22.783],[104.115,22.73],[103.397,22.707],[102.985,22.47],[102.57,22.69],[102.185,22.637],[101.968,22.534],[102.171,22.198],[102.691,21.668],[102.843,21.25],[102.993,20.94],[103.266,20.744],[103.478,20.657],[103.607,20.683],[103.836,20.9],[104.129,20.94],[104.324,20.636],[104.716,20.2],[104.72,19.972],[104.605,19.825],[104.358,19.716],[104.005,19.701],[103.88,19.535],[103.899,19.313],[104.528,18.936],[104.812,18.722],[105.413,18.084],[106.17,17.129],[106.426,16.718],[106.638,16.484],[106.946,16.308],[107.108,16.17],[107.169,15.992],[107.067,15.795],[107.1,15.668],[107.338,15.453],[107.434,15.257],[107.463,14.997],[107.387,14.557],[107.297,14.176],[107.31,13.878],[107.515,13.422],[107.458,13.066],[107.482,12.583],[107.385,12.354],[107.211,12.226],[106.942,12.142],[106.288,11.839],[105.843,11.583],[105.737,11.391],[105.834,11.202],[106.09,11.006]]]},"properties":{"NAME":"Annam","SUBJECTO":"Annam","PARTOF":"Annam","ABBREVN":"Annam","BORDERPRECISION":3,"fid":74}},
{"type":"Feature","geometry":{"type":"Polygon","coordinates":[[[47.391,11.159],[46.721,8.427],[45.357,6.853],[45.252,5.804],[45.941,3.502],[46.225,2.552],[46.361,2.668],[47.556,3.993],[48.078,4.667],[48.472,5.201],[48.95,5.99],[49.046,6.416],[49.421,6.989],[49.823,7.695],[49.777,7.854],[49.832,7.994],[50.211,8.351],[50.779,9.368],[50.853,9.597],[50.887,10.277],[51.056,10.506],[51.13,10.71],[51.061,11.243],[51.247,11.657],[51.181,11.777],[50.697,11.948],[50.081,11.476],[49.647,11.329],[49.304,11.246],[48.97,11.233],[48.534,11.333],[47.996,11.116],[47.807,11.097],[47.391,11.159]]]},"properties":{"NAME":"Somalia","SUBJECTO":"Somalia","PARTOF":"Somalia","ABBREVN":"Somalia","BORDERPRECISION":3,"fid":75}},
{"type":"Feature","geometry":{"type":"Polygon","coordinates":[[[45.941,3.502],[43.888,2.026],[41.055,-0.597],[38.746,-3.955],[38.222,-6.158],[38.904,-10.775],[40.524,-10.55],[40.387,-10.372],[39.838,-10.005],[39.658,-9.796],[39.577,-9.542],[39.392,-8.735],[39.4,-8.309],[39.478,-7.998],[39.27,-7.801],[39.566,-7.044],[39.221,-6.784],[38.922,-6.34],[38.872,-6.092],[38.934,-5.635],[39.122,-5.037],[39.267,-4.776],[39.53,-4.617],[39.681,-4.324],[39.64,-4.083],[40.074,-3.472],[40.234,-3.192],[40.271,-2.817],[40.449,-2.645],[40.75,-2.593],[40.877,-2.428],[40.915,-2.078],[41.089,-2.129],[41.339,-2.052],[41.61,-1.877],[41.607,-1.594],[41.884,-1.218],[42.44,-0.512],[42.915,-0.017],[43.724,0.8],[44.301,1.291],[44.567,1.463],[45.541,1.967],[46.225,2.552],[45.941,3.502]]]},"properties":{"NAME":"Zanzibar","SUBJECTO":"Zanzibar","PARTOF":"Zanzibar","ABBREVN":"Zanzibar","BORDERPRECISION":3,"fid":76}},
{"type":"Feature","geometry":{"type":"Polygon","coordinates":[[[38.904,-10.775],[39.533,-12.244],[39.743,-13.713],[39.638,-15.287],[39.219,-15.707],[37.645,-16.021],[36.386,-16.966],[35.546,-16.966],[34.287,-15.916],[33.343,-15.707],[33.972,-16.651],[34.812,-17.595],[34.917,-18.33],[34.182,-18.54],[33.972,-18.959],[34.077,-20.009],[34.497,-23.261],[35.297,-23.825],[35.425,-23.456],[35.531,-22.458],[35.512,-22.185],[35.261,-22.274],[35.202,-21.95],[34.994,-21.271],[35.107,-20.984],[35.023,-20.813],[34.699,-20.572],[34.726,-19.86],[34.847,-19.803],[35.915,-19.032],[36.314,-18.649],[36.892,-18],[37.275,-17.713],[37.864,-17.451],[38.193,-17.349],[38.859,-17.055],[39.471,-16.717],[39.795,-16.424],[40.386,-15.736],[40.574,-15.482],[40.61,-15.355],[40.527,-15.183],[40.781,-14.922],[40.849,-14.579],[40.618,-14.484],[40.599,-14.401],[40.603,-13.531],[40.534,-13.308],[40.366,-12.991],[40.482,-12.844],[40.527,-12.584],[40.445,-12.082],[40.393,-11.548],[40.311,-11.345],[40.536,-11.027],[40.62,-10.766],[40.524,-10.55],[38.904,-10.775]]]},"properties":{"NAME":"Portuguese East Africa","SUBJECTO":"Portuguese East Africa","PARTOF":"Portuguese East Africa","ABBREVN":"Port E Afric","BORDERPRECISION":3,"fid":77}},
{"type":"Feature","geometry":{"type":"MultiPolygon","coordinates":[[[[59.447,45.188],[59.133,45.195],[59.046,44.955],[59.238,44.797],[59.461,45.055],[59.447,45.188]]],[[[77.492,41.056],[77.689,41.019],[78.111,41.073],[78.401,41.228],[78.688,41.543],[78.871,41.679],[80.109,42],[80.279,42.154],[80.211,42.808],[80.355,42.989],[80.673,43.234],[80.772,43.382],[80.719,43.594],[80.433,44.075],[80.42,44.686],[79.932,44.805],[80.06,45.038],[80.237,45.123],[81.046,45.237],[81.69,45.357],[82.425,45.167],[82.602,45.2],[82.777,45.375],[82.72,45.504],[82.44,45.735],[82.501,45.923],[82.827,46.553],[83.06,47.067],[83.252,47.295],[84.336,47.054],[84.967,47.019],[85.478,47.093],[85.678,47.269],[85.749,47.445],[85.609,48.1],[85.762,48.361],[85.954,48.486],[86.494,48.528],[86.762,48.653],[86.783,48.992],[87.152,49.177],[87.758,49.2],[88.567,49.537],[89.191,49.573],[89.462,49.639],[89.796,49.816],[90,50.128],[90,50.307],[91.102,50.46],[91.782,50.674],[92.16,50.755],[93.323,50.621],[94.21,51.32],[93.567,52.349],[91.124,52.477],[84.437,50.548],[81.479,50.291],[78.65,50.806],[77.058,52.233],[75.463,51.663],[71.884,51.742],[66.531,50.637],[72.952,45.034],[76.737,43.364],[73.777,42.975],[74.893,42.69],[76.979,41.72],[77.492,41.056]],[[78.823,46.795],[79.084,46.81],[79.222,46.72],[79.023,46.447],[78.89,46.37],[78.465,46.392],[78.161,46.319],[77.865,46.429],[77.429,46.5],[77.104,46.454],[76.742,46.532],[76.238,46.555],[75.448,46.498],[74.888,46.377],[74.771,46.108],[74.55,46.006],[74.278,46.004],[74.289,45.651],[74.101,45.537],[74.136,45.07],[73.84,45.264],[73.444,45.657],[73.737,46.013],[73.646,46.15],[74.28,46.47],[74.625,46.752],[74.939,46.817],[75.427,46.738],[75.826,46.818],[76.203,46.78],[76.496,46.636],[76.668,46.673],[77.266,46.611],[77.69,46.659],[78.136,46.595],[78.476,46.625],[78.823,46.795]]]]},"properties":{"NAME":"central Asian khanates","SUBJECTO":"central Asian khanates","PARTOF":"central Asian khanates","ABBREVN":"central Asian khanates","BORDERPRECISION":3,"fid":78}},
{"type":"Feature","geometry":{"type":"Polygon","coordinates":[[[91.608,27.641],[92.046,27.701],[92.367,27.798],[92.546,27.92],[93.051,28.418],[93.296,28.584],[93.669,28.701],[94.166,29.027],[94.572,29.201],[95.139,28.982],[95.309,29.002],[95.929,29.38],[96.455,28.881],[96.476,28.71],[96.255,28.385],[97.06,28.219],[97.34,28.182],[97.478,28.392],[97.603,28.412],[97.83,28.286],[98.009,28.091],[98.118,27.685],[98.216,27.546],[98.572,27.542],[98.637,27.479],[98.725,26.737],[98.734,26.343],[98.575,25.955],[98.382,25.63],[98.107,25.394],[97.888,25.272],[97.524,24.8],[97.631,24.274],[97.531,23.892],[97.695,23.88],[98.137,24.099],[98.699,24.146],[98.769,24.09],[98.894,23.297],[98.985,23.151],[99.234,23.185],[99.469,23.141],[99.484,23.021],[99.156,22.308],[99.311,22.106],[99.755,22.127],[99.887,21.957],[100.04,21.621],[100.321,21.464],[100.612,21.535],[100.895,21.721],[100.945,21.55],[101.238,21.26],[101.584,21.224],[101.753,21.472],[101.699,21.707],[101.597,21.871],[101.535,22.138],[101.662,22.392],[101.968,22.534],[102.185,22.637],[102.57,22.69],[102.985,22.47],[103.397,22.707],[104.115,22.73],[104.478,22.783],[104.631,22.854],[104.945,23.103],[105.313,23.296],[105.594,23.037],[105.941,22.931],[106.238,22.908],[106.588,22.929],[106.72,22.663],[106.507,22.325],[106.551,22.091],[106.673,21.926],[107.098,21.649],[107.378,21.575],[107.787,21.526],[107.876,21.462],[108.387,21.531],[108.467,21.785],[108.555,21.823],[108.813,21.494],[109.117,21.399],[109.322,21.431],[109.516,21.597],[109.78,21.483],[109.787,21.407],[109.608,21.057],[109.603,20.879],[109.712,20.568],[109.928,20.245],[110.271,20.315],[110.434,20.436],[110.077,20.867],[110.203,21.096],[110.239,21.281],[110.566,21.231],[110.75,21.377],[111.086,21.479],[111.536,21.493],[111.831,21.754],[112.04,21.659],[112.75,21.756],[112.871,22.061],[113.097,21.979],[113.284,22.03],[113.378,22.164],[113.463,22.774],[113.717,22.482],[114.304,22.649],[114.537,22.675],[114.559,22.465],[114.848,22.51],[115.309,22.771],[115.707,22.639],[115.86,22.836],[116.341,22.913],[116.404,23.199],[116.709,23.346],[116.963,23.556],[117.406,23.69],[117.849,24.047],[117.796,24.422],[117.925,24.562],[118.346,24.467],[118.531,24.69],[118.813,24.849],[119.096,25.441],[119.335,25.53],[119.47,25.772],[119.436,26.038],[119.555,26.267],[119.429,26.591],[119.601,26.693],[119.857,26.706],[120.084,26.986],[120.352,27.177],[120.506,27.59],[120.687,27.87],[121.009,28.277],[121.166,28.125],[121.359,28.386],[121.346,28.544],[121.433,28.837],[121.649,29.32],[121.362,29.414],[121.67,29.625],[121.77,29.834],[121.391,29.922],[121.155,30.189],[120.863,30.188],[120.438,29.997],[119.944,30.116],[120.227,30.25],[120.609,30.346],[121.035,30.595],[121.328,30.691],[121.569,30.71],[121.64,30.926],[121.499,31.281],[121.268,31.452],[121.623,31.618],[121.606,31.828],[121.484,31.948],[121.231,32.062],[121.051,32.328],[120.661,32.543],[120.719,32.848],[120.641,33.045],[120.34,33.336],[120.149,33.894],[119.974,34.135],[119.3,34.591],[119.021,34.692],[119.06,35.041],[119.689,35.545],[119.907,35.768],[119.976,35.934],[119.914,36.143],[120.139,36.195],[120.27,35.985],[120.505,36.056],[120.537,36.387],[120.855,36.584],[121.61,36.834],[121.847,36.86],[122.256,36.734],[122.281,36.982],[122.393,37.301],[121.895,37.376],[121.434,37.337],[121.19,37.425],[120.787,37.705],[120.658,37.736],[120.169,37.576],[119.941,37.353],[119.599,37.117],[119.284,37.046],[118.955,37.077],[118.837,37.204],[118.812,37.446],[118.875,37.949],[118.745,38.064],[118.2,38.044],[117.589,38.284],[117.44,38.603],[117.753,39.203],[118.07,39.254],[118.275,39],[118.559,39.172],[118.978,39.224],[119.091,39.339],[119.211,39.639],[119.385,39.843],[119.824,40.042],[120.273,40.152],[120.788,40.684],[121.011,40.851],[121.427,40.864],[121.754,40.737],[122.082,40.488],[122.108,40.354],[121.789,40.078],[121.668,39.905],[121.239,39.554],[121.282,39.35],[121.66,39.332],[121.124,38.865],[121.216,38.757],[121.488,38.879],[122.027,39.256],[123.039,39.672],[123.366,39.749],[124.134,39.843],[124.491,40.28],[124.725,40.428],[125.415,40.7],[125.879,40.945],[126.166,41.189],[126.474,41.652],[126.849,41.718],[126.972,41.539],[127.423,41.356],[127.861,41.378],[128.098,41.449],[127.849,41.845],[127.984,42.108],[128.756,42.061],[129.464,42.417],[129.568,42.737],[129.74,42.898],[129.966,42.957],[130.226,42.651],[130.84,42.885],[131.069,43.079],[131.14,43.227],[131.147,43.868],[131.118,44.163],[130.969,44.567],[130.991,44.817],[131.74,45.259],[131.918,45.241],[132.531,45.032],[132.778,44.988],[132.989,45.144],[133.385,45.649],[133.667,46.135],[133.909,46.614],[134.165,47.335],[134.717,47.694],[134.628,48.213],[134.518,48.264],[134.112,48.249],[132.969,48.016],[132.269,47.778],[130.925,47.732],[130.807,47.933],[130.476,48.9],[130.384,48.964],[129.187,49.342],[128.501,49.456],[127.712,49.699],[127.516,49.874],[127.099,50.731],[126.676,51.445],[126.186,52.518],[125.853,52.947],[125.509,53.157],[124.643,53.112],[124.336,53.197],[123.869,53.413],[123.353,53.51],[122.399,53.439],[122.022,53.384],[121.188,53.32],[120.702,53.185],[119.997,52.704],[119.943,52.591],[120.564,52.614],[120.821,52.364],[120.746,52.007],[120.129,51.733],[119.86,51.488],[119.372,50.893],[119.182,50.702],[119.164,50.524],[119.322,50.368],[119.291,50.125],[118.94,49.972],[117.842,49.634],[117.491,49.586],[116.984,49.845],[116.566,50.006],[116.286,49.998],[115.734,49.864],[115.194,49.998],[114.856,50.226],[114.523,50.296],[114.098,50.274],[113.574,50.055],[113.033,49.654],[112.524,49.462],[111.378,49.319],[110.2,49.241],[109.424,49.296],[108.424,49.518],[108.058,49.686],[107.549,49.827],[106.668,50.314],[106.323,50.417],[105.155,50.443],[104.797,50.409],[103.681,50.166],[103.378,50.217],[102.639,50.456],[102.266,50.809],[102.117,51.361],[101.772,51.425],[101.011,51.672],[99.758,51.903],[99.295,51.946],[98.918,52.037],[97.61,52.148],[97.319,52.826],[95.866,53.796],[95.187,53.796],[93.567,52.349],[94.21,51.32],[93.323,50.621],[92.16,50.755],[91.782,50.674],[91.102,50.46],[90,50.307],[90,50.128],[89.796,49.816],[89.462,49.639],[89.191,49.573],[88.567,49.537],[87.758,49.2],[87.152,49.177],[86.783,48.992],[86.762,48.653],[86.494,48.528],[85.954,48.486],[85.762,48.361],[85.609,48.1],[85.749,47.445],[85.678,47.269],[85.478,47.093],[84.967,47.019],[84.336,47.054],[83.252,47.295],[83.06,47.067],[82.827,46.553],[82.501,45.923],[82.44,45.735],[82.72,45.504],[82.777,45.375],[82.602,45.2],[82.425,45.167],[81.69,45.357],[81.046,45.237],[80.237,45.123],[80.06,45.038],[79.932,44.805],[80.42,44.686],[80.433,44.075],[80.719,43.594],[80.772,43.382],[80.673,43.234],[80.355,42.989],[80.211,42.808],[80.279,42.154],[80.109,42],[78.871,41.679],[78.688,41.543],[78.401,41.228],[78.111,41.073],[77.689,41.019],[77.492,41.056],[77.02,41.112],[76.811,40.899],[76.602,40.546],[76.482,40.437],[75.856,40.312],[75.701,40.337],[75.592,40.624],[75.43,40.61],[74.648,40.28],[74.009,39.963],[73.827,39.784],[73.76,39.42],[73.77,38.956],[73.677,38.856],[73.858,38.542],[74.169,38.634],[74.58,38.59],[74.703,38.521],[74.836,38.299],[74.878,37.807],[74.988,37.701],[75.01,37.466],[74.893,37.27],[74.733,37.209],[74.521,37.005],[74.709,36.891],[74.836,36.986],[75.218,36.912],[75.347,36.765],[75.628,36.769],[75.891,36.512],[75.895,36.287],[75.754,36.055],[75.89,36.023],[76.092,35.798],[76.434,35.886],[76.815,35.56],[77.417,35.513],[77.62,35.406],[77.846,35.475],[77.846,35.243],[78.144,34.547],[78.509,34.498],[78.807,34.2],[78.575,34.018],[78.625,33.504],[78.757,33.405],[79.08,33.362],[79.141,33.245],[79.447,33.2],[79.4,33.014],[79.565,32.702],[79.136,32.412],[78.971,32.389],[78.819,32.508],[78.804,32.672],[78.451,32.583],[78.521,32.27],[78.782,32.002],[78.735,31.802],[78.858,31.638],[78.761,31.541],[78.894,31.318],[79.109,31.459],[79.281,31.348],[79.629,30.968],[79.792,31.02],[80.277,30.76],[80.225,30.596],[80.634,30.514],[81.021,30.247],[81.129,30.053],[81.264,30.031],[81.388,30.172],[81.449,30.403],[81.656,30.455],[82.142,30.366],[82.201,30.09],[82.591,29.971],[82.918,29.703],[83.197,29.666],[83.402,29.54],[83.698,29.183],[83.769,29.257],[84.088,29.309],[84.219,29.235],[84.267,28.937],[84.92,28.535],[85.07,28.647],[85.217,28.639],[85.144,28.342],[85.565,28.312],[85.729,28.342],[86.142,27.955],[86.138,28.119],[86.446,27.947],[86.604,28.133],[86.787,28.133],[87.071,28.007],[87.214,27.843],[87.597,27.873],[87.75,27.821],[87.902,27.947],[88.197,27.876],[88.564,27.979],[88.731,27.866],[88.707,27.479],[88.803,27.181],[89.366,27.876],[89.863,28.273],[90,28.28],[90,28.053],[91.152,28.032],[91.46,27.92],[91.608,27.641]]]},"properties":{"NAME":"Manchu Empire","SUBJECTO":"Manchu Empire","PARTOF":"Manchu Empire","ABBREVN":"Qing Empire","BORDERPRECISION":3,"fid":79}},
{"type":"Feature","geometry":{"type":"Polygon","coordinates":[[[-2.193,35.054],[-2.715,35.098],[-2.83,35.142],[-3.009,35.39],[-3.441,35.166],[-4.028,35.133],[-4.593,35.151],[-5.172,35.424],[-5.565,35.862],[-5.929,35.728],[-6.302,34.861],[-6.511,34.454],[-6.753,34.123],[-7.004,33.875],[-7.333,33.696],[-8.314,33.338],[-8.64,33.122],[-9.219,32.58],[-9.222,32.256],[-9.318,31.964],[-9.635,31.575],[-9.813,31.289],[-9.858,31.06],[-9.817,30.755],[-9.625,30.406],[-9.603,30.184],[-9.663,29.955],[-9.87,29.643],[-10.339,29.146],[-8.593,28.641],[-8.284,28.783],[-4.95,28.857],[-1.714,28.394],[-1.344,29.042],[-1.714,30.059],[-1.234,31.989],[-1.081,32.454],[-1.341,32.694],[-1.61,33.048],[-1.681,33.258],[-1.664,34.205],[-1.738,34.605],[-2.077,34.826],[-2.193,35.054]]]},"properties":{"NAME":"Morocco","SUBJECTO":"Morocco","PARTOF":"Morocco","ABBREVN":"Morocco","BORDERPRECISION":3,"fid":80}},
{"type":"Feature","geometry":{"type":"MultiPolygon","coordinates":[[[[-50.476,-1.679],[-50.225,-1.735],[-49.937,-1.659],[-49.347,-1.645],[-48.886,-1.421],[-48.64,-1.058],[-48.553,-0.632],[-48.402,-0.391],[-48.546,-0.321],[-49.143,-0.195],[-49.358,-0.285],[-50.207,-0.191],[-50.501,-0.262],[-50.617,-0.891],[-50.574,-1.177],[-50.611,-1.438],[-50.476,-1.679]]],[[[-58.575,6.984],[-58.559,7.315],[-58.617,7.499],[-58.881,7.797],[-59.194,8.032],[-59.834,8.44],[-60.213,8.563],[-60.539,8.601],[-60.957,8.587],[-61.271,8.51],[-61.765,8.583],[-61.29,8.771],[-61.194,8.873],[-61.121,9.165],[-60.793,9.388],[-61.001,9.521],[-61.415,9.698],[-61.531,9.851],[-61.917,9.907],[-62.103,10.021],[-62.297,9.722],[-62.385,10.014],[-62.659,10.255],[-62.925,10.369],[-62.914,10.547],[-62.336,10.535],[-62.29,10.732],[-62.703,10.757],[-63.653,10.691],[-63.857,10.71],[-64.068,10.627],[-64.537,10.264],[-64.884,10.136],[-65.376,10.154],[-65.596,10.217],[-65.977,10.407],[-66.157,10.622],[-66.478,10.679],[-67.521,10.6],[-67.98,10.542],[-68.141,10.58],[-68.302,10.726],[-68.372,11.012],[-68.549,11.265],[-68.695,11.38],[-68.961,11.468],[-69.481,11.549],[-69.629,11.541],[-69.743,11.657],[-69.786,11.94],[-69.974,12.228],[-70.138,12.209],[-70.339,11.999],[-70.197,11.751],[-69.923,11.79],[-69.792,11.693],[-69.748,11.533],[-70.122,11.491],[-70.161,11.39],[-71.098,11.12],[-71.548,10.949],[-71.456,10.885],[-71.496,10.646],[-71.184,10.046],[-71.089,9.919],[-71.014,9.627],[-71.044,9.392],[-71.369,9.143],[-71.605,9.092],[-71.758,9.25],[-71.871,9.574],[-72,9.688],[-72.114,9.904],[-71.896,10.44],[-71.749,10.604],[-71.688,10.769],[-71.988,11.608],[-71.923,11.703],[-71.594,11.844],[-71.189,11.912],[-71.061,12.061],[-71.13,12.213],[-71.437,12.422],[-71.698,12.428],[-72.059,12.237],[-72.184,11.988],[-72.38,11.81],[-72.761,11.695],[-73.082,11.446],[-73.362,11.325],[-74.219,11.368],[-74.309,11.12],[-74.323,10.922],[-74.449,10.77],[-74.548,10.969],[-74.767,11.061],[-75.033,10.953],[-75.45,10.628],[-75.543,10.411],[-75.652,9.769],[-75.605,9.598],[-75.703,9.426],[-76.01,9.381],[-76.158,9.311],[-76.383,8.98],[-76.764,8.693],[-76.851,8.464],[-76.702,8.115],[-76.858,7.93],[-76.964,8.019],[-77.063,8.247],[-77.242,8.476],[-77.495,8.661],[-77.678,8.961],[-77.967,9.215],[-78.266,9.386],[-78.612,9.48],[-78.967,9.473],[-78.998,9.543],[-79.333,9.574],[-79.5,9.638],[-80.124,9.224],[-80.356,9.203],[-80.962,8.865],[-81.168,8.828],[-81.495,8.865],[-81.674,9.058],[-81.784,8.966],[-82.066,8.977],[-82.23,9.047],[-82.326,9.445],[-82.56,9.583],[-82.808,9.611],[-82.907,9.519],[-82.913,9.113],[-82.684,8.975],[-82.863,8.809],[-82.807,8.57],[-82.975,8.404],[-82.866,8.321],[-82.957,8.047],[-82.795,8.27],[-82.384,8.321],[-82.189,8.201],[-81.664,8.165],[-81.562,7.824],[-81.197,7.64],[-81.117,7.943],[-81.007,7.784],[-80.814,7.27],[-80.406,7.299],[-80.212,7.475],[-79.976,7.492],[-80.051,7.732],[-80.403,8.059],[-80.425,8.192],[-80.269,8.377],[-80.119,8.39],[-79.712,8.616],[-79.717,8.883],[-79.321,9.04],[-79.068,9.034],[-78.754,8.874],[-78.506,8.686],[-78.381,8.395],[-78.184,8.413],[-78.045,8.552],[-77.946,8.266],[-78.247,8.197],[-78.327,8.089],[-78.265,7.886],[-78.067,7.543],[-77.897,7.172],[-77.4,6.67],[-77.338,6.429],[-77.494,6.194],[-77.475,6.092],[-77.22,5.876],[-77.241,5.692],[-77.462,5.628],[-77.5,5.514],[-77.334,5.126],[-77.267,4.739],[-77.307,4.504],[-77.445,4.179],[-77.412,4.097],[-77.161,3.913],[-77.106,3.792],[-77.399,3.315],[-77.602,2.882],[-77.802,2.577],[-77.987,2.475],[-78.468,2.467],[-78.61,2.365],[-78.648,2.175],[-78.492,1.921],[-78.575,1.774],[-78.785,1.825],[-79.014,1.774],[-79.062,1.678],[-78.929,1.411],[-78.984,1.297],[-79.376,1.017],[-79.777,0.863],[-80.086,0.818],[-80.135,0.716],[-80.046,0.43],[-80.109,0.049],[-80.403,-0.225],[-80.482,-0.486],[-80.339,-0.663],[-80.966,-1.033],[-80.754,-1.452],[-80.816,-1.859],[-80.741,-2.119],[-80.961,-2.355],[-80.778,-2.539],[-80.357,-2.728],[-80.028,-2.448],[-79.839,-2.346],[-79.745,-2.676],[-79.762,-2.797],[-80.025,-3.274],[-80.229,-3.471],[-80.245,-3.95],[-80.35,-4.103],[-80.259,-4.414],[-80.059,-4.464],[-79.692,-4.461],[-79.552,-4.575],[-79.465,-4.791],[-79.286,-5.012],[-78.998,-5.01],[-78.878,-4.87],[-77.405,-4.333],[-77.339,-4.795],[-75.691,-5.058],[-75.493,-4.663],[-74.985,-4.782],[-74.605,-4.36],[-74.309,-4.613],[-74.183,-4.402],[-73.888,-4.571],[-73.592,-4.444],[-73.423,-4.022],[-73.128,-3.938],[-73.255,-3.6],[-72.875,-3.389],[-72.242,-3.516],[-71.862,-3.263],[-71.736,-3.642],[-71.061,-3.938],[-70.588,-3.791],[-70.314,-3.751],[-70.207,-3.808],[-69.878,-4.187],[-69.901,-4.379],[-69.363,-4.135],[-69.231,-3.476],[-67.978,-3.41],[-67.846,-3.081],[-67.253,-2.553],[-66.66,-2.817],[-67.055,0.941],[-66.85,1.011],[-66.655,0.987],[-66.343,0.741],[-66.126,0.64],[-65.939,0.673],[-65.599,0.987],[-65.478,0.555],[-65.356,0.562],[-65.066,0.895],[-64.732,1.189],[-64.483,1.318],[-64.19,1.396],[-64.084,1.492],[-63.968,1.791],[-63.876,1.881],[-63.583,1.94],[-63.327,2.062],[-60.516,2.19],[-59.625,1.734],[-59.129,1.33],[-58.853,1.154],[-58.544,1.188],[-58.232,1.418],[-57.9,1.594],[-57.879,2.849],[-58.582,5],[-58.575,6.984]],[[-77.254,-2.759],[-77.9,-3.113],[-78.392,-2.913],[-78.562,-2.129],[-77.854,-1.667],[-77.254,-2.098],[-77.254,-2.759]]]]},"properties":{"NAME":"Vice-Royalty of New Granada","SUBJECTO":"Spain","PARTOF":"Vice-Royalty of New Granada","ABBREVN":"New Granada","BORDERPRECISION":3,"fid":81}},
{"type":"Feature","geometry":{"type":"Polygon","coordinates":[[[-57.9,1.594],[-57.554,1.708],[-57.134,1.902],[-56.53,1.873],[-56.031,1.749],[-55.794,1.725],[-56.069,2.181],[-55.901,2.398],[-55.424,2.281],[-55.245,2.307],[-55.004,2.48],[-54.861,2.481],[-54.388,2.261],[-54.168,2.695],[-53.977,3.357],[-53.99,3.554],[-54.225,3.934],[-54.366,4.69],[-54.304,4.957],[-54.128,5.295],[-53.837,5.689],[-54.286,5.882],[-54.57,5.964],[-54.895,5.995],[-55.283,5.981],[-55.81,5.999],[-55.911,5.776],[-56.12,5.795],[-56.746,6.003],[-56.918,5.978],[-57.065,5.837],[-57.233,6.129],[-57.414,6.351],[-58.006,6.789],[-58.275,6.871],[-58.375,6.826],[-58.509,6.559],[-58.575,6.984],[-58.582,5],[-57.879,2.849],[-57.9,1.594]]]},"properties":{"NAME":"Guiana","SUBJECTO":"Netherlands","PARTOF":"Guiana","ABBREVN":"British Guia","BORDERPRECISION":3,"fid":82}},
{"type":"Feature","geometry":{"type":"Polygon","coordinates":[[[-69.901,-4.379],[-69.97,-4.416],[-70.549,-4.267],[-70.694,-4.3],[-70.965,-4.499],[-71.132,-4.55],[-71.434,-4.52],[-72.286,-4.869],[-72.769,-5.145],[-73.039,-5.782],[-73.192,-6.081],[-73.062,-6.519],[-73.343,-6.743],[-73.622,-6.891],[-73.779,-7.045],[-73.89,-7.325],[-73.842,-7.579],[-73.564,-8.009],[-72.916,-9.041],[-66.474,-9.915],[-66.306,-9.841],[-65.886,-9.806],[-65.309,-9.816],[-65.288,-10.152],[-65.353,-10.712],[-65.337,-11.08],[-65.273,-11.366],[-65.122,-11.632],[-64.756,-12.049],[-64.261,-12.472],[-64.119,-12.516],[-63.605,-12.512],[-62.991,-12.763],[-62.654,-13.034],[-62.519,-13.078],[-62.079,-13.101],[-61.906,-13.449],[-61.627,-13.625],[-61.111,-13.591],[-60.583,-13.721],[-60.363,-13.904],[-60.38,-14.158],[-60.289,-14.621],[-60.213,-15.853],[-60.101,-16.278],[-60.032,-16.329],[-58.333,-16.37],[-58.315,-16.503],[-58.432,-16.879],[-58.402,-17.133],[-58.206,-17.316],[-57.877,-17.479],[-57.734,-17.694],[-57.596,-18.043],[-57.586,-18.265],[-57.67,-18.793],[-57.777,-19.168],[-58.138,-19.812],[-55.134,-24.057],[-54.554,-23.857],[-54.227,-24.058],[-54.219,-24.121],[-54.497,-24.835],[-54.597,-25.204],[-54.58,-25.743],[-53.942,-25.663],[-53.849,-25.752],[-53.616,-26.271],[-53.659,-27.008],[-53.731,-27.218],[-53.965,-27.359],[-54.755,-27.694],[-54.911,-27.803],[-55.646,-28.455],[-56.292,-29.068],[-57.105,-29.886],[-57.576,-30.403],[-57.328,-30.402],[-56.746,-30.246],[-56.415,-30.453],[-56.244,-30.637],[-55.874,-31.174],[-55.753,-31.167],[-55.441,-30.975],[-55.082,-31.411],[-54.557,-31.586],[-54.107,-31.85],[-53.894,-32.046],[-53.451,-32.634],[-53.228,-32.816],[-53.236,-32.937],[-53.521,-33.282],[-53.567,-33.403],[-53.406,-33.879],[-52.921,-33.439],[-52.567,-33.019],[-52.351,-32.675],[-52.042,-31.557],[-51.602,-31.232],[-51.445,-31.015],[-51.265,-30.469],[-51.232,-30.265],[-50.948,-30.36],[-50.582,-30.416],[-50.854,-30.938],[-51.137,-31.193],[-51.333,-31.46],[-51.477,-31.823],[-50.806,-31.192],[-50.469,-30.74],[-50.244,-30.32],[-49.936,-29.627],[-49.546,-29.157],[-49.192,-28.921],[-48.937,-28.698],[-48.728,-28.367],[-48.564,-27.681],[-48.603,-26.677],[-48.775,-26.385],[-48.611,-26.245],[-48.516,-25.876],[-48.57,-25.635],[-48.725,-25.426],[-48.344,-25.399],[-48.125,-25.291],[-47.886,-24.985],[-47.609,-24.788],[-47.283,-24.616],[-47.045,-24.437],[-46.206,-23.883],[-45.795,-23.736],[-45.459,-23.856],[-45.364,-23.697],[-45.148,-23.493],[-44.658,-23.263],[-44.561,-22.99],[-43.815,-22.957],[-43.606,-23.007],[-42.967,-23.031],[-42.527,-22.954],[-42.138,-22.972],[-41.958,-22.921],[-41.929,-22.546],[-41.77,-22.38],[-41.525,-22.253],[-40.984,-22.086],[-41.048,-21.661],[-40.933,-21.279],[-40.478,-20.649],[-40.14,-19.975],[-39.835,-19.701],[-39.691,-19.409],[-39.801,-18.748],[-39.666,-18.227],[-39.484,-17.998],[-39.142,-17.775],[-39.225,-17.445],[-39.208,-17.146],[-38.948,-16.002],[-38.983,-15.557],[-39.126,-14.325],[-39.07,-13.721],[-38.828,-12.983],[-38.799,-12.627],[-38.634,-12.665],[-38.509,-12.798],[-38.473,-12.989],[-38.266,-12.887],[-37.906,-12.39],[-37.637,-11.951],[-37.41,-11.468],[-37.362,-11.131],[-37.187,-10.845],[-36.829,-10.736],[-36.205,-10.156],[-35.599,-9.628],[-35.366,-9.246],[-35.114,-8.661],[-35.005,-8.279],[-34.891,-7.612],[-34.918,-7.167],[-35.039,-6.653],[-35.306,-5.751],[-35.345,-5.478],[-35.464,-5.268],[-35.665,-5.18],[-36.636,-5.118],[-37.181,-4.954],[-37.735,-4.53],[-38.786,-3.604],[-39.05,-3.408],[-39.722,-3.009],[-40.231,-2.851],[-40.678,-2.935],[-41.103,-2.974],[-41.606,-2.937],[-42.316,-2.818],[-43.068,-2.451],[-43.334,-2.432],[-43.782,-2.637],[-44.222,-2.777],[-44.593,-3.147],[-44.711,-2.759],[-44.659,-2.569],[-44.462,-2.269],[-44.796,-1.736],[-45.076,-1.604],[-45.256,-1.763],[-45.371,-1.757],[-45.492,-1.49],[-45.643,-1.363],[-46.124,-1.161],[-46.49,-1.035],[-46.634,-1.048],[-46.928,-0.928],[-47.237,-0.68],[-47.474,-0.77],[-47.927,-0.771],[-48.043,-0.816],[-48.39,-1.414],[-48.657,-1.656],[-49.221,-2.108],[-49.415,-2.096],[-49.291,-1.791],[-49.622,-1.925],[-50.399,-1.965],[-50.643,-1.882],[-50.842,-1.514],[-50.977,-1.114],[-51.568,-1.446],[-52.022,-1.568],[-52.143,-1.517],[-51.963,-1.313],[-51.774,-0.855],[-51.529,-0.429],[-51.17,-0.079],[-50.876,0.087],[-50.647,0.272],[-50.12,1.054],[-49.884,1.214],[-49.881,1.576],[-49.969,1.728],[-50.409,1.823],[-50.555,1.969],[-50.688,2.216],[-50.9,2.838],[-50.949,3.112],[-51.135,3.715],[-51.209,4.071],[-51.315,4.261],[-51.439,4.324],[-51.71,4.228],[-51.853,4.438],[-52.098,4.692],[-52.667,5.18],[-53.027,5.427],[-53.837,5.689],[-54.128,5.295],[-54.304,4.957],[-54.366,4.69],[-54.225,3.934],[-53.99,3.554],[-53.977,3.357],[-54.168,2.695],[-54.388,2.261],[-54.861,2.481],[-55.004,2.48],[-55.245,2.307],[-55.424,2.281],[-55.901,2.398],[-56.069,2.181],[-55.794,1.725],[-56.031,1.749],[-56.53,1.873],[-57.134,1.902],[-57.554,1.708],[-57.9,1.594],[-58.232,1.418],[-58.544,1.188],[-58.853,1.154],[-59.129,1.33],[-59.625,1.734],[-60.516,2.19],[-63.327,2.062],[-63.583,1.94],[-63.876,1.881],[-63.968,1.791],[-64.084,1.492],[-64.19,1.396],[-64.483,1.318],[-64.732,1.189],[-65.066,0.895],[-65.356,0.562],[-65.478,0.555],[-65.599,0.987],[-65.939,0.673],[-66.126,0.64],[-66.343,0.741],[-66.655,0.987],[-66.85,1.011],[-67.055,0.941],[-66.66,-2.817],[-67.253,-2.553],[-67.846,-3.081],[-67.978,-3.41],[-69.231,-3.476],[-69.363,-4.135],[-69.901,-4.379]]]},"properties":{"NAME":"Viceroyalty of Brazil","SUBJECTO":"Portugal","PARTOF":"Vice-Royalty of Brazil","ABBREVN":"Brazil","BORDERPRECISION":3,"fid":83}},
{"type":"Feature","geometry":{"type":"Polygon","coordinates":[[[-58.138,-19.812],[-62.61,-22.157],[-62.424,-22.333],[-62.071,-22.744],[-61.5,-23.363],[-61.24,-23.616],[-60.865,-23.881],[-60.641,-23.987],[-60.113,-24.079],[-59.811,-24.217],[-59.077,-24.715],[-58.425,-25.029],[-58.132,-25.11],[-57.71,-25.336],[-57.718,-25.457],[-57.995,-25.998],[-58.277,-26.381],[-58.204,-26.761],[-58.253,-26.851],[-58.663,-27.221],[-58.606,-27.342],[-58.072,-27.193],[-57.799,-27.204],[-57.352,-27.353],[-56.779,-27.395],[-56.163,-27.245],[-55.732,-27.452],[-55.574,-27.223],[-54.985,-26.768],[-54.817,-26.558],[-54.571,-25.851],[-54.58,-25.743],[-54.597,-25.204],[-54.497,-24.835],[-54.219,-24.121],[-54.227,-24.058],[-54.554,-23.857],[-55.134,-24.057],[-58.138,-19.812]]]},"properties":{"NAME":"Paraguay","SUBJECTO":"Paraguay","PARTOF":"Paraguay","ABBREVN":"Paraguay","BORDERPRECISION":3,"fid":84}},
{"type":"Feature","geometry":{"type":"Polygon","coordinates":[[[-80.229,-3.471],[-80.583,-3.657],[-81.042,-4.052],[-81.304,-4.332],[-81.418,-4.675],[-81.301,-4.999],[-80.876,-5.589],[-80.823,-5.716],[-80.888,-5.9],[-81.162,-5.914],[-81.297,-6.041],[-81.023,-6.206],[-80.612,-6.37],[-80.274,-6.566],[-80.066,-6.756],[-79.797,-7.194],[-79.06,-8.216],[-78.751,-8.787],[-78.302,-9.669],[-77.759,-10.659],[-77.692,-10.837],[-77.707,-11.256],[-77.336,-11.509],[-76.711,-12.76],[-76.359,-13.229],[-76.238,-13.502],[-76.242,-14.106],[-76.053,-14.41],[-75.785,-14.727],[-75.231,-15.222],[-74.621,-15.665],[-74.05,-16.045],[-73.283,-16.367],[-71.863,-17.12],[-71.612,-17.221],[-71.47,-17.393],[-71.365,-17.697],[-71.224,-17.805],[-70.584,-18.083],[-70.454,-18.223],[-70.296,-18.629],[-70.209,-19.067],[-70.19,-19.76],[-70.112,-20.693],[-70.111,-21.748],[-70.234,-22.428],[-70.23,-22.796],[-70.292,-22.987],[-70.573,-23.166],[-70.58,-23.49],[-70.415,-23.527],[-70.359,-23.661],[-70.463,-23.934],[-70.453,-24.347],[-70.519,-24.455],[-70.498,-24.83],[-70.398,-25.249],[-70.683,-25.77],[-70.655,-26.259],[-70.748,-26.876],[-70.935,-27.727],[-71.142,-27.995],[-71.297,-28.668],[-71.43,-29.1],[-71.386,-29.285],[-71.234,-29.519],[-71.237,-29.85],[-71.33,-30.104],[-71.682,-30.6],[-71.695,-30.854],[-71.52,-32.181],[-71.416,-32.753],[-71.75,-33.191],[-71.61,-33.572],[-71.616,-33.706],[-71.823,-33.935],[-71.963,-34.246],[-72.167,-34.958],[-72.33,-35.283],[-72.629,-35.646],[-72.846,-36.359],[-72.96,-36.576],[-73.144,-37.156],[-73.36,-37.322],[-73.584,-37.278],[-73.673,-37.501],[-73.435,-37.902],[-73.401,-38.099],[-73.441,-38.628],[-73.196,-39.419],[-73.194,-39.565],[-73.434,-39.91],[-73.759,-40.243],[-73.905,-40.839],[-73.845,-41.153],[-73.594,-41.697],[-73.464,-41.787],[-73.178,-41.761],[-72.891,-41.529],[-72.587,-41.618],[-71.805,-41.574],[-71.86,-40.748],[-71.673,-40.338],[-71.443,-39.246],[-71.363,-39.029],[-70.844,-38.727],[-71.041,-38.307],[-71.153,-37.811],[-71.159,-37.289],[-71.095,-36.805],[-70.991,-36.665],[-70.391,-36.165],[-70.356,-36.019],[-70.48,-35.358],[-69.849,-34.256],[-69.84,-33.761],[-70.193,-32.493],[-70.505,-31.689],[-70.435,-31.257],[-70.26,-30.716],[-70.129,-30.563],[-69.852,-30.359],[-69.951,-29.356],[-69.581,-28.529],[-69.18,-28.018],[-68.971,-27.643],[-68.823,-27.267],[-68.318,-27.22],[-68.254,-26.978],[-68.493,-26.764],[-68.544,-26.535],[-68.348,-26.198],[-68.515,-25.894],[-68.562,-25.437],[-68.373,-25.112],[-68.486,-24.744],[-68.393,-24.604],[-67.419,-24.198],[-67.258,-24.083],[-67.014,-23.427],[-66.972,-23.141],[-67.189,-22.984],[-66.146,-21.923],[-65.914,-22.081],[-65.638,-22.168],[-64.995,-22.132],[-64.756,-22.163],[-64.436,-22.39],[-64.249,-22.878],[-63.784,-22.074],[-62.876,-22.107],[-62.61,-22.157],[-58.138,-19.812],[-57.777,-19.168],[-57.67,-18.793],[-57.586,-18.265],[-57.596,-18.043],[-57.734,-17.694],[-57.877,-17.479],[-58.206,-17.316],[-58.402,-17.133],[-58.432,-16.879],[-58.315,-16.503],[-58.333,-16.37],[-60.032,-16.329],[-60.101,-16.278],[-60.213,-15.853],[-60.289,-14.621],[-60.38,-14.158],[-60.363,-13.904],[-60.583,-13.721],[-61.111,-13.591],[-61.627,-13.625],[-61.906,-13.449],[-62.079,-13.101],[-62.519,-13.078],[-62.654,-13.034],[-62.991,-12.763],[-63.605,-12.512],[-64.119,-12.516],[-64.261,-12.472],[-64.756,-12.049],[-65.122,-11.632],[-65.273,-11.366],[-65.337,-11.08],[-65.353,-10.712],[-65.288,-10.152],[-65.309,-9.816],[-65.886,-9.806],[-66.306,-9.841],[-66.474,-9.915],[-72.916,-9.041],[-73.564,-8.009],[-73.842,-7.579],[-73.89,-7.325],[-73.779,-7.045],[-73.622,-6.891],[-73.343,-6.743],[-73.062,-6.519],[-73.192,-6.081],[-73.039,-5.782],[-72.769,-5.145],[-72.286,-4.869],[-71.434,-4.52],[-71.132,-4.55],[-70.965,-4.499],[-70.694,-4.3],[-70.549,-4.267],[-69.97,-4.416],[-69.901,-4.379],[-69.878,-4.187],[-70.207,-3.808],[-70.314,-3.751],[-70.588,-3.791],[-71.061,-3.938],[-71.736,-3.642],[-71.862,-3.263],[-72.242,-3.516],[-72.875,-3.389],[-73.255,-3.6],[-73.128,-3.938],[-73.423,-4.022],[-73.592,-4.444],[-73.888,-4.571],[-74.183,-4.402],[-74.309,-4.613],[-74.605,-4.36],[-74.985,-4.782],[-75.493,-4.663],[-75.691,-5.058],[-77.339,-4.795],[-77.405,-4.333],[-78.878,-4.87],[-78.998,-5.01],[-79.286,-5.012],[-79.465,-4.791],[-79.552,-4.575],[-79.692,-4.461],[-80.059,-4.464],[-80.259,-4.414],[-80.35,-4.103],[-80.245,-3.95],[-80.229,-3.471]]]},"properties":{"NAME":"Vice-Royalty of Peru","SUBJECTO":"Spain","PARTOF":"Vice-Royalty of Peru","ABBREVN":"Peru","BORDERPRECISION":3,"fid":85}},
{"type":"Feature","geometry":{"type":"Polygon","coordinates":[[[-54.58,-25.743],[-54.571,-25.851],[-54.817,-26.558],[-54.985,-26.768],[-55.574,-27.223],[-55.732,-27.452],[-56.163,-27.245],[-56.779,-27.395],[-57.352,-27.353],[-57.799,-27.204],[-58.072,-27.193],[-58.606,-27.342],[-58.663,-27.221],[-58.253,-26.851],[-58.204,-26.761],[-58.277,-26.381],[-57.995,-25.998],[-57.718,-25.457],[-57.71,-25.336],[-58.132,-25.11],[-58.425,-25.029],[-59.077,-24.715],[-59.811,-24.217],[-60.113,-24.079],[-60.641,-23.987],[-60.865,-23.881],[-61.24,-23.616],[-61.5,-23.363],[-62.071,-22.744],[-62.424,-22.333],[-62.61,-22.157],[-62.876,-22.107],[-63.784,-22.074],[-64.249,-22.878],[-64.436,-22.39],[-64.756,-22.163],[-64.995,-22.132],[-65.638,-22.168],[-65.914,-22.081],[-66.146,-21.923],[-67.189,-22.984],[-66.972,-23.141],[-67.014,-23.427],[-67.258,-24.083],[-67.419,-24.198],[-68.393,-24.604],[-68.486,-24.744],[-68.373,-25.112],[-68.562,-25.437],[-68.515,-25.894],[-68.348,-26.198],[-68.544,-26.535],[-68.493,-26.764],[-68.254,-26.978],[-68.318,-27.22],[-68.823,-27.267],[-68.971,-27.643],[-69.18,-28.018],[-69.581,-28.529],[-69.951,-29.356],[-69.852,-30.359],[-70.129,-30.563],[-70.26,-30.716],[-70.435,-31.257],[-70.505,-31.689],[-70.193,-32.493],[-69.84,-33.761],[-69.849,-34.256],[-70.48,-35.358],[-70.356,-36.019],[-70.391,-36.165],[-70.991,-36.665],[-71.095,-36.805],[-71.159,-37.289],[-71.153,-37.811],[-71.041,-38.307],[-70.844,-38.727],[-71.363,-39.029],[-71.443,-39.246],[-71.673,-40.338],[-71.86,-40.748],[-71.805,-41.574],[-70.75,-41.003],[-69.951,-40.971],[-69.773,-40.438],[-69.3,-40.379],[-68.827,-39.728],[-66.282,-40.261],[-64.98,-40.083],[-64.921,-40.557],[-64.211,-40.557],[-62.731,-41.05],[-62.401,-40.925],[-62.26,-40.803],[-62.289,-40.675],[-62.466,-40.368],[-62.435,-40.195],[-62.108,-39.69],[-62.068,-39.556],[-62.351,-39.333],[-62.367,-38.97],[-62.31,-38.88],[-61.89,-38.981],[-61.361,-39.031],[-60.936,-39.011],[-59.515,-38.875],[-58.651,-38.694],[-57.809,-38.386],[-57.643,-38.259],[-57.502,-37.927],[-57.174,-37.582],[-56.698,-36.944],[-56.8,-36.543],[-57.294,-36.27],[-57.372,-36.149],[-57.4,-35.818],[-57.237,-35.583],[-57.226,-35.436],[-57.479,-35.214],[-58.107,-34.961],[-58.523,-34.587],[-58.53,-34.485],[-58.34,-34.216],[-58.18,-34.288],[-57.934,-34.541],[-57.787,-34.598],[-57.348,-34.508],[-57.006,-34.578],[-56.719,-34.691],[-56.338,-34.995],[-56.167,-35.014],[-55.879,-34.887],[-55.383,-34.816],[-54.99,-34.967],[-54.622,-34.922],[-54.074,-34.648],[-53.793,-34.4],[-53.406,-33.879],[-53.567,-33.403],[-53.521,-33.282],[-53.236,-32.937],[-53.228,-32.816],[-53.451,-32.634],[-53.894,-32.046],[-54.107,-31.85],[-54.557,-31.586],[-55.082,-31.411],[-55.441,-30.975],[-55.753,-31.167],[-55.874,-31.174],[-56.244,-30.637],[-56.415,-30.453],[-56.746,-30.246],[-57.328,-30.402],[-57.576,-30.403],[-57.105,-29.886],[-56.292,-29.068],[-55.646,-28.455],[-54.911,-27.803],[-54.755,-27.694],[-53.965,-27.359],[-53.731,-27.218],[-53.659,-27.008],[-53.616,-26.271],[-53.849,-25.752],[-53.942,-25.663],[-54.58,-25.743]]]},"properties":{"NAME":"United Provinces of La Plata","SUBJECTO":"Spain","PARTOF":"United Provinces of La Plata","ABBREVN":"La Plata","BORDERPRECISION":3,"fid":86}},
{"type":"Feature","geometry":{"type":"MultiPolygon","coordinates":[[[[-62.731,-41.05],[-62.964,-41.137],[-63.476,-41.19],[-63.842,-41.158],[-64.277,-41.006],[-64.939,-40.827],[-65.153,-40.975],[-65.135,-41.244],[-65.153,-40.975],[-64.939,-40.827],[-64.277,-41.006],[-63.842,-41.158],[-63.476,-41.19],[-62.964,-41.137],[-62.731,-41.05]]],[[[-65.781,-47.712],[-65.839,-47.868],[-66.078,-48.142],[-67.257,-48.744],[-67.578,-49.059],[-67.7,-49.386],[-67.65,-49.621],[-67.833,-49.968],[-68.27,-50.173],[-68.706,-50.285],[-69.041,-50.562],[-69.167,-51.149],[-69.115,-51.352],[-69.077,-51.499],[-69.167,-51.149],[-69.041,-50.562],[-68.706,-50.285],[-68.27,-50.173],[-67.833,-49.968],[-67.65,-49.621],[-67.7,-49.386],[-67.578,-49.059],[-67.257,-48.744],[-66.078,-48.142],[-65.839,-47.868],[-65.781,-47.712]]],[[[-67.469,-46.266],[-67.472,-45.922],[-67.225,-45.553],[-66.973,-45.306],[-66.695,-45.131],[-66.194,-44.982],[-65.657,-44.942],[-66.194,-44.982],[-66.695,-45.131],[-66.973,-45.306],[-67.225,-45.553],[-67.472,-45.922],[-67.469,-46.266]]]]},"properties":{"BORDERPRECISION":3,"fid":87}},
{"type":"Feature","geometry":{"type":"MultiPolygon","coordinates":[[[[-69.895,-52.627],[-70.416,-52.668],[-70.734,-52.802],[-70.905,-53.234],[-70.878,-53.474],[-70.998,-53.821],[-71.442,-53.882],[-70.998,-53.821],[-70.878,-53.474],[-70.905,-53.234],[-70.734,-52.802],[-70.416,-52.668],[-69.895,-52.627]]],[[[-74.236,-43.368],[-74.142,-43.445],[-73.771,-43.509],[-73.696,-43.386],[-73.771,-43.509],[-74.142,-43.445],[-74.236,-43.368]]],[[[-72.751,-53.138],[-72.506,-53.064],[-72.051,-53.07],[-71.443,-52.829],[-71.152,-52.962],[-71.443,-52.829],[-72.051,-53.07],[-72.506,-53.064],[-72.751,-53.138]]]]},"properties":{"BORDERPRECISION":3,"fid":88}},
{"type":"Feature","geometry":{"type":"Polygon","coordinates":[[[92.51,22.11],[92.598,21.387],[92.237,21.15],[92.124,20.996],[92.403,20.614],[92.663,20.405],[92.827,20.424],[92.933,20.31],[92.894,20.113],[93.066,19.993],[93.334,20.025],[93.724,19.594],[93.815,19.258],[93.458,19.174],[93.839,18.953],[93.966,19.194],[94.054,19.061],[94.42,18.141],[94.465,17.643],[95.164,17.643],[95.362,18.038],[94.702,20.016],[93.318,21.73],[93.128,22.203],[92.892,21.979],[92.51,22.11]]]},"properties":{"NAME":"Arakan","SUBJECTO":"Arakan","PARTOF":"Arakan","ABBREVN":"Arakan","BORDERPRECISION":3,"fid":89}},
{"type":"Feature","geometry":{"type":"Polygon","coordinates":[[[10.856,45.051],[10.824,45.353],[10.642,45.469],[10.66,45.807],[10.525,45.739],[10.457,46.212],[10.558,46.313],[10.558,46.718],[10.396,46.887],[10.339,46.748],[10.024,46.621],[9.885,46.403],[9.46,46.379],[9.009,46.041],[8.637,46.117],[8.467,45.768],[8.45,45.519],[8.583,45.287],[8.815,45.17],[9.131,45.121],[9.662,45.22],[10.293,45.021],[10.393,45.026],[10.856,45.051]]]},"properties":{"NAME":"Lombardy","SUBJECTO":"Austrian Empire","PARTOF":"Lombardy","ABBREVN":"Lombardy","BORDERPRECISION":3,"fid":90}},
{"type":"Feature","geometry":{"type":"Polygon","coordinates":[[[10.856,45.051],[11.17,45.067],[11.605,44.905],[11.771,45.071],[12.053,45.021],[12.136,45.104],[12.378,44.732],[12.523,44.883],[12.176,45.214],[12.28,45.402],[13.097,45.637],[13.156,45.727],[13.673,45.715],[13.8,45.566],[13.825,45.663],[13.535,45.801],[13.606,46.132],[13.344,46.285],[13.621,46.421],[13.569,46.51],[12.362,46.709],[12.075,46.928],[11.74,46.752],[11.908,46.414],[11.571,46.245],[11.571,45.975],[11.233,46.009],[11.166,45.739],[10.93,45.84],[10.66,45.807],[10.642,45.469],[10.824,45.353],[10.856,45.051]]]},"properties":{"NAME":"Venetia","SUBJECTO":"Austrian Empire","PARTOF":"Venetia","ABBREVN":"Venetia","BORDERPRECISION":3,"fid":91}},
{"type":"Feature","geometry":{"type":"Polygon","coordinates":[[[9.131,45.121],[9.131,44.789],[9.297,44.54],[9.572,44.437],[9.596,44.573],[9.895,44.556],[9.978,44.407],[10.056,44.38],[10.127,44.357],[10.36,44.689],[10.276,44.905],[10.393,45.026],[10.293,45.021],[9.662,45.22],[9.131,45.121]]]},"properties":{"NAME":"Parma","SUBJECTO":"Austrian Empire","PARTOF":"Parma","ABBREVN":"Parma","BORDERPRECISION":3,"fid":92}},
{"type":"Feature","geometry":{"type":"Polygon","coordinates":[[[7.397,43.764],[7.553,43.867],[7.98,43.965],[8.672,44.417],[8.897,44.437],[9.692,44.22],[9.825,44.153],[9.878,44.29],[9.572,44.437],[9.297,44.54],[9.131,44.789],[9.131,45.121],[8.815,45.17],[8.583,45.287],[8.45,45.519],[8.467,45.768],[8.637,46.117],[8.443,46.251],[8.437,46.466],[8.089,46.268],[8.154,46.146],[7.79,45.927],[7.507,46.003],[7.225,45.911],[6.955,45.939],[6.807,46.394],[6.384,46.342],[6.108,46.126],[5.941,46.176],[5.86,46.026],[5.947,45.816],[5.935,45.322],[6.219,45.347],[6.28,45.199],[6.507,45.116],[6.665,44.955],[6.943,44.869],[6.783,44.548],[6.87,44.349],[6.836,44.112],[6.997,44.05],[6.923,43.815],[7.355,43.902],[7.397,43.764]]]},"properties":{"NAME":"Kingdom of Sardinia","SUBJECTO":"Kingdom of Sardinia","PARTOF":"Kingdom of Sardinia","ABBREVN":"Sardinia","BORDERPRECISION":3,"fid":93}},
{"type":"Feature","geometry":{"type":"Polygon","coordinates":[[[14.076,42.634],[13.792,43.123],[13.732,43.374],[13.601,43.535],[12.697,43.935],[12.345,44.301],[12.274,44.673],[12.378,44.732],[12.136,45.104],[12.053,45.021],[11.771,45.071],[11.605,44.905],[11.17,45.067],[11.339,44.855],[11.173,44.606],[11.289,44.456],[11.14,44.34],[11.202,44.143],[11.455,44.274],[11.688,44.257],[11.854,44.357],[11.937,44.091],[12.12,43.743],[12.12,43.477],[12.302,43.278],[12.153,43.062],[12.169,42.63],[12.053,42.53],[12.07,42.298],[11.96,42.007],[12.642,41.531],[12.977,41.371],[13.498,41.302],[13.761,41.207],[13.979,41.335],[13.863,41.75],[13.647,41.8],[13.581,42.099],[13.415,42.364],[13.714,42.398],[14.076,42.634]],[[12.404,43.956],[12.504,43.99],[12.488,43.897],[12.404,43.956]]]},"properties":{"NAME":"Papal States","SUBJECTO":"Papal States","PARTOF":"Papal States","ABBREVN":"Papal States","BORDERPRECISION":3,"fid":94}},
{"type":"Feature","geometry":{"type":"Polygon","coordinates":[[[9.572,44.437],[9.878,44.29],[9.978,44.407],[9.895,44.556],[9.596,44.573],[9.572,44.437]]]},"properties":{"NAME":"Pontremoli","SUBJECTO":"Pontremoli","PARTOF":"Pontremoli","ABBREVN":"Pontremoli","BORDERPRECISION":3,"fid":95}},
{"type":"Feature","geometry":{"type":"Polygon","coordinates":[[[10.056,44.38],[10.037,44.292],[10.141,44.219],[10.172,44.312],[10.127,44.357],[10.056,44.38]]]},"properties":{"NAME":"Fivizzano","SUBJECTO":"Fivizzano","PARTOF":"Fivizzano","ABBREVN":"Fivizzano","BORDERPRECISION":3,"fid":96}},
{"type":"Feature","geometry":{"type":"Polygon","coordinates":[[[10.338,43.596],[10.751,43.63],[10.692,44.091],[10.509,44.091],[10.41,43.937],[10.261,43.745],[10.338,43.596]]]},"properties":{"NAME":"Lucca","SUBJECTO":"Lucca","PARTOF":"Lucca","ABBREVN":"Lucca","BORDERPRECISION":3,"fid":97}},
{"type":"Feature","geometry":{"type":"Polygon","coordinates":[[[11.202,44.143],[10.824,44.207],[10.692,44.091],[10.751,43.63],[10.338,43.596],[10.488,43.236],[10.743,42.851],[11.105,42.549],[11.497,42.376],[11.96,42.007],[12.07,42.298],[12.053,42.53],[12.169,42.63],[12.153,43.062],[12.302,43.278],[12.12,43.477],[12.12,43.743],[11.937,44.091],[11.854,44.357],[11.688,44.257],[11.455,44.274],[11.202,44.143]]]},"properties":{"NAME":"Tuscany","SUBJECTO":"Tuscany","PARTOF":"Tuscany","ABBREVN":"Tuscany","BORDERPRECISION":3,"fid":98}},
{"type":"Feature","geometry":{"type":"Polygon","coordinates":[[[10.393,45.026],[10.276,44.905],[10.36,44.689],[10.127,44.357],[10.172,44.312],[10.141,44.219],[10.037,44.292],[10.056,44.38],[9.978,44.407],[9.878,44.29],[9.825,44.153],[10.155,43.881],[10.41,43.937],[10.509,44.091],[10.692,44.091],[10.824,44.207],[11.202,44.143],[11.14,44.34],[11.289,44.456],[11.173,44.606],[11.339,44.855],[11.17,45.067],[10.856,45.051],[10.393,45.026]]]},"properties":{"NAME":"Modena","SUBJECTO":"Austrian Empire","PARTOF":"Modena","ABBREVN":"Modena","BORDERPRECISION":3,"fid":99}},
{"type":"Feature","geometry":{"type":"Polygon","coordinates":[[[10.41,43.937],[10.155,43.881],[10.261,43.745],[10.41,43.937]]]},"properties":{"NAME":"Massa","SUBJECTO":"Massa","PARTOF":"Massa","ABBREVN":"Massa","BORDERPRECISION":3,"fid":100}},
{"type":"Feature","geometry":{"type":"Polygon","coordinates":[[[9.638,49.294],[9.805,49.315],[9.763,48.96],[9.659,48.877],[9.722,48.355],[9.576,48.293],[9.638,47.709],[9.464,47.649],[9.665,47.556],[9.892,47.564],[10.2,47.301],[10.403,47.455],[10.388,47.579],[10.835,47.545],[10.903,47.415],[11.17,47.424],[11.56,47.613],[12.122,47.628],[12.7,47.69],[12.942,47.483],[13.023,47.662],[12.936,47.873],[12.694,48.129],[12.858,48.232],[13.294,48.365],[13.384,48.594],[13.64,48.538],[13.947,48.655],[13.745,48.94],[13.203,49.166],[12.536,49.563],[12.448,49.706],[12.554,50.002],[12.368,50.046],[12.252,50.216],[12.115,50.173],[11.842,50.327],[11.306,50.19],[11.283,50.459],[11.036,50.531],[10.889,50.441],[10.952,50.232],[10.868,49.961],[10.576,49.961],[10.43,50.065],[10.118,50.065],[9.888,50.378],[9.694,50.505],[9.171,50.275],[8.824,50.229],[8.971,49.481],[9.075,49.377],[9.305,49.627],[9.638,49.586],[9.638,49.294]]]},"properties":{"NAME":"Bavaria","SUBJECTO":"Bavaria","PARTOF":"Bavaria","ABBREVN":"Bavaria","BORDERPRECISION":3,"fid":101}},
{"type":"Feature","geometry":{"type":"Polygon","coordinates":[[[8.594,47.889],[8.635,47.779],[8.983,47.68],[9.118,47.679],[9.216,47.671],[9.464,47.649],[9.638,47.709],[9.576,48.293],[9.722,48.355],[9.659,48.877],[9.763,48.96],[9.805,49.315],[9.638,49.294],[9.428,49.095],[9.261,49.063],[8.887,48.775],[8.743,48.833],[8.368,48.487],[8.022,48.458],[8.397,47.911],[8.512,48.112],[8.682,47.97],[8.594,47.889]]]},"properties":{"NAME":"Württemberg","SUBJECTO":"Württemberg","PARTOF":"Württemberg","ABBREVN":"Württemberg","BORDERPRECISION":3,"fid":102}},
{"type":"Feature","geometry":{"type":"Polygon","coordinates":[[[91.162,26.75],[90,26.36],[90,25.966],[91.434,26.098],[91.566,26.054],[91.434,25.791],[91.566,25.704],[91.434,25.266],[91.741,25.003],[91.522,25.003],[91.566,24.346],[91.303,24.346],[91.259,24.128],[91.478,24.084],[91.828,23.734],[91.916,23.515],[92.047,23.69],[93.429,24.078],[93.794,23.934],[94.108,23.879],[94.185,23.936],[94.701,24.949],[94.635,25.374],[95.058,25.884],[95.118,26.056],[95.093,26.398],[95.182,26.558],[96.297,27.243],[96.931,27.107],[97.064,27.133],[96.982,27.457],[97.014,27.584],[97.282,27.845],[97.34,28.182],[97.06,28.219],[96.255,28.385],[96.476,28.71],[96.455,28.881],[95.929,29.38],[95.309,29.002],[95.139,28.982],[94.572,29.201],[94.166,29.027],[93.669,28.701],[93.296,28.584],[93.051,28.418],[92.546,27.92],[92.367,27.798],[92.046,27.701],[91.608,27.641],[91.595,27.464],[91.999,27.193],[91.909,26.805],[91.162,26.75]]]},"properties":{"NAME":"Assam","SUBJECTO":"Assam","PARTOF":"Assam","ABBREVN":"Assam","BORDERPRECISION":3,"fid":103}},
{"type":"Feature","geometry":{"type":"Polygon","coordinates":[[[97.34,28.182],[97.282,27.845],[97.014,27.584],[96.982,27.457],[97.064,27.133],[96.931,27.107],[96.297,27.243],[95.182,26.558],[95.093,26.398],[95.118,26.056],[95.058,25.884],[94.635,25.374],[94.701,24.949],[94.185,23.936],[94.108,23.879],[93.794,23.934],[93.429,24.078],[92.047,23.69],[92.179,23.427],[92.266,22.945],[92.529,22.595],[92.51,22.11],[92.892,21.979],[93.128,22.203],[93.318,21.73],[94.702,20.016],[95.362,18.038],[95.164,17.643],[94.465,17.643],[94.465,17.264],[94.392,16.908],[94.143,16.215],[94.144,16.006],[94.304,15.949],[94.416,16.076],[94.819,16.21],[94.753,15.937],[94.973,15.836],[95.125,15.995],[95.33,15.678],[95.552,15.875],[95.714,16.155],[96.469,16.513],[96.663,16.697],[96.734,16.888],[96.77,17.333],[96.882,17.346],[97.215,16.94],[97.352,16.527],[97.573,16.445],[97.664,15.791],[97.742,15.01],[97.823,14.616],[98.199,13.645],[98.486,13.112],[98.597,12.737],[98.677,12.051],[98.588,11.822],[98.637,11.657],[98.867,11.645],[98.738,11.435],[98.684,11.086],[98.605,10.863],[98.398,10.564],[98.432,10.202],[98.593,10.12],[98.637,10.289],[99.092,11.054],[99.547,11.755],[99.581,11.889],[99.317,12.44],[99.098,12.972],[99.134,13.372],[99.094,13.671],[99.003,13.886],[98.487,14.372],[98.137,15.19],[98.503,15.382],[98.58,15.472],[98.476,16.005],[98.533,16.106],[98.824,16.318],[98.393,17.084],[97.902,17.513],[97.788,17.575],[97.706,18.051],[97.373,18.449],[97.275,18.504],[97.372,20.78],[97.773,21.366],[98.196,21.608],[97.695,23.88],[97.531,23.892],[97.631,24.274],[97.524,24.8],[97.888,25.272],[98.107,25.394],[98.382,25.63],[98.575,25.955],[98.734,26.343],[98.725,26.737],[98.637,27.479],[98.572,27.542],[98.216,27.546],[98.118,27.685],[98.009,28.091],[97.83,28.286],[97.603,28.412],[97.478,28.392],[97.34,28.182]]]},"properties":{"NAME":"Burma","SUBJECTO":"Burma","PARTOF":"Burma","ABBREVN":"Burma","BORDERPRECISION":3,"fid":104}},
{"type":"Feature","geometry":{"type":"Polygon","coordinates":[[[88.803,27.181],[88.707,27.479],[88.731,27.866],[88.564,27.979],[88.197,27.876],[88.071,27.523],[88.039,27.129],[88.232,26.757],[88.602,26.64],[88.868,26.908],[88.803,27.181]]]},"properties":{"NAME":"Sikkim (Indian princely state)","SUBJECTO":"Sikkim (Indian princely state)","PARTOF":"Sikkim (Indian princely state)","ABBREVN":"Sikkim","BORDERPRECISION":3,"fid":105}},
{"type":"Feature","geometry":{"type":"Polygon","coordinates":[[[80.906,28.493],[80.728,28.162],[80.796,27.889],[80.454,27.341],[80.181,27.205],[80.181,26.726],[80.317,26.657],[80.523,26.11],[80.865,26.11],[81.207,25.631],[81.617,25.631],[81.959,25.426],[81.959,25.289],[82.37,25.152],[82.438,25.221],[82.712,25.221],[83.327,25.905],[83.122,26.042],[83.122,26.452],[83.601,26.452],[83.669,26.999],[83.943,26.999],[83.874,27.382],[83.657,27.501],[83.431,27.501],[83.324,27.375],[83.187,27.464],[82.812,27.538],[82.73,27.717],[82.488,27.687],[82.025,27.955],[81.921,27.881],[81.362,28.186],[81.225,28.424],[80.906,28.493]]]},"properties":{"NAME":"Oudh","SUBJECTO":"Oudh","PARTOF":"Oudh","ABBREVN":"Oudh","BORDERPRECISION":3,"fid":106}},
{"type":"Feature","geometry":{"type":"Polygon","coordinates":[[[75.24,14.155],[75.209,14.049],[75.001,14.049],[74.958,13.864],[75.235,13.587],[75.561,12.508],[75.663,12.452],[75.833,12.554],[76.059,12.078],[76.319,12.203],[76.455,12.18],[76.478,11.736],[76.755,11.598],[76.616,11.404],[76.782,11.1],[76.92,11.045],[77.363,11.183],[77.166,11.446],[77.474,11.524],[77.451,11.693],[77.655,11.727],[77.881,11.659],[77.961,11.75],[77.836,11.908],[78.13,12.157],[78.266,12.033],[78.606,12.248],[78.787,12.769],[78.47,12.769],[78.391,13.04],[77.972,13.097],[77.632,13.199],[77.564,13.414],[77.372,13.414],[77.293,13.153],[77.033,13.244],[76.795,13.187],[76.75,13.493],[76.976,13.47],[77.078,13.629],[76.851,13.742],[76.659,13.685],[76.557,13.912],[76.534,14.285],[76.218,14.478],[76.15,14.365],[76.342,14.24],[76.399,14.025],[76.23,13.919],[76.064,14.002],[75.815,13.919],[75.677,14.112],[75.24,14.155]]]},"properties":{"NAME":"Mysore (Indian princely state)","SUBJECTO":"Mysore (Indian princely state)","PARTOF":"Mysore (Indian princely state)","ABBREVN":"Mysore","BORDERPRECISION":3,"fid":107}},
{"type":"Feature","geometry":{"type":"Polygon","coordinates":[[[76.294,9.985],[76.385,9.748],[76.538,9.119],[76.704,8.706],[77.341,8.053],[77.484,8.028],[77.848,8.233],[77.446,8.44],[77.361,8.779],[77.361,9.076],[77.489,9.232],[77.389,9.416],[77.319,10.067],[77.121,10.067],[76.739,10.208],[76.611,10.364],[76.47,10.293],[76.555,10.152],[76.294,9.985]]]},"properties":{"NAME":"Travancore","SUBJECTO":"Travancore","PARTOF":"Travancore","ABBREVN":"Travancore","BORDERPRECISION":3,"fid":108}},
{"type":"Feature","geometry":{"type":"Polygon","coordinates":[[[88.868,26.908],[88.602,26.64],[88.232,26.757],[88.092,26.445],[87.941,26.467],[87.349,26.385],[87.17,26.437],[87.049,26.601],[86.777,26.467],[86.395,26.631],[86.071,26.697],[85.901,26.593],[85.634,26.883],[85.371,26.757],[85.093,26.876],[84.965,27.003],[84.666,27.07],[84.711,27.27],[84.648,27.375],[84.358,27.404],[84.136,27.538],[83.874,27.382],[83.943,26.999],[83.669,26.999],[83.601,26.452],[83.122,26.452],[83.122,26.042],[83.327,25.905],[82.712,25.221],[82.438,25.221],[82.37,25.152],[81.959,25.289],[81.959,25.426],[81.617,25.631],[81.207,25.631],[80.865,26.11],[80.523,26.11],[80.317,26.657],[80.181,26.726],[80.181,27.205],[80.454,27.341],[80.796,27.889],[80.728,28.162],[80.906,28.493],[80.609,28.706],[80.399,28.669],[80.116,28.84],[80.098,28.952],[79.708,29.359],[79.621,28.927],[79.448,28.798],[79.276,28.323],[79.017,28.323],[78.887,28.539],[79.06,29.748],[78.974,29.834],[78.326,29.834],[78.024,30.266],[77.68,30.369],[77.592,30.395],[77.592,29.964],[77.16,29.834],[76.944,29.704],[77.074,29.273],[77.419,29.23],[77.376,29.1],[77.16,29.1],[76.858,28.97],[76.642,28.798],[76.901,28.711],[77.074,28.452],[76.858,28.193],[76.815,27.805],[77.031,27.848],[77.203,27.718],[77.419,27.934],[77.549,27.934],[77.549,27.546],[77.808,27.589],[78.153,26.984],[78.369,26.768],[78.196,26.423],[78.24,26.207],[78.499,26.466],[78.974,26.466],[79.017,26.25],[78.887,25.991],[78.887,25.862],[79.276,25.732],[79.276,25.43],[79.448,25.344],[79.923,25.344],[80.269,25.516],[80.657,25.257],[80.571,24.998],[80.873,25.085],[81.089,24.869],[81.219,24.437],[81.737,24.782],[81.866,24.566],[82.212,24.739],[82.428,24.351],[82.341,24.178],[82.687,24.005],[83.032,23.876],[83.248,23.919],[83.464,23.789],[83.55,23.185],[83.852,23.012],[84.155,23.055],[84.586,22.667],[84.284,22.105],[84.759,22.149],[85.105,22.019],[85.32,22.149],[85.32,21.76],[85.882,21.544],[85.968,21.63],[85.968,22.019],[85.752,22.062],[85.968,22.364],[86.27,22.235],[86.357,21.803],[86.875,21.587],[86.486,21.415],[86.314,21.242],[85.234,21.026],[85.234,20.767],[85.407,20.551],[85.364,20.206],[84.975,20.206],[84.673,20.292],[84.457,20.162],[84.716,19.903],[84.716,19.774],[84.457,19.774],[84.155,19.515],[83.982,19.515],[84.068,20.076],[83.939,20.162],[83.55,19.947],[83.378,20.335],[82.946,20.378],[82.557,20.378],[82.298,20.162],[82.039,20.465],[81.866,20.465],[81.996,20.249],[81.702,19.472],[81.806,18.712],[82.117,18.332],[81.91,18.09],[81.426,18.504],[81.219,18.539],[81.046,18.401],[80.839,17.883],[80.839,17.503],[80.645,17.406],[80.48,17.655],[80.037,18.152],[80.015,17.918],[79.927,17.847],[80.263,17.511],[80.139,17.334],[80.369,17.21],[80.397,17.074],[81.032,17.074],[80.369,16.577],[80.182,16.536],[79.941,16.743],[79.837,16.467],[79.664,16.57],[79.319,16.328],[79.423,16.018],[79.215,15.948],[78.766,15.948],[78.179,15.741],[76.936,15.43],[76.625,15.258],[76.417,14.809],[76.072,14.67],[75.968,14.809],[75.312,14.394],[75.24,14.155],[75.677,14.112],[75.815,13.919],[76.064,14.002],[76.23,13.919],[76.399,14.025],[76.342,14.24],[76.15,14.365],[76.218,14.478],[76.534,14.285],[76.557,13.912],[76.659,13.685],[76.851,13.742],[77.078,13.629],[76.976,13.47],[76.75,13.493],[76.795,13.187],[77.033,13.244],[77.293,13.153],[77.372,13.414],[77.564,13.414],[77.632,13.199],[77.972,13.097],[78.391,13.04],[78.47,12.769],[78.787,12.769],[78.606,12.248],[78.266,12.033],[78.13,12.157],[77.836,11.908],[77.961,11.75],[77.881,11.659],[77.655,11.727],[77.451,11.693],[77.474,11.524],[77.166,11.446],[77.363,11.183],[76.92,11.045],[76.782,11.1],[76.616,11.404],[76.755,11.598],[76.478,11.736],[76.455,12.18],[76.319,12.203],[76.059,12.078],[75.833,12.554],[75.663,12.452],[75.561,12.508],[75.235,13.587],[74.958,13.864],[75.001,14.049],[74.898,14.532],[74.6,14.676],[74.582,14.502],[74.421,14.375],[74.734,13.683],[74.962,12.877],[75.211,12.102],[75.652,11.423],[76.075,10.554],[76.294,9.985],[76.555,10.152],[76.47,10.293],[76.611,10.364],[76.739,10.208],[77.121,10.067],[77.319,10.067],[77.389,9.416],[77.489,9.232],[77.361,9.076],[77.361,8.779],[77.446,8.44],[77.848,8.233],[78.065,8.385],[78.136,8.5],[78.181,8.811],[78.314,8.996],[78.66,9.124],[78.798,9.13],[79.16,9.277],[78.927,9.493],[79.072,9.76],[79.222,10.192],[79.306,10.256],[79.79,10.251],[79.826,10.359],[79.711,11.445],[79.769,11.731],[80.224,12.831],[80.313,13.104],[80.32,13.333],[80.076,13.669],[80.17,13.892],[80.162,14.254],[80.087,14.946],[80.089,15.175],[80.3,15.646],[80.46,15.773],[80.736,15.837],[80.963,15.723],[81.088,15.827],[81.253,16.226],[81.369,16.347],[81.597,16.303],[81.789,16.329],[82.081,16.463],[82.235,16.647],[82.354,17.086],[82.546,17.226],[83.077,17.5],[83.381,17.711],[83.685,18.083],[83.988,18.207],[84.263,18.456],[84.659,18.933],[85.113,19.442],[85.379,19.605],[85.909,19.724],[86.119,19.807],[86.632,20.204],[86.638,20.319],[86.926,20.691],[86.796,21.136],[86.937,21.288],[87.641,21.563],[87.867,21.697],[88.053,21.939],[88.248,21.596],[88.377,21.577],[88.568,21.895],[88.657,21.857],[88.723,21.54],[88.881,21.515],[89.072,21.774],[89.234,21.655],[89.457,21.942],[89.579,21.701],[89.796,21.832],[89.87,22.133],[90,21.93],[90,22.561],[91.081,22.561],[91.41,22.721],[91.571,22.543],[91.846,21.909],[91.946,21.363],[92.124,20.996],[92.237,21.15],[92.598,21.387],[92.51,22.11],[92.529,22.595],[92.266,22.945],[92.179,23.427],[92.047,23.69],[91.916,23.515],[91.828,23.734],[91.478,24.084],[91.259,24.128],[91.303,24.346],[91.566,24.346],[91.522,25.003],[91.741,25.003],[91.434,25.266],[91.566,25.704],[91.434,25.791],[91.566,26.054],[91.434,26.098],[90,25.966],[90,26.36],[91.162,26.75],[90,26.779],[89.834,26.685],[88.868,26.908]]]},"properties":{"NAME":"British East India Company","SUBJECTO":"British East India Company","PARTOF":"British East India Company","ABBREVN":"British East India Company","BORDERPRECISION":3,"fid":109}},
{"type":"Feature","geometry":{"type":"Polygon","coordinates":[[[74.6,14.676],[74.53,14.832],[74.392,14.918],[74.153,14.85],[74.421,14.375],[74.582,14.502],[74.6,14.676]]]},"properties":{"NAME":"Goa","SUBJECTO":"Goa","PARTOF":"Goa","ABBREVN":"Goa","BORDERPRECISION":3,"fid":110}},
{"type":"Feature","geometry":{"type":"Polygon","coordinates":[[[32,-1.28],[33.507,0.104],[33.414,1.029],[33.192,1.75],[32.748,2.194],[31.38,2.139],[30.64,1.214],[30.64,0.566],[30.295,-0.759],[31.337,-0.996],[32,-1.28]]]},"properties":{"NAME":"Buganda","SUBJECTO":"Buganda","PARTOF":"Buganda","ABBREVN":"Buganda","BORDERPRECISION":3,"fid":111}},
{"type":"Feature","geometry":{"type":"Polygon","coordinates":[[[31.38,2.139],[31.472,3.156],[29.727,3.739],[28.449,3.502],[27.739,2.129],[27.691,0.756],[27.786,-0.38],[27.928,-0.807],[29.68,-0.901],[30.295,-0.759],[30.64,0.566],[30.64,1.214],[31.38,2.139]]]},"properties":{"NAME":"Bunyoro","SUBJECTO":"Bunyoro","PARTOF":"Bunyoro","ABBREVN":"Bunyoro","BORDERPRECISION":3,"fid":112}},
{"type":"Feature","geometry":{"type":"Polygon","coordinates":[[[30.295,-0.759],[29.68,-0.901],[27.928,-0.807],[26.981,-1.801],[27.028,-2.227],[27.881,-2.748],[29.774,-2.464],[30.958,-2.511],[31.905,-2.464],[32,-1.28],[31.337,-0.996],[30.295,-0.759]]]},"properties":{"NAME":"Nkore","SUBJECTO":"Nkore","PARTOF":"Nkore","ABBREVN":"Nkore","BORDERPRECISION":3,"fid":113}},
{"type":"Feature","geometry":{"type":"Polygon","coordinates":[[[27.881,-2.748],[27.454,-2.937],[27.123,-3.269],[26.934,-3.553],[26.65,-4.547],[26.744,-5.257],[26.886,-5.92],[27.975,-5.825],[29.538,-5.92],[30.579,-6.015],[31.574,-5.825],[32.236,-5.352],[32.521,-4.121],[32.236,-3.079],[31.905,-2.464],[30.958,-2.511],[29.774,-2.464],[27.881,-2.748]]]},"properties":{"NAME":"Rwanda","SUBJECTO":"Rwanda","PARTOF":"Rwanda","ABBREVN":"Rwanda","BORDERPRECISION":3,"fid":114}},
{"type":"Feature","geometry":{"type":"Polygon","coordinates":[[[26.886,-5.92],[26.981,-6.63],[26.744,-8.382],[27.312,-8.761],[31.005,-8.761],[32.236,-8.619],[32.663,-7.909],[32.663,-6.962],[32.236,-5.352],[31.574,-5.825],[30.579,-6.015],[29.538,-5.92],[27.975,-5.825],[26.886,-5.92]]]},"properties":{"NAME":"Burundi","SUBJECTO":"Burundi","PARTOF":"Burundi","ABBREVN":"Burundi","BORDERPRECISION":3,"fid":115}},
{"type":"Feature","geometry":{"type":"Polygon","coordinates":[[[34.287,-15.916],[35.172,-15.579],[35.077,-14.206],[34.556,-13.211],[34.414,-12.217],[34.462,-11.602],[33.515,-11.223],[33.136,-11.318],[32.947,-12.785],[32.272,-13.886],[31.147,-14.3],[30.852,-15.07],[31.029,-15.721],[32.513,-15.62],[33.343,-15.707],[34.287,-15.916]]]},"properties":{"NAME":"Kazembe","SUBJECTO":"Kazembe","PARTOF":"Kazembe","ABBREVN":"Kazembe","BORDERPRECISION":3,"fid":116}},
{"type":"Feature","geometry":{"type":"Polygon","coordinates":[[[29.55,-15.366],[29.194,-14.596],[28.78,-14.182],[26.65,-14.123],[24.578,-13.235],[23.868,-13.235],[23.217,-14.064],[23.394,-16.431],[22.803,-17.792],[23.572,-18.443],[25.762,-18.384],[27.833,-18.68],[29.194,-17.2],[29.55,-16.135],[29.55,-15.366]]]},"properties":{"NAME":"Lozi","SUBJECTO":"Lozi","PARTOF":"Lozi","ABBREVN":"Lozi","BORDERPRECISION":3,"fid":117}},
{"type":"Feature","geometry":{"type":"Polygon","coordinates":[[[12.301,-14.56],[14.443,-12.64],[14.678,-11.759],[14.368,-9.638],[14.267,-8.939],[14.325,-8.234],[14.09,-7.706],[13.562,-7.529],[13.023,-7.605],[13.387,-8.156],[13.477,-8.416],[13.431,-8.823],[13.146,-9.065],[13.084,-9.287],[13.204,-9.637],[13.639,-10.303],[13.73,-10.544],[13.816,-10.976],[13.837,-11.358],[13.813,-11.656],[13.649,-12.197],[13.339,-12.649],[13.051,-12.751],[12.93,-12.91],[12.848,-13.164],[12.585,-13.464],[12.441,-13.877],[12.301,-14.56]]]},"properties":{"NAME":"Angola","SUBJECTO":"Angola","PARTOF":"Angola","ABBREVN":"Angola","BORDERPRECISION":3,"fid":118}},
{"type":"Feature","geometry":{"type":"Polygon","coordinates":[[[14.09,-7.706],[14.103,-7.376],[14.399,-7.198],[14.872,-7.376],[14.99,-7.198],[15.05,-6.015],[14.576,-4.772],[14.103,-4.949],[13.274,-5.778],[13.215,-6.133],[12.801,-5.956],[12.372,-6.258],[12.796,-6.861],[12.877,-7.051],[12.969,-7.515],[13.023,-7.605],[13.562,-7.529],[14.09,-7.706]]]},"properties":{"NAME":"Congo","SUBJECTO":"Congo","PARTOF":"Congo","ABBREVN":"Congo","BORDERPRECISION":3,"fid":119}},
{"type":"Feature","geometry":{"type":"Polygon","coordinates":[[[22.589,-34.135],[22.507,-33.712],[22.092,-33.357],[20.494,-33.121],[20.199,-31.996],[19.962,-31.878],[18.336,-32.339],[18.309,-32.708],[18.232,-32.898],[17.945,-32.918],[17.868,-32.994],[18.073,-33.223],[18.459,-33.832],[18.293,-34.246],[18.487,-34.398],[18.57,-34.194],[18.724,-34.219],[18.84,-34.435],[19.181,-34.422],[19.279,-34.504],[19.321,-34.733],[19.884,-34.992],[20.256,-34.623],[20.515,-34.533],[20.847,-34.501],[21.346,-34.544],[21.669,-34.506],[21.997,-34.263],[22.262,-34.168],[22.589,-34.135]]]},"properties":{"NAME":"Cape Colony","SUBJECTO":"Cape Colony","PARTOF":"Cape Colony","ABBREVN":"Cape Colony","BORDERPRECISION":3,"fid":120}},
{"type":"Feature","geometry":{"type":"Polygon","coordinates":[[[22.589,-34.135],[22.682,-34.103],[23.189,-34.242],[23.499,-34.07],[23.743,-34.076],[24.085,-34.151],[24.43,-34.335],[24.693,-34.309],[24.929,-34.079],[25.065,-34.073],[25.516,-34.174],[25.619,-33.919],[25.632,-32.384],[24.519,-32.529],[23.099,-32.055],[22.033,-31.168],[21.441,-30.99],[20.08,-31.227],[19.015,-31.108],[17.432,-30.57],[17.567,-30.828],[17.904,-31.291],[18.179,-31.805],[18.336,-32.339],[19.962,-31.878],[20.199,-31.996],[20.494,-33.121],[22.092,-33.357],[22.507,-33.712],[22.589,-34.135]]]},"properties":{"NAME":"Dutch East Indies","SUBJECTO":"Netherlands","PARTOF":"Dutch East Indies","ABBREVN":"Dutch East Indies","BORDERPRECISION":3,"fid":121}},
{"type":"Feature","geometry":{"type":"Polygon","coordinates":[[[25.619,-33.919],[26.307,-33.892],[26.659,-33.847],[26.963,-33.713],[27.656,-33.254],[28.277,-32.763],[28.922,-32.298],[29.086,-32.127],[28.425,-31.168],[27.892,-31.108],[27.005,-31.878],[25.88,-32.351],[25.632,-32.384],[25.619,-33.919]]]},"properties":{"NAME":"Xhosa","SUBJECTO":"Xhosa","PARTOF":"Xhosa","ABBREVN":"Xhosa","BORDERPRECISION":3,"fid":122}},
{"type":"Feature","geometry":{"type":"Polygon","coordinates":[[[30.295,-30.92],[30.675,-30.438],[31.297,-29.547],[31.563,-29.21],[31.978,-28.948],[32.235,-28.744],[32.346,-28.585],[32.393,-28.375],[32.303,-28.134],[32.345,-28.026],[32.609,-27.898],[32.767,-27.517],[32.887,-26.715],[32.568,-26.61],[32.094,-26.255],[28.721,-28.445],[28.425,-28.919],[28.603,-29.274],[30.295,-30.92]]]},"properties":{"NAME":"Zulu","SUBJECTO":"Zulu","PARTOF":"Zulu","ABBREVN":"Zulu","BORDERPRECISION":3,"fid":123}},
{"type":"Feature","geometry":{"type":"Polygon","coordinates":[[[32.887,-26.715],[32.896,-26.372],[32.631,-26.22],[32.5,-26.068],[32.651,-25.839],[32.945,-25.54],[32.627,-25.368],[32.094,-25.604],[32.094,-26.255],[32.568,-26.61],[32.887,-26.715]]]},"properties":{"NAME":"Delagoa Bay","SUBJECTO":"Delagoa Bay","PARTOF":"Delagoa Bay","ABBREVN":"Delagoa Bay","BORDERPRECISION":3,"fid":124}},
{"type":"Feature","geometry":{"type":"Polygon","coordinates":[[[48.022,-17.999],[47.482,-16.904],[46.654,-17.733],[46.128,-20.663],[44.945,-22.379],[45.773,-22.734],[46.661,-23.267],[47.371,-21.018],[48.318,-20.071],[48.496,-18.887],[48.91,-17.999],[48.022,-17.999]]]},"properties":{"NAME":"Expansionist Kingdom of Merina","SUBJECTO":"Expansionist Kingdom of Merina","PARTOF":"Expansionist Kingdom of Merina","ABBREVN":"Merina","BORDERPRECISION":3,"fid":125}},
{"type":"Feature","geometry":{"type":"Polygon","coordinates":[[[-0.517,6.15],[-0.517,6.155],[-0.59,7.523],[-0.38,8.083],[-0.146,8.707],[-0.737,9.003],[-2.217,8.781],[-3.441,9],[-4.288,9.151],[-4.88,8.781],[-4.954,8.041],[-4.51,6.192],[-4.575,5.249],[-3.942,5.266],[-3.351,5.153],[-3.135,5.141],[-2.934,5.275],[-2.75,5.096],[-2.779,5.429],[-0.53,6.151],[-0.517,6.15]]]},"properties":{"NAME":"Asante","SUBJECTO":"Asante","PARTOF":"Asante","ABBREVN":"Asante","BORDERPRECISION":3,"fid":126}},
{"type":"Feature","geometry":{"type":"Polygon","coordinates":[[[-0.517,6.15],[-0.161,6.204],[0.17,6.375],[1.58,6.828],[1.761,6.253],[2.617,6.341],[2.148,8.115],[0.372,8.337],[-0.38,8.083],[-0.59,7.523],[-0.517,6.155],[-0.517,6.15]]]},"properties":{"NAME":"Oyo","SUBJECTO":"Oyo","PARTOF":"Oyo","ABBREVN":"Oyo","BORDERPRECISION":3,"fid":127}},
{"type":"Feature","geometry":{"type":"Polygon","coordinates":[[[-2.75,5.096],[-2.717,5.04],[-2.031,4.698],[-1.6,4.953],[-1.176,5.139],[-0.608,5.318],[0.09,5.656],[0.939,5.759],[1.176,6.084],[1.342,6.18],[1.761,6.253],[1.58,6.828],[0.17,6.375],[-0.161,6.204],[-0.517,6.15],[-0.53,6.151],[-2.779,5.429],[-2.75,5.096]]]},"properties":{"NAME":"Fante","SUBJECTO":"Fante","PARTOF":"Fante","ABBREVN":"Fante","BORDERPRECISION":3,"fid":128}},
{"type":"Feature","geometry":{"type":"Polygon","coordinates":[[[-0.737,9.003],[-0.294,11.666],[-0.146,12.85],[-0.664,15.217],[-1.181,15.735],[-2.735,15.883],[-3.327,15.513],[-3.993,13.664],[-3.993,11.444],[-3.441,9],[-2.217,8.781],[-0.737,9.003]]]},"properties":{"NAME":"Mossi States","SUBJECTO":"Mossi States","PARTOF":"Mossi States","ABBREVN":"Mossi States","BORDERPRECISION":3,"fid":129}},
{"type":"Feature","geometry":{"type":"Polygon","coordinates":[[[7.176,4.527],[6.734,5.008],[6.734,5.526],[7.178,6.266],[6.364,6.932],[5.625,6.636],[5.383,5.61],[5.448,5.477],[5.333,5.248],[5.419,4.956],[5.607,4.632],[5.851,4.429],[6.089,4.328],[6.65,4.323],[6.844,4.292],[7.046,4.508],[7.176,4.527]]]},"properties":{"NAME":"Sotho","SUBJECTO":"Sotho","PARTOF":"Sotho","ABBREVN":"Sotho","BORDERPRECISION":3,"fid":130}},
{"type":"Feature","geometry":{"type":"Polygon","coordinates":[[[-4.584,17.067],[-5.546,17.215],[-7.322,16.179],[-11.39,16.105],[-12.574,15.217],[-12.278,11.666],[-11.464,11.222],[-8.727,11.222],[-5.25,10.187],[-4.732,10.853],[-4.954,11.518],[-4.215,15.883],[-4.584,17.067]]]},"properties":{"NAME":"Kaarta","SUBJECTO":"Kaarta","PARTOF":"Kaarta","ABBREVN":"Kaarta","BORDERPRECISION":3,"fid":131}},
{"type":"Feature","geometry":{"type":"Polygon","coordinates":[[[-16.87,14.364],[-16.051,15.069],[-15.755,16.253],[-16.45,16.118],[-16.6,15.749],[-16.865,15.298],[-17.19,14.96],[-17.433,14.807],[-17.221,14.725],[-16.87,14.364]]]},"properties":{"NAME":"Senegal","SUBJECTO":"Senegal","PARTOF":"Senegal","ABBREVN":"Senegal","BORDERPRECISION":3,"fid":132}},
{"type":"Feature","geometry":{"type":"MultiPolygon","coordinates":[[[[-1.081,32.454],[-1.234,31.989],[-1.714,30.059],[-1.344,29.042],[-1.714,28.394],[-4.95,28.857],[-8.284,28.783],[-8.593,28.641],[-10.339,29.146],[-10.856,28.751],[-11.576,28.229],[-12.091,28.024],[-12.866,27.857],[-13.06,27.673],[-13.466,26.814],[-13.629,26.591],[-14.188,26.272],[-14.367,26.119],[-14.66,25.636],[-14.797,25.146],[-14.82,24.733],[-14.975,24.51],[-15.714,23.873],[-16.353,22.493],[-16.806,21.99],[-16.984,21.595],[-17.052,21.004],[-17.021,20.744],[-16.845,20.941],[-16.711,20.89],[-16.347,20.523],[-16.24,20.122],[-16.27,19.684],[-16.472,19.366],[-16.191,19.03],[-16.056,18.674],[-15.983,18.178],[-16.041,17.67],[-16.125,17.301],[-16.379,16.716],[-16.45,16.118],[-15.755,16.253],[-16.051,15.069],[-16.87,14.364],[-16.697,14.078],[-16.64,13.843],[-16.471,13.723],[-16.494,13.475],[-16.767,13.36],[-16.776,13.125],[-16.726,12.788],[-16.772,12.597],[-16.696,12.413],[-16.567,12.31],[-15.459,12.48],[-15.158,11.876],[-15.361,11.52],[-15.416,11.335],[-15.341,11.221],[-15.029,11.158],[-15.018,10.917],[-14.821,10.803],[-14.575,10.784],[-14.591,10.467],[-14.466,10.333],[-14.058,10.08],[-13.68,9.916],[-13.626,9.623],[-13.282,9.275],[-13.141,9.027],[-13.164,8.851],[-13.031,9.002],[-11.464,8.633],[-11.046,7.309],[-11.465,6.844],[-11.168,6.598],[-10.763,6.357],[-10.437,6.205],[-9.937,5.863],[-9.248,5.172],[-8.243,4.64],[-7.529,4.337],[-7.413,4.331],[-7.098,4.522],[-6.316,4.873],[-5.575,5.129],[-5,5.238],[-4.575,5.249],[-4.51,6.192],[-4.954,8.041],[-4.88,8.781],[-4.288,9.151],[-3.441,9],[-3.993,11.444],[-3.993,13.664],[-3.327,15.513],[-2.735,15.883],[-1.181,15.735],[-0.664,15.217],[-0.146,12.85],[-0.294,11.666],[-0.737,9.003],[-0.146,8.707],[-0.38,8.083],[0.372,8.337],[2.148,8.115],[2.617,6.341],[3.46,6.381],[3.611,6.413],[3.719,6.547],[3.949,6.579],[4.072,6.44],[4.634,6.212],[4.886,6.003],[5.153,5.642],[5.383,5.61],[5.625,6.636],[6.364,6.932],[7.178,6.266],[6.734,5.526],[6.734,5.008],[7.176,4.527],[7.449,4.407],[8.14,4.466],[8.328,4.613],[8.328,4.841],[8.637,4.683],[8.875,4.62],[8.953,4.283],[9.032,4.138],[9.284,4.017],[9.651,4.018],[9.78,3.853],[9.586,3.675],[9.765,3.383],[9.923,2.824],[9.801,2.379],[9.894,2.138],[9.851,1.877],[9.701,1.616],[9.37,1.171],[9.622,1.089],[9.644,0.955],[9.566,0.612],[9.35,0.535],[9.854,0.174],[9.883,0.079],[9.473,0.116],[9.303,-0.456],[9.203,-0.634],[8.815,-0.896],[8.981,-1.099],[9.112,-1.353],[9.321,-1.416],[9.465,-1.593],[9.243,-1.772],[9.656,-2.419],[9.894,-2.444],[10.06,-2.571],[9.931,-2.711],[10.525,-3.237],[10.641,-3.446],[11.773,-4.537],[11.949,-4.924],[12.227,-5.362],[12.263,-5.47],[12.194,-5.775],[12.372,-6.258],[12.801,-5.956],[13.215,-6.133],[13.274,-5.778],[14.103,-4.949],[14.576,-4.772],[15.05,-6.015],[14.99,-7.198],[14.872,-7.376],[14.399,-7.198],[14.103,-7.376],[14.09,-7.706],[14.325,-8.234],[14.267,-8.939],[14.368,-9.638],[14.678,-11.759],[14.443,-12.64],[12.301,-14.56],[12.177,-15.276],[12.06,-15.594],[11.782,-15.868],[11.803,-16.522],[11.775,-17.596],[11.85,-18.022],[12.08,-18.491],[12.524,-19.062],[12.929,-19.742],[13.308,-20.472],[13.804,-21.443],[13.958,-21.69],[14.415,-22.268],[14.533,-22.496],[14.577,-22.731],[14.524,-22.941],[14.396,-23.075],[14.409,-23.253],[14.668,-24.421],[14.909,-25.018],[14.843,-25.622],[14.947,-26.01],[15.153,-26.333],[15.076,-26.607],[15.454,-27.616],[15.66,-27.889],[16.128,-28.34],[16.53,-28.771],[16.788,-29.139],[17.432,-30.57],[19.015,-31.108],[20.08,-31.227],[21.441,-30.99],[22.033,-31.168],[23.099,-32.055],[24.519,-32.529],[25.632,-32.384],[25.88,-32.351],[27.005,-31.878],[27.892,-31.108],[28.425,-31.168],[29.086,-32.127],[29.295,-31.909],[29.832,-31.432],[30.295,-30.92],[28.603,-29.274],[28.425,-28.919],[28.721,-28.445],[32.094,-26.255],[32.094,-25.604],[32.627,-25.368],[32.945,-25.54],[33.347,-25.304],[34.015,-25.061],[34.585,-24.875],[34.884,-24.722],[35.198,-24.48],[35.43,-24.225],[35.512,-23.939],[35.297,-23.825],[34.497,-23.261],[34.077,-20.009],[33.972,-18.959],[34.182,-18.54],[34.917,-18.33],[34.812,-17.595],[33.972,-16.651],[33.343,-15.707],[32.513,-15.62],[31.029,-15.721],[30.852,-15.07],[31.147,-14.3],[32.272,-13.886],[32.947,-12.785],[33.136,-11.318],[33.515,-11.223],[34.462,-11.602],[34.414,-12.217],[34.556,-13.211],[35.077,-14.206],[35.172,-15.579],[34.287,-15.916],[35.546,-16.966],[36.386,-16.966],[37.645,-16.021],[39.219,-15.707],[39.638,-15.287],[39.743,-13.713],[39.533,-12.244],[38.904,-10.775],[38.222,-6.158],[38.746,-3.955],[41.055,-0.597],[43.888,2.026],[45.941,3.502],[45.252,5.804],[45.357,6.853],[46.721,8.427],[47.391,11.159],[46.677,10.7],[46.43,10.668],[45.909,10.832],[45.646,10.762],[45.013,10.449],[44.845,10.417],[44.448,10.429],[44.281,10.396],[43.789,10.942],[43.368,11.456],[43.104,11.531],[42.669,11.511],[42.555,11.568],[42.81,11.778],[43.062,11.919],[43.259,11.964],[43.475,12.098],[43.33,12.434],[42.636,13.093],[42.408,13.175],[42.357,13.468],[42.079,13.861],[41.761,13.886],[41.341,14.342],[40.739,14.919],[40.39,14.906],[40.217,15.083],[40.037,15.388],[39.856,15.4],[39.889,15.184],[39.796,15.089],[39.518,15.463],[39.208,16.327],[39.009,17.057],[38.686,18.003],[38.527,18.161],[38.307,18.25],[38.029,18.478],[37.48,18.82],[37.398,18.915],[37.255,19.652],[37.128,21.227],[36.8,21.915],[35.251,21.369],[32.662,21],[31.645,21.277],[30.669,21.918],[29.426,22.664],[26.005,30.708],[25.258,31.438],[24.982,31.647],[24.952,31.818],[24.816,31.907],[24.034,31.937],[23.742,32.064],[22.122,31.077],[21.197,31.077],[20.365,30.338],[19.319,30.255],[19.125,30.199],[18.885,30.221],[15.649,30.523],[14.725,30.245],[12.413,32.464],[12.117,32.879],[11.209,33.252],[11.099,33.537],[10.957,33.575],[10.778,33.473],[10.413,33.631],[9.417,33.335],[8.021,33.02],[6.269,31.873],[0.873,31.986],[-1.081,32.454]],[[34.464,9.747],[34.318,10.134],[34.367,10.546],[34.426,10.728],[34.755,10.813],[34.9,10.983],[35.012,11.303],[35.098,11.793],[35.48,12.456],[35.666,12.623],[35.879,13.103],[36.23,13.249],[36.409,13.803],[36.477,14.266],[36.812,14.249],[36.936,14.41],[37.15,14.445],[37.72,14.802],[38.005,14.659],[38.255,14.392],[38.611,14.427],[38.807,14.517],[39.003,14.427],[39.068,12.697],[39.456,10.367],[38.938,9.72],[36.53,9.731],[34.464,9.747]],[[23.161,-9.951],[23.161,-8.568],[23.53,-7.922],[23.899,-7.738],[25.052,-7.692],[25.329,-7.922],[25.421,-8.522],[24.914,-9.721],[24.314,-9.997],[23.484,-10.044],[23.161,-9.951]],[[18.901,-9.943],[18.988,-9.751],[19.359,-9.603],[19.841,-9.714],[20.137,-10.047],[20.063,-10.418],[19.359,-10.9],[18.901,-9.943]],[[12.497,12.219],[13.003,9.826],[13.669,8.273],[13.299,7.755],[12.189,7.311],[8.861,8.199],[4.719,7.681],[2.722,9.604],[1.464,13.672],[2.5,15.447],[7.16,16.039],[11.598,14.065],[12.734,14.491],[14.533,13.781],[15.148,14.396],[16.71,14.68],[16.845,14.366],[16.843,14.328],[15.811,11.982],[12.497,12.219]],[[32,-1.28],[31.905,-2.464],[32.236,-3.079],[32.521,-4.121],[32.236,-5.352],[32.663,-6.962],[32.663,-7.909],[32.236,-8.619],[31.005,-8.761],[27.312,-8.761],[26.744,-8.382],[26.981,-6.63],[26.886,-5.92],[26.744,-5.257],[26.65,-4.547],[26.934,-3.553],[27.123,-3.269],[27.454,-2.937],[27.881,-2.748],[27.028,-2.227],[26.981,-1.801],[27.928,-0.807],[27.786,-0.38],[27.691,0.756],[27.739,2.129],[28.449,3.502],[29.727,3.739],[31.472,3.156],[31.38,2.139],[32.748,2.194],[33.192,1.75],[33.414,1.029],[33.507,0.104],[32,-1.28]],[[29.55,-15.366],[29.55,-16.135],[29.194,-17.2],[27.833,-18.68],[25.762,-18.384],[23.572,-18.443],[22.803,-17.792],[23.394,-16.431],[23.217,-14.064],[23.868,-13.235],[24.578,-13.235],[26.65,-14.123],[28.78,-14.182],[29.194,-14.596],[29.55,-15.366]],[[-4.584,17.067],[-4.215,15.883],[-4.954,11.518],[-4.732,10.853],[-5.25,10.187],[-8.727,11.222],[-11.464,11.222],[-12.278,11.666],[-12.574,15.217],[-11.39,16.105],[-7.322,16.179],[-5.546,17.215],[-4.584,17.067]]],[[[8.576,3.067],[8.784,3.448],[8.827,3.612],[8.631,3.656],[8.478,3.557],[8.467,3.361],[8.358,3.317],[8.358,3.088],[8.576,3.067]]]]},"properties":{"BORDERPRECISION":3,"fid":133}},
{"type":"Feature","geometry":{"type":"Polygon","coordinates":[[[-16.567,12.31],[-16.279,12.21],[-16.086,11.969],[-15.809,11.843],[-15.55,11.92],[-15.158,11.876],[-15.459,12.48],[-16.567,12.31]]]},"properties":{"NAME":"Portuguese Guinea","SUBJECTO":"Portuguese Guinea","PARTOF":"Portuguese Guinea","ABBREVN":"Port. Guinea","BORDERPRECISION":3,"fid":134}},
{"type":"Feature","geometry":{"type":"Polygon","coordinates":[[[142.864,53.341],[142.675,53.54],[142.214,53.3],[141.767,53.272],[141.69,53.166],[141.841,52.96],[141.811,52.628],[141.598,52.217],[141.643,51.813],[142.017,51.431],[142.112,51.22],[142.153,50.89],[142.085,50.304],[142.049,49.355],[141.921,48.943],[141.74,48.807],[141.978,48.285],[142.036,47.959],[141.811,47.676],[141.732,47.471],[141.909,47.073],[141.623,46.558],[141.708,46.14],[141.898,45.915],[142.327,46.563],[142.615,46.713],[143.004,46.577],[143.303,46.011],[143.445,46.572],[143.236,46.863],[142.993,46.954],[142.615,47.46],[142.49,47.902],[142.646,48.658],[142.854,49.128],[143.153,49.259],[143.598,49.234],[144.54,48.753],[144.038,49.509],[143.633,50.235],[143.341,50.886],[143.074,51.268],[142.944,51.617],[142.945,51.961],[143.143,52.511],[143.139,52.856],[142.864,53.341]]]},"properties":{"BORDERPRECISION":3,"fid":135}},
{"type":"Feature","geometry":{"type":"Polygon","coordinates":[[[-61.687,17.024],[-61.794,17.163],[-61.887,17.033],[-61.687,17.024]]]},"properties":{"NAME":"Antigua and Barbuda","SUBJECTO":"Antigua and Barbuda","PARTOF":"Antigua and Barbuda","ABBREVN":"Antigua and Barbuda","BORDERPRECISION":3,"fid":136}},
{"type":"Feature","geometry":{"type":"MultiPolygon","coordinates":[[[[-14.51,28.05],[-13.881,28.199],[-13.784,28.879],[-13.421,29.091],[-13.518,29.428],[-13.808,29.049],[-14.147,28.391],[-14.51,28.05]]],[[[-15.574,28.178],[-15.913,27.901],[-15.574,27.729],[-15.211,27.901],[-15.405,28.199],[-15.574,28.178]]],[[[-17.291,28.285],[-17.34,28.029],[-16.638,28.05],[-16.227,28.37],[-16.082,28.54],[-16.88,28.327],[-17.291,28.285]]]]},"properties":{"NAME":"Guanches","SUBJECTO":"Guanches","PARTOF":"Guanches","ABBREVN":"Guanches","BORDERPRECISION":3,"fid":137}},
{"type":"Feature","geometry":{"type":"Polygon","coordinates":[[[134.462,-33.286],[134.631,-33.269],[134.844,-33.695],[135.153,-34.05],[135.357,-34.457],[135.528,-35.055],[135.712,-35.207],[136.106,-34.532],[136.4,-34.277],[136.731,-34.06],[137.067,-33.951],[137.457,-33.314],[137.82,-33.065],[137.868,-32.747],[138.166,-33.192],[138.091,-33.453],[137.913,-33.517],[137.864,-33.879],[137.512,-34.459],[137.559,-34.911],[137.393,-35.089],[137.108,-35.071],[136.947,-35.473],[137.239,-35.383],[137.598,-35.382],[137.683,-35.331],[137.883,-34.687],[138.101,-34.356],[138.568,-34.928],[138.535,-35.297],[138.43,-35.552],[138.197,-35.757],[138.352,-35.865],[138.774,-35.788],[139.127,-35.608],[139.368,-35.614],[139.444,-36.041],[139.743,-36.372],[139.863,-36.78],[139.823,-37.246],[140.012,-37.642],[140.249,-37.794],[140.652,-38.164],[141.225,-38.457],[141.547,-38.533],[141.675,-38.411],[141.904,-38.43],[142.694,-38.671],[143.365,-38.97],[143.464,-38.957],[144.311,-38.565],[144.748,-38.456],[144.411,-38.246],[144.78,-38.06],[144.97,-38.066],[145.252,-38.231],[145.504,-38.442],[145.536,-38.723],[145.934,-38.881],[146.526,-39.181],[146.299,-38.894],[146.821,-38.841],[146.917,-38.713],[147.117,-38.655],[148.037,-38.098],[148.274,-38.027],[149.165,-37.974],[149.504,-37.929],[149.857,-37.634],[149.985,-37.347],[150.011,-36.626],[150.087,-36.154],[150.222,-35.694],[150.343,-35.547],[150.762,-35.253],[150.856,-35.011],[150.85,-34.718],[151.217,-34.208],[151.364,-33.521],[151.765,-33.005],[152.176,-32.877],[152.445,-32.507],[152.537,-32.208],[152.834,-31.768],[152.972,-31.418],[153.001,-31.056],[152.94,-30.699],[153.203,-29.91],[153.361,-29.159],[153.493,-28.841],[153.478,-28.504],[153.396,-28.129],[153.296,-27.913],[152.946,-27.341],[153.087,-27.01],[153.069,-26.228],[152.904,-25.63],[152.761,-25.421],[152.534,-25.364],[152.318,-24.818],[152.073,-24.742],[151.859,-24.291],[151.73,-24.157],[151.458,-24.088],[151.2,-23.942],[150.802,-23.6],[150.754,-22.812],[150.611,-22.621],[150.356,-22.552],[149.945,-22.324],[150.017,-22.73],[149.67,-22.572],[149.557,-22.433],[149.411,-21.918],[149.101,-21.06],[148.706,-20.845],[148.567,-20.654],[148.756,-20.292],[148.704,-20.203],[148.19,-20.172],[147.973,-20.096],[147.594,-19.855],[147.413,-19.563],[147.078,-19.513],[146.322,-19.082],[146.23,-18.924],[146.106,-18.549],[145.925,-18.257],[146.019,-17.862],[145.994,-17.513],[145.869,-17.195],[145.451,-16.598],[145.326,-16.49],[145.346,-16.014],[145.222,-15.664],[145.184,-15.048],[144.693,-14.724],[144.529,-14.668],[144.385,-14.369],[144.065,-14.592],[143.875,-14.586],[143.743,-14.466],[143.538,-13.945],[143.474,-13.665],[143.437,-13.081],[143.292,-12.687],[142.971,-12.535],[143.173,-12.121],[143.127,-12.013],[142.938,-12.007],[142.823,-11.919],[142.749,-11.321],[142.644,-11.093],[142.338,-10.915],[142.126,-11.157],[142.093,-11.532],[141.953,-11.952],[141.693,-12.379],[141.679,-12.468],[141.919,-12.703],[141.848,-12.843],[141.599,-13.046],[141.512,-13.809],[141.668,-14.114],[141.478,-14.617],[141.468,-14.757],[141.652,-15.036],[141.711,-15.227],[141.518,-15.532],[141.402,-15.857],[141.314,-16.448],[141.132,-16.957],[140.801,-17.562],[140.708,-17.632],[140.25,-17.798],[140.06,-17.83],[139.818,-17.761],[139.248,-17.432],[139.075,-17.076],[138.963,-16.994],[138.26,-16.842],[137.955,-16.602],[137.76,-16.399],[137.426,-16.189],[137.074,-16.031],[136.798,-16.07],[136.687,-16.026],[136.459,-15.753],[136.094,-15.449],[135.627,-15.17],[135.388,-14.897],[135.458,-14.681],[135.709,-14.464],[135.881,-14.203],[135.965,-13.891],[135.829,-13.733],[135.831,-13.485],[136.009,-13.332],[136.238,-13.23],[136.469,-13.223],[136.528,-12.911],[136.664,-12.625],[136.86,-12.44],[136.64,-12.326],[136.435,-12.117],[136.353,-12.155],[136.299,-12.511],[136.091,-12.575],[135.942,-12.359],[135.649,-12.188],[135.445,-12.176],[135.192,-12.374],[134.94,-12.336],[134.762,-12.063],[134.645,-12.059],[134.644,-12.111],[134.641,-12.436],[134.641,-12.478],[134.635,-13.152],[134.635,-13.243],[134.629,-13.928],[134.624,-14.505],[134.619,-15.032],[134.618,-15.141],[134.601,-17.133],[134.594,-17.958],[134.574,-20.247],[134.572,-20.481],[134.56,-21.937],[134.555,-22.554],[134.551,-23.019],[134.549,-23.241],[134.523,-26.28],[134.52,-26.546],[134.5,-28.921],[134.499,-29.004],[134.484,-30.829],[134.483,-30.935],[134.467,-32.737],[134.462,-33.286]]]},"properties":{"NAME":"New South Wales","SUBJECTO":"United Kingdom of Great Britain and Ireland","PARTOF":"New South Wales","ABBREVN":"New South Wales","BORDERPRECISION":3,"fid":138}},
{"type":"Feature","geometry":{"type":"Polygon","coordinates":[[[-59.533,13.051],[-59.429,13.165],[-59.659,13.288],[-59.643,13.149],[-59.533,13.051]]]},"properties":{"NAME":"Barbados","SUBJECTO":"Barbados","PARTOF":"Barbados","ABBREVN":"Barbados","BORDERPRECISION":3,"fid":139}},
{"type":"Feature","geometry":{"type":"Polygon","coordinates":[[[-61.364,15.198],[-61.255,15.285],[-61.304,15.574],[-61.475,15.486],[-61.364,15.198]]]},"properties":{"NAME":"Dominica","SUBJECTO":"Dominica","PARTOF":"Dominica","ABBREVN":"Dominica","BORDERPRECISION":3,"fid":140}},
{"type":"Feature","geometry":{"type":"Polygon","coordinates":[[[-61.747,11.997],[-61.596,12.126],[-61.725,12.172],[-61.747,11.997]]]},"properties":{"NAME":"Grenada","SUBJECTO":"Grenada","PARTOF":"Grenada","ABBREVN":"Grenada","BORDERPRECISION":3,"fid":141}},
{"type":"Feature","geometry":{"type":"Polygon","coordinates":[[[-60.861,14.403],[-60.83,14.57],[-61.034,14.829],[-61.232,14.809],[-61.034,14.466],[-60.861,14.403]]]},"properties":{"NAME":"Martinique","SUBJECTO":"Martinique","PARTOF":"Martinique","ABBREVN":"Martinique","BORDERPRECISION":3,"fid":142}},
{"type":"Feature","geometry":{"type":"Polygon","coordinates":[[[-62.171,16.671],[-62.138,16.693],[-62.176,16.809],[-62.237,16.712],[-62.171,16.671]]]},"properties":{"NAME":"Montserrat","SUBJECTO":"Montserrat","PARTOF":"Montserrat","ABBREVN":"Montserrat","BORDERPRECISION":3,"fid":143}},
{"type":"Feature","geometry":{"type":"Polygon","coordinates":[[[-63.168,18.164],[-62.993,18.227],[-63.058,18.256],[-63.168,18.164]]]},"properties":{"NAME":"Anguilla","SUBJECTO":"Anguilla","PARTOF":"Anguilla","ABBREVN":"Anguilla","BORDERPRECISION":3,"fid":144}},
{"type":"Feature","geometry":{"type":"Polygon","coordinates":[[[-62.702,17.337],[-62.813,17.409],[-62.864,17.371],[-62.778,17.292],[-62.702,17.337]]]},"properties":{"NAME":"Saint Kitts and Nevis","SUBJECTO":"Saint Kitts and Nevis","PARTOF":"Saint Kitts and Nevis","ABBREVN":"Saint Kitts and Nevis","BORDERPRECISION":3,"fid":145}},
{"type":"Feature","geometry":{"type":"Polygon","coordinates":[[[-60.955,13.709],[-60.878,13.957],[-61.075,13.897],[-60.955,13.709]]]},"properties":{"NAME":"Saint Lucia","SUBJECTO":"Saint Lucia","PARTOF":"Saint Lucia","ABBREVN":"Saint Lucia","BORDERPRECISION":3,"fid":146}},
{"type":"Feature","geometry":{"type":"Polygon","coordinates":[[[-61.173,13.133],[-61.123,13.249],[-61.209,13.368],[-61.278,13.25],[-61.173,13.133]]]},"properties":{"NAME":"Saint Vincent and the Grenadines","SUBJECTO":"Saint Vincent and the Grenadines","PARTOF":"Saint Vincent and the Grenadines","ABBREVN":"Saint Vincent and the Grenadines","BORDERPRECISION":3,"fid":147}},
{"type":"Feature","geometry":{"type":"Polygon","coordinates":[[[-61.346,16.334],[-61.499,16.349],[-61.794,16.242],[-61.695,15.949],[-61.553,16.054],[-61.581,16.205],[-61.346,16.334]]]},"properties":{"NAME":"Guadeloupe","SUBJECTO":"Guadeloupe","PARTOF":"Guadeloupe","ABBREVN":"Guadeloupe","BORDERPRECISION":3,"fid":148}},
{"type":"Feature","geometry":{"type":"Polygon","coordinates":[[[-68.966,12.199],[-69.078,12.349],[-69.158,12.311],[-69.062,12.188],[-68.832,12.049],[-68.824,12.16],[-68.966,12.199]]]},"properties":{"NAME":"Netherlands Antilles","SUBJECTO":"Netherlands Antilles","PARTOF":"Netherlands Antilles","ABBREVN":"Netherlands Antilles","BORDERPRECISION":3,"fid":149}},
{"type":"Feature","geometry":{"type":"Polygon","coordinates":[[[-63.011,18.067],[-63.045,18.121],[-63.14,18.059],[-63.011,18.067]]]},"properties":{"NAME":"Saint Martin","SUBJECTO":"Saint Martin","PARTOF":"Saint Martin","ABBREVN":"Saint Martin","BORDERPRECISION":3,"fid":150}},
{"type":"Feature","geometry":{"type":"Polygon","coordinates":[[[-63.14,18.059],[-63.033,18.016],[-63.011,18.067],[-63.14,18.059]]]},"properties":{"NAME":"Saint Barthelemy","SUBJECTO":"Saint Barthelemy","PARTOF":"Saint Barthelemy","ABBREVN":"Saint Barthelemy","BORDERPRECISION":3,"fid":151}},
{"type":"Feature","geometry":{"type":"Polygon","coordinates":[[[-88.32,18.494],[-88.311,18.741],[-88.138,18.894],[-88.03,18.621],[-87.877,18.381],[-87.682,19.281],[-87.637,19.575],[-87.858,19.582],[-87.66,19.875],[-87.651,20.19],[-87.508,20.39],[-87.07,20.804],[-86.936,20.976],[-86.922,21.301],[-87.201,21.529],[-87.371,21.571],[-87.597,21.484],[-88.334,21.59],[-88.601,21.564],[-89.058,21.398],[-89.863,21.25],[-90,21.161],[-90,19.382],[-91.22,19.102],[-91.702,18.823],[-91.526,18.745],[-91.479,18.634],[-91.73,18.416],[-92.107,18.516],[-92.098,18.76],[-93.087,18.554],[-93.785,18.349],[-94.242,18.24],[-94.59,18.271],[-94.816,18.5],[-95.083,18.702],[-95.343,18.772],[-95.844,18.796],[-96.012,18.929],[-96.579,19.92],[-96.795,20.154],[-96.881,20.358],[-97.223,20.764],[-97.504,21.189],[-97.882,22.333],[-97.875,22.841],[-97.815,23.375],[-97.823,24.208],[-97.742,24.73],[-97.658,25.073],[-97.425,25.442],[-97.26,25.811],[-97.451,26.218],[-97.638,26.847],[-97.632,27.228],[-97.563,27.362],[-97.267,27.674],[-97.568,27.909],[-97.115,28.107],[-96.831,28.158],[-96.685,28.248],[-96.577,28.426],[-96.774,28.623],[-96.717,28.712],[-96.203,28.637],[-96.015,28.656],[-95.603,28.799],[-94.845,29.346],[-95.058,29.675],[-94.857,29.784],[-94.797,29.563],[-94.426,29.543],[-94.061,29.699],[-94.132,29.78],[-93.896,30.118],[-93.942,30.524],[-93.73,30.913],[-93.752,31.169],[-94.043,31.582],[-93.998,31.685],[-94.246,31.982],[-94.247,33.535],[-94.593,33.53],[-94.852,33.68],[-95.073,33.729],[-95.172,33.844],[-95.423,33.944],[-95.499,33.856],[-96.353,33.82],[-96.626,33.759],[-96.832,33.835],[-97.07,33.836],[-97.329,33.7],[-97.865,33.974],[-98.069,33.832],[-98.372,34.097],[-98.567,34.14],[-98.69,34.046],[-99.155,34.195],[-99.39,34.196],[-99.416,34.323],[-99.773,34.401],[-99.898,34.361],[-100.204,34.543],[-100.204,35.405],[-100.204,36.483],[-100.236,37.709],[-102.328,37.709],[-104.099,37.548],[-107.478,38.192],[-109.249,38.192],[-110.214,38.353],[-110.214,42.055],[-118.925,42.055],[-124.306,42.055],[-124.153,41.58],[-124.179,41.195],[-124.367,40.751],[-124.412,40.469],[-124.365,40.334],[-124.033,39.982],[-123.82,39.607],[-123.892,39.414],[-123.745,39.076],[-123.796,39.03],[-123.46,38.704],[-123.222,38.533],[-122.991,38.139],[-122.759,37.957],[-122.375,37.854],[-122.391,37.653],[-122.558,37.566],[-122.494,37.301],[-122.253,37.07],[-121.932,37.009],[-121.851,36.749],[-121.997,36.576],[-121.927,36.338],[-121.561,36.066],[-121.385,35.785],[-120.928,35.475],[-120.949,35.289],[-120.677,35.189],[-120.737,34.981],[-120.688,34.622],[-120.529,34.508],[-120.204,34.531],[-119.785,34.459],[-119.613,34.478],[-119.292,34.221],[-118.872,34.07],[-118.604,34.096],[-118.438,33.794],[-118.288,33.843],[-118.007,33.731],[-117.709,33.529],[-117.497,33.325],[-117.348,33.053],[-117.304,32.755],[-117.075,32.302],[-116.96,32.156],[-116.611,31.877],[-116.705,31.591],[-116.509,31.273],[-116.229,30.943],[-116.138,30.765],[-116.126,30.498],[-116.058,30.339],[-115.857,30.282],[-115.602,29.685],[-115.421,29.533],[-114.978,29.311],[-114.483,28.912],[-114.273,28.709],[-114.067,28.423],[-114.105,28.054],[-114.214,27.908],[-114.479,27.78],[-114.749,27.786],[-115.055,27.853],[-114.478,27.244],[-114.153,27.105],[-113.585,26.769],[-113.285,26.808],[-112.981,26.503],[-112.756,26.364],[-112.558,26.32],[-112.411,26.193],[-112.084,25.57],[-112.068,25.456],[-112.166,25.011],[-111.906,24.687],[-111.392,24.243],[-111.016,24.015],[-110.784,23.799],[-110.502,23.66],[-110.225,23.4],[-110.117,23.07],[-110.004,22.885],[-109.889,22.867],[-109.517,23.192],[-109.429,23.433],[-109.489,23.573],[-109.824,23.693],[-109.94,23.954],[-110.205,24.315],[-110.485,24.15],[-110.656,24.219],[-110.772,24.378],[-110.798,24.88],[-111.329,25.896],[-111.484,26.557],[-111.594,26.76],[-111.915,26.664],[-112.115,27.02],[-112.284,27.509],[-112.567,27.56],[-112.724,27.705],[-112.87,28.335],[-113.322,28.556],[-113.593,29.103],[-113.829,29.401],[-114.1,29.642],[-114.389,29.762],[-114.683,30.143],[-114.722,30.372],[-114.735,30.843],[-114.988,31.166],[-114.967,31.364],[-114.839,31.815],[-114.195,31.524],[-113.952,31.69],[-113.689,31.538],[-113.662,31.335],[-113.304,31.246],[-113.052,31.139],[-113.085,30.77],[-113.017,30.566],[-112.654,29.919],[-112.323,29.436],[-112.033,29.061],[-111.692,28.496],[-111.271,28.109],[-111.064,27.995],[-110.604,27.856],[-110.521,27.755],[-110.582,27.462],[-110.382,27.214],[-109.946,27.044],[-109.724,26.605],[-109.527,26.72],[-109.189,26.441],[-109.132,26.289],[-109.338,25.958],[-109.263,25.646],[-109.156,25.577],[-108.848,25.615],[-108.683,25.38],[-108.499,25.241],[-108.226,25.152],[-108.013,24.981],[-107.916,24.645],[-107.404,24.296],[-106.757,23.585],[-106.512,23.363],[-105.839,22.564],[-105.54,22.285],[-105.508,22.164],[-105.628,21.954],[-105.294,21.522],[-105.216,21.313],[-105.234,21.141],[-105.44,20.835],[-105.291,20.67],[-105.393,20.511],[-105.62,20.473],[-105.67,20.352],[-105.173,19.66],[-104.948,19.438],[-104.669,19.318],[-104.197,19.058],[-103.975,18.88],[-103.748,18.595],[-103.494,18.354],[-102.668,18.095],[-102.358,18.032],[-101.993,18.027],[-101.487,17.576],[-101.221,17.418],[-100.737,17.222],[-100.413,17.057],[-99.979,16.893],[-99.209,16.717],[-98.856,16.597],[-98.146,16.172],[-97.881,16.052],[-97.294,15.964],[-96.752,15.781],[-96.333,15.75],[-95.993,15.865],[-95.13,16.299],[-94.835,16.319],[-94.363,16.225],[-94.075,16.111],[-93.812,15.921],[-92.901,15.192],[-92.472,14.792],[-91.925,14.354],[-91.516,14.059],[-91.242,13.952],[-90,13.937],[-89.989,13.678],[-89.402,13.482],[-88.638,13.255],[-87.949,13.172],[-87.755,13.467],[-87.556,13.366],[-87.404,13.03],[-87.685,13.017],[-87.587,12.832],[-87.261,12.623],[-86.885,12.256],[-86.434,11.767],[-86.014,11.368],[-85.84,11.078],[-85.87,10.928],[-85.621,10.827],[-85.617,10.652],[-85.767,10.55],[-85.824,10.361],[-85.778,10.138],[-85.566,9.923],[-85.314,9.828],[-85.089,9.583],[-84.844,9.841],[-84.926,9.961],[-85.116,9.981],[-85.255,10.311],[-84.809,10.032],[-84.631,9.874],[-84.635,9.684],[-84.492,9.537],[-84.182,9.491],[-84.147,9.427],[-83.834,9.297],[-83.615,9.152],[-83.533,8.999],[-83.551,8.828],[-83.664,8.675],[-83.605,8.548],[-83.279,8.413],[-83.266,8.542],[-83.362,8.763],[-83.085,8.651],[-83.09,8.395],[-82.956,8.257],[-82.957,8.047],[-82.866,8.321],[-82.975,8.404],[-82.807,8.57],[-82.863,8.809],[-82.684,8.975],[-82.913,9.113],[-82.907,9.519],[-82.808,9.611],[-82.56,9.583],[-82.752,9.744],[-82.962,10.034],[-83.204,10.2],[-83.377,10.48],[-83.747,10.878],[-83.914,11.251],[-83.9,11.888],[-84.095,12.528],[-83.858,14.185],[-83.296,14.615],[-83.314,14.768],[-83.527,15.237],[-83.778,15.268],[-84.132,15.375],[-84.234,15.502],[-84.171,15.763],[-84.65,15.933],[-84.934,15.933],[-85.632,15.874],[-85.887,15.994],[-86.372,15.803],[-87.021,15.82],[-87.571,15.908],[-87.858,15.882],[-88.274,15.747],[-88.48,15.912],[-88.664,15.726],[-88.941,15.905],[-89.251,15.897],[-89.154,17.831],[-89.04,18.022],[-88.867,17.901],[-88.597,18.286],[-88.517,18.487],[-88.32,18.494]]]},"properties":{"NAME":"Vice-Royalty of New Spain","SUBJECTO":"Spain","PARTOF":"Vice-Royalty of New Spain","ABBREVN":"Vice-Royalty of New Spain","BORDERPRECISION":3,"fid":152}},
{"type":"Feature","geometry":{"type":"MultiPolygon","coordinates":[[[[-158.072,21.297],[-158.047,21.459],[-158.179,21.689],[-158.434,21.452],[-158.298,21.276],[-158.072,21.297]]],[[[-156.822,20.94],[-156.615,20.795],[-156.507,20.599],[-156.253,20.63],[-156.119,20.79],[-156.396,20.95],[-156.716,21.069],[-156.822,20.94]]],[[[-156.163,19.808],[-156.054,19.504],[-156.034,19.106],[-155.783,18.946],[-155.65,19.137],[-155.482,19.24],[-155.137,19.328],[-154.948,19.483],[-155.212,19.896],[-155.479,20.087],[-155.931,20.284],[-156.032,20.196],[-155.947,19.989],[-156.163,19.808]]]]},"properties":{"NAME":"Kongldom of Hawaii","SUBJECTO":"Kongldom of Hawaii","PARTOF":"Kongldom of Hawaii","ABBREVN":"Hawaii","BORDERPRECISION":3,"fid":153}},
{"type":"Feature","geometry":{"type":"Polygon","coordinates":[[[-77.254,-2.759],[-77.254,-2.098],[-77.854,-1.667],[-78.562,-2.129],[-78.392,-2.913],[-77.9,-3.113],[-77.254,-2.759]]]},"properties":{"NAME":"Shuar","SUBJECTO":"Shuar","PARTOF":"Shuar","ABBREVN":"Shuar","BORDERPRECISION":3,"fid":154}},
{"type":"Feature","geometry":{"type":"Polygon","coordinates":[[[19.334,57.956],[19.105,57.975],[19.142,57.908],[19.334,57.956]]]},"properties":{"BORDERPRECISION":3,"fid":155}},
{"type":"Feature","geometry":{"type":"Polygon","coordinates":[[[18.206,56.912],[18.391,57.13],[18.712,57.242],[18.809,57.704],[19.033,57.827],[18.725,57.923],[18.467,57.812],[18.111,57.519],[18.206,56.912]]]},"properties":{"BORDERPRECISION":3,"fid":156}},
{"type":"Feature","geometry":{"type":"Polygon","coordinates":[[[122.949,-8.377],[122.863,-8.141],[122.715,-8.293],[122.344,-8.482],[122.166,-8.634],[121.98,-8.55],[121.578,-8.589],[121.431,-8.723],[121.279,-8.717],[121.079,-8.571],[120.565,-8.388],[120.328,-8.395],[119.853,-8.574],[119.935,-8.936],[120.549,-8.935],[120.971,-9.055],[121.276,-8.914],[121.694,-8.996],[121.899,-8.849],[122.051,-8.868],[122.711,-8.598],[122.696,-8.493],[122.949,-8.377]]]},"properties":{"SUBJECTO":"Dutch East Indies","ABBREVN":"East Indies","BORDERPRECISION":3,"fid":157}},
{"type":"Feature","geometry":{"type":"Polygon","coordinates":[[[117.938,-8.54],[117.817,-8.814],[117.554,-8.739],[117.514,-8.613],[116.958,-8.529],[116.663,-8.702],[116.663,-9.059],[116.976,-9.178],[117.277,-9.145],[117.841,-8.954],[117.974,-8.975],[118.216,-8.739],[118.275,-8.927],[118.658,-8.856],[118.873,-8.671],[118.863,-8.481],[118.267,-8.277],[118.13,-8.343],[117.948,-8.162],[117.691,-8.267],[117.705,-8.439],[117.938,-8.54]]]},"properties":{"SUBJECTO":"Dutch East Indies","ABBREVN":"East Indies","BORDERPRECISION":3,"fid":158}},
{"type":"Feature","geometry":{"type":"Polygon","coordinates":[[[115.072,-8.781],[115.244,-8.59],[115.5,-8.469],[115.084,-8.235],[114.876,-8.248],[114.645,-8.331],[114.511,-8.452],[115.072,-8.781]]]},"properties":{"SUBJECTO":"Dutch East Indies","ABBREVN":"East Indies","BORDERPRECISION":3,"fid":159}},
{"type":"Feature","geometry":{"type":"Polygon","coordinates":[[[127.631,-0.017],[127.636,-0.308],[127.884,-0.638],[128.299,-1.025],[128.37,-0.929],[128.099,-0.606],[127.946,-0.326],[127.865,0.099],[127.901,0.296],[128.037,0.367],[128.706,0.209],[128.642,0.431],[128.19,0.627],[128.263,0.767],[128.632,1.022],[128.545,1.448],[128.102,1.199],[128.042,0.964],[127.802,0.716],[127.689,0.925],[127.963,1.447],[127.987,1.574],[127.8,1.897],[127.569,1.528],[127.424,0.982],[127.522,0.785],[127.441,0.537],[127.631,-0.017]]]},"properties":{"SUBJECTO":"Dutch East Indies","ABBREVN":"East Indies","BORDERPRECISION":3,"fid":160}},
{"type":"Feature","geometry":{"type":"Polygon","coordinates":[[[106.553,-3.175],[106.471,-2.921],[106.643,-2.711],[106.329,-2.572],[106.037,-2.204],[105.896,-1.804],[105.722,-1.747],[105.656,-1.957],[105.427,-1.71],[105.321,-1.818],[105.2,-2.11],[105.252,-2.174],[105.583,-2.205],[105.812,-2.382],[105.902,-2.725],[105.995,-2.89],[106.553,-3.175]]]},"properties":{"NAME":"Dutch East Indies","SUBJECTO":"Dutch East Indies","PARTOF":"Dutch East Indies","ABBREVN":"East Indies","BORDERPRECISION":3,"fid":161}},
{"type":"Feature","geometry":{"type":"Polygon","coordinates":[[[120.28,-10.378],[120.414,-10.352],[120.581,-10.098],[120.462,-9.926],[119.946,-9.591],[119.789,-9.458],[119.563,-9.509],[119.116,-9.523],[118.949,-9.587],[119.032,-9.771],[119.41,-9.872],[120.28,-10.378]]]},"properties":{"SUBJECTO":"Dutch East Indies","ABBREVN":"East Indies","BORDERPRECISION":3,"fid":162}},
{"type":"Feature","geometry":{"type":"Polygon","coordinates":[[[109.518,1.821],[109.282,1.883],[109.146,1.52],[108.956,1.259],[108.814,0.808],[108.87,0.541],[108.841,0.331],[108.999,0.198],[109.158,-0.075],[109.073,-0.405],[109.429,-0.71],[109.179,-0.869],[109.6,-1.122],[109.783,-1.306],[109.941,-1.643],[109.946,-1.859],[110.066,-2.494],[110.102,-3.079],[110.365,-2.995],[110.653,-2.988],[110.797,-3.172],[111.436,-2.974],[111.587,-2.796],[111.729,-3.259],[111.739,-3.647],[111.903,-3.615],[112.047,-3.456],[112.246,-3.398],[112.578,-3.423],[112.795,-2.971],[112.949,-3.041],[113.123,-3.244],[113.461,-3.383],[113.608,-3.611],[113.744,-3.598],[113.971,-3.363],[114.099,-3.35],[114.356,-3.603],[114.505,-3.965],[114.494,-4.156],[114.581,-4.295],[114.712,-4.206],[115.568,-3.804],[115.806,-3.536],[115.956,-3.199],[116.202,-2.9],[116.245,-2.703],[116.041,-2.443],[116.349,-2.417],[116.246,-2.106],[116.046,-1.934],[116.384,-1.66],[116.579,-1.368],[117.046,-0.935],[117.37,-1.004],[117.43,-0.622],[117.318,-0.14],[117.375,0.197],[117.534,0.611],[117.708,0.821],[117.86,0.866],[118.218,0.758],[118.556,0.746],[118.765,0.823],[118.517,1.166],[118.247,1.387],[117.913,1.59],[117.696,1.901],[117.848,2.225],[117.829,2.314],[117.342,3.025],[117.139,3.171],[117.215,3.272],[117.074,3.507],[117.58,3.565],[117.684,3.629],[117.559,3.981],[117.138,4.153],[116.657,4.162],[116.027,4.235],[115.707,4.157],[115.536,3.87],[115.482,3.615],[115.53,3.171],[115.431,2.999],[115.14,2.889],[115.042,2.736],[115.076,2.399],[114.659,1.596],[114.485,1.461],[114.096,1.383],[113.887,1.305],[113.677,1.145],[113.296,1.2],[112.809,1.413],[112.616,1.463],[112.4,1.43],[112.161,1.231],[111.98,0.995],[111.562,0.764],[110.966,0.913],[110.549,0.726],[110.211,0.889],[109.648,1.464],[109.518,1.821]]]},"properties":{"BORDERPRECISION":3,"fid":163}},
{"type":"Feature","geometry":{"type":"MultiPolygon","coordinates":[[[[149.379,-6.209],[149.554,-6.406],[149.917,-6.354],[150.276,-6.341],[150.494,-6.277],[151.056,-6.015],[151.28,-5.671],[151.802,-5.708],[152.059,-5.498],[151.862,-5.282],[151.907,-5.104],[152.136,-5.085],[152.268,-4.779],[152.233,-4.621],[152.09,-4.36],[151.944,-4.52],[151.539,-4.406],[151.588,-4.902],[151.452,-5.086],[151.157,-5.1],[151.049,-5.195],[150.887,-5.52],[150.722,-5.622],[150.289,-5.712],[150.052,-5.623],[149.869,-5.401],[149.764,-5.63],[149.648,-5.713],[149.413,-5.739],[148.836,-5.645],[148.377,-5.659],[148.306,-5.773],[148.416,-5.881],[148.712,-5.988],[149.021,-6.242],[149.209,-6.153],[149.379,-6.209]]],[[[142.413,-3.307],[142.031,-3.156],[140.87,-2.795],[139.592,-2.379],[138.634,-1.955],[137.854,-1.614],[137.704,-1.633],[137.111,-1.984],[137.084,-2.251],[136.914,-2.315],[136.271,-2.418],[135.734,-3.252],[135.508,-3.449],[135.246,-3.539],[134.954,-3.463],[134.773,-3.305],[134.634,-2.822],[134.455,-3],[134.283,-2.855],[134.186,-2.62],[134.083,-2.181],[133.983,-2.01],[134.141,-1.501],[133.907,-1.006],[133.496,-0.937],[133.265,-0.861],[132.592,-0.57],[132.254,-0.527],[131.834,-0.826],[131.42,-1.011],[131.211,-1.025],[131.183,-1.406],[131.064,-1.54],[131.627,-1.596],[131.816,-1.665],[131.906,-1.817],[131.973,-2.116],[132.219,-2.344],[132.681,-2.381],[133.321,-2.38],[133.593,-2.348],[133.855,-2.245],[133.884,-2.43],[133.781,-2.722],[133.321,-2.742],[133.121,-2.597],[132.719,-2.934],[132.647,-2.947],[132.202,-2.802],[132.016,-2.821],[132.025,-3.018],[132.177,-3.043],[132.749,-3.398],[132.896,-3.696],[132.713,-3.888],[132.932,-4.268],[133.245,-4.109],[133.395,-3.988],[133.508,-3.714],[133.563,-3.415],[133.669,-3.237],[133.823,-3.288],[133.763,-3.51],[133.857,-3.771],[134.041,-3.948],[134.401,-4.068],[134.766,-4.036],[134.777,-4.309],[135.061,-4.454],[135.378,-4.562],[135.654,-4.593],[137.385,-5.123],[137.824,-5.427],[138.297,-6.189],[138.421,-6.481],[138.551,-6.652],[139.028,-7.02],[138.65,-7.141],[138.904,-7.491],[139.156,-7.725],[139.154,-7.852],[138.958,-8.145],[138.917,-8.317],[139.112,-8.323],[139.794,-8.213],[139.977,-8.238],[140.299,-8.644],[140.948,-9.274],[141.496,-9.315],[142.307,-9.333],[142.607,-9.377],[143.331,-9],[143.233,-8.822],[143.051,-8.67],[142.753,-8.512],[142.464,-8.436],[142.464,-8.296],[142.97,-8.378],[143.437,-8.358],[143.356,-8.129],[143.496,-8.084],[143.667,-8.141],[143.792,-8.014],[143.665,-7.671],[144.016,-7.874],[144.38,-7.758],[144.627,-7.783],[144.929,-7.922],[145.615,-8.073],[145.82,-8.098],[146.096,-8.466],[146.646,-9.279],[146.858,-9.431],[147.185,-9.57],[147.393,-9.926],[147.615,-10.084],[147.874,-10.179],[148.561,-10.184],[149.329,-10.36],[149.783,-10.41],[149.906,-10.664],[150.002,-10.734],[150.495,-10.739],[150.523,-10.637],[150.418,-10.294],[150.176,-10.161],[149.696,-10.035],[149.567,-9.927],[149.859,-9.831],[149.83,-9.711],[149.176,-9.553],[149.078,-9.458],[149.237,-9.21],[149.198,-9.121],[148.589,-9.16],[148.459,-9.097],[148.133,-8.627],[148.035,-8.246],[147.376,-7.796],[147.151,-7.562],[146.886,-7.117],[146.909,-6.895],[147.162,-6.824],[147.664,-6.791],[147.739,-6.74],[147.644,-6.48],[147.376,-6.125],[146.893,-6.03],[146.045,-5.676],[145.745,-5.626],[145.593,-5.423],[145.728,-4.997],[145.377,-4.674],[144.783,-4.338],[144.659,-4.224],[144.543,-3.995],[144.103,-3.984],[143.446,-3.61],[142.413,-3.307]]],[[[137.676,-8.459],[138.176,-8.554],[138.297,-8.541],[138.584,-8.228],[138.699,-8.152],[138.895,-7.783],[138.568,-7.523],[138.376,-7.555],[138.193,-7.676],[137.941,-7.995],[137.676,-8.459]]]]},"properties":{"NAME":"Papou","SUBJECTO":"Papu","PARTOF":"Papou","ABBREVN":"Papou","BORDERPRECISION":3,"fid":164}},
{"type":"Feature","geometry":{"type":"MultiPolygon","coordinates":[[[[123.615,-9.888],[123.604,-10.129],[123.492,-10.352],[123.708,-10.345],[124.154,-10.205],[124.448,-9.988],[124.939,-9.555],[125.212,-9.395],[126.148,-9.082],[126.873,-8.807],[127.141,-8.596],[127.044,-8.476],[126.409,-8.56],[126,-8.656],[125.29,-8.702],[125.08,-8.772],[124.918,-9.046],[124.62,-9.25],[123.969,-9.531],[123.665,-9.748],[123.615,-9.888]]],[[[105.286,-6.771],[105.185,-6.866],[105.89,-6.933],[106.366,-7.04],[106.547,-7.16],[106.345,-7.37],[106.484,-7.503],[107.207,-7.534],[107.368,-7.565],[107.73,-7.787],[108.16,-7.856],[108.361,-7.836],[108.61,-7.702],[109.037,-7.72],[109.544,-7.84],[110.038,-7.991],[110.415,-8.207],[110.778,-8.32],[112.093,-8.445],[112.414,-8.488],[112.836,-8.348],[113.074,-8.347],[113.744,-8.6],[114.105,-8.688],[114.069,-8.434],[114.252,-8.02],[114.231,-7.932],[113.948,-7.824],[113.761,-7.831],[113.559,-7.914],[113.073,-7.877],[112.678,-7.719],[112.501,-7.465],[112.537,-7.265],[112.275,-7.027],[111.917,-6.958],[111.33,-6.908],[111.045,-6.852],[110.815,-6.534],[110.613,-6.541],[110.492,-6.662],[110.396,-6.955],[110.243,-7.031],[110.027,-7.044],[109.382,-6.989],[109.161,-7.023],[108.953,-6.939],[108.556,-6.921],[108.475,-6.686],[108.309,-6.451],[108.173,-6.356],[107.97,-6.439],[107.769,-6.452],[107.677,-6.33],[107.525,-6.351],[107.34,-6.154],[106.945,-6.026],[106.864,-6.27],[106.628,-6.309],[106.521,-6.11],[106.308,-6.131],[106.024,-6.081],[105.792,-6.257],[105.811,-6.482],[105.672,-6.456],[105.633,-6.755],[105.467,-6.813],[105.286,-6.771]]],[[[119.914,0.54],[119.697,0.005],[119.578,-0.491],[119.597,-0.878],[119.396,-0.904],[119.244,-1.228],[119.205,-1.432],[119.247,-1.959],[119.175,-2.176],[118.964,-2.526],[118.743,-2.761],[118.684,-2.901],[118.796,-3.479],[118.791,-3.663],[119.05,-3.65],[119.226,-3.574],[119.365,-3.63],[119.461,-3.808],[119.504,-4.189],[119.446,-5.067],[119.295,-5.423],[119.367,-5.658],[119.477,-5.804],[119.691,-5.772],[119.922,-5.663],[120.248,-5.586],[120.124,-5.332],[120.133,-5.23],[120.302,-4.944],[120.307,-4.804],[120.143,-4.398],[120.28,-3.654],[120.216,-3.235],[120.144,-3.076],[120.367,-2.897],[120.593,-2.802],[120.925,-2.826],[120.999,-3.049],[120.946,-3.309],[120.818,-3.487],[120.881,-3.716],[121.508,-4.236],[121.416,-4.497],[121.393,-4.789],[121.649,-4.947],[121.873,-4.96],[121.974,-4.648],[122.159,-4.514],[122.648,-4.513],[122.641,-4.284],[122.391,-4.088],[122.19,-3.847],[122.144,-3.663],[122.258,-3.211],[121.874,-2.653],[121.664,-2.418],[121.265,-2.101],[121.267,-1.936],[121.586,-2.011],[121.746,-1.852],[122.223,-1.654],[122.594,-1.228],[122.757,-1.094],[123.002,-1.112],[123.213,-1.233],[123.25,-0.902],[123.191,-0.807],[122.981,-0.718],[122.739,-0.878],[122.159,-1.012],[121.995,-1.114],[121.772,-1.096],[121.461,-0.989],[121.168,-1.428],[121.055,-1.549],[120.688,-1.537],[120.507,-1.448],[120.407,-1.175],[120.022,-0.903],[119.904,-0.681],[119.873,-0.465],[119.957,-0.14],[120.143,0.191],[120.337,0.356],[120.826,0.414],[121.085,0.377],[121.552,0.397],[121.948,0.379],[122.466,0.405],[122.983,0.375],[123.249,0.185],[123.472,0.153],[124.234,0.301],[124.421,0.479],[124.857,1.046],[124.983,1.3],[125.016,1.542],[124.852,1.624],[124.72,1.44],[124.457,1.204],[124.527,1.083],[124.432,0.956],[124.15,0.797],[123.826,0.739],[122.992,0.775],[122.733,0.673],[122.181,0.869],[121.591,0.861],[121.263,1.102],[120.991,1.165],[120.767,1.139],[120.562,0.776],[120.432,0.636],[120.239,0.788],[119.914,0.54]]],[[[126.15,-3.628],[126.472,-3.85],[126.66,-3.875],[127.112,-3.722],[127.094,-3.518],[126.727,-3.233],[126.111,-3.298],[126.046,-3.425],[126.15,-3.628]]],[[[130.609,-3.848],[130.806,-3.765],[130.725,-3.485],[130.593,-3.307],[130.369,-3.13],[129.743,-2.979],[129.556,-2.986],[129.311,-3.132],[129.168,-3.139],[128.909,-3],[128.153,-2.97],[128.042,-3.059],[128.152,-3.262],[128.376,-3.547],[128.653,-3.343],[128.915,-3.254],[129.031,-3.413],[129.487,-3.596],[129.579,-3.583],[129.595,-3.335],[129.914,-3.385],[130.297,-3.677],[130.609,-3.848]]],[[[103.687,-0.118],[103.722,0.015],[103.463,0.288],[103.24,0.459],[103.047,0.528],[102.472,0.623],[102.278,0.743],[102.136,0.94],[102.01,1.27],[101.868,1.435],[101.474,1.548],[101.276,1.719],[101.06,2.081],[100.832,2.176],[100.854,1.877],[100.732,1.871],[100.456,2.118],[100.121,2.543],[99.863,2.568],[99.858,2.904],[99.796,2.981],[99.491,3.126],[98.625,3.658],[98.146,4.07],[98.174,4.381],[97.943,4.521],[97.529,5.041],[97.384,5.18],[97.204,5.173],[96.753,5.064],[96.187,5.146],[96.025,5.215],[95.74,5.469],[95.464,5.57],[95.283,5.55],[95.191,5.41],[95.308,4.96],[95.561,4.534],[95.828,4.224],[96.394,3.647],[96.72,3.705],[97.254,3.14],[97.428,2.925],[97.509,2.74],[97.597,2.251],[97.983,2.112],[98.303,1.935],[98.601,1.707],[98.719,1.479],[98.689,1.37],[99.113,0.221],[99.401,0.088],[99.697,-0.152],[99.972,-0.501],[100.272,-0.971],[100.65,-1.631],[100.796,-2.025],[100.812,-2.336],[101.345,-3.015],[101.66,-3.319],[102.111,-3.604],[102.287,-3.979],[102.462,-4.182],[103.069,-4.613],[103.523,-4.999],[103.873,-5.342],[104.568,-6.071],[104.642,-5.976],[104.465,-5.639],[104.563,-5.601],[105.033,-5.879],[105.187,-5.542],[105.304,-5.58],[105.476,-5.815],[105.641,-5.929],[105.728,-5.827],[105.796,-5.35],[105.797,-4.734],[105.693,-4.308],[105.711,-4.105],[105.943,-3.215],[105.629,-2.91],[105.564,-2.713],[105.445,-2.599],[104.995,-2.467],[104.678,-2.671],[104.61,-2.576],[104.813,-2.156],[104.568,-2.137],[104.352,-1.89],[104.298,-1.363],[104.23,-1.191],[104.121,-1.141],[103.747,-1.116],[103.384,-0.894],[103.238,-0.659],[103.409,-0.5],[103.501,-0.316],[103.687,-0.118]]]]},"properties":{"SUBJECTO":"Dutch East Indies","ABBREVN":"East Indies","BORDERPRECISION":3,"fid":165}},
{"type":"Feature","geometry":{"type":"Polygon","coordinates":[[[69.053,31.626],[69.045,29.43],[69.32,28.935],[69.275,28.387],[68.362,28.28],[67.663,27.85],[67.61,26.668],[67.771,25.808],[66.702,24.752],[67,24.715],[67.204,24.588],[67.316,24.093],[67.692,23.814],[68.047,23.764],[68.072,23.675],[68.373,23.326],[68.791,23.029],[69.107,22.899],[69.665,22.789],[70.046,22.777],[70.31,22.829],[70.411,22.753],[70.176,22.479],[69.969,22.351],[69.492,22.249],[69.014,22.305],[68.894,22.286],[69.126,21.969],[69.752,21.398],[70.21,20.948],[70.467,20.777],[70.855,20.651],[71.024,20.657],[71.529,20.824],[71.894,20.99],[72.121,21.155],[72.256,21.353],[72.289,21.55],[72.127,21.829],[72.319,22.115],[72.696,22.129],[72.666,21.849],[72.766,21.15],[72.931,20.954],[73.113,20.827],[73.11,20.687],[72.864,20.312],[72.759,20.058],[72.853,19.245],[73.064,18.032],[73.409,16.559],[73.573,16.038],[73.841,15.39],[74.153,14.85],[74.392,14.918],[74.53,14.832],[74.6,14.676],[74.898,14.532],[75.001,14.049],[75.209,14.049],[75.24,14.155],[75.312,14.394],[75.968,14.809],[76.072,14.67],[76.417,14.809],[76.625,15.258],[76.936,15.43],[78.179,15.741],[78.766,15.948],[79.215,15.948],[79.423,16.018],[79.319,16.328],[79.664,16.57],[79.837,16.467],[79.941,16.743],[80.182,16.536],[80.369,16.577],[81.032,17.074],[80.397,17.074],[80.369,17.21],[80.139,17.334],[80.263,17.511],[79.927,17.847],[80.015,17.918],[80.037,18.152],[80.48,17.655],[80.645,17.406],[80.839,17.503],[80.839,17.883],[81.046,18.401],[81.219,18.539],[81.426,18.504],[81.91,18.09],[82.117,18.332],[81.806,18.712],[81.702,19.472],[81.996,20.249],[81.866,20.465],[82.039,20.465],[82.298,20.162],[82.557,20.378],[82.946,20.378],[83.378,20.335],[83.55,19.947],[83.939,20.162],[84.068,20.076],[83.982,19.515],[84.155,19.515],[84.457,19.774],[84.716,19.774],[84.716,19.903],[84.457,20.162],[84.673,20.292],[84.975,20.206],[85.364,20.206],[85.407,20.551],[85.234,20.767],[85.234,21.026],[86.314,21.242],[86.486,21.415],[86.875,21.587],[86.357,21.803],[86.27,22.235],[85.968,22.364],[85.752,22.062],[85.968,22.019],[85.968,21.63],[85.882,21.544],[85.32,21.76],[85.32,22.149],[85.105,22.019],[84.759,22.149],[84.284,22.105],[84.586,22.667],[84.155,23.055],[83.852,23.012],[83.55,23.185],[83.464,23.789],[83.248,23.919],[83.032,23.876],[82.687,24.005],[82.341,24.178],[82.428,24.351],[82.212,24.739],[81.866,24.566],[81.737,24.782],[81.219,24.437],[81.089,24.869],[80.873,25.085],[80.571,24.998],[80.657,25.257],[80.269,25.516],[79.923,25.344],[79.448,25.344],[79.276,25.43],[79.276,25.732],[78.887,25.862],[78.887,25.991],[79.017,26.25],[78.974,26.466],[78.499,26.466],[78.24,26.207],[78.196,26.423],[78.369,26.768],[78.153,26.984],[77.808,27.589],[77.549,27.546],[77.549,27.934],[77.419,27.934],[77.203,27.718],[77.031,27.848],[76.815,27.805],[76.858,28.193],[77.074,28.452],[76.901,28.711],[76.642,28.798],[76.858,28.97],[77.16,29.1],[77.376,29.1],[77.419,29.23],[77.074,29.273],[76.944,29.704],[77.16,29.834],[77.592,29.964],[77.592,30.395],[77.68,30.369],[78.024,30.266],[78.326,29.834],[78.974,29.834],[79.06,29.748],[78.887,28.539],[79.017,28.323],[79.276,28.323],[79.448,28.798],[79.621,28.927],[79.708,29.359],[80.098,28.952],[80.336,29.324],[80.317,29.502],[80.413,29.785],[80.54,29.837],[81.021,30.247],[80.634,30.514],[80.225,30.596],[80.277,30.76],[79.792,31.02],[79.629,30.968],[79.281,31.348],[79.109,31.459],[78.894,31.318],[78.761,31.541],[78.858,31.638],[78.735,31.802],[78.782,32.002],[78.521,32.27],[78.451,32.583],[78.804,32.672],[78.819,32.508],[78.971,32.389],[79.136,32.412],[79.565,32.702],[79.4,33.014],[79.447,33.2],[79.141,33.245],[79.08,33.362],[78.757,33.405],[78.625,33.504],[78.575,34.018],[78.807,34.2],[78.509,34.498],[78.144,34.547],[77.846,35.243],[77.846,35.475],[77.62,35.406],[77.417,35.513],[76.815,35.56],[76.434,35.886],[76.092,35.798],[75.89,36.023],[75.754,36.055],[75.895,36.287],[75.891,36.512],[75.628,36.769],[75.347,36.765],[75.218,36.912],[74.836,36.986],[74.709,36.891],[74.521,37.005],[74.088,36.805],[73.786,36.727],[73.495,36.791],[72.89,36.786],[72.373,36.718],[71.76,36.323],[71.65,36.334],[71.325,36.052],[71.329,35.908],[71.514,35.786],[71.623,35.557],[71.569,35.34],[71.659,35.125],[71.513,34.934],[71.097,34.62],[71.038,34.493],[71.154,34.138],[70.792,33.927],[70.03,33.999],[69.87,33.941],[70.191,33.606],[70.289,33.283],[70.057,33.117],[69.64,33.051],[69.508,32.949],[69.278,32.382],[69.206,31.798],[69.053,31.626]]]},"properties":{"NAME":"Maratha Confederacy","SUBJECTO":"Maratha Confederacy","PARTOF":"Maratha Confederacy","ABBREVN":"Maratha Confederacy","BORDERPRECISION":3,"fid":166}},
{"type":"Feature","geometry":{"type":"MultiPolygon","coordinates":[[[[-72.587,-41.618],[-72.731,-41.907],[-72.609,-41.997],[-72.466,-42.035],[-72.438,-42.305],[-72.747,-42.446],[-72.724,-42.8],[-72.53,-43.063],[-72.834,-43.185],[-72.999,-43.334],[-72.972,-43.707],[-73.082,-44.022],[-73.058,-44.19],[-72.76,-44.369],[-72.583,-44.44],[-72.677,-44.749],[-72.947,-44.943],[-73.314,-45.086],[-73.335,-45.28],[-73.138,-45.344],[-73.047,-45.376],[-73.331,-45.474],[-73.474,-45.669],[-73.571,-46.265],[-73.97,-46.713],[-73.995,-46.486],[-74.17,-46.337],[-74.429,-46.533],[-74.479,-46.306],[-74.334,-46.182],[-74.042,-46.091],[-74.189,-45.845],[-74.564,-45.872],[-74.864,-46.229],[-75.441,-46.515],[-75.444,-46.625],[-75.022,-46.553],[-75.011,-46.774],[-74.862,-46.819],[-74.463,-46.799],[-73.979,-47.032],[-74.087,-47.298],[-74.328,-47.292],[-74.381,-47.423],[-74.545,-47.683],[-74.297,-47.761],[-74.154,-47.839],[-73.764,-47.773],[-73.36,-47.974],[-73.439,-48.156],[-73.759,-48.124],[-73.943,-48.014],[-74.21,-48.008],[-74.133,-48.477],[-74.312,-48.745],[-74.272,-49.431],[-73.963,-49.241],[-73.9,-49.43],[-74.24,-49.634],[-74.187,-49.823],[-73.932,-49.993],[-74.19,-50.171],[-74.075,-50.473],[-73.934,-50.506],[-73.53,-50.433],[-73.776,-50.835],[-74.208,-51.021],[-73.861,-51.211],[-73.679,-51.231],[-73.638,-51.356],[-73.778,-51.614],[-73.591,-51.792],[-73.258,-51.706],[-73.408,-52.024],[-73.107,-52.103],[-72.81,-51.93],[-72.65,-52.128],[-72.449,-52.161],[-72.565,-52.387],[-72.559,-52.573],[-72.212,-52.572],[-71.678,-52.644],[-72.784,-52.898],[-72.751,-53.138],[-72.506,-53.064],[-72.051,-53.07],[-71.443,-52.829],[-71.152,-52.962],[-71.425,-53.208],[-71.872,-53.696],[-71.442,-53.882],[-70.998,-53.821],[-70.878,-53.474],[-70.905,-53.234],[-70.734,-52.802],[-70.416,-52.668],[-69.895,-52.627],[-69.671,-52.54],[-69.483,-52.361],[-69.237,-52.294],[-68.995,-52.426],[-68.456,-52.42],[-68.516,-52.253],[-68.831,-51.902],[-69.077,-51.499],[-69.115,-51.352],[-71.165,-51.561],[-71.487,-51.104],[-72.044,-48.766],[-72.191,-45.99],[-71.634,-43.196],[-70.75,-41.003],[-71.805,-41.574],[-72.587,-41.618]]],[[[-65.262,-54.819],[-65.323,-54.726],[-65.9,-54.713],[-66.418,-54.607],[-66.983,-54.341],[-67.838,-53.701],[-68.13,-53.375],[-68.557,-53.349],[-68.705,-53.235],[-68.305,-52.943],[-68.332,-52.85],[-68.701,-52.72],[-69.221,-52.692],[-69.407,-52.566],[-69.797,-52.853],[-70.281,-53.087],[-70.465,-53.373],[-70.333,-53.473],[-69.515,-53.345],[-69.441,-53.411],[-69.421,-53.544],[-70.146,-53.806],[-70.042,-53.986],[-69.89,-54.139],[-69.335,-54.292],[-69.055,-54.602],[-69.373,-54.605],[-69.568,-54.459],[-70.213,-54.434],[-70.621,-54.501],[-70.574,-54.642],[-70.721,-54.937],[-70.498,-54.923],[-69.861,-54.774],[-69.672,-54.774],[-69.214,-54.934],[-68.376,-54.852],[-67.492,-54.87],[-67.153,-54.91],[-66.622,-55.07],[-66.108,-54.982],[-65.348,-54.913],[-65.262,-54.819]]],[[[-73.696,-43.386],[-73.609,-42.911],[-73.831,-42.564],[-73.765,-42.461],[-73.455,-42.262],[-73.475,-42.114],[-73.637,-41.967],[-74.005,-42.019],[-74.169,-42.346],[-74.134,-42.764],[-74.296,-43.265],[-74.236,-43.368],[-74.142,-43.445],[-73.771,-43.509],[-73.696,-43.386]]],[[[-72.845,-52.646],[-72.869,-52.281],[-73.19,-52.328],[-73.56,-52.283],[-73.626,-52.608],[-73.243,-52.574],[-73.281,-52.953],[-73.08,-53.032],[-72.845,-52.646]]]]},"properties":{"NAME":"Patagonian shellfish and marine mammal hunters","SUBJECTO":"Patagonian shellfish and marine mammal hunters","PARTOF":"Patagonian shellfish and marine mammal hunters","ABBREVN":"Patagonian shellfish and marine mammal hunters","BORDERPRECISION":3,"fid":167}},
{"type":"Feature","geometry":{"type":"Polygon","coordinates":[[[-70.75,-41.003],[-71.634,-43.196],[-72.191,-45.99],[-72.044,-48.766],[-71.487,-51.104],[-71.165,-51.561],[-69.115,-51.352],[-69.167,-51.149],[-69.041,-50.562],[-68.706,-50.285],[-68.27,-50.173],[-67.833,-49.968],[-67.65,-49.621],[-67.7,-49.386],[-67.578,-49.059],[-67.257,-48.744],[-66.078,-48.142],[-65.839,-47.868],[-65.781,-47.712],[-65.713,-47.354],[-65.776,-47.23],[-66.376,-47.127],[-66.671,-47.017],[-67.112,-46.732],[-67.328,-46.532],[-67.469,-46.266],[-67.472,-45.922],[-67.225,-45.553],[-66.973,-45.306],[-66.695,-45.131],[-66.194,-44.982],[-65.657,-44.942],[-65.436,-44.89],[-65.627,-44.723],[-65.637,-44.626],[-65.27,-44.258],[-65.233,-44.142],[-65.307,-43.601],[-65.047,-43.331],[-64.698,-43.201],[-64.309,-43.027],[-65.017,-42.881],[-65.085,-42.784],[-64.688,-42.649],[-64.165,-42.648],[-64.001,-42.853],[-63.665,-42.775],[-63.624,-42.57],[-63.729,-42.101],[-64.294,-42.205],[-64.12,-42.384],[-64.286,-42.474],[-64.644,-42.437],[-64.992,-42.193],[-65.033,-42.02],[-64.925,-41.731],[-64.941,-41.552],[-65.135,-41.244],[-65.153,-40.975],[-64.939,-40.827],[-64.277,-41.006],[-63.842,-41.158],[-63.476,-41.19],[-62.964,-41.137],[-62.731,-41.05],[-64.211,-40.557],[-64.921,-40.557],[-64.98,-40.083],[-66.282,-40.261],[-68.827,-39.728],[-69.3,-40.379],[-69.773,-40.438],[-69.951,-40.971],[-70.75,-41.003]]]},"properties":{"NAME":"Pampas cultures","SUBJECTO":"Pampas cultures","PARTOF":"Pampas cultures","ABBREVN":"Pampas cultures","BORDERPRECISION":3,"fid":168}},
{"type":"Feature","geometry":{"type":"Polygon","coordinates":[[[27.781,35.89],[28.064,36.112],[28.238,36.431],[27.909,36.34],[27.72,36.166],[27.781,35.89]]]},"properties":{"BORDERPRECISION":3,"fid":169}},
{"type":"Feature","geometry":{"type":"Polygon","coordinates":[[[8.696,38.996],[8.82,38.977],[9.063,39.22],[9.296,39.233],[9.479,39.144],[9.648,39.457],[9.698,39.693],[9.631,40.096],[9.794,40.564],[9.591,40.903],[9.306,41.184],[8.766,40.863],[8.241,40.855],[8.202,40.663],[8.428,40.465],[8.508,39.946],[8.374,39.308],[8.696,38.996]]]},"properties":{"NAME":"Kingdom of Sardinia","SUBJECTO":"Kingdom of Sardinia","PARTOF":"Kingdom of Sardinia","ABBREVN":"Sardinia","BORDERPRECISION":3,"fid":170}},
{"type":"Feature","geometry":{"type":"Polygon","coordinates":[[[5.941,46.176],[6.108,46.126],[6.384,46.342],[6.347,46.461],[6.592,46.518],[6.807,46.394],[6.955,45.939],[7.225,45.911],[7.507,46.003],[7.79,45.927],[8.154,46.146],[8.089,46.268],[8.437,46.466],[8.443,46.251],[8.637,46.117],[9.009,46.041],[9.46,46.379],[9.885,46.403],[10.024,46.621],[10.339,46.748],[10.396,46.887],[10.312,47.017],[10.052,46.868],[9.521,47.069],[9.465,47.286],[9.539,47.487],[9.178,47.664],[8.983,47.68],[8.635,47.779],[7.873,47.573],[7.507,47.604],[7.333,47.465],[6.922,47.514],[6.866,47.31],[6.623,47.054],[6.364,46.946],[6.382,46.804],[6.058,46.616],[6.049,46.277],[5.941,46.176]]]},"properties":{"NAME":"Switzerland","SUBJECTO":"Switzerland","PARTOF":"Switzerland","ABBREVN":"Switzerland","BORDERPRECISION":3,"fid":171}},
{"type":"Feature","geometry":{"type":"Polygon","coordinates":[[[120.395,-32.761],[120.406,-32.776],[120.461,-32.877],[120.53,-32.959],[120.538,-32.969],[120.582,-33.052],[120.713,-33.172],[120.974,-33.125],[121.405,-33.115],[121.841,-33.283],[122.301,-33.4],[122.755,-33.391],[122.8,-33.165],[122.827,-33.055],[122.828,-33.055],[122.833,-33.035],[122.91,-32.758],[122.932,-32.489],[122.921,-32.369],[122.998,-32.098],[123.108,-31.753],[123.185,-31.462],[123.383,-30.992],[123.251,-30.954],[123.194,-30.938],[122.805,-30.978],[122.278,-31.044],[121.619,-31.1],[121.239,-31.1],[121.215,-31.114],[120.962,-31.246],[120.698,-31.405],[120.422,-31.64],[120.169,-31.893],[120.023,-32.059],[119.917,-32.18],[120.066,-32.341],[120.23,-32.554],[120.312,-32.653],[120.395,-32.761]]]},"properties":{"NAME":"Kalaako/Malpa","SUBJECTO":"Kalaako/Malpa","PARTOF":"Kalaako/Malpa","ABBREVN":"Kalaako/Malpa","BORDERPRECISION":3,"fid":172}},
{"type":"Feature","geometry":{"type":"Polygon","coordinates":[[[128.181,-15.249],[128.086,-15.355],[128.082,-15.359],[128.068,-15.417],[128.055,-15.441],[128.048,-15.445],[128.051,-15.448],[128.123,-15.517],[128.119,-15.558],[128.14,-15.564],[128.145,-15.56],[128.441,-15.491],[128.452,-15.332],[128.463,-15.25],[128.464,-15.241],[128.474,-15.168],[128.782,-15.083],[129.282,-15.295],[129.716,-15.289],[129.758,-15.273],[129.732,-15.231],[129.672,-15.154],[129.632,-15.278],[129.483,-15.215],[129.196,-14.993],[128.981,-14.923],[128.459,-14.886],[128.181,-15.249]]]},"properties":{"NAME":"Kadjerong","SUBJECTO":"Kadjerong","PARTOF":"Kadjerong","ABBREVN":"Kadjerong","BORDERPRECISION":3,"fid":173}},
{"type":"Feature","geometry":{"type":"Polygon","coordinates":[[[125.939,-18.048],[125.925,-18.047],[125.744,-18.047],[125.685,-18.09],[125.744,-18.12],[125.728,-18.141],[125.656,-18.24],[125.563,-18.349],[125.496,-18.41],[125.497,-18.417],[125.499,-18.422],[125.546,-18.428],[125.876,-18.854],[126.057,-18.927],[126.222,-18.927],[126.287,-18.944],[126.303,-18.94],[126.299,-18.885],[126.716,-18.667],[126.773,-18.556],[126.775,-18.48],[126.738,-18.48],[126.486,-18.135],[125.936,-18.062],[125.949,-18.048],[125.939,-18.048]]]},"properties":{"NAME":"Gooniyandi","SUBJECTO":"Gooniyandi","PARTOF":"Gooniyandi","ABBREVN":"Gooniyandi","BORDERPRECISION":3,"fid":174}},
{"type":"Feature","geometry":{"type":"Polygon","coordinates":[[[115.985,-22.468],[116.016,-22.467],[115.95,-22.548],[115.912,-22.602],[115.927,-22.631],[115.955,-22.639],[116.087,-22.796],[116.455,-22.969],[116.542,-23.018],[116.609,-23.004],[116.653,-22.923],[116.84,-22.781],[116.861,-22.771],[116.752,-22.665],[116.422,-22.431],[116.169,-22.421],[116,-22.453],[115.985,-22.468]]]},"properties":{"NAME":"Pinikura","SUBJECTO":"Pinikura","PARTOF":"Pinikura","ABBREVN":"Pinikura","BORDERPRECISION":3,"fid":175}},
{"type":"Feature","geometry":{"type":"Polygon","coordinates":[[[128.082,-15.359],[128.066,-15.377],[127.985,-15.288],[128.018,-15.021],[127.989,-14.857],[127.859,-15.019],[127.665,-15.227],[127.661,-15.241],[127.716,-15.295],[127.716,-15.464],[127.826,-15.56],[128.024,-15.422],[128.048,-15.445],[128.055,-15.441],[128.068,-15.417],[128.082,-15.359]]]},"properties":{"NAME":"Yiiji","SUBJECTO":"Yiiji","PARTOF":"Yiiji","ABBREVN":"Yiiji","BORDERPRECISION":3,"fid":176}},
{"type":"Feature","geometry":{"type":"Polygon","coordinates":[[[117.07,-21.025],[116.988,-20.977],[116.922,-20.9],[116.779,-20.828],[116.812,-20.785],[116.774,-20.786],[116.419,-20.837],[116.251,-20.924],[116.444,-21.207],[116.448,-21.293],[116.518,-21.341],[116.686,-21.376],[116.841,-21.404],[116.882,-21.386],[116.889,-21.341],[116.911,-21.284],[117.026,-21.043],[117.074,-21.04],[117.07,-21.025]]]},"properties":{"NAME":"Martuthunira","SUBJECTO":"Martuthunira","PARTOF":"Martuthunira","ABBREVN":"Martuthunira","BORDERPRECISION":3,"fid":177}},
{"type":"Feature","geometry":{"type":"Polygon","coordinates":[[[118.504,-23.629],[118.56,-23.527],[118.416,-23.458],[118.202,-23.342],[117.493,-22.913],[117.427,-22.817],[117.449,-22.77],[117.296,-22.806],[116.993,-22.877],[116.982,-22.874],[116.982,-22.883],[116.982,-22.933],[117.202,-23.206],[117.188,-23.332],[117.186,-23.352],[117.185,-23.371],[117.18,-23.514],[117.148,-23.618],[117.279,-23.68],[117.499,-23.725],[117.642,-23.831],[117.683,-23.843],[117.729,-23.856],[117.729,-23.986],[117.72,-23.99],[117.883,-24.031],[118.185,-23.805],[118.504,-23.629]]]},"properties":{"NAME":"Yinhawangka","SUBJECTO":"Yinhawangka","PARTOF":"Yinhawangka","ABBREVN":"Yinhawangka","BORDERPRECISION":3,"fid":178}},
{"type":"Feature","geometry":{"type":"Polygon","coordinates":[[[122.89,-17.036],[122.863,-17.025],[122.643,-16.986],[122.558,-16.944],[122.55,-16.936],[122.547,-16.928],[122.537,-16.923],[122.161,-17.319],[122.596,-17.317],[122.758,-17.317],[122.803,-17.317],[122.805,-17.261],[122.838,-17.099],[122.891,-17.036],[122.89,-17.036]]]},"properties":{"NAME":"Jabirrjabirr","SUBJECTO":"Jabirrjabirr","PARTOF":"Jabirrjabirr","ABBREVN":"Jabirrjabirr","BORDERPRECISION":3,"fid":179}},
{"type":"Feature","geometry":{"type":"Polygon","coordinates":[[[118.466,-28.396],[119.202,-28.642],[119.394,-28.741],[119.421,-28.748],[119.436,-28.763],[119.52,-28.806],[119.685,-29.008],[119.757,-28.994],[119.729,-28.97],[119.872,-28.854],[120.355,-28.806],[121.102,-28.777],[121.355,-28.864],[121.849,-28.845],[122.102,-28.768],[122.144,-28.753],[122.3,-28.7],[122.317,-28.697],[122.267,-28.585],[121.959,-28.159],[121.805,-27.985],[121.764,-27.919],[121.756,-27.907],[121.694,-27.856],[121.613,-27.79],[121.492,-27.649],[121.322,-27.528],[121.306,-27.528],[121.288,-27.529],[121.179,-27.533],[120.976,-27.533],[120.866,-27.537],[120.504,-27.46],[120.218,-27.352],[119.603,-27.269],[119.323,-27.284],[119.125,-27.552],[118.834,-28.043],[118.734,-28.097],[118.728,-28.1],[118.647,-28.145],[118.532,-28.304],[118.466,-28.396]]]},"properties":{"NAME":"Kuwarra","SUBJECTO":"Kuwarra","PARTOF":"Kuwarra","ABBREVN":"Kuwarra","BORDERPRECISION":3,"fid":180}},
{"type":"Feature","geometry":{"type":"Polygon","coordinates":[[[113.667,-23.78],[114.263,-23.931],[114.482,-23.97],[114.521,-23.916],[114.521,-23.876],[114.648,-23.544],[114.675,-23.317],[114.706,-23.327],[114.707,-23.287],[114.708,-23.201],[114.73,-23.054],[114.774,-22.928],[114.796,-22.827],[114.793,-22.822],[114.758,-22.771],[114.291,-22.685],[113.961,-22.695],[113.824,-22.756],[113.783,-22.839],[113.774,-22.857],[113.743,-23.248],[113.762,-23.481],[113.667,-23.78]]]},"properties":{"NAME":"Payungu","SUBJECTO":"Payungu","PARTOF":"Payungu","ABBREVN":"Payungu","BORDERPRECISION":3,"fid":181}},
{"type":"Feature","geometry":{"type":"Polygon","coordinates":[[[114.482,-23.97],[114.263,-23.931],[113.667,-23.78],[113.373,-24.264],[113.373,-24.447],[113.566,-24.792],[113.612,-24.808],[113.632,-24.782],[113.901,-24.692],[114.137,-24.672],[114.494,-24.772],[114.868,-24.921],[115.03,-24.94],[115.215,-24.961],[115.313,-24.807],[115.258,-24.487],[114.868,-24.107],[114.631,-23.996],[114.521,-23.977],[114.482,-23.97]]]},"properties":{"NAME":"Maya","SUBJECTO":"Maya","PARTOF":"Maya","ABBREVN":"Maya","BORDERPRECISION":3,"fid":182}},
{"type":"Feature","geometry":{"type":"Polygon","coordinates":[[[133.638,-13.411],[133.572,-13.327],[133.55,-13.299],[133.259,-13.304],[133.232,-13.301],[133.127,-13.288],[133.078,-13.293],[132.979,-13.304],[132.808,-13.235],[132.686,-13.177],[132.667,-13.168],[132.649,-13.16],[132.505,-13.147],[132.462,-13.144],[132.438,-13.131],[132.369,-13.096],[132.29,-13.088],[132.259,-13.085],[132.182,-13.192],[132.2,-13.223],[132.209,-13.24],[132.264,-13.267],[132.676,-13.384],[132.847,-13.55],[132.621,-13.577],[132.407,-13.673],[132.198,-13.683],[132.1,-13.721],[132.078,-13.75],[132.071,-13.759],[132.045,-13.795],[132.001,-13.929],[131.992,-13.966],[131.982,-14.008],[131.957,-14.115],[131.946,-14.291],[131.885,-14.429],[131.88,-14.488],[131.896,-14.569],[131.907,-14.626],[131.981,-14.616],[132.038,-14.609],[132.111,-14.6],[132.424,-14.552],[132.929,-14.743],[133.162,-14.902],[133.171,-14.908],[133.181,-14.897],[133.204,-14.872],[133.38,-14.685],[133.462,-14.323],[133.469,-14.309],[133.484,-14.283],[133.577,-14.11],[133.638,-13.71],[133.637,-13.685],[133.632,-13.555],[133.638,-13.411]]]},"properties":{"NAME":"Jawoyn","SUBJECTO":"Jawoyn","PARTOF":"Jawoyn","ABBREVN":"Jawoyn","BORDERPRECISION":3,"fid":183}},
{"type":"Feature","geometry":{"type":"Polygon","coordinates":[[[134.594,-17.958],[134.347,-17.944],[134.231,-17.937],[133.495,-18.031],[133.432,-18.247],[133.428,-18.261],[133.374,-18.448],[133.748,-18.854],[133.484,-19.124],[132.979,-19.27],[132.473,-19.311],[132.394,-19.327],[132.316,-19.343],[132.451,-19.56],[132.528,-19.818],[132.825,-20.211],[132.962,-20.735],[132.989,-20.766],[132.996,-20.777],[133.099,-20.951],[133.824,-20.931],[134.033,-20.849],[134.33,-20.653],[134.572,-20.481],[134.574,-20.247],[134.594,-17.958]]]},"properties":{"NAME":"Warumungu","SUBJECTO":"Warumungu","PARTOF":"Warumungu","ABBREVN":"Warumungu","BORDERPRECISION":3,"fid":184}},
{"type":"Feature","geometry":{"type":"Polygon","coordinates":[[[131.041,-25.466],[131.034,-25.513],[131.06,-25.525],[131.21,-25.597],[131.501,-25.701],[131.935,-25.879],[132.627,-26.195],[132.924,-26.471],[132.97,-26.464],[133.007,-26.458],[133.121,-26.441],[133.319,-26.313],[133.813,-26.116],[133.872,-26.078],[133.973,-26.012],[134.011,-25.988],[133.737,-25.76],[133.506,-25.493],[133.308,-24.946],[133.121,-24.577],[132.946,-24.397],[132.385,-23.976],[132.209,-23.705],[132.122,-23.413],[132.341,-23.09],[132.315,-23.036],[132.304,-23.013],[132.286,-22.979],[132.196,-22.979],[132.231,-23.029],[132.122,-23.029],[132.121,-23.029],[131.781,-23.009],[131.462,-23.009],[131.294,-22.975],[131.265,-23.15],[131.188,-23.463],[130.979,-24.107],[130.913,-24.387],[130.671,-24.707],[130.601,-24.771],[130.576,-24.793],[130.699,-24.842],[130.847,-24.881],[131.001,-25.041],[131.061,-25.21],[131.05,-25.399],[131.041,-25.466]]]},"properties":{"NAME":"Luritja","SUBJECTO":"Luritja","PARTOF":"Luritja","ABBREVN":"Luritja","BORDERPRECISION":3,"fid":185}},
{"type":"Feature","geometry":{"type":"Polygon","coordinates":[[[134.572,-20.481],[134.33,-20.653],[134.033,-20.849],[133.824,-20.931],[133.099,-20.951],[132.996,-20.777],[132.973,-20.777],[133,-20.879],[133.099,-21.207],[133.077,-21.678],[132.946,-21.891],[132.924,-21.926],[133.022,-22.126],[133.682,-22.208],[134.016,-22.354],[134.099,-22.391],[134.129,-22.403],[134.539,-22.573],[134.555,-22.554],[134.56,-21.937],[134.572,-20.481]]]},"properties":{"NAME":"Kaytej","SUBJECTO":"Kaytej","PARTOF":"Kaytej","ABBREVN":"Kaytej","BORDERPRECISION":3,"fid":186}},
{"type":"Feature","geometry":{"type":"Polygon","coordinates":[[[117.741,-35.22],[118.207,-35.09],[118.416,-34.924],[118.673,-34.606],[119.008,-34.615],[119.031,-34.493],[118.884,-34.282],[118.867,-34.257],[118.73,-34.254],[118.652,-34.253],[117.587,-34.275],[116.521,-34.33],[116.576,-34.602],[116.57,-34.827],[116.411,-35.084],[116.724,-35.187],[117.741,-35.22]]]},"properties":{"NAME":"Minang","SUBJECTO":"Minang","PARTOF":"Minang","ABBREVN":"Minang","BORDERPRECISION":3,"fid":187}},
{"type":"Feature","geometry":{"type":"Polygon","coordinates":[[[113.896,-25.59],[114.183,-26.017],[114.181,-26.271],[114.05,-26.289],[114.095,-26.539],[113.881,-26.509],[113.658,-26.068],[113.321,-25.69],[113.285,-25.827],[113.583,-26.152],[113.739,-26.667],[113.433,-26.572],[113.245,-26.341],[113.176,-26.142],[113.06,-26.116],[113.5,-26.687],[113.599,-26.76],[113.734,-26.801],[113.846,-26.751],[114.016,-26.589],[114.527,-26.402],[114.631,-26.397],[114.677,-26.438],[114.741,-26.387],[114.769,-26.081],[114.719,-25.874],[114.727,-25.752],[114.571,-25.765],[114.214,-25.765],[114.005,-25.711],[113.955,-25.634],[113.896,-25.59]]]},"properties":{"NAME":"Malkana","SUBJECTO":"Malkana","PARTOF":"Malkana","ABBREVN":"Malkana","BORDERPRECISION":3,"fid":188}},
{"type":"Feature","geometry":{"type":"Polygon","coordinates":[[[122.228,-18.144],[122.224,-18.183],[122.225,-18.19],[122.234,-18.188],[122.509,-18.261],[122.882,-18.448],[122.887,-18.462],[122.908,-18.463],[122.893,-18.454],[123.003,-18.266],[123.051,-18.065],[122.921,-18.005],[122.838,-17.843],[122.823,-17.716],[122.817,-17.666],[122.802,-17.668],[122.753,-17.683],[122.724,-17.716],[122.72,-17.72],[122.708,-17.756],[122.671,-17.864],[122.635,-17.921],[122.462,-18.002],[122.366,-18.036],[122.326,-18.061],[122.308,-18.073],[122.228,-18.144]]]},"properties":{"NAME":"Yawuru","SUBJECTO":"Yawuru","PARTOF":"Yawuru","ABBREVN":"Yawuru","BORDERPRECISION":3,"fid":189}},
{"type":"Feature","geometry":{"type":"Polygon","coordinates":[[[117.559,-33.775],[117.425,-33.639],[117.419,-33.644],[117.21,-33.479],[116.988,-33.381],[116.757,-33.298],[116.678,-33.248],[116.631,-33.229],[116.269,-33.063],[116.142,-33.027],[116.049,-33.001],[115.985,-32.993],[115.986,-32.984],[115.977,-32.981],[115.969,-32.981],[115.834,-32.981],[115.715,-33.018],[115.715,-33.019],[115.654,-33.331],[115.65,-33.349],[115.717,-33.403],[115.735,-33.418],[115.767,-33.492],[115.817,-33.606],[115.84,-33.66],[115.868,-33.67],[115.99,-33.715],[116.005,-33.72],[116.194,-33.927],[116.202,-33.936],[116.213,-33.948],[116.197,-34.194],[116.433,-34.307],[117.394,-34.28],[117.565,-34.207],[117.672,-34.022],[117.691,-33.989],[117.665,-33.947],[117.559,-33.775]]]},"properties":{"NAME":"Kaniyang","SUBJECTO":"Kaniyang","PARTOF":"Kaniyang","ABBREVN":"Kaniyang","BORDERPRECISION":3,"fid":190}},
{"type":"Feature","geometry":{"type":"Polygon","coordinates":[[[129.512,-15.977],[129.353,-16.178],[129.283,-16.293],[129.267,-16.319],[129.287,-16.341],[129.342,-16.457],[129.265,-16.626],[129.254,-16.626],[129.254,-16.794],[129.397,-16.878],[129.65,-16.899],[129.869,-17.025],[130.144,-17.067],[130.249,-17.152],[130.291,-17.122],[130.331,-17.094],[130.682,-16.694],[130.957,-16.441],[130.96,-16.422],[130.963,-16.399],[130.968,-16.362],[130.902,-16.262],[130.869,-16.104],[130.866,-16.103],[130.759,-16.067],[130.71,-16.051],[130.485,-15.961],[130.446,-15.808],[130.446,-15.708],[130.446,-15.692],[130.446,-15.66],[130.419,-15.528],[130.392,-15.492],[130.38,-15.477],[130.358,-15.448],[130.287,-15.395],[130.155,-15.487],[130.113,-15.515],[130.034,-15.57],[129.787,-15.739],[129.512,-15.977]]]},"properties":{"NAME":"Ngarinman","SUBJECTO":"Ngarinman","PARTOF":"Ngarinman","ABBREVN":"Ngarinman","BORDERPRECISION":3,"fid":191}},
{"type":"Feature","geometry":{"type":"Polygon","coordinates":[[[122.708,-17.756],[122.682,-17.764],[122.19,-17.783],[122.182,-17.772],[122.157,-17.791],[122.182,-17.918],[122.213,-18.049],[122.248,-18.06],[122.326,-18.061],[122.366,-18.036],[122.462,-18.002],[122.635,-17.921],[122.671,-17.864],[122.708,-17.756]]]},"properties":{"NAME":"Jukun","SUBJECTO":"Jukun","PARTOF":"Jukun","ABBREVN":"Jukun","BORDERPRECISION":3,"fid":192}},
{"type":"Feature","geometry":{"type":"Polygon","coordinates":[[[130.086,-13.592],[130.061,-13.606],[130.13,-13.662],[130.104,-13.777],[130.141,-13.865],[130.2,-13.888],[130.228,-13.882],[130.224,-13.881],[130.237,-13.713],[130.267,-13.635],[130.267,-13.634],[130.213,-13.603],[130.191,-13.498],[130.176,-13.511],[130.086,-13.592]]]},"properties":{"NAME":"Maranunggu","SUBJECTO":"Maranunggu","PARTOF":"Maranunggu","ABBREVN":"Maranunggu","BORDERPRECISION":3,"fid":193}},
{"type":"Feature","geometry":{"type":"Polygon","coordinates":[[[116.433,-23.976],[116.45,-24.182],[116.345,-24.462],[116.367,-24.562],[116.374,-24.595],[116.505,-24.512],[116.834,-24.482],[116.933,-24.357],[116.988,-24.062],[117.361,-23.971],[117.422,-24.006],[117.581,-24.031],[117.594,-24.031],[117.72,-23.99],[117.729,-23.986],[117.729,-23.856],[117.683,-23.843],[117.642,-23.831],[117.499,-23.725],[117.279,-23.68],[117.148,-23.618],[117.032,-23.564],[116.691,-23.398],[116.279,-23.211],[115.977,-23.014],[115.776,-22.921],[115.735,-22.903],[115.733,-22.927],[115.697,-23.251],[115.823,-23.7],[115.802,-23.754],[115.791,-23.78],[115.768,-23.836],[115.81,-23.842],[115.835,-23.846],[115.895,-23.856],[116.274,-23.876],[116.433,-23.976]]]},"properties":{"NAME":"Thiin","SUBJECTO":"Thiin","PARTOF":"Thiin","ABBREVN":"Thiin","BORDERPRECISION":3,"fid":194}},
{"type":"Feature","geometry":{"type":"Polygon","coordinates":[[[130.155,-15.487],[130.133,-15.438],[129.913,-15.411],[129.886,-15.342],[129.849,-15.296],[129.814,-15.252],[129.758,-15.273],[129.716,-15.289],[129.282,-15.295],[128.782,-15.083],[128.474,-15.168],[128.464,-15.241],[128.463,-15.25],[128.452,-15.332],[128.441,-15.491],[128.145,-15.56],[128.14,-15.564],[128.117,-15.583],[128.112,-15.655],[128.024,-15.824],[127.938,-15.871],[128.079,-15.877],[128.628,-16.077],[129.012,-16.141],[129.167,-16.235],[129.172,-16.236],[129.283,-16.293],[129.353,-16.178],[129.512,-15.977],[129.787,-15.739],[130.034,-15.57],[130.113,-15.515],[130.155,-15.487]]]},"properties":{"NAME":"Doolboong/Miriwoong","SUBJECTO":"Doolboong/Miriwoong","PARTOF":"Doolboong/Miriwoong","ABBREVN":"Doolboong/Miriwoong","BORDERPRECISION":3,"fid":195}},
{"type":"Feature","geometry":{"type":"Polygon","coordinates":[[[129.034,-18.01],[129.133,-18.177],[129.144,-18.917],[128.859,-19.166],[128.77,-19.249],[128.758,-19.261],[128.716,-19.301],[129.276,-19.674],[129.869,-19.942],[130.287,-20.303],[130.496,-20.551],[130.496,-20.797],[130.397,-21.002],[130.253,-21.114],[130.32,-21.122],[130.441,-21.136],[130.737,-21.32],[130.869,-21.637],[130.825,-21.923],[130.671,-22.075],[130.682,-22.34],[130.858,-22.624],[131.133,-22.756],[131.32,-22.756],[131.309,-22.888],[131.298,-22.949],[131.294,-22.975],[131.462,-23.009],[131.781,-23.009],[132.121,-23.029],[132.122,-23.029],[132.231,-23.029],[132.196,-22.979],[132.034,-22.746],[131.88,-22.553],[131.88,-22.289],[132.067,-22.004],[132.462,-21.963],[132.902,-21.963],[132.924,-21.926],[132.946,-21.891],[133.077,-21.678],[133.099,-21.207],[133,-20.879],[132.973,-20.777],[132.962,-20.735],[132.825,-20.211],[132.528,-19.818],[132.451,-19.56],[132.316,-19.343],[132.274,-19.276],[132.198,-19.156],[132.056,-18.948],[131.748,-18.73],[131.594,-18.563],[131.232,-18.302],[131.029,-18.162],[130.974,-18.123],[130.946,-18.104],[130.759,-18.188],[129.891,-18.313],[129.265,-18.323],[129.151,-18.168],[129.034,-18.01]]]},"properties":{"NAME":"Warlpiri","SUBJECTO":"Warlpiri","PARTOF":"Warlpiri","ABBREVN":"Warlpiri","BORDERPRECISION":3,"fid":196}},
{"type":"Feature","geometry":{"type":"Polygon","coordinates":[[[124.882,-18.48],[124.815,-18.58],[124.86,-18.589],[124.86,-18.61],[124.86,-18.698],[124.805,-18.782],[124.799,-18.958],[124.86,-19.223],[124.964,-19.316],[125.112,-19.875],[125.002,-20.149],[124.955,-20.196],[125.112,-20.18],[126.079,-20.283],[126.345,-20.341],[126.365,-20.283],[126.508,-20.015],[126.804,-19.197],[126.826,-19.182],[126.829,-19.157],[126.826,-19.156],[126.694,-19.083],[126.442,-19.104],[126.31,-19.021],[126.304,-18.948],[126.287,-18.944],[126.222,-18.927],[126.057,-18.927],[125.876,-18.854],[125.546,-18.428],[125.499,-18.422],[125.485,-18.421],[125.453,-18.417],[125.31,-18.485],[124.882,-18.48]]]},"properties":{"NAME":"Walmatjarri","SUBJECTO":"Walmatjarri","PARTOF":"Walmatjarri","ABBREVN":"Walmatjarri","BORDERPRECISION":3,"fid":197}},
{"type":"Feature","geometry":{"type":"Polygon","coordinates":[[[119.917,-32.18],[119.506,-31.895],[118.869,-31.53],[118.352,-31.067],[118.265,-30.907],[118.216,-30.862],[118.186,-30.901],[117.916,-31.264],[117.724,-31.527],[117.526,-31.957],[117.537,-32.213],[117.604,-32.381],[117.612,-32.402],[117.669,-32.547],[117.743,-32.633],[118.037,-32.976],[118.109,-33.056],[118.152,-33.105],[118.412,-33.129],[118.491,-33.136],[118.477,-33.11],[119.169,-33.138],[119.608,-33.138],[119.948,-33.153],[120.035,-33.148],[120.193,-33.086],[120.201,-33.082],[120.328,-32.953],[120.394,-32.773],[120.395,-32.761],[120.312,-32.653],[120.23,-32.554],[120.066,-32.341],[119.917,-32.18]]]},"properties":{"NAME":"Nyaki-nyaki","SUBJECTO":"Nyaki-nyaki","PARTOF":"Nyaki-nyaki","ABBREVN":"Nyaki-nyaki","BORDERPRECISION":3,"fid":199}},
{"type":"Feature","geometry":{"type":"Polygon","coordinates":[[[116.821,-20.784],[116.812,-20.785],[116.779,-20.828],[116.922,-20.9],[116.988,-20.977],[117.07,-21.025],[117.094,-21.039],[117.18,-21.033],[117.422,-21.1],[117.905,-21.274],[117.962,-21.317],[117.975,-21.314],[117.916,-21.156],[117.795,-20.689],[117.794,-20.638],[117.755,-20.675],[117.597,-20.758],[117.088,-20.778],[116.821,-20.784]]]},"properties":{"NAME":"Ngarluma","SUBJECTO":"Ngarluma","PARTOF":"Ngarluma","ABBREVN":"Ngarluma","BORDERPRECISION":3,"fid":200}},
{"type":"Feature","geometry":{"type":"Polygon","coordinates":[[[130.19,-14.027],[130.179,-14.037],[130.159,-14.054],[130.077,-14.082],[130.046,-14.092],[130.106,-14.117],[130.106,-14.128],[130.21,-14.094],[130.292,-14.003],[130.301,-13.911],[130.24,-13.887],[130.225,-13.898],[130.226,-13.898],[130.228,-13.933],[130.216,-13.978],[130.213,-13.992],[130.207,-14.013],[130.19,-14.027]]]},"properties":{"NAME":"Marramaninjsji","SUBJECTO":"Marramaninjsji","PARTOF":"Marramaninjsji","ABBREVN":"Marramaninjsji","BORDERPRECISION":3,"fid":201}},
{"type":"Feature","geometry":{"type":"Polygon","coordinates":[[[125.939,-18.048],[125.949,-18.048],[125.957,-18.039],[126.057,-17.926],[126.222,-17.728],[126.274,-17.718],[126.189,-17.592],[126.035,-17.476],[125.804,-17.435],[125.794,-17.417],[125.782,-17.45],[125.48,-17.67],[125.337,-17.65],[125.349,-17.67],[125.398,-17.77],[125.48,-17.906],[125.651,-18.073],[125.685,-18.09],[125.744,-18.047],[125.925,-18.047],[125.939,-18.048]]]},"properties":{"NAME":"Punuba","SUBJECTO":"Punuba","PARTOF":"Punuba","ABBREVN":"Punuba","BORDERPRECISION":3,"fid":202}},
{"type":"Feature","geometry":{"type":"Polygon","coordinates":[[[132.274,-19.276],[132.394,-19.327],[132.473,-19.311],[132.979,-19.27],[133.484,-19.124],[133.748,-18.854],[133.374,-18.448],[133.428,-18.261],[133.419,-18.251],[133.341,-18.167],[133.352,-17.749],[133.279,-17.744],[133.019,-17.729],[132.281,-17.686],[132.012,-17.801],[131.638,-17.911],[131.509,-17.97],[131.506,-17.972],[131.49,-17.979],[131.105,-18.062],[130.974,-18.123],[131.029,-18.162],[131.232,-18.302],[131.594,-18.563],[131.748,-18.73],[132.056,-18.948],[132.198,-19.156],[132.274,-19.276]]]},"properties":{"NAME":"Warlmanpa","SUBJECTO":"Warlmanpa","PARTOF":"Warlmanpa","ABBREVN":"Warlmanpa","BORDERPRECISION":3,"fid":203}},
{"type":"Feature","geometry":{"type":"Polygon","coordinates":[[[125.792,-17.414],[125.794,-17.417],[125.804,-17.435],[126.035,-17.476],[126.189,-17.592],[126.274,-17.718],[126.309,-17.712],[126.453,-17.686],[127.343,-17.33],[127.496,-17.204],[127.365,-16.91],[127.321,-16.668],[127.408,-16.077],[127.458,-16.041],[127.464,-16.004],[127.299,-16.004],[127.079,-16.004],[126.958,-16.088],[126.859,-16.562],[126.53,-16.899],[126.288,-16.952],[126.145,-16.857],[125.936,-16.836],[125.859,-16.931],[125.771,-17.004],[125.685,-17.069],[125.666,-17.083],[125.684,-17.214],[125.728,-17.309],[125.792,-17.414]]]},"properties":{"NAME":"Worla","SUBJECTO":"Worla","PARTOF":"Worla","ABBREVN":"Worla","BORDERPRECISION":3,"fid":204}},
{"type":"Feature","geometry":{"type":"Polygon","coordinates":[[[121.306,-27.528],[121.278,-27.401],[121.152,-27.279],[120.927,-26.907],[120.85,-26.593],[120.839,-26.466],[120.826,-26.431],[120.795,-26.421],[120.782,-26.414],[120.608,-26.313],[119.641,-25.998],[119.235,-25.81],[118.913,-25.81],[118.883,-25.993],[118.625,-26.446],[118.356,-26.775],[118.229,-27.04],[118.039,-27.165],[118.029,-27.187],[118.021,-27.206],[118.098,-27.391],[118.328,-27.713],[118.537,-27.844],[118.652,-28.033],[118.728,-28.1],[118.734,-28.097],[118.834,-28.043],[119.125,-27.552],[119.323,-27.284],[119.603,-27.269],[120.218,-27.352],[120.504,-27.46],[120.866,-27.537],[120.976,-27.533],[121.179,-27.533],[121.288,-27.529],[121.306,-27.528]]]},"properties":{"NAME":"Tjupany","SUBJECTO":"Tjupany","PARTOF":"Tjupany","ABBREVN":"Tjupany","BORDERPRECISION":3,"fid":205}},
{"type":"Feature","geometry":{"type":"Polygon","coordinates":[[[131.041,-25.466],[130.946,-25.75],[130.781,-26.077],[130.869,-26.736],[130.825,-27.02],[130.704,-27.333],[130.704,-27.464],[130.704,-27.483],[130.781,-27.537],[130.979,-27.771],[131.276,-28.043],[131.715,-28.246],[132.119,-28.4],[132.124,-28.401],[132.605,-28.401],[132.924,-28.343],[133.249,-28.315],[133.264,-28.314],[133.464,-28.392],[133.506,-28.208],[133.341,-27.8],[133.242,-27.255],[133.11,-26.893],[133.066,-26.716],[133.007,-26.458],[132.97,-26.464],[132.924,-26.471],[132.627,-26.195],[131.935,-25.879],[131.501,-25.701],[131.21,-25.597],[131.06,-25.525],[131.034,-25.513],[131.041,-25.466]]]},"properties":{"NAME":"Yankuntjatjara","SUBJECTO":"Yankuntjatjara","PARTOF":"Yankuntjatjara","ABBREVN":"Yankuntjatjara","BORDERPRECISION":3,"fid":206}},
{"type":"Feature","geometry":{"type":"Polygon","coordinates":[[[129.841,-28.37],[129.845,-28.296],[129.847,-28.256],[130.221,-27.849],[130.441,-27.645],[130.584,-27.529],[130.583,-27.518],[130.543,-27.516],[130.21,-27.499],[129.529,-27.264],[129.287,-27.128],[129.078,-26.824],[129.023,-26.402],[129.023,-26.096],[129.023,-25.958],[129.023,-25.898],[128.925,-26.007],[128.855,-26.005],[128.573,-25.998],[128.21,-25.998],[127.936,-26.205],[127.683,-26.48],[127.365,-26.539],[127.338,-26.53],[127.43,-26.579],[127.31,-26.589],[127.072,-26.584],[127.014,-26.611],[127.145,-26.863],[127.321,-27.79],[127.277,-28.15],[127.369,-28.52],[127.375,-28.517],[127.418,-28.56],[127.446,-28.59],[127.562,-28.556],[127.991,-28.44],[129.188,-28.362],[129.595,-28.362],[129.841,-28.37]]]},"properties":{"NAME":"Nakako","SUBJECTO":"Nakako","PARTOF":"Nakako","ABBREVN":"Nakako","BORDERPRECISION":3,"fid":207}},
{"type":"Feature","geometry":{"type":"Polygon","coordinates":[[[124.368,-27.519],[124.387,-27.508],[124.422,-27.524],[124.607,-27.606],[125.068,-28.033],[125.925,-28.556],[126.299,-28.671],[126.65,-28.883],[126.936,-28.825],[127.134,-28.633],[127.282,-28.562],[127.369,-28.52],[127.277,-28.15],[127.321,-27.79],[127.145,-26.863],[127.014,-26.611],[127.013,-26.608],[126.949,-26.581],[126.837,-26.579],[126.376,-26.441],[126.112,-26.224],[125.782,-26.096],[125.486,-25.909],[125.255,-25.909],[124.882,-26.136],[124.706,-26.421],[124.53,-26.853],[124.486,-27.157],[124.393,-27.397],[124.365,-27.469],[124.357,-27.464],[124.368,-27.519]]]},"properties":{"NAME":"Mandjindja","SUBJECTO":"Mandjindja","PARTOF":"Mandjindja","ABBREVN":"Mandjindja","BORDERPRECISION":3,"fid":208}},
{"type":"Feature","geometry":{"type":"Polygon","coordinates":[[[127.446,-28.59],[127.639,-28.787],[127.859,-29.056],[128.342,-29.497],[128.474,-29.783],[128.453,-30.114],[128.463,-30.126],[129.342,-30.088],[130.155,-30.117],[131.254,-30.212],[131.353,-30.222],[131.023,-30.117],[130.66,-29.945],[130.561,-29.891],[130.514,-29.865],[130.298,-29.745],[129.99,-29.468],[129.902,-29.133],[129.825,-28.633],[129.841,-28.37],[129.595,-28.362],[129.188,-28.362],[127.991,-28.44],[127.562,-28.556],[127.446,-28.59]]]},"properties":{"NAME":"Ngalea","SUBJECTO":"Ngalea","PARTOF":"Ngalea","ABBREVN":"Ngalea","BORDERPRECISION":3,"fid":209}},
{"type":"Feature","geometry":{"type":"Polygon","coordinates":[[[117.814,-20.619],[117.794,-20.638],[117.795,-20.689],[117.916,-21.156],[117.975,-21.314],[117.982,-21.332],[118.114,-21.433],[118.394,-21.55],[118.616,-21.627],[118.642,-21.6],[118.636,-21.54],[118.801,-20.987],[118.806,-20.617],[118.621,-20.375],[118.689,-20.34],[117.968,-20.471],[117.814,-20.619]]]},"properties":{"NAME":"Kariyarra","SUBJECTO":"Kariyarra","PARTOF":"Kariyarra","ABBREVN":"Kariyarra","BORDERPRECISION":3,"fid":210}},
{"type":"Feature","geometry":{"type":"Polygon","coordinates":[[[122.89,-17.036],[122.891,-17.036],[122.932,-16.989],[123.061,-16.94],[123.023,-16.856],[122.949,-16.762],[122.927,-16.734],[122.863,-16.734],[122.786,-16.741],[122.76,-16.741],[122.728,-16.741],[122.653,-16.736],[122.543,-16.917],[122.547,-16.928],[122.55,-16.936],[122.558,-16.944],[122.643,-16.986],[122.863,-17.025],[122.89,-17.036]]]},"properties":{"NAME":"Nyul Nyul","SUBJECTO":"Nyul Nyul","PARTOF":"Nyul Nyul","ABBREVN":"Nyul Nyul","BORDERPRECISION":3,"fid":211}},
{"type":"Feature","geometry":{"type":"Polygon","coordinates":[[[134.52,-26.546],[134.165,-26.254],[133.872,-26.078],[133.813,-26.116],[133.319,-26.313],[133.121,-26.441],[133.007,-26.458],[133.066,-26.716],[133.11,-26.893],[133.242,-27.255],[133.341,-27.8],[133.506,-28.208],[133.464,-28.392],[133.561,-28.43],[133.627,-28.546],[134.11,-28.691],[134.5,-28.921],[134.52,-26.546]]]},"properties":{"NAME":"Antakarinja","SUBJECTO":"Antakarinja","PARTOF":"Antakarinja","ABBREVN":"Antakarinja","BORDERPRECISION":3,"fid":212}},
{"type":"Feature","geometry":{"type":"Polygon","coordinates":[[[130.96,-16.422],[131.078,-16.468],[131.265,-16.552],[131.364,-16.715],[131.391,-16.7],[131.561,-16.605],[131.697,-16.497],[131.743,-16.431],[131.782,-16.432],[131.94,-16.315],[132.144,-16.004],[132.137,-15.939],[132.056,-15.85],[131.94,-15.776],[131.523,-15.829],[131.429,-15.813],[131.402,-15.808],[131.401,-15.791],[131.369,-15.792],[131.331,-15.993],[131.1,-15.998],[130.908,-16.072],[130.889,-16.086],[130.866,-16.103],[130.869,-16.104],[130.902,-16.262],[130.968,-16.362],[130.963,-16.399],[130.96,-16.422]]]},"properties":{"NAME":"Karangpurru","SUBJECTO":"Karangpurru","PARTOF":"Karangpurru","ABBREVN":"Karangpurru","BORDERPRECISION":3,"fid":213}},
{"type":"Feature","geometry":{"type":"Polygon","coordinates":[[[116.268,-21.392],[115.642,-22.116],[115.389,-22.34],[115.315,-22.401],[115.31,-22.405],[115.192,-22.502],[115.807,-22.573],[115.939,-22.47],[115.95,-22.462],[116,-22.453],[116.169,-22.421],[116.422,-22.431],[116.752,-22.665],[116.861,-22.771],[116.878,-22.787],[116.96,-22.867],[116.982,-22.874],[116.993,-22.877],[117.296,-22.806],[117.449,-22.77],[117.461,-22.743],[117.488,-22.685],[117.543,-22.609],[117.598,-22.447],[117.768,-22.121],[117.823,-22.086],[117.823,-22.07],[117.807,-22.056],[117.675,-21.943],[117.482,-21.816],[117.263,-21.734],[116.944,-21.422],[116.878,-21.411],[116.841,-21.404],[116.686,-21.376],[116.518,-21.341],[116.45,-21.326],[116.373,-21.31],[116.268,-21.392]]]},"properties":{"NAME":"Kurrama","SUBJECTO":"Kurrama","PARTOF":"Kurrama","ABBREVN":"Kurrama","BORDERPRECISION":3,"fid":214}},
{"type":"Feature","geometry":{"type":"Polygon","coordinates":[[[121.694,-27.856],[121.937,-27.693],[122.102,-27.557],[122.498,-27.294],[122.816,-26.775],[122.956,-26.561],[122.893,-26.49],[122.783,-26.155],[122.778,-26.03],[122.624,-26.007],[122.498,-26.007],[121.937,-26.096],[121.772,-26.274],[121.025,-26.49],[120.826,-26.431],[120.839,-26.466],[120.85,-26.593],[120.927,-26.907],[121.152,-27.279],[121.278,-27.401],[121.306,-27.528],[121.322,-27.528],[121.492,-27.649],[121.613,-27.79],[121.694,-27.856]]]},"properties":{"NAME":"Nana","SUBJECTO":"Nana","PARTOF":"Nana","ABBREVN":"Nana","BORDERPRECISION":3,"fid":215}},
{"type":"Feature","geometry":{"type":"Polygon","coordinates":[[[134.143,-12.084],[134.044,-12.061],[134.039,-12.263],[134.072,-12.259],[134.121,-12.259],[134.124,-12.242],[134.144,-12.176],[134.171,-12.119],[134.228,-12.096],[134.143,-12.084]]]},"properties":{"NAME":"Gunibidji","SUBJECTO":"Gunibidji","PARTOF":"Gunibidji","ABBREVN":"Gunibidji","BORDERPRECISION":3,"fid":216}},
{"type":"Feature","geometry":{"type":"Polygon","coordinates":[[[133.204,-14.872],[133.396,-14.913],[133.704,-14.945],[133.697,-15.064],[133.759,-15.019],[133.825,-14.935],[133.841,-14.902],[133.859,-14.893],[133.901,-14.839],[133.934,-14.775],[134.067,-14.741],[134.028,-14.716],[133.555,-14.392],[133.469,-14.309],[133.462,-14.323],[133.38,-14.685],[133.204,-14.872]]]},"properties":{"NAME":"Mangarayi","SUBJECTO":"Mangarayi","PARTOF":"Mangarayi","ABBREVN":"Mangarayi","BORDERPRECISION":3,"fid":217}},
{"type":"Feature","geometry":{"type":"Polygon","coordinates":[[[114.972,-30.342],[115.115,-30.78],[115.433,-31.391],[115.917,-31.372],[116.031,-31.417],[116.158,-31.466],[116.261,-31.433],[116.389,-31.391],[116.68,-30.411],[116.829,-30.055],[116.716,-29.998],[116.641,-30.009],[116.625,-30.041],[116.505,-30.107],[116.153,-30.221],[115.214,-30.307],[115.016,-30.368],[114.97,-30.325],[114.972,-30.342]]]},"properties":{"NAME":"Yuat","SUBJECTO":"Yuat","PARTOF":"Yuat","ABBREVN":"Yuat","BORDERPRECISION":3,"fid":218}},
{"type":"Feature","geometry":{"type":"Polygon","coordinates":[[[116.031,-31.417],[115.983,-31.422],[115.59,-31.412],[115.493,-31.546],[115.677,-31.928],[115.747,-32.208],[115.757,-32.474],[115.758,-32.494],[116.027,-32.436],[116.14,-32.388],[116.163,-32.378],[116.268,-32.292],[116.548,-32.148],[116.599,-32.145],[116.669,-31.989],[116.708,-31.658],[116.392,-31.471],[116.261,-31.433],[116.158,-31.466],[116.031,-31.417]]]},"properties":{"NAME":"Wajuk","SUBJECTO":"Wajuk","PARTOF":"Wajuk","ABBREVN":"Wajuk","BORDERPRECISION":3,"fid":219}},
{"type":"Feature","geometry":{"type":"Polygon","coordinates":[[[134.347,-17.944],[134.44,-17.811],[134.506,-17.539],[134.506,-17.235],[134.485,-17.196],[134.451,-17.214],[134.308,-16.973],[133.868,-16.562],[133.66,-16.383],[133.512,-16.241],[133.492,-16.234],[133.429,-16.394],[133.393,-16.422],[133.418,-16.562],[133.412,-16.962],[133.5,-17.314],[133.38,-17.644],[133.287,-17.7],[133.279,-17.744],[133.352,-17.749],[133.341,-18.167],[133.419,-18.251],[133.432,-18.247],[133.495,-18.031],[134.231,-17.937],[134.347,-17.944]]]},"properties":{"NAME":"Jingili","SUBJECTO":"Jingili","PARTOF":"Jingili","ABBREVN":"Jingili","BORDERPRECISION":3,"fid":220}},
{"type":"Feature","geometry":{"type":"Polygon","coordinates":[[[116.448,-21.293],[116.444,-21.207],[116.251,-20.924],[116.201,-20.95],[116.135,-20.984],[115.567,-21.456],[115.349,-21.602],[114.685,-21.953],[115.126,-22.401],[115.291,-22.401],[115.304,-22.401],[115.31,-22.405],[115.315,-22.401],[115.389,-22.34],[115.642,-22.116],[116.268,-21.392],[116.373,-21.31],[116.45,-21.326],[116.448,-21.293]]]},"properties":{"NAME":"Nhuwala","SUBJECTO":"Nhuwala","PARTOF":"Nhuwala","ABBREVN":"Nhuwala","BORDERPRECISION":3,"fid":221}},
{"type":"Feature","geometry":{"type":"Polygon","coordinates":[[[126.303,-18.94],[126.304,-18.948],[126.31,-19.021],[126.442,-19.104],[126.694,-19.083],[126.826,-19.156],[126.829,-19.157],[126.849,-19.167],[127.057,-19.27],[127.354,-19.363],[127.727,-19.425],[127.78,-19.419],[127.796,-19.418],[127.958,-19.311],[128.408,-19.239],[128.738,-19.239],[128.749,-19.25],[128.77,-19.249],[128.859,-19.166],[129.144,-18.917],[129.133,-18.177],[129.034,-18.01],[129.151,-18.168],[129.265,-18.323],[129.276,-18.219],[129.199,-17.926],[129.054,-17.834],[129.056,-17.853],[128.996,-17.82],[128.979,-17.811],[128.881,-17.78],[128.782,-17.665],[128.43,-17.56],[128.328,-17.552],[128.294,-17.562],[128.232,-17.717],[128.057,-17.937],[127.864,-18.021],[127.546,-18.261],[127.029,-18.469],[126.892,-18.48],[126.811,-18.48],[126.773,-18.556],[126.716,-18.667],[126.299,-18.885],[126.303,-18.94]]]},"properties":{"NAME":"Jaru","SUBJECTO":"Jaru","PARTOF":"Jaru","ABBREVN":"Jaru","BORDERPRECISION":3,"fid":222}},
{"type":"Feature","geometry":{"type":"MultiPolygon","coordinates":[[[[130.103,-14.129],[130.106,-14.128],[130.106,-14.117],[130.046,-14.092],[130.037,-14.095],[129.989,-14.11],[129.924,-14.102],[129.889,-14.097],[129.872,-14.126],[129.858,-14.198],[129.872,-14.326],[129.9,-14.368],[129.927,-14.36],[129.977,-14.381],[130.02,-14.413],[130.012,-14.387],[129.99,-14.344],[130.012,-14.28],[130.034,-14.2],[130.095,-14.131],[130.103,-14.129]]],[[[129.997,-14.434],[130.032,-14.437],[130.026,-14.432],[130.02,-14.414],[129.997,-14.434]]]]},"properties":{"NAME":"Ngan’gikurunggurr","SUBJECTO":"Ngan’gikurunggurr","PARTOF":"Ngan’gikurunggurr","ABBREVN":"Ngan’gikurunggurr","BORDERPRECISION":3,"fid":223}},
{"type":"Feature","geometry":{"type":"Polygon","coordinates":[[[132.215,-12.796],[132.218,-12.771],[132.242,-12.576],[132.216,-12.341],[132.176,-12.344],[131.817,-12.368],[131.676,-12.385],[131.635,-12.39],[131.611,-12.914],[131.659,-12.93],[131.721,-12.951],[131.913,-13.021],[132.072,-12.962],[132.215,-12.796]]]},"properties":{"NAME":"Limilngan","SUBJECTO":"Limilngan","PARTOF":"Limilngan","ABBREVN":"Limilngan","BORDERPRECISION":3,"fid":224}},
{"type":"Feature","geometry":{"type":"Polygon","coordinates":[[[118.216,-30.862],[118.265,-30.907],[118.352,-31.067],[118.869,-31.53],[119.506,-31.895],[119.917,-32.18],[120.023,-32.059],[120.169,-31.893],[120.422,-31.64],[120.698,-31.405],[120.962,-31.246],[121.215,-31.114],[121.201,-31.1],[121.034,-30.932],[120.739,-30.634],[120.509,-30.06],[120.004,-29.325],[119.436,-28.763],[119.421,-28.748],[119.394,-28.741],[118.69,-28.557],[118.372,-28.384],[118.224,-28.304],[117.889,-28.353],[117.532,-28.575],[117.182,-28.844],[117.105,-28.903],[116.84,-29.007],[116.31,-29.215],[116.328,-29.249],[116.52,-29.598],[116.779,-30.025],[116.949,-30.119],[117.049,-30.216],[117.484,-30.418],[117.922,-30.666],[117.978,-30.693],[118.079,-30.741],[118.087,-30.744],[118.216,-30.862]]]},"properties":{"NAME":"Kalaamaya","SUBJECTO":"Kalaamaya","PARTOF":"Kalaamaya","ABBREVN":"Kalaamaya","BORDERPRECISION":3,"fid":225}},
{"type":"Feature","geometry":{"type":"Polygon","coordinates":[[[116.542,-23.018],[116.455,-22.969],[116.087,-22.796],[115.955,-22.639],[115.927,-22.631],[115.904,-22.624],[115.873,-22.71],[115.812,-22.827],[115.732,-22.844],[115.727,-22.853],[115.768,-22.872],[115.776,-22.921],[115.977,-23.014],[116.279,-23.211],[116.691,-23.398],[117.032,-23.564],[117.148,-23.618],[117.18,-23.514],[117.185,-23.371],[117.186,-23.352],[117.188,-23.332],[117.098,-23.307],[116.856,-23.206],[116.669,-23.09],[116.587,-23.043],[116.542,-23.018]]]},"properties":{"NAME":"Jiwarli","SUBJECTO":"Jiwarli","PARTOF":"Jiwarli","ABBREVN":"Jiwarli","BORDERPRECISION":3,"fid":226}},
{"type":"Feature","geometry":{"type":"Polygon","coordinates":[[[125.108,-15.205],[125.096,-15.259],[125.359,-15.215],[125.464,-15.332],[125.414,-15.464],[125.612,-15.586],[125.745,-15.732],[125.848,-15.507],[125.903,-15.305],[125.947,-14.87],[126.002,-14.741],[126.002,-14.687],[126.002,-14.647],[126.002,-14.541],[125.968,-14.48],[125.922,-14.573],[125.863,-14.695],[125.497,-14.677],[125.156,-14.805],[125.174,-15.04],[125.108,-15.205]]]},"properties":{"NAME":"Wunambul","SUBJECTO":"Wunambul","PARTOF":"Wunambul","ABBREVN":"Wunambul","BORDERPRECISION":3,"fid":227}},
{"type":"Feature","geometry":{"type":"Polygon","coordinates":[[[133.019,-17.729],[133.033,-17.728],[133.259,-17.717],[133.287,-17.7],[133.38,-17.644],[133.5,-17.314],[133.412,-16.962],[133.418,-16.562],[133.393,-16.422],[133.391,-16.41],[133.367,-16.419],[133.187,-16.489],[132.88,-16.489],[132.632,-16.415],[132.429,-16.162],[132.391,-16.19],[132.231,-16.31],[131.929,-16.436],[131.782,-16.432],[131.743,-16.431],[131.697,-16.497],[130.979,-17.55],[130.979,-17.832],[130.985,-17.875],[130.99,-17.906],[131.407,-17.947],[131.486,-17.965],[131.506,-17.972],[131.509,-17.97],[131.638,-17.911],[132.012,-17.801],[132.281,-17.686],[133.019,-17.729]]]},"properties":{"NAME":"Mudburra","SUBJECTO":"Mudburra","PARTOF":"Mudburra","ABBREVN":"Mudburra","BORDERPRECISION":3,"fid":228}},
{"type":"Feature","geometry":{"type":"Polygon","coordinates":[[[134.635,-13.243],[134.473,-13.331],[134.331,-13.419],[134.33,-13.422],[134.368,-13.785],[134.451,-13.891],[134.629,-13.928],[134.635,-13.243]]]},"properties":{"NAME":"Ngalkbun","SUBJECTO":"Ngalkbun","PARTOF":"Ngalkbun","ABBREVN":"Ngalkbun","BORDERPRECISION":3,"fid":229}},
{"type":"Feature","geometry":{"type":"Polygon","coordinates":[[[118.57,-24.337],[118.573,-24.39],[118.614,-24.397],[118.878,-24.457],[119.075,-24.537],[119.301,-24.687],[119.482,-24.787],[119.713,-24.933],[119.718,-24.926],[119.828,-24.707],[119.883,-24.427],[119.806,-23.936],[119.696,-23.665],[119.627,-23.529],[119.619,-23.529],[119.471,-23.539],[119.141,-23.549],[118.845,-23.54],[118.79,-23.584],[118.575,-24.127],[118.57,-24.337]]]},"properties":{"NAME":"Ngalawangka","SUBJECTO":"Ngalawangka","PARTOF":"Ngalawangka","ABBREVN":"Ngalawangka","BORDERPRECISION":3,"fid":230}},
{"type":"Feature","geometry":{"type":"Polygon","coordinates":[[[122.844,-18.537],[122.739,-19],[122.751,-19.015],[122.764,-19.033],[123.146,-19.135],[123.585,-19.674],[123.805,-20.035],[123.838,-20.417],[123.838,-20.53],[124.255,-20.53],[124.717,-20.221],[124.9,-20.202],[124.955,-20.196],[125.002,-20.149],[125.112,-19.875],[124.964,-19.316],[124.86,-19.223],[124.799,-18.958],[124.805,-18.782],[124.86,-18.698],[124.86,-18.61],[124.86,-18.589],[124.815,-18.58],[124.7,-18.558],[124.59,-18.349],[124.459,-18.245],[124.375,-18.216],[124.362,-18.211],[124.354,-18.208],[124.146,-18.344],[124.014,-18.698],[123.876,-18.802],[123.322,-18.443],[123.26,-18.441],[123.216,-18.44],[123.14,-18.438],[122.968,-18.447],[122.932,-18.448],[122.917,-18.463],[122.914,-18.466],[122.896,-18.484],[122.844,-18.537]]]},"properties":{"NAME":"Mangala","SUBJECTO":"Mangala","PARTOF":"Mangala","ABBREVN":"Mangala","BORDERPRECISION":3,"fid":231}},
{"type":"Feature","geometry":{"type":"Polygon","coordinates":[[[132.891,-12.769],[132.872,-12.729],[132.855,-12.745],[132.704,-12.697],[132.696,-12.686],[132.709,-12.742],[132.67,-12.764],[132.682,-12.78],[132.709,-12.796],[132.715,-12.806],[132.717,-12.811],[132.723,-12.81],[132.764,-12.801],[132.83,-12.817],[132.84,-12.83],[132.891,-12.769]]]},"properties":{"NAME":"Bukurnidja","SUBJECTO":"Bukurnidja","PARTOF":"Bukurnidja","ABBREVN":"Bukurnidja","BORDERPRECISION":3,"fid":232}},
{"type":"Feature","geometry":{"type":"Polygon","coordinates":[[[121.239,-31.1],[121.619,-31.1],[122.278,-31.044],[122.805,-30.978],[123.194,-30.938],[123.354,-30.921],[123.552,-30.949],[123.559,-30.902],[123.519,-30.732],[123.508,-30.468],[123.409,-30.107],[122.97,-29.382],[122.728,-28.941],[122.64,-28.854],[122.633,-28.728],[122.631,-28.696],[122.542,-28.652],[122.317,-28.697],[122.3,-28.7],[122.144,-28.753],[122.102,-28.768],[121.849,-28.845],[121.355,-28.864],[121.102,-28.777],[120.355,-28.806],[119.872,-28.854],[119.729,-28.97],[119.757,-28.994],[120.223,-29.401],[120.652,-29.86],[120.74,-30.155],[120.959,-30.581],[120.992,-30.732],[121.034,-30.932],[121.201,-31.1],[121.239,-31.1]]]},"properties":{"NAME":"Wangkathaa","SUBJECTO":"Wangkathaa","PARTOF":"Wangkathaa","ABBREVN":"Wangkathaa","BORDERPRECISION":3,"fid":233}},
{"type":"Feature","geometry":{"type":"Polygon","coordinates":[[[115.803,-23.866],[115.81,-23.842],[115.768,-23.836],[115.791,-23.78],[115.802,-23.754],[115.719,-23.72],[115.439,-23.67],[115.054,-23.423],[114.922,-23.398],[114.785,-23.352],[114.74,-23.338],[114.706,-23.327],[114.675,-23.317],[114.648,-23.544],[114.521,-23.876],[114.521,-23.916],[114.521,-23.977],[114.631,-23.996],[114.868,-24.107],[115.258,-24.487],[115.313,-24.807],[115.215,-24.961],[115.263,-24.966],[115.374,-24.994],[115.377,-24.995],[115.422,-24.886],[115.483,-24.697],[115.521,-24.622],[115.637,-24.217],[115.768,-24.001],[115.803,-23.866]]]},"properties":{"NAME":"Tharrgari","SUBJECTO":"Tharrgari","PARTOF":"Tharrgari","ABBREVN":"Tharrgari","BORDERPRECISION":3,"fid":234}},
{"type":"Feature","geometry":{"type":"Polygon","coordinates":[[[125.702,-15.783],[125.728,-15.771],[125.745,-15.732],[125.612,-15.586],[125.414,-15.464],[125.464,-15.332],[125.359,-15.215],[125.096,-15.259],[125.084,-15.308],[125.059,-15.421],[125.109,-15.625],[125.018,-15.644],[124.689,-15.467],[124.425,-15.658],[124.364,-15.887],[124.395,-16.02],[124.338,-16.262],[124.531,-16.325],[124.623,-16.373],[124.794,-16.373],[124.783,-16.236],[124.816,-15.94],[125.002,-15.792],[125.563,-15.845],[125.702,-15.783]]]},"properties":{"NAME":"Worora","SUBJECTO":"Worora","PARTOF":"Worora","ABBREVN":"Worora","BORDERPRECISION":3,"fid":235}},
{"type":"Feature","geometry":{"type":"Polygon","coordinates":[[[125.496,-18.41],[125.563,-18.349],[125.656,-18.24],[125.728,-18.141],[125.744,-18.12],[125.685,-18.09],[125.651,-18.073],[125.48,-17.906],[125.398,-17.77],[125.349,-17.67],[125.337,-17.65],[125.335,-17.645],[125.277,-17.539],[125.206,-17.445],[125.046,-17.398],[124.7,-17.419],[124.552,-17.419],[124.49,-17.412],[124.459,-17.409],[124.398,-17.403],[123.86,-17.319],[123.673,-17.235],[123.635,-17.21],[123.569,-17.167],[123.558,-17.209],[123.53,-17.377],[123.534,-17.389],[123.519,-17.503],[123.426,-17.691],[123.168,-17.859],[123.064,-18.026],[123.058,-18.036],[123.051,-18.065],[123.003,-18.266],[122.893,-18.454],[122.908,-18.463],[122.914,-18.466],[122.917,-18.463],[122.932,-18.448],[122.968,-18.447],[123.14,-18.438],[123.216,-18.44],[123.234,-18.428],[123.26,-18.441],[123.322,-18.443],[123.876,-18.802],[124.014,-18.698],[124.146,-18.344],[124.354,-18.208],[124.362,-18.211],[124.375,-18.216],[124.459,-18.245],[124.59,-18.349],[124.7,-18.558],[124.815,-18.58],[124.882,-18.48],[125.31,-18.485],[125.453,-18.417],[125.485,-18.421],[125.496,-18.41]]]},"properties":{"NAME":"Nyikina","SUBJECTO":"Nyikina","PARTOF":"Nyikina","ABBREVN":"Nyikina","BORDERPRECISION":3,"fid":236}},
{"type":"Feature","geometry":{"type":"Polygon","coordinates":[[[123.986,-16.815],[123.99,-16.815],[123.988,-16.81],[123.964,-16.741],[123.97,-16.641],[123.915,-16.568],[123.576,-16.391],[123.553,-16.696],[123.632,-16.804],[123.82,-16.884],[123.959,-16.815],[123.986,-16.815]]]},"properties":{"NAME":"Unggarangi","SUBJECTO":"Unggarangi","PARTOF":"Unggarangi","ABBREVN":"Unggarangi","BORDERPRECISION":3,"fid":237}},
{"type":"Feature","geometry":{"type":"Polygon","coordinates":[[[122.891,-17.036],[122.838,-17.099],[122.805,-17.261],[122.803,-17.317],[122.801,-17.369],[122.8,-17.408],[122.811,-17.618],[122.817,-17.666],[122.823,-17.716],[122.838,-17.843],[122.921,-18.005],[123.051,-18.065],[123.058,-18.036],[123.064,-18.026],[123.168,-17.859],[123.426,-17.691],[123.519,-17.503],[123.534,-17.389],[123.53,-17.377],[123.498,-17.319],[123.419,-17.58],[123.301,-17.466],[123.079,-16.979],[123.061,-16.94],[122.932,-16.989],[122.891,-17.036]]]},"properties":{"NAME":"Nimanburu","SUBJECTO":"Nimanburu","PARTOF":"Nimanburu","ABBREVN":"Nimanburu","BORDERPRECISION":3,"fid":238}},
{"type":"Feature","geometry":{"type":"Polygon","coordinates":[[[134.5,-28.921],[134.11,-28.691],[133.627,-28.546],[133.561,-28.43],[133.464,-28.392],[133.264,-28.314],[133.249,-28.315],[132.924,-28.343],[132.605,-28.401],[132.124,-28.401],[132.119,-28.4],[131.715,-28.246],[131.276,-28.043],[130.979,-27.771],[130.781,-27.537],[130.704,-27.483],[130.686,-27.47],[130.671,-27.46],[130.64,-27.485],[130.584,-27.529],[130.441,-27.645],[130.221,-27.849],[129.847,-28.256],[129.845,-28.296],[129.841,-28.37],[129.825,-28.633],[129.902,-29.133],[129.99,-29.468],[130.298,-29.745],[130.514,-29.865],[130.561,-29.891],[130.66,-29.945],[131.023,-30.117],[131.353,-30.222],[131.358,-30.223],[131.373,-30.228],[131.41,-30.24],[131.44,-30.25],[131.847,-30.373],[133.231,-30.496],[134.319,-30.883],[134.483,-30.935],[134.484,-30.829],[134.499,-29.004],[134.5,-28.921]]]},"properties":{"NAME":"Kokatha","SUBJECTO":"Kokatha","PARTOF":"Kokatha","ABBREVN":"Kokatha","BORDERPRECISION":3,"fid":239}},
{"type":"Feature","geometry":{"type":"Polygon","coordinates":[[[134.022,-12.056],[133.762,-11.997],[134.006,-12.254],[134,-12.266],[134.004,-12.268],[134.019,-12.266],[134.039,-12.263],[134.044,-12.061],[134.022,-12.056]]]},"properties":{"NAME":"Gunbalang","SUBJECTO":"Gunbalang","PARTOF":"Gunbalang","ABBREVN":"Gunbalang","BORDERPRECISION":3,"fid":240}},
{"type":"Feature","geometry":{"type":"Polygon","coordinates":[[[118.728,-28.1],[118.652,-28.033],[118.537,-27.844],[118.328,-27.713],[118.098,-27.391],[118.021,-27.206],[118.029,-27.187],[118.013,-27.182],[117.977,-27.206],[117.746,-27.25],[117.57,-27.464],[117.202,-27.722],[116.757,-27.951],[116.235,-28.3],[115.882,-28.574],[115.856,-28.594],[115.818,-28.569],[115.818,-28.609],[116.076,-29.023],[116.274,-29.267],[116.312,-29.254],[116.328,-29.249],[116.31,-29.215],[116.84,-29.007],[116.917,-28.965],[117.182,-28.844],[117.532,-28.575],[117.889,-28.353],[118.224,-28.304],[118.372,-28.384],[118.416,-28.372],[118.532,-28.304],[118.647,-28.145],[118.728,-28.1]]]},"properties":{"NAME":"Badimaya","SUBJECTO":"Badimaya","PARTOF":"Badimaya","ABBREVN":"Badimaya","BORDERPRECISION":3,"fid":241}},
{"type":"Feature","geometry":{"type":"Polygon","coordinates":[[[130.984,-12.983],[130.978,-12.981],[130.803,-12.935],[130.485,-12.892],[130.403,-12.861],[130.386,-12.889],[130.233,-13.147],[130.274,-13.363],[130.468,-13.374],[131.166,-13.454],[131.397,-13.5],[131.405,-13.48],[131.468,-13.422],[131.517,-13.407],[131.528,-13.32],[131.556,-13.277],[131.523,-13.229],[131.166,-13.037],[130.984,-12.983]]]},"properties":{"NAME":"Kungarakany","SUBJECTO":"Kungarakany","PARTOF":"Kungarakany","ABBREVN":"Kungarakany","BORDERPRECISION":3,"fid":242}},
{"type":"Feature","geometry":{"type":"Polygon","coordinates":[[[134.624,-14.505],[134.214,-14.195],[133.802,-13.929],[133.637,-13.685],[133.638,-13.71],[133.577,-14.11],[133.484,-14.283],[133.469,-14.309],[133.555,-14.392],[134.028,-14.716],[134.067,-14.741],[134.143,-14.722],[134.146,-14.723],[134.297,-14.796],[134.619,-15.032],[134.624,-14.505]]]},"properties":{"NAME":"Ngalakan","SUBJECTO":"Ngalakan","PARTOF":"Ngalakan","ABBREVN":"Ngalakan","BORDERPRECISION":3,"fid":243}},
{"type":"Feature","geometry":{"type":"Polygon","coordinates":[[[124.222,-31.034],[124.328,-32.02],[124.431,-32.944],[124.75,-32.897],[125.019,-32.727],[125.495,-32.561],[126.013,-32.271],[126.219,-32.229],[126.711,-32.303],[127.314,-32.267],[127.672,-32.141],[127.997,-32.079],[128.418,-31.94],[128.903,-31.709],[129.558,-31.612],[130.11,-31.575],[130.782,-31.617],[131.024,-31.546],[131.082,-31.49],[131.111,-31.462],[131.188,-31.466],[131.336,-30.986],[131.243,-30.808],[131.026,-30.768],[128.687,-30.336],[127.13,-30.368],[126.359,-30.384],[125.189,-30.647],[124.42,-30.955],[124.222,-31.034]]]},"properties":{"NAME":"Mirning","SUBJECTO":"Mirning","PARTOF":"Mirning","ABBREVN":"Mirning","BORDERPRECISION":3,"fid":244}},
{"type":"Feature","geometry":{"type":"Polygon","coordinates":[[[130.446,-15.692],[130.622,-15.697],[130.924,-15.655],[131.155,-15.655],[131.386,-15.659],[131.336,-15.549],[131.27,-15.438],[131.111,-15.38],[131.073,-15.325],[130.984,-15.422],[130.551,-15.485],[130.392,-15.492],[130.419,-15.528],[130.446,-15.66],[130.446,-15.692]]]},"properties":{"NAME":"Nungali","SUBJECTO":"Nungali","PARTOF":"Nungali","ABBREVN":"Nungali","BORDERPRECISION":3,"fid":245}},
{"type":"Feature","geometry":{"type":"Polygon","coordinates":[[[117.094,-21.039],[117.074,-21.04],[117.026,-21.043],[116.911,-21.284],[116.889,-21.341],[116.882,-21.386],[116.878,-21.411],[116.944,-21.422],[117.263,-21.734],[117.482,-21.816],[117.675,-21.943],[117.807,-22.056],[117.843,-22.073],[117.894,-22.04],[118.202,-22.081],[118.911,-22.33],[118.924,-22.336],[118.927,-22.333],[118.929,-22.336],[118.93,-22.33],[118.911,-22.279],[118.982,-22.06],[119.028,-22.015],[119.033,-22.011],[119.028,-22.009],[118.96,-21.984],[118.894,-21.836],[118.652,-21.708],[118.645,-21.637],[118.616,-21.627],[118.394,-21.55],[118.114,-21.433],[117.982,-21.332],[117.962,-21.317],[117.905,-21.274],[117.422,-21.1],[117.18,-21.033],[117.094,-21.039]]]},"properties":{"NAME":"Yindjibarndi","SUBJECTO":"Yindjibarndi","PARTOF":"Yindjibarndi","ABBREVN":"Yindjibarndi","BORDERPRECISION":3,"fid":246}},
{"type":"Feature","geometry":{"type":"Polygon","coordinates":[[[122.887,-18.462],[122.882,-18.448],[122.509,-18.261],[122.234,-18.188],[122.225,-18.19],[122.221,-18.191],[122.196,-18.244],[121.761,-18.537],[121.546,-18.771],[121.544,-18.786],[121.838,-18.844],[122.487,-18.958],[122.736,-19.025],[122.751,-19.015],[122.739,-19],[122.844,-18.537],[122.896,-18.484],[122.887,-18.462]]]},"properties":{"NAME":"Karajarri","SUBJECTO":"Karajarri","PARTOF":"Karajarri","ABBREVN":"Karajarri","BORDERPRECISION":3,"fid":247}},
{"type":"Feature","geometry":{"type":"Polygon","coordinates":[[[120.53,-32.959],[120.377,-33.009],[120.201,-33.082],[120.193,-33.086],[120.035,-33.148],[120.015,-33.156],[119.948,-33.153],[119.608,-33.138],[119.169,-33.138],[118.477,-33.11],[118.491,-33.136],[118.575,-33.285],[118.688,-33.538],[118.784,-33.752],[119.074,-33.986],[119.508,-34.336],[119.771,-34.12],[120.28,-34.119],[120.702,-34.048],[121.41,-33.971],[121.74,-33.963],[122.171,-34.179],[122.351,-34.096],[122.768,-34.031],[123.186,-34.04],[123.46,-33.994],[123.623,-33.915],[123.922,-33.521],[123.955,-33.479],[123.651,-33.138],[122.828,-33.055],[122.827,-33.055],[122.8,-33.165],[122.755,-33.391],[122.301,-33.4],[121.841,-33.283],[121.405,-33.115],[120.974,-33.125],[120.713,-33.172],[120.582,-33.052],[120.538,-32.969],[120.53,-32.959]]]},"properties":{"NAME":"Wudjari","SUBJECTO":"Wudjari","PARTOF":"Wudjari","ABBREVN":"Wudjari","BORDERPRECISION":3,"fid":248}},
{"type":"Feature","geometry":{"type":"Polygon","coordinates":[[[130.291,-17.122],[130.282,-17.179],[130.287,-17.183],[130.287,-17.288],[130.726,-17.382],[130.935,-17.372],[130.94,-17.394],[130.968,-17.393],[131.385,-16.773],[131.391,-16.7],[131.364,-16.715],[131.265,-16.552],[131.078,-16.468],[130.96,-16.422],[130.957,-16.441],[130.682,-16.694],[130.331,-17.094],[130.291,-17.122]]]},"properties":{"NAME":"Bilinara","SUBJECTO":"Bilinara","PARTOF":"Bilinara","ABBREVN":"Bilinara","BORDERPRECISION":3,"fid":249}},
{"type":"Feature","geometry":{"type":"Polygon","coordinates":[[[130.366,-13.374],[130.308,-13.392],[130.304,-13.43],[130.32,-13.435],[130.334,-13.448],[130.369,-13.379],[130.402,-13.392],[130.391,-13.377],[130.366,-13.374]]]},"properties":{"NAME":"Tjerratj","SUBJECTO":"Tjerratj","PARTOF":"Tjerratj","ABBREVN":"Tjerratj","BORDERPRECISION":3,"fid":250}},
{"type":"Feature","geometry":{"type":"Polygon","coordinates":[[[121.333,-21.994],[121.22,-22.012],[121.195,-22.017],[121.146,-22.025],[121.121,-22.056],[121.08,-22.106],[121.104,-22.199],[121.124,-22.279],[121.124,-23.049],[121.003,-23.302],[121.002,-23.304],[120.954,-23.357],[120.96,-23.388],[120.97,-23.438],[121.19,-23.765],[121.454,-24.001],[121.954,-24.527],[122.261,-24.797],[122.838,-25.299],[122.872,-25.334],[122.91,-25.374],[122.95,-25.402],[122.981,-25.423],[123.354,-25.021],[124.266,-24.257],[125.255,-24.467],[125.469,-24.57],[125.528,-24.599],[125.607,-24.637],[125.881,-24.487],[126.156,-24.227],[128.013,-24.107],[127.966,-24.059],[127.895,-23.986],[127.826,-23.916],[127.43,-23.655],[127.046,-23.302],[126.925,-23.009],[126.563,-22.35],[126.31,-22.045],[126.198,-21.962],[126.157,-21.932],[125.991,-21.811],[125.841,-21.811],[125.519,-21.811],[125.387,-21.811],[125.211,-21.963],[124.387,-22.289],[124.091,-22.35],[124.08,-21.943],[123.893,-21.637],[123.607,-21.422],[123.409,-21.361],[123.289,-21.371],[123.274,-21.372],[123.168,-21.381],[122.761,-21.984],[122.542,-22.411],[122.201,-22.401],[121.399,-22.147],[121.333,-21.994]]]},"properties":{"NAME":"Mardu","SUBJECTO":"Mardu","PARTOF":"Mardu","ABBREVN":"Mardu","BORDERPRECISION":3,"fid":251}},
{"type":"Feature","geometry":{"type":"Polygon","coordinates":[[[118.884,-34.282],[118.922,-34.289],[119.136,-34.52],[119.354,-34.546],[119.46,-34.401],[119.163,-34.103],[119.074,-33.986],[118.784,-33.752],[118.688,-33.538],[118.674,-33.523],[118.438,-33.165],[118.371,-33.151],[118.174,-33.255],[118.088,-33.28],[117.861,-33.395],[117.633,-33.496],[117.529,-33.553],[117.488,-33.587],[117.449,-33.651],[117.653,-33.811],[117.665,-33.947],[117.691,-33.989],[117.672,-34.022],[117.675,-34.048],[117.581,-34.262],[118.57,-34.225],[118.73,-34.254],[118.867,-34.257],[118.884,-34.282]]]},"properties":{"NAME":"Goreng","SUBJECTO":"Goreng","PARTOF":"Goreng","ABBREVN":"Goreng","BORDERPRECISION":3,"fid":252}},
{"type":"Feature","geometry":{"type":"Polygon","coordinates":[[[134,-12.266],[134.006,-12.254],[133.762,-11.997],[133.448,-11.903],[133.171,-11.854],[133.142,-11.857],[133.102,-11.862],[133.098,-11.866],[133.073,-11.888],[133.056,-11.902],[133.05,-11.908],[133.044,-11.959],[133.033,-11.999],[133.026,-12.03],[133.014,-12.077],[133.19,-12.241],[133.33,-12.479],[133.319,-12.806],[133.407,-12.849],[133.44,-12.881],[133.451,-12.892],[133.49,-12.904],[133.506,-12.911],[133.521,-12.913],[133.522,-12.914],[133.577,-12.994],[133.592,-12.969],[133.622,-12.92],[133.698,-12.796],[133.907,-12.42],[133.956,-12.351],[133.998,-12.268],[134,-12.266]]]},"properties":{"NAME":"Gunwinggu","SUBJECTO":"Gunwinggu","PARTOF":"Gunwinggu","ABBREVN":"Gunwinggu","BORDERPRECISION":3,"fid":253}},
{"type":"Feature","geometry":{"type":"Polygon","coordinates":[[[115.82,-25.204],[115.768,-25.17],[115.752,-25.177],[115.439,-25.011],[115.377,-24.995],[115.374,-24.994],[115.263,-24.966],[115.215,-24.961],[115.03,-24.94],[114.868,-24.921],[114.494,-24.772],[114.137,-24.672],[113.901,-24.692],[113.632,-24.782],[113.612,-24.808],[113.555,-24.881],[113.752,-25.324],[113.955,-25.634],[114.005,-25.711],[114.214,-25.765],[114.571,-25.765],[114.727,-25.752],[114.728,-25.749],[114.73,-25.711],[114.917,-25.666],[115.439,-25.651],[115.823,-25.552],[115.812,-25.294],[115.842,-25.227],[115.829,-25.21],[115.82,-25.204]]]},"properties":{"NAME":"Yinggarda","SUBJECTO":"Yinggarda","PARTOF":"Yinggarda","ABBREVN":"Yinggarda","BORDERPRECISION":3,"fid":254}},
{"type":"Feature","geometry":{"type":"Polygon","coordinates":[[[134.551,-23.019],[134.319,-23.019],[133.983,-22.977],[133.835,-22.958],[133.22,-22.918],[133.192,-22.911],[132.627,-22.776],[132.539,-22.796],[132.304,-23.013],[132.315,-23.036],[132.341,-23.09],[132.122,-23.413],[132.209,-23.705],[132.385,-23.976],[132.946,-24.397],[133.121,-24.577],[133.308,-24.946],[133.506,-25.493],[133.737,-25.76],[134.011,-25.988],[133.973,-26.012],[133.872,-26.078],[134.165,-26.254],[134.52,-26.546],[134.523,-26.28],[134.549,-23.241],[134.551,-23.019]]]},"properties":{"NAME":"Arrernte","SUBJECTO":"Arrernte","PARTOF":"Arrernte","ABBREVN":"Arrernte","BORDERPRECISION":3,"fid":255}},
{"type":"Feature","geometry":{"type":"Polygon","coordinates":[[[132.218,-12.771],[132.297,-12.785],[132.429,-12.748],[132.43,-12.741],[132.407,-12.721],[132.4,-12.328],[132.426,-12.322],[132.176,-12.344],[132.216,-12.341],[132.242,-12.576],[132.218,-12.771]]]},"properties":{"NAME":"Konbudj","SUBJECTO":"Konbudj","PARTOF":"Konbudj","ABBREVN":"Konbudj","BORDERPRECISION":3,"fid":256}},
{"type":"Feature","geometry":{"type":"Polygon","coordinates":[[[127.072,-26.584],[127.31,-26.589],[127.43,-26.579],[127.338,-26.53],[127.252,-26.498],[127.046,-26.421],[126.683,-26.244],[125.837,-25.681],[125.519,-25.046],[125.508,-24.617],[125.515,-24.611],[125.508,-24.597],[125.469,-24.57],[125.255,-24.467],[124.266,-24.257],[123.354,-25.021],[122.981,-25.423],[122.95,-25.402],[122.97,-25.533],[122.948,-26.027],[122.794,-26.007],[122.777,-26.007],[122.778,-26.03],[122.783,-26.155],[122.893,-26.49],[122.956,-26.561],[123.058,-26.675],[123.157,-26.785],[123.728,-27.157],[124.167,-27.352],[124.357,-27.464],[124.365,-27.469],[124.393,-27.397],[124.486,-27.157],[124.53,-26.853],[124.706,-26.421],[124.882,-26.136],[125.255,-25.909],[125.486,-25.909],[125.782,-26.096],[126.112,-26.224],[126.376,-26.441],[126.837,-26.579],[126.949,-26.581],[127.072,-26.584]]]},"properties":{"NAME":"Ngaanyatjarra","SUBJECTO":"Ngaanyatjarra","PARTOF":"Ngaanyatjarra","ABBREVN":"Ngaanyatjarra","BORDERPRECISION":3,"fid":257}},
{"type":"Feature","geometry":{"type":"Polygon","coordinates":[[[125.666,-17.083],[125.685,-17.069],[125.771,-17.004],[125.859,-16.931],[125.936,-16.836],[126.145,-16.857],[126.288,-16.952],[126.53,-16.899],[126.859,-16.562],[126.958,-16.088],[127.079,-16.004],[127.299,-16.004],[127.464,-16.004],[127.508,-16.004],[127.518,-16.004],[127.738,-15.982],[127.846,-15.922],[127.938,-15.871],[128.024,-15.824],[128.112,-15.655],[128.117,-15.583],[128.119,-15.558],[128.123,-15.517],[128.051,-15.448],[128.048,-15.445],[128.024,-15.422],[127.826,-15.56],[127.716,-15.464],[127.716,-15.295],[127.661,-15.241],[127.65,-15.231],[127.617,-15.199],[127.441,-15.178],[127.375,-14.934],[127.375,-14.701],[127.291,-14.482],[127.277,-14.445],[127.244,-14.438],[126.991,-14.381],[126.749,-14.381],[126.748,-14.381],[126.747,-14.381],[126.694,-14.381],[126.354,-14.541],[126.046,-14.637],[126.026,-14.683],[126.002,-14.741],[125.947,-14.87],[125.903,-15.305],[125.848,-15.507],[125.745,-15.732],[125.728,-15.771],[125.702,-15.783],[125.563,-15.845],[125.002,-15.792],[124.816,-15.94],[124.783,-16.236],[124.794,-16.373],[124.805,-16.499],[124.846,-16.53],[125.057,-16.741],[125.618,-17.12],[125.666,-17.083]]]},"properties":{"NAME":"Ngarinyin","SUBJECTO":"Ngarinyin","PARTOF":"Ngarinyin","ABBREVN":"Ngarinyin","BORDERPRECISION":3,"fid":258}},
{"type":"Feature","geometry":{"type":"Polygon","coordinates":[[[126.274,-17.718],[126.222,-17.728],[126.057,-17.926],[125.957,-18.039],[125.949,-18.048],[125.936,-18.062],[126.486,-18.135],[126.738,-18.48],[126.775,-18.48],[126.811,-18.48],[126.892,-18.48],[127.029,-18.469],[127.546,-18.261],[127.864,-18.021],[128.057,-17.937],[128.232,-17.717],[128.294,-17.562],[128.298,-17.55],[128.328,-17.552],[128.43,-17.56],[128.782,-17.665],[128.881,-17.78],[128.979,-17.811],[128.996,-17.82],[129.056,-17.853],[129.054,-17.834],[129.023,-17.623],[128.892,-17.172],[128.804,-16.699],[128.903,-16.647],[129.111,-16.626],[129.215,-16.626],[129.254,-16.626],[129.265,-16.626],[129.342,-16.457],[129.287,-16.341],[129.267,-16.319],[129.221,-16.267],[129.167,-16.235],[129.012,-16.141],[128.628,-16.077],[128.079,-15.877],[127.938,-15.871],[127.846,-15.922],[127.738,-15.982],[127.518,-16.004],[127.508,-16.004],[127.458,-16.041],[127.408,-16.077],[127.321,-16.668],[127.365,-16.91],[127.496,-17.204],[127.343,-17.33],[126.453,-17.686],[126.309,-17.712],[126.274,-17.718]]]},"properties":{"NAME":"Kija","SUBJECTO":"Kija","PARTOF":"Kija","ABBREVN":"Kija","BORDERPRECISION":3,"fid":259}},
{"type":"Feature","geometry":{"type":"Polygon","coordinates":[[[131.992,-13.966],[131.949,-13.889],[131.861,-13.827],[131.55,-13.502],[131.53,-13.41],[131.528,-13.403],[131.517,-13.407],[131.468,-13.422],[131.405,-13.48],[131.397,-13.5],[131.342,-13.633],[131.337,-13.644],[131.311,-13.715],[131.155,-13.766],[130.908,-13.779],[130.87,-13.801],[130.855,-13.809],[130.856,-13.814],[130.864,-13.905],[130.877,-14.017],[130.908,-14.182],[130.792,-14.397],[130.545,-14.483],[130.386,-14.488],[130.343,-14.511],[130.342,-14.511],[130.336,-14.514],[130.336,-14.573],[130.347,-14.669],[130.351,-14.716],[130.353,-14.748],[130.388,-14.754],[130.424,-14.759],[130.627,-14.754],[130.847,-14.764],[130.957,-14.796],[130.988,-14.82],[131.018,-14.787],[131.028,-14.775],[131.506,-14.605],[131.792,-14.584],[131.896,-14.569],[131.88,-14.488],[131.885,-14.429],[131.946,-14.291],[131.957,-14.115],[131.982,-14.008],[131.992,-13.966]]]},"properties":{"NAME":"Wagiman","SUBJECTO":"Wagiman","PARTOF":"Wagiman","ABBREVN":"Wagiman","BORDERPRECISION":3,"fid":260}},
{"type":"Feature","geometry":{"type":"Polygon","coordinates":[[[132.682,-12.78],[132.662,-12.769],[132.632,-12.785],[132.479,-12.785],[132.468,-12.776],[132.413,-12.801],[132.336,-12.978],[132.342,-12.983],[132.347,-12.962],[132.407,-12.994],[132.665,-13.015],[132.715,-12.908],[132.715,-12.812],[132.717,-12.811],[132.715,-12.806],[132.709,-12.796],[132.682,-12.78]]]},"properties":{"NAME":"Ngombur","SUBJECTO":"Ngombur","PARTOF":"Ngombur","ABBREVN":"Ngombur","BORDERPRECISION":3,"fid":261}},
{"type":"Feature","geometry":{"type":"Polygon","coordinates":[[[134.555,-22.554],[134.539,-22.573],[134.129,-22.403],[134.011,-22.655],[133.978,-22.888],[133.959,-22.888],[133.983,-22.977],[134.319,-23.019],[134.551,-23.019],[134.555,-22.554]]]},"properties":{"NAME":"Alyawarre","SUBJECTO":"Alyawarre","PARTOF":"Alyawarre","ABBREVN":"Alyawarre","BORDERPRECISION":3,"fid":262}},
{"type":"Feature","geometry":{"type":"Polygon","coordinates":[[[133.142,-11.857],[133.174,-11.773],[133.174,-11.728],[132.929,-11.533],[132.776,-11.578],[132.661,-11.534],[132.384,-11.299],[132.041,-11.383],[132.134,-11.541],[132.303,-11.503],[132.626,-11.75],[132.803,-11.607],[132.913,-11.695],[132.979,-11.822],[133.033,-11.878],[133.056,-11.902],[133.073,-11.888],[133.098,-11.866],[133.102,-11.862],[133.142,-11.857]]]},"properties":{"NAME":"Iwaidja","SUBJECTO":"Iwaidja","PARTOF":"Iwaidja","ABBREVN":"Iwaidja","BORDERPRECISION":3,"fid":263}},
{"type":"Feature","geometry":{"type":"Polygon","coordinates":[[[132.438,-13.131],[132.451,-13.133],[132.505,-13.147],[132.649,-13.16],[132.667,-13.168],[132.718,-13.136],[132.833,-12.964],[132.834,-12.932],[132.825,-12.919],[132.836,-12.907],[132.836,-12.903],[132.849,-12.843],[132.84,-12.83],[132.83,-12.817],[132.764,-12.801],[132.723,-12.81],[132.717,-12.811],[132.715,-12.812],[132.715,-12.908],[132.665,-13.015],[132.407,-12.994],[132.347,-12.962],[132.342,-12.983],[132.325,-13.053],[132.292,-13.074],[132.29,-13.088],[132.369,-13.096],[132.438,-13.131]]]},"properties":{"NAME":"Mbukarla","SUBJECTO":"Mbukarla","PARTOF":"Mbukarla","ABBREVN":"Mbukarla","BORDERPRECISION":3,"fid":264}},
{"type":"Feature","geometry":{"type":"Polygon","coordinates":[[[115.835,-23.846],[115.803,-23.866],[115.768,-24.001],[115.637,-24.217],[115.521,-24.622],[115.483,-24.697],[115.422,-24.886],[115.377,-24.995],[115.439,-25.011],[115.752,-25.177],[115.768,-25.17],[115.82,-25.204],[115.854,-25.199],[115.895,-25.105],[116.06,-24.966],[116.136,-24.762],[116.29,-24.647],[116.337,-24.617],[116.367,-24.562],[116.345,-24.462],[116.45,-24.182],[116.433,-23.976],[116.274,-23.876],[115.895,-23.856],[115.835,-23.846]]]},"properties":{"NAME":"Warriyangga","SUBJECTO":"Warriyangga","PARTOF":"Warriyangga","ABBREVN":"Warriyangga","BORDERPRECISION":3,"fid":265}},
{"type":"Feature","geometry":{"type":"Polygon","coordinates":[[[132.67,-12.764],[132.709,-12.742],[132.696,-12.686],[132.691,-12.662],[132.671,-12.576],[132.731,-12.222],[132.725,-12.201],[132.699,-12.219],[132.628,-12.271],[132.426,-12.322],[132.4,-12.328],[132.407,-12.721],[132.43,-12.741],[132.468,-12.776],[132.479,-12.785],[132.632,-12.785],[132.662,-12.769],[132.67,-12.764]]]},"properties":{"NAME":"Gagudju","SUBJECTO":"Gagudju","PARTOF":"Gagudju","ABBREVN":"Gagudju","BORDERPRECISION":3,"fid":266}},
{"type":"Feature","geometry":{"type":"Polygon","coordinates":[[[122.927,-16.734],[122.869,-16.659],[122.761,-16.597],[122.734,-16.715],[122.76,-16.741],[122.786,-16.741],[122.863,-16.734],[122.927,-16.734]]]},"properties":{"NAME":"Bardi","SUBJECTO":"Bardi","PARTOF":"Bardi","ABBREVN":"Bardi","BORDERPRECISION":3,"fid":267}},
{"type":"Feature","geometry":{"type":"Polygon","coordinates":[[[133.448,-11.903],[133.397,-11.882],[133.174,-11.728],[133.174,-11.773],[133.142,-11.857],[133.171,-11.854],[133.448,-11.903]]]},"properties":{"NAME":"Maung","SUBJECTO":"Maung","PARTOF":"Maung","ABBREVN":"Maung","BORDERPRECISION":3,"fid":268}},
{"type":"Feature","geometry":{"type":"Polygon","coordinates":[[[118.689,-20.34],[118.621,-20.375],[118.806,-20.617],[118.801,-20.987],[118.636,-21.54],[118.642,-21.6],[118.645,-21.637],[118.652,-21.708],[118.894,-21.836],[118.96,-21.984],[119.028,-22.009],[119.033,-22.011],[119.125,-22.045],[119.669,-22.07],[119.932,-22.111],[120.405,-22.086],[120.954,-22.162],[121.069,-22.233],[121.104,-22.199],[121.08,-22.106],[121.121,-22.056],[121.146,-22.025],[121.195,-22.017],[121.135,-21.953],[121.058,-21.289],[120.905,-20.982],[120.223,-20.52],[120.026,-20.283],[119.957,-20.144],[119.944,-20.118],[119.927,-20.113],[119.828,-20.262],[119.636,-20.391],[119.383,-20.355],[118.828,-20.14],[118.81,-20.173],[118.734,-20.317],[118.689,-20.34]]]},"properties":{"NAME":"Nyamal","SUBJECTO":"Nyamal","PARTOF":"Nyamal","ABBREVN":"Nyamal","BORDERPRECISION":3,"fid":269}},
{"type":"Feature","geometry":{"type":"Polygon","coordinates":[[[129.992,-14.434],[129.997,-14.434],[130.02,-14.414],[130.02,-14.413],[129.977,-14.381],[129.927,-14.36],[129.9,-14.368],[129.872,-14.326],[129.858,-14.198],[129.872,-14.126],[129.889,-14.097],[129.884,-14.097],[129.883,-14.089],[129.874,-14.05],[129.897,-13.993],[129.869,-13.983],[129.763,-14.007],[129.763,-14.019],[129.596,-14.168],[129.65,-14.336],[129.809,-14.445],[129.924,-14.429],[129.992,-14.434]]]},"properties":{"NAME":"Marringarr","SUBJECTO":"Marringarr","PARTOF":"Marringarr","ABBREVN":"Marringarr","BORDERPRECISION":3,"fid":270}},
{"type":"Feature","geometry":{"type":"Polygon","coordinates":[[[116.194,-33.927],[116.054,-33.802],[115.99,-33.715],[115.868,-33.67],[115.845,-33.669],[115.807,-33.738],[115.756,-33.831],[115.741,-33.859],[115.724,-33.889],[115.373,-34.085],[115.349,-34.116],[115.148,-34.382],[115.137,-34.398],[115.648,-34.597],[116.005,-34.935],[116.428,-35.048],[116.559,-34.836],[116.57,-34.633],[116.499,-34.339],[116.186,-34.216],[116.18,-34.166],[116.202,-33.936],[116.194,-33.927]]]},"properties":{"NAME":"Bibbulman","SUBJECTO":"Bibbulman","PARTOF":"Bibbulman","ABBREVN":"Bibbulman","BORDERPRECISION":3,"fid":271}},
{"type":"Feature","geometry":{"type":"Polygon","coordinates":[[[126.002,-14.687],[126.026,-14.683],[126.046,-14.637],[126.354,-14.541],[126.694,-14.381],[126.747,-14.381],[126.748,-14.381],[126.689,-14.35],[126.617,-14.203],[126.546,-14.35],[126.426,-14.147],[126.268,-14.071],[126.101,-14.205],[125.968,-14.48],[126.002,-14.541],[126.002,-14.647],[126.002,-14.687]]]},"properties":{"NAME":"Gamberre","SUBJECTO":"Gamberre","PARTOF":"Gamberre","ABBREVN":"Gamberre","BORDERPRECISION":3,"fid":272}},
{"type":"Feature","geometry":{"type":"Polygon","coordinates":[[[125.515,-24.611],[125.508,-24.617],[125.519,-25.046],[125.837,-25.681],[126.683,-26.244],[127.046,-26.421],[127.252,-26.498],[127.338,-26.53],[127.365,-26.539],[127.683,-26.48],[127.936,-26.205],[128.21,-25.998],[128.573,-25.998],[128.855,-26.005],[128.925,-26.007],[129.023,-25.898],[129.067,-25.849],[129.1,-25.572],[129.089,-25.165],[129.034,-24.797],[128.886,-24.43],[128.881,-24.417],[128.866,-24.395],[128.496,-24.267],[128.145,-24.127],[127.966,-24.059],[128.013,-24.107],[126.156,-24.227],[125.881,-24.487],[125.607,-24.637],[125.528,-24.599],[125.515,-24.611]]]},"properties":{"NAME":"Ngatatjara","SUBJECTO":"Ngatatjara","PARTOF":"Ngatatjara","ABBREVN":"Ngatatjara","BORDERPRECISION":3,"fid":273}},
{"type":"Feature","geometry":{"type":"Polygon","coordinates":[[[121.002,-23.304],[120.981,-23.282],[120.718,-23.352],[120.278,-23.403],[119.806,-23.373],[119.666,-23.395],[119.641,-23.399],[119.619,-23.403],[119.619,-23.458],[119.619,-23.514],[119.627,-23.529],[119.696,-23.665],[119.806,-23.936],[119.883,-24.427],[119.828,-24.707],[119.718,-24.926],[119.713,-24.933],[119.773,-24.971],[119.763,-24.99],[119.696,-25.12],[119.647,-25.175],[119.339,-25.334],[119.3,-25.345],[119.128,-25.426],[119.009,-25.547],[118.954,-25.646],[118.93,-25.74],[118.916,-25.79],[118.913,-25.81],[119.235,-25.81],[119.641,-25.998],[120.608,-26.313],[120.782,-26.414],[120.795,-26.421],[120.826,-26.431],[121.025,-26.49],[121.772,-26.274],[121.937,-26.096],[122.498,-26.007],[122.624,-26.007],[122.777,-26.007],[122.794,-26.007],[122.948,-26.027],[122.97,-25.533],[122.95,-25.402],[122.91,-25.374],[122.872,-25.334],[122.838,-25.299],[122.261,-24.797],[121.954,-24.527],[121.454,-24.001],[121.19,-23.765],[120.97,-23.438],[120.96,-23.388],[120.954,-23.357],[121.002,-23.304]]]},"properties":{"NAME":"Wawula","SUBJECTO":"Wawula","PARTOF":"Wawula","ABBREVN":"Wawula","BORDERPRECISION":3,"fid":274}},
{"type":"Feature","geometry":{"type":"Polygon","coordinates":[[[123.289,-21.356],[123.563,-21.054],[123.706,-20.9],[123.838,-20.746],[123.838,-20.679],[123.838,-20.53],[123.838,-20.417],[123.805,-20.035],[123.585,-19.674],[123.146,-19.135],[122.764,-19.033],[122.736,-19.025],[122.487,-18.958],[121.838,-18.844],[121.544,-18.786],[121.54,-18.785],[121.386,-19.116],[121.194,-19.377],[120.872,-19.677],[120.223,-19.983],[119.973,-20.065],[119.926,-20.081],[119.944,-20.118],[119.957,-20.144],[120.026,-20.283],[120.223,-20.52],[120.905,-20.982],[121.058,-21.289],[121.135,-21.953],[121.195,-22.017],[121.22,-22.012],[121.333,-21.994],[121.399,-22.147],[122.201,-22.401],[122.542,-22.411],[122.761,-21.984],[123.168,-21.381],[123.274,-21.372],[123.289,-21.356]]]},"properties":{"NAME":"Nyangumarda","SUBJECTO":"Nyangumarda","PARTOF":"Nyangumarda","ABBREVN":"Nyangumarda","BORDERPRECISION":3,"fid":275}},
{"type":"Feature","geometry":{"type":"Polygon","coordinates":[[[134.485,-17.196],[134.601,-17.133],[134.618,-15.141],[134.619,-15.032],[134.297,-14.796],[134.146,-14.723],[134.143,-14.722],[134.067,-14.741],[133.934,-14.775],[133.901,-14.839],[133.859,-14.893],[133.825,-14.935],[133.759,-15.019],[133.697,-15.064],[133.697,-15.067],[133.693,-15.146],[133.693,-15.411],[133.605,-15.951],[133.496,-16.226],[133.512,-16.241],[133.66,-16.383],[133.868,-16.562],[134.308,-16.973],[134.451,-17.214],[134.485,-17.196]]]},"properties":{"NAME":"Alawa","SUBJECTO":"Alawa","PARTOF":"Alawa","ABBREVN":"Alawa","BORDERPRECISION":3,"fid":276}},
{"type":"Feature","geometry":{"type":"Polygon","coordinates":[[[133.162,-14.902],[133.099,-14.955],[132.902,-15.03],[132.462,-14.977],[132.303,-15.025],[132.286,-15.03],[132.231,-15.21],[132.319,-15.485],[132.319,-15.761],[132.319,-15.893],[132.319,-15.961],[132.33,-16.109],[132.391,-16.19],[132.429,-16.162],[132.632,-16.415],[132.88,-16.489],[133.187,-16.489],[133.367,-16.419],[133.391,-16.41],[133.393,-16.422],[133.429,-16.394],[133.492,-16.234],[133.496,-16.226],[133.605,-15.951],[133.693,-15.411],[133.693,-15.146],[133.697,-15.067],[133.697,-15.064],[133.704,-14.945],[133.396,-14.913],[133.204,-14.872],[133.181,-14.897],[133.171,-14.908],[133.162,-14.902]]]},"properties":{"NAME":"Yangman","SUBJECTO":"Yangman","PARTOF":"Yangman","ABBREVN":"Yangman","BORDERPRECISION":3,"fid":277}},
{"type":"Feature","geometry":{"type":"Polygon","coordinates":[[[134.483,-30.935],[134.319,-30.883],[133.231,-30.496],[131.847,-30.373],[131.44,-30.25],[131.41,-30.24],[131.373,-30.228],[131.287,-30.278],[131.045,-30.638],[131.026,-30.768],[131.243,-30.808],[131.336,-30.986],[131.188,-31.466],[131.111,-31.462],[131.356,-31.671],[131.694,-31.831],[131.993,-32.066],[132.377,-32.161],[132.698,-32.09],[133.125,-32.337],[133.344,-32.368],[133.718,-32.298],[133.837,-32.342],[134.237,-32.742],[134.467,-32.737],[134.483,-30.935]]]},"properties":{"NAME":"Wirangu","SUBJECTO":"Wirangu","PARTOF":"Wirangu","ABBREVN":"Wirangu","BORDERPRECISION":3,"fid":278}},
{"type":"Feature","geometry":{"type":"Polygon","coordinates":[[[127.65,-15.231],[127.661,-15.231],[127.665,-15.227],[127.859,-15.019],[127.989,-14.857],[127.969,-14.739],[127.963,-14.703],[127.678,-14.437],[127.529,-14.196],[127.397,-14.1],[127.244,-14.275],[127.244,-14.438],[127.277,-14.445],[127.291,-14.482],[127.375,-14.701],[127.375,-14.934],[127.441,-15.178],[127.617,-15.199],[127.65,-15.231]]]},"properties":{"NAME":"Kwini","SUBJECTO":"Kwini","PARTOF":"Kwini","ABBREVN":"Kwini","BORDERPRECISION":3,"fid":279}},
{"type":"Feature","geometry":{"type":"Polygon","coordinates":[[[130.984,-12.983],[131.097,-12.964],[131.204,-12.919],[131.21,-12.916],[131.205,-12.911],[131.177,-12.876],[131.169,-12.52],[131.127,-12.361],[131.063,-12.261],[131.028,-12.268],[130.859,-12.447],[130.951,-12.631],[130.84,-12.707],[130.518,-12.733],[130.463,-12.759],[130.403,-12.861],[130.485,-12.892],[130.803,-12.935],[130.978,-12.981],[130.984,-12.983]]]},"properties":{"NAME":"Larrakia","SUBJECTO":"Larrakia","PARTOF":"Larrakia","ABBREVN":"Larrakia","BORDERPRECISION":3,"fid":280}},
{"type":"Feature","geometry":{"type":"Polygon","coordinates":[[[114.97,-30.325],[115.016,-30.368],[115.214,-30.307],[116.153,-30.221],[116.505,-30.107],[116.625,-30.041],[116.641,-30.009],[116.669,-29.95],[116.384,-29.382],[116.312,-29.254],[116.274,-29.267],[116.076,-29.023],[115.818,-28.609],[115.818,-28.569],[115.73,-28.512],[115.395,-28.57],[115.315,-28.53],[115.298,-28.538],[115.23,-28.57],[114.703,-28.719],[114.597,-28.719],[114.593,-28.719],[114.544,-28.78],[114.63,-28.903],[114.841,-29.386],[114.912,-29.697],[114.9,-30.129],[114.95,-30.307],[114.97,-30.325]]]},"properties":{"NAME":"Amangu","SUBJECTO":"Amangu","PARTOF":"Amangu","ABBREVN":"Amangu","BORDERPRECISION":3,"fid":281}},
{"type":"Feature","geometry":{"type":"Polygon","coordinates":[[[134.228,-12.096],[134.171,-12.119],[134.144,-12.176],[134.124,-12.242],[134.121,-12.259],[134.134,-12.259],[134.187,-12.259],[134.357,-12.254],[134.368,-12.168],[134.403,-12.156],[134.403,-12.151],[134.392,-12.119],[134.228,-12.096]]]},"properties":{"NAME":"Gungurugoni","SUBJECTO":"Gungurugoni","PARTOF":"Gungurugoni","ABBREVN":"Gungurugoni","BORDERPRECISION":3,"fid":282}},
{"type":"Feature","geometry":{"type":"Polygon","coordinates":[[[122.828,-33.055],[123.651,-33.138],[123.955,-33.479],[123.922,-33.521],[124.001,-33.423],[124.099,-33.166],[124.235,-33.012],[124.431,-32.944],[124.328,-32.02],[124.222,-31.034],[123.383,-30.992],[123.185,-31.462],[123.108,-31.753],[122.998,-32.098],[122.921,-32.369],[122.932,-32.489],[122.91,-32.758],[122.833,-33.035],[122.828,-33.055]]]},"properties":{"NAME":"Ngatjumay","SUBJECTO":"Ngatjumay","PARTOF":"Ngatjumay","ABBREVN":"Ngatjumay","BORDERPRECISION":3,"fid":283}},
{"type":"Feature","geometry":{"type":"Polygon","coordinates":[[[130.759,-16.067],[130.781,-16.072],[130.889,-16.086],[130.908,-16.072],[131.1,-15.998],[131.331,-15.993],[131.369,-15.792],[131.401,-15.791],[131.397,-15.684],[131.396,-15.681],[131.386,-15.659],[131.155,-15.655],[130.924,-15.655],[130.622,-15.697],[130.446,-15.692],[130.446,-15.708],[130.446,-15.808],[130.485,-15.961],[130.71,-16.051],[130.759,-16.067]]]},"properties":{"NAME":"Ngaliwuru","SUBJECTO":"Ngaliwuru","PARTOF":"Ngaliwuru","ABBREVN":"Ngaliwuru","BORDERPRECISION":3,"fid":284}},
{"type":"Feature","geometry":{"type":"Polygon","coordinates":[[[115.912,-22.602],[115.95,-22.548],[116.016,-22.467],[115.985,-22.468],[115.939,-22.47],[115.807,-22.573],[115.192,-22.502],[115.31,-22.405],[115.304,-22.401],[115.291,-22.401],[115.263,-22.426],[114.922,-22.416],[114.664,-22.218],[114.639,-21.982],[114.456,-22.094],[114.309,-22.564],[114.075,-22.603],[114.023,-22.33],[113.822,-22.254],[113.625,-22.566],[113.617,-22.661],[113.719,-22.817],[113.783,-22.839],[113.824,-22.756],[113.961,-22.695],[114.291,-22.685],[114.758,-22.771],[114.793,-22.822],[114.796,-22.827],[114.808,-22.825],[114.862,-22.837],[115.598,-22.872],[115.715,-22.848],[115.732,-22.844],[115.812,-22.827],[115.873,-22.71],[115.904,-22.624],[115.911,-22.604],[115.912,-22.602]]]},"properties":{"NAME":"Thalanyji","SUBJECTO":"Thalanyji","PARTOF":"Thalanyji","ABBREVN":"Thalanyji","BORDERPRECISION":3,"fid":285}},
{"type":"Feature","geometry":{"type":"Polygon","coordinates":[[[131.635,-12.39],[131.54,-12.401],[131.183,-12.236],[131.109,-12.252],[131.063,-12.261],[131.127,-12.361],[131.169,-12.52],[131.177,-12.876],[131.205,-12.911],[131.21,-12.916],[131.611,-13.031],[131.66,-12.938],[131.659,-12.93],[131.611,-12.914],[131.635,-12.39]]]},"properties":{"NAME":"Woolna","SUBJECTO":"Woolna","PARTOF":"Woolna","ABBREVN":"Woolna","BORDERPRECISION":3,"fid":286}},
{"type":"Feature","geometry":{"type":"Polygon","coordinates":[[[134.641,-12.478],[134.5,-12.614],[134.308,-12.689],[134.187,-12.849],[133.962,-13.026],[133.956,-13.026],[133.945,-13.101],[133.962,-13.293],[134.061,-13.4],[134.319,-13.427],[134.33,-13.422],[134.331,-13.419],[134.473,-13.331],[134.635,-13.243],[134.635,-13.152],[134.641,-12.478]]]},"properties":{"NAME":"Rembarnga","SUBJECTO":"Rembarnga","PARTOF":"Rembarnga","ABBREVN":"Rembarnga","BORDERPRECISION":3,"fid":287}},
{"type":"Feature","geometry":{"type":"Polygon","coordinates":[[[130.043,-14.445],[130.032,-14.437],[129.997,-14.434],[129.992,-14.434],[129.924,-14.429],[129.809,-14.445],[129.65,-14.336],[129.596,-14.168],[129.427,-14.306],[129.459,-14.496],[129.729,-14.674],[129.794,-14.754],[129.842,-14.754],[130.062,-14.722],[130.265,-14.716],[130.351,-14.716],[130.347,-14.669],[130.336,-14.573],[130.336,-14.514],[130.342,-14.511],[130.323,-14.506],[130.281,-14.491],[130.163,-14.467],[130.07,-14.467],[130.043,-14.445]]]},"properties":{"NAME":"Murrinh-patha","SUBJECTO":"Murrinh-patha","PARTOF":"Murrinh-patha","ABBREVN":"Murrinh-patha","BORDERPRECISION":3,"fid":288}},
{"type":"Feature","geometry":{"type":"Polygon","coordinates":[[[130.576,-24.793],[130.496,-24.867],[129.331,-24.487],[129.074,-24.446],[128.886,-24.43],[129.034,-24.797],[129.089,-25.165],[129.1,-25.572],[129.067,-25.849],[129.023,-25.898],[129.023,-25.958],[129.023,-26.096],[129.023,-26.402],[129.078,-26.824],[129.287,-27.128],[129.529,-27.264],[130.21,-27.499],[130.543,-27.516],[130.64,-27.485],[130.671,-27.46],[130.686,-27.47],[130.704,-27.464],[130.704,-27.333],[130.825,-27.02],[130.869,-26.736],[130.781,-26.077],[130.946,-25.75],[131.041,-25.466],[131.05,-25.399],[131.061,-25.21],[131.001,-25.041],[130.847,-24.881],[130.699,-24.842],[130.576,-24.793]]]},"properties":{"NAME":"Pitjantjatjara","SUBJECTO":"Pitjantjatjara","PARTOF":"Pitjantjatjara","ABBREVN":"Pitjantjatjara","BORDERPRECISION":3,"fid":289}},
{"type":"Feature","geometry":{"type":"Polygon","coordinates":[[[115.767,-33.492],[115.741,-33.459],[115.717,-33.403],[115.65,-33.349],[115.647,-33.365],[115.409,-33.767],[114.961,-33.869],[115.022,-34.262],[115.054,-34.375],[115.148,-34.382],[115.349,-34.116],[115.367,-34.071],[115.543,-33.98],[115.741,-33.859],[115.756,-33.831],[115.763,-33.797],[115.829,-33.688],[115.817,-33.606],[115.767,-33.492]]]},"properties":{"NAME":"Wardandi","SUBJECTO":"Wardandi","PARTOF":"Wardandi","ABBREVN":"Wardandi","BORDERPRECISION":3,"fid":291}},
{"type":"Feature","geometry":{"type":"Polygon","coordinates":[[[133.056,-11.902],[133.033,-11.878],[132.979,-11.822],[132.913,-11.695],[132.803,-11.607],[132.626,-11.75],[132.751,-12.169],[132.88,-12.168],[132.929,-12.093],[133.026,-12.03],[133.033,-11.999],[133.044,-11.959],[133.05,-11.908],[133.056,-11.902]]]},"properties":{"NAME":"Amarak","SUBJECTO":"Amarak","PARTOF":"Amarak","ABBREVN":"Amarak","BORDERPRECISION":3,"fid":292}},
{"type":"Feature","geometry":{"type":"Polygon","coordinates":[[[123.99,-16.815],[124.052,-16.815],[124.195,-16.831],[124.343,-16.831],[124.448,-16.84],[124.448,-16.773],[124.448,-16.647],[124.396,-16.517],[124.277,-16.523],[123.979,-16.409],[123.576,-16.391],[123.915,-16.568],[123.97,-16.641],[123.964,-16.741],[123.988,-16.81],[123.99,-16.815]]]},"properties":{"NAME":"Umida","SUBJECTO":"Umida","PARTOF":"Umida","ABBREVN":"Umida","BORDERPRECISION":3,"fid":293}},
{"type":"Feature","geometry":{"type":"Polygon","coordinates":[[[132.696,-12.686],[132.704,-12.697],[132.855,-12.745],[132.872,-12.729],[132.924,-12.683],[132.968,-12.442],[132.869,-12.238],[132.751,-12.169],[132.699,-12.219],[132.725,-12.201],[132.731,-12.222],[132.671,-12.576],[132.691,-12.662],[132.696,-12.686]]]},"properties":{"NAME":"Kundjey’mi","SUBJECTO":"Kundjey’mi","PARTOF":"Kundjey’mi","ABBREVN":"Kundjey’mi","BORDERPRECISION":3,"fid":294}},
{"type":"Feature","geometry":{"type":"Polygon","coordinates":[[[118.929,-22.336],[118.934,-22.34],[118.954,-22.396],[119.355,-22.705],[119.614,-23.383],[119.641,-23.399],[119.666,-23.395],[119.806,-23.373],[120.278,-23.403],[120.718,-23.352],[120.981,-23.282],[121.002,-23.304],[121.003,-23.302],[121.124,-23.049],[121.124,-22.279],[121.104,-22.199],[121.069,-22.233],[120.954,-22.162],[120.405,-22.086],[119.932,-22.111],[119.669,-22.07],[119.125,-22.045],[119.033,-22.011],[119.028,-22.015],[118.982,-22.06],[118.911,-22.279],[118.93,-22.33],[118.929,-22.336]]]},"properties":{"NAME":"Palyku","SUBJECTO":"Palyku","PARTOF":"Palyku","ABBREVN":"Palyku","BORDERPRECISION":3,"fid":295}},
{"type":"Feature","geometry":{"type":"Polygon","coordinates":[[[115.842,-25.227],[115.812,-25.294],[115.823,-25.552],[115.439,-25.651],[114.917,-25.666],[114.73,-25.711],[114.728,-25.749],[114.727,-25.752],[114.719,-25.874],[114.769,-26.081],[114.741,-26.387],[114.677,-26.438],[114.642,-26.466],[114.643,-26.467],[114.703,-26.618],[114.868,-27.162],[114.917,-27.611],[114.906,-27.951],[115.203,-28.474],[115.273,-28.509],[115.315,-28.53],[115.395,-28.57],[115.73,-28.512],[115.818,-28.569],[115.856,-28.594],[115.882,-28.574],[116.235,-28.3],[116.757,-27.951],[117.202,-27.722],[117.57,-27.464],[117.746,-27.25],[117.977,-27.206],[118.013,-27.182],[118.039,-27.165],[118.229,-27.04],[118.356,-26.775],[118.625,-26.446],[118.883,-25.993],[118.913,-25.81],[118.916,-25.79],[118.93,-25.74],[118.954,-25.646],[119.009,-25.547],[119.128,-25.426],[119.174,-25.379],[119.3,-25.345],[119.339,-25.334],[119.647,-25.175],[119.696,-25.12],[119.763,-24.99],[119.773,-24.971],[119.713,-24.933],[119.482,-24.787],[119.301,-24.687],[119.075,-24.537],[118.878,-24.457],[118.614,-24.397],[118.573,-24.39],[118.444,-24.367],[117.795,-24.147],[117.675,-24.031],[117.594,-24.031],[117.581,-24.031],[117.422,-24.006],[117.361,-23.971],[116.988,-24.062],[116.933,-24.357],[116.834,-24.482],[116.505,-24.512],[116.374,-24.595],[116.337,-24.617],[116.29,-24.647],[116.136,-24.762],[116.06,-24.966],[115.895,-25.105],[115.854,-25.199],[115.842,-25.227]]]},"properties":{"NAME":"Watjarri","SUBJECTO":"Watjarri","PARTOF":"Watjarri","ABBREVN":"Watjarri","BORDERPRECISION":3,"fid":296}},
{"type":"Feature","geometry":{"type":"Polygon","coordinates":[[[127.738,-19.456],[127.716,-19.808],[127.738,-20.602],[127.739,-20.603],[127.874,-20.729],[128.419,-20.89],[128.716,-20.91],[129.144,-21.064],[129.452,-20.941],[129.587,-20.949],[129.628,-20.931],[129.667,-20.954],[129.792,-20.961],[130.089,-21.095],[130.253,-21.114],[130.397,-21.002],[130.496,-20.797],[130.496,-20.551],[130.287,-20.303],[129.869,-19.942],[129.276,-19.674],[128.716,-19.301],[128.758,-19.261],[128.749,-19.25],[128.738,-19.239],[128.408,-19.239],[127.958,-19.311],[127.796,-19.418],[127.781,-19.428],[127.738,-19.456]]]},"properties":{"NAME":"Ngarti","SUBJECTO":"Ngarti","PARTOF":"Ngarti","ABBREVN":"Ngarti","BORDERPRECISION":3,"fid":297}},
{"type":"Feature","geometry":{"type":"Polygon","coordinates":[[[124.459,-17.409],[124.459,-17.345],[124.448,-17.067],[124.448,-16.889],[124.448,-16.84],[124.343,-16.831],[124.195,-16.831],[124.052,-16.815],[123.99,-16.815],[123.986,-16.815],[123.959,-16.815],[123.82,-16.884],[123.838,-16.891],[123.885,-16.911],[123.912,-16.975],[123.827,-17.248],[123.596,-17.157],[123.635,-17.21],[123.673,-17.235],[123.86,-17.319],[124.398,-17.403],[124.459,-17.409]]]},"properties":{"NAME":"Warwa","SUBJECTO":"Warwa","PARTOF":"Warwa","ABBREVN":"Warwa","BORDERPRECISION":3,"fid":298}},
{"type":"Feature","geometry":{"type":"Polygon","coordinates":[[[134.644,-12.111],[134.555,-12.104],[134.403,-12.156],[134.368,-12.168],[134.357,-12.254],[134.187,-12.259],[134.134,-12.259],[134.121,-12.259],[134.072,-12.259],[134.039,-12.263],[134.019,-12.266],[134.004,-12.268],[134,-12.266],[133.998,-12.268],[133.956,-12.351],[133.907,-12.42],[133.698,-12.796],[133.622,-12.92],[133.748,-13.015],[133.956,-13.026],[133.962,-13.026],[134.187,-12.849],[134.308,-12.689],[134.5,-12.614],[134.641,-12.478],[134.641,-12.436],[134.644,-12.111]]]},"properties":{"NAME":"Dangbon","SUBJECTO":"Dangbon","PARTOF":"Dangbon","ABBREVN":"Dangbon","BORDERPRECISION":3,"fid":299}},
{"type":"Feature","geometry":{"type":"Polygon","coordinates":[[[131.896,-14.569],[131.792,-14.584],[131.506,-14.605],[131.028,-14.775],[131.018,-14.787],[130.988,-14.82],[130.963,-14.849],[131.034,-15.268],[131.06,-15.306],[131.073,-15.325],[131.111,-15.38],[131.27,-15.438],[131.336,-15.549],[131.386,-15.659],[131.396,-15.681],[131.397,-15.684],[131.401,-15.791],[131.402,-15.808],[131.429,-15.813],[131.523,-15.829],[131.94,-15.776],[132.056,-15.85],[132.137,-15.939],[132.177,-15.982],[132.303,-15.982],[132.319,-15.893],[132.319,-15.761],[132.319,-15.485],[132.231,-15.21],[132.286,-15.03],[132.303,-15.025],[132.209,-14.775],[132.038,-14.609],[131.981,-14.616],[131.907,-14.626],[131.896,-14.569]]]},"properties":{"NAME":"Wardaman","SUBJECTO":"Wardaman","PARTOF":"Wardaman","ABBREVN":"Wardaman","BORDERPRECISION":3,"fid":300}},
{"type":"Feature","geometry":{"type":"Polygon","coordinates":[[[115.986,-32.984],[115.985,-32.993],[116.049,-33.001],[116.172,-33.018],[116.269,-33.063],[116.631,-33.229],[116.678,-33.248],[117.158,-33.438],[117.21,-33.479],[117.419,-33.644],[117.425,-33.639],[117.488,-33.587],[117.529,-33.553],[117.633,-33.496],[117.96,-33.317],[118.088,-33.28],[118.174,-33.255],[118.371,-33.151],[118.412,-33.129],[118.152,-33.105],[118.109,-33.056],[117.957,-32.981],[117.795,-32.773],[117.743,-32.633],[117.669,-32.547],[117.612,-32.402],[117.53,-32.376],[117.513,-32.375],[116.628,-32.143],[116.599,-32.145],[116.548,-32.148],[116.268,-32.292],[116.163,-32.378],[116.138,-32.399],[116.098,-32.431],[116.08,-32.601],[116.076,-32.639],[115.988,-32.953],[115.986,-32.984]]]},"properties":{"NAME":"Wiilman","SUBJECTO":"Wiilman","PARTOF":"Wiilman","ABBREVN":"Wiilman","BORDERPRECISION":3,"fid":301}},
{"type":"Feature","geometry":{"type":"Polygon","coordinates":[[[132.2,-13.223],[131.918,-13.101],[131.688,-13.026],[131.6,-13.208],[131.556,-13.277],[131.528,-13.32],[131.517,-13.407],[131.528,-13.403],[131.53,-13.41],[131.55,-13.502],[131.861,-13.827],[131.949,-13.889],[131.992,-13.966],[132.001,-13.929],[132.045,-13.795],[132.071,-13.759],[132.078,-13.75],[132.1,-13.721],[132.198,-13.683],[132.407,-13.673],[132.621,-13.577],[132.847,-13.55],[132.676,-13.384],[132.264,-13.267],[132.209,-13.24],[132.2,-13.223]]]},"properties":{"NAME":"Warray","SUBJECTO":"Warray","PARTOF":"Warray","ABBREVN":"Warray","BORDERPRECISION":3,"fid":302}},
{"type":"Feature","geometry":{"type":"Polygon","coordinates":[[[126.453,-20.372],[126.453,-20.633],[126.035,-21.576],[125.841,-21.811],[125.991,-21.811],[126.157,-21.932],[126.207,-21.905],[126.211,-21.882],[126.628,-21.617],[127.024,-21.043],[127.332,-20.961],[127.617,-20.653],[127.707,-20.68],[127.739,-20.603],[127.738,-20.602],[127.716,-19.808],[127.738,-19.456],[127.781,-19.428],[127.78,-19.419],[127.727,-19.425],[127.354,-19.363],[127.057,-19.27],[126.849,-19.167],[126.826,-19.182],[126.804,-19.197],[126.508,-20.015],[126.365,-20.283],[126.345,-20.341],[126.453,-20.365],[126.453,-20.372]]]},"properties":{"NAME":"Kukatja","SUBJECTO":"Kukatja","PARTOF":"Kukatja","ABBREVN":"Kukatja","BORDERPRECISION":3,"fid":303}},
{"type":"Feature","geometry":{"type":"Polygon","coordinates":[[[116.609,-23.004],[116.587,-23.043],[116.669,-23.09],[116.856,-23.206],[117.098,-23.307],[117.188,-23.332],[117.202,-23.206],[116.982,-22.933],[116.982,-22.883],[116.982,-22.874],[116.96,-22.867],[116.878,-22.787],[116.861,-22.771],[116.84,-22.781],[116.653,-22.923],[116.609,-23.004]]]},"properties":{"NAME":"Jurruru","SUBJECTO":"Jurruru","PARTOF":"Jurruru","ABBREVN":"Jurruru","BORDERPRECISION":3,"fid":304}},
{"type":"Feature","geometry":{"type":"Polygon","coordinates":[[[114.707,-23.287],[114.74,-23.338],[114.785,-23.352],[114.922,-23.398],[115.054,-23.423],[115.439,-23.67],[115.719,-23.72],[115.802,-23.754],[115.823,-23.7],[115.697,-23.251],[115.733,-22.927],[115.735,-22.903],[115.776,-22.921],[115.768,-22.872],[115.727,-22.853],[115.715,-22.848],[115.598,-22.872],[114.862,-22.837],[114.808,-22.825],[114.796,-22.827],[114.774,-22.928],[114.73,-23.054],[114.708,-23.201],[114.707,-23.287]]]},"properties":{"NAME":"Purduna","SUBJECTO":"Purduna","PARTOF":"Purduna","ABBREVN":"Purduna","BORDERPRECISION":3,"fid":305}},
{"type":"Feature","geometry":{"type":"Polygon","coordinates":[[[126.207,-21.905],[126.198,-21.962],[126.31,-22.045],[126.563,-22.35],[126.925,-23.009],[127.046,-23.302],[127.43,-23.655],[127.826,-23.916],[127.895,-23.986],[127.966,-24.059],[128.145,-24.127],[128.496,-24.267],[128.866,-24.395],[128.958,-24.427],[129.074,-24.446],[129.331,-24.487],[130.496,-24.867],[130.576,-24.793],[130.601,-24.771],[130.671,-24.707],[130.913,-24.387],[130.979,-24.107],[131.188,-23.463],[131.265,-23.15],[131.294,-22.975],[131.298,-22.949],[131.309,-22.888],[131.32,-22.756],[131.133,-22.756],[130.858,-22.624],[130.682,-22.34],[130.671,-22.075],[130.825,-21.923],[130.869,-21.637],[130.737,-21.32],[130.441,-21.136],[130.32,-21.122],[130.253,-21.114],[130.089,-21.095],[129.792,-20.961],[129.667,-20.954],[129.587,-20.949],[129.452,-20.941],[129.144,-21.064],[128.716,-20.91],[128.419,-20.89],[127.874,-20.729],[127.707,-20.68],[127.617,-20.653],[127.332,-20.961],[127.024,-21.043],[126.628,-21.617],[126.211,-21.882],[126.207,-21.905]]]},"properties":{"NAME":"Pintupi","SUBJECTO":"Pintupi","PARTOF":"Pintupi","ABBREVN":"Pintupi","BORDERPRECISION":3,"fid":306}},
{"type":"Feature","geometry":{"type":"Polygon","coordinates":[[[127.244,-14.438],[127.244,-14.275],[127.397,-14.1],[127.166,-14.063],[126.853,-13.784],[126.765,-14],[126.665,-14.102],[126.64,-14.155],[126.617,-14.203],[126.689,-14.35],[126.748,-14.381],[126.749,-14.381],[126.991,-14.381],[127.244,-14.438]]]},"properties":{"NAME":"Miwa","SUBJECTO":"Miwa","PARTOF":"Miwa","ABBREVN":"Miwa","BORDERPRECISION":3,"fid":307}},
{"type":"Feature","geometry":{"type":"Polygon","coordinates":[[[117.823,-22.086],[117.768,-22.121],[117.598,-22.447],[117.543,-22.609],[117.488,-22.685],[117.461,-22.743],[117.449,-22.77],[117.427,-22.817],[117.493,-22.913],[118.202,-23.342],[118.416,-23.458],[118.56,-23.527],[118.575,-23.534],[118.795,-23.539],[118.845,-23.54],[119.141,-23.549],[119.471,-23.539],[119.619,-23.529],[119.627,-23.529],[119.619,-23.514],[119.619,-23.458],[119.619,-23.403],[119.641,-23.399],[119.614,-23.383],[119.355,-22.705],[118.954,-22.396],[118.934,-22.34],[118.929,-22.336],[118.927,-22.333],[118.924,-22.336],[118.911,-22.33],[118.202,-22.081],[117.894,-22.04],[117.843,-22.073],[117.823,-22.086]]]},"properties":{"NAME":"Banjima","SUBJECTO":"Banjima","PARTOF":"Banjima","ABBREVN":"Banjima","BORDERPRECISION":3,"fid":308}},
{"type":"Feature","geometry":{"type":"Polygon","coordinates":[[[130.267,-13.634],[130.268,-13.633],[130.303,-13.55],[130.323,-13.47],[130.328,-13.46],[130.334,-13.448],[130.32,-13.435],[130.304,-13.43],[130.291,-13.426],[130.206,-13.484],[130.191,-13.498],[130.213,-13.603],[130.267,-13.634]]]},"properties":{"NAME":"Kuwema","SUBJECTO":"Kuwema","PARTOF":"Kuwema","ABBREVN":"Kuwema","BORDERPRECISION":3,"fid":309}},
{"type":"Feature","geometry":{"type":"Polygon","coordinates":[[[130.249,-17.152],[130.144,-17.067],[129.869,-17.025],[129.65,-16.899],[129.397,-16.878],[129.254,-16.794],[129.254,-16.626],[129.215,-16.626],[129.111,-16.626],[128.903,-16.647],[128.804,-16.699],[128.892,-17.172],[129.023,-17.623],[129.054,-17.834],[129.199,-17.926],[129.276,-18.219],[129.265,-18.323],[129.891,-18.313],[130.759,-18.188],[130.946,-18.104],[130.974,-18.123],[131.105,-18.062],[131.49,-17.979],[131.506,-17.972],[131.486,-17.965],[131.407,-17.947],[130.99,-17.906],[130.985,-17.875],[130.979,-17.874],[130.957,-17.476],[130.94,-17.394],[130.935,-17.372],[130.726,-17.382],[130.287,-17.288],[130.287,-17.183],[130.282,-17.179],[130.249,-17.152]]]},"properties":{"NAME":"Gurindji","SUBJECTO":"Gurindji","PARTOF":"Gurindji","ABBREVN":"Gurindji","BORDERPRECISION":3,"fid":310}},
{"type":"Feature","geometry":{"type":"Polygon","coordinates":[[[132.924,-21.926],[132.902,-21.963],[132.462,-21.963],[132.067,-22.004],[131.88,-22.289],[131.88,-22.553],[132.034,-22.746],[132.196,-22.979],[132.286,-22.979],[132.304,-23.013],[132.539,-22.796],[132.627,-22.776],[133.192,-22.911],[133.44,-22.898],[133.959,-22.888],[133.978,-22.888],[134.011,-22.655],[134.129,-22.403],[134.099,-22.391],[134.016,-22.354],[133.682,-22.208],[133.022,-22.126],[132.924,-21.926]]]},"properties":{"NAME":"Anmatyerre","SUBJECTO":"Anmatyerre","PARTOF":"Anmatyerre","ABBREVN":"Anmatyerre","BORDERPRECISION":3,"fid":311}},
{"type":"Feature","geometry":{"type":"Polygon","coordinates":[[[130.2,-13.888],[130.141,-13.865],[130.104,-13.777],[130.13,-13.662],[130.061,-13.606],[129.861,-13.715],[129.852,-13.72],[129.766,-13.816],[129.764,-13.99],[129.763,-14.007],[129.869,-13.983],[129.897,-13.993],[129.874,-14.05],[129.883,-14.089],[129.884,-14.097],[129.889,-14.097],[129.924,-14.102],[129.989,-14.11],[130.037,-14.095],[130.046,-14.092],[130.077,-14.082],[130.159,-14.054],[130.179,-14.037],[130.19,-14.027],[130.207,-14.013],[130.213,-13.992],[130.216,-13.978],[130.228,-13.933],[130.226,-13.898],[130.225,-13.898],[130.2,-13.888]]]},"properties":{"NAME":"Marrithiyel","SUBJECTO":"Marrithiyel","PARTOF":"Marrithiyel","ABBREVN":"Marrithiyel","BORDERPRECISION":3,"fid":312}},
{"type":"Feature","geometry":{"type":"Polygon","coordinates":[[[130.402,-13.392],[130.369,-13.379],[130.334,-13.448],[130.328,-13.46],[130.323,-13.47],[130.303,-13.55],[130.268,-13.633],[130.267,-13.634],[130.267,-13.635],[130.237,-13.713],[130.224,-13.881],[130.228,-13.882],[130.24,-13.887],[130.301,-13.911],[130.303,-13.891],[130.311,-13.891],[130.419,-13.886],[130.589,-13.854],[130.726,-13.801],[130.87,-13.801],[130.908,-13.779],[131.155,-13.766],[131.311,-13.715],[131.337,-13.644],[131.331,-13.625],[131.287,-13.571],[130.748,-13.491],[130.476,-13.422],[130.402,-13.392]]]},"properties":{"NAME":"Malak malak","SUBJECTO":"Malak malak","PARTOF":"Malak malak","ABBREVN":"Malak malak","BORDERPRECISION":3,"fid":313}},
{"type":"Feature","geometry":{"type":"Polygon","coordinates":[[[125.337,-17.65],[125.48,-17.67],[125.782,-17.45],[125.794,-17.417],[125.792,-17.414],[125.728,-17.309],[125.684,-17.214],[125.666,-17.083],[125.618,-17.12],[125.057,-16.741],[124.846,-16.53],[124.716,-16.496],[124.396,-16.517],[124.448,-16.647],[124.448,-16.773],[124.448,-16.84],[124.448,-16.889],[124.448,-17.067],[124.459,-17.345],[124.459,-17.409],[124.49,-17.412],[124.552,-17.419],[124.7,-17.419],[125.046,-17.398],[125.206,-17.445],[125.277,-17.539],[125.335,-17.645],[125.337,-17.65]]]},"properties":{"NAME":"Unggumi","SUBJECTO":"Unggumi","PARTOF":"Unggumi","ABBREVN":"Unggumi","BORDERPRECISION":3,"fid":314}},
{"type":"Feature","geometry":{"type":"Polygon","coordinates":[[[122.317,-28.697],[122.542,-28.652],[122.631,-28.696],[122.629,-28.662],[123.014,-28.411],[123.278,-28.285],[123.882,-27.878],[124.167,-27.625],[124.368,-27.519],[124.357,-27.464],[124.167,-27.352],[123.728,-27.157],[123.157,-26.785],[123.058,-26.675],[122.956,-26.561],[122.816,-26.775],[122.498,-27.294],[122.102,-27.557],[121.937,-27.693],[121.694,-27.856],[121.756,-27.907],[121.764,-27.919],[121.805,-27.985],[121.959,-28.159],[122.267,-28.585],[122.317,-28.697]]]},"properties":{"NAME":"Tjalkanti","SUBJECTO":"Tjalkanti","PARTOF":"Tjalkanti","ABBREVN":"Tjalkanti","BORDERPRECISION":3,"fid":315}},
{"type":"Feature","geometry":{"type":"Polygon","coordinates":[[[122.803,-17.317],[122.758,-17.317],[122.596,-17.317],[122.161,-17.319],[122.129,-17.353],[122.101,-17.382],[122.151,-17.728],[122.182,-17.772],[122.19,-17.783],[122.682,-17.764],[122.708,-17.756],[122.72,-17.72],[122.724,-17.716],[122.753,-17.683],[122.802,-17.668],[122.817,-17.666],[122.811,-17.618],[122.8,-17.408],[122.801,-17.369],[122.803,-17.317]]]},"properties":{"NAME":"Ngumbarl","SUBJECTO":"Ngumbarl","PARTOF":"Ngumbarl","ABBREVN":"Ngumbarl","BORDERPRECISION":3,"fid":316}},
{"type":"Feature","geometry":{"type":"Polygon","coordinates":[[[114.677,-26.438],[114.631,-26.397],[114.527,-26.402],[114.016,-26.589],[113.846,-26.751],[113.734,-26.801],[113.703,-26.814],[113.736,-26.976],[113.939,-27.279],[114.038,-27.64],[114.088,-27.975],[114.338,-28.485],[114.452,-28.649],[114.593,-28.719],[114.597,-28.719],[114.703,-28.719],[115.23,-28.57],[115.298,-28.538],[115.273,-28.509],[115.203,-28.474],[114.906,-27.951],[114.917,-27.611],[114.868,-27.162],[114.703,-26.618],[114.643,-26.467],[114.642,-26.466],[114.677,-26.438]]]},"properties":{"NAME":"Nhanta","SUBJECTO":"Nhanta","PARTOF":"Nhanta","ABBREVN":"Nhanta","BORDERPRECISION":3,"fid":317}},
{"type":"Feature","geometry":{"type":"Polygon","coordinates":[[[119.944,-20.118],[119.926,-20.081],[119.813,-20.118],[119.531,-20.138],[119.136,-20.037],[118.865,-20.069],[118.828,-20.14],[119.383,-20.355],[119.636,-20.391],[119.828,-20.262],[119.927,-20.113],[119.944,-20.118]]]},"properties":{"NAME":"Ngarla","SUBJECTO":"Ngarla","PARTOF":"Ngarla","ABBREVN":"Ngarla","BORDERPRECISION":3,"fid":318}},
{"type":"Feature","geometry":{"type":"Polygon","coordinates":[[[129.693,-15.09],[129.672,-15.154],[129.732,-15.231],[129.758,-15.273],[129.814,-15.252],[129.849,-15.296],[129.886,-15.342],[129.913,-15.411],[130.133,-15.438],[130.155,-15.487],[130.287,-15.395],[130.358,-15.448],[130.38,-15.477],[130.392,-15.492],[130.551,-15.485],[130.984,-15.422],[131.073,-15.325],[131.06,-15.306],[131.034,-15.268],[130.963,-14.849],[130.988,-14.82],[130.957,-14.796],[130.847,-14.764],[130.627,-14.754],[130.424,-14.759],[130.388,-14.754],[130.353,-14.748],[130.351,-14.716],[130.265,-14.716],[130.062,-14.722],[129.842,-14.754],[129.794,-14.754],[129.817,-14.781],[129.849,-14.82],[129.839,-14.928],[129.702,-15.062],[129.693,-15.09]]]},"properties":{"NAME":"Jaminjung","SUBJECTO":"Jaminjung","PARTOF":"Jaminjung","ABBREVN":"Jaminjung","BORDERPRECISION":3,"fid":319}},
{"type":"Feature","geometry":{"type":"Polygon","coordinates":[[[118.186,-30.901],[118.079,-30.741],[117.978,-30.693],[117.591,-30.6],[117.135,-30.376],[116.848,-30.072],[116.431,-31.471],[116.731,-31.604],[116.731,-32.124],[117.513,-32.375],[117.53,-32.376],[117.612,-32.402],[117.604,-32.381],[117.537,-32.213],[117.526,-31.957],[117.724,-31.527],[117.916,-31.264],[118.186,-30.901]]]},"properties":{"NAME":"Ballardong","SUBJECTO":"Ballardong","PARTOF":"Ballardong","ABBREVN":"Ballardong","BORDERPRECISION":3,"fid":320}},
{"type":"Feature","geometry":{"type":"Polygon","coordinates":[[[123.289,-21.356],[123.289,-21.371],[123.409,-21.361],[123.607,-21.422],[123.893,-21.637],[124.08,-21.943],[124.091,-22.35],[124.387,-22.289],[125.211,-21.963],[125.387,-21.811],[125.519,-21.811],[125.841,-21.811],[126.035,-21.576],[126.453,-20.633],[126.453,-20.372],[126.453,-20.365],[126.345,-20.341],[126.079,-20.283],[125.112,-20.18],[124.955,-20.196],[124.9,-20.202],[124.717,-20.221],[124.255,-20.53],[123.838,-20.53],[123.838,-20.679],[123.838,-20.746],[123.706,-20.9],[123.563,-21.054],[123.289,-21.356]]]},"properties":{"NAME":"Yulparitja","SUBJECTO":"Yulparitja","PARTOF":"Yulparitja","ABBREVN":"Yulparitja","BORDERPRECISION":3,"fid":321}},
{"type":"Feature","geometry":{"type":"Polygon","coordinates":[[[133.078,-13.293],[133.113,-13.28],[133.232,-13.301],[133.259,-13.304],[133.55,-13.299],[133.572,-13.327],[133.61,-13.317],[133.654,-13.037],[133.592,-12.969],[133.577,-12.994],[133.522,-12.914],[133.521,-12.913],[133.506,-12.911],[133.49,-12.904],[133.451,-12.892],[133.44,-12.881],[133.322,-12.825],[132.913,-12.777],[132.849,-12.839],[132.849,-12.843],[132.836,-12.903],[132.836,-12.907],[132.834,-12.932],[132.833,-12.964],[132.718,-13.136],[132.667,-13.168],[132.686,-13.177],[132.808,-13.235],[132.979,-13.304],[133.078,-13.293]]]},"properties":{"NAME":"Wuningangk","SUBJECTO":"Wuningangk","PARTOF":"Wuningangk","ABBREVN":"Wuningangk","BORDERPRECISION":3,"fid":322}},
{"type":"Feature","geometry":{"type":"Polygon","coordinates":[[[130.032,-14.437],[130.043,-14.445],[130.07,-14.467],[130.163,-14.467],[130.281,-14.491],[130.323,-14.506],[130.342,-14.511],[130.343,-14.511],[130.386,-14.488],[130.545,-14.483],[130.792,-14.397],[130.908,-14.182],[130.877,-14.017],[130.864,-13.905],[130.856,-13.814],[130.855,-13.809],[130.87,-13.801],[130.726,-13.801],[130.589,-13.854],[130.419,-13.886],[130.311,-13.891],[130.303,-13.891],[130.301,-13.911],[130.292,-14.003],[130.21,-14.094],[130.106,-14.128],[130.103,-14.129],[130.095,-14.131],[130.034,-14.2],[130.012,-14.28],[129.99,-14.344],[130.012,-14.387],[130.02,-14.413],[130.02,-14.414],[130.026,-14.432],[130.032,-14.437]]]},"properties":{"NAME":"Ngan’giwumirri","SUBJECTO":"Ngan’giwumirri","PARTOF":"Ngan’giwumirri","ABBREVN":"Ngan’giwumirri","BORDERPRECISION":3,"fid":323}},
{"type":"Feature","geometry":{"type":"Polygon","coordinates":[[[115.969,-32.981],[115.985,-32.923],[116.018,-32.827],[116.024,-32.76],[116.08,-32.601],[116.098,-32.431],[116.138,-32.399],[116.14,-32.388],[116.027,-32.436],[115.758,-32.494],[115.767,-32.755],[115.715,-33.018],[115.834,-32.981],[115.969,-32.981]]]},"properties":{"NAME":"Pinjarup","SUBJECTO":"Pinjarup","PARTOF":"Pinjarup","ABBREVN":"Pinjarup","BORDERPRECISION":3,"fid":324}},
{"type":"Feature","geometry":{"type":"Polygon","coordinates":[[[128.453,-30.114],[128.474,-29.783],[128.342,-29.497],[127.859,-29.056],[127.639,-28.787],[127.446,-28.59],[127.418,-28.56],[127.375,-28.517],[127.369,-28.52],[127.282,-28.562],[127.134,-28.633],[126.936,-28.825],[126.65,-28.883],[126.299,-28.671],[125.925,-28.556],[125.068,-28.033],[124.607,-27.606],[124.422,-27.524],[124.387,-27.508],[124.368,-27.519],[124.167,-27.625],[123.882,-27.878],[123.278,-28.285],[123.014,-28.411],[122.629,-28.662],[122.631,-28.696],[122.633,-28.728],[122.64,-28.854],[122.728,-28.941],[122.97,-29.382],[123.409,-30.107],[123.508,-30.468],[123.519,-30.732],[123.559,-30.902],[123.563,-30.921],[124.42,-30.955],[125.189,-30.647],[126.359,-30.384],[127.13,-30.368],[127.617,-30.24],[128.167,-30.126],[128.452,-30.126],[128.453,-30.114]]]},"properties":{"NAME":"Nyanganyatjara","SUBJECTO":"Nyanganyatjara","PARTOF":"Nyanganyatjara","ABBREVN":"Nyanganyatjara","BORDERPRECISION":3,"fid":325}},
{"type":"Feature","geometry":{"type":"MultiPolygon","coordinates":[[[[134.629,-13.928],[134.451,-13.891],[134.368,-13.785],[134.33,-13.422],[134.319,-13.427],[134.061,-13.4],[133.962,-13.293],[133.945,-13.101],[133.748,-13.015],[133.654,-13.037],[133.61,-13.317],[133.638,-13.411],[133.632,-13.555],[133.637,-13.685],[133.802,-13.929],[134.214,-14.195],[134.624,-14.505],[134.629,-13.928]]],[[[123.383,-30.992],[124.222,-31.034],[124.42,-30.955],[123.563,-30.921],[123.552,-30.949],[123.354,-30.921],[123.251,-30.954],[123.383,-30.992]]],[[[120.406,-32.776],[120.394,-32.773],[120.328,-32.953],[120.201,-33.082],[120.377,-33.009],[120.461,-32.877],[120.406,-32.776]]],[[[117.883,-24.031],[117.675,-24.031],[117.795,-24.147],[118.444,-24.367],[118.57,-24.337],[118.575,-24.127],[118.79,-23.584],[118.795,-23.539],[118.575,-23.534],[118.504,-23.629],[118.185,-23.805],[117.883,-24.031]]],[[[119.436,-28.763],[120.004,-29.325],[120.509,-30.06],[120.739,-30.634],[120.992,-30.732],[120.959,-30.581],[120.74,-30.155],[120.652,-29.86],[120.223,-29.401],[119.757,-28.994],[119.685,-29.008],[119.52,-28.806],[119.436,-28.763]]],[[[118.466,-28.396],[118.416,-28.372],[118.69,-28.557],[119.202,-28.642],[118.466,-28.396]]],[[[113.774,-22.857],[113.719,-22.817],[113.617,-22.661],[113.725,-23.017],[113.743,-23.248],[113.774,-22.857]]],[[[113.373,-24.264],[113.362,-24.283],[113.379,-24.614],[113.433,-24.874],[113.592,-25.185],[113.896,-25.59],[113.752,-25.324],[113.555,-24.881],[113.566,-24.792],[113.373,-24.447],[113.373,-24.264]]],[[[132.111,-14.6],[132.209,-14.775],[132.303,-15.025],[132.462,-14.977],[132.902,-15.03],[133.099,-14.955],[132.929,-14.743],[132.424,-14.552],[132.111,-14.6]]],[[[132.259,-13.085],[132.292,-13.074],[132.325,-13.053],[132.336,-12.978],[132.413,-12.801],[132.429,-12.748],[132.297,-12.785],[132.215,-12.796],[132.072,-12.962],[131.913,-13.021],[131.721,-12.951],[131.66,-12.938],[131.611,-13.031],[131.21,-12.916],[131.204,-12.919],[131.097,-12.964],[130.984,-12.983],[131.166,-13.037],[131.523,-13.229],[131.6,-13.208],[131.688,-13.026],[131.918,-13.101],[132.182,-13.192],[132.259,-13.085]]],[[[116.411,-35.084],[116.428,-35.048],[116.005,-34.935],[115.648,-34.597],[115.137,-34.398],[115.054,-34.375],[115.022,-34.262],[115.047,-34.422],[115.283,-34.473],[115.616,-34.631],[115.967,-34.936],[116.251,-35.101],[116.561,-35.189],[117.53,-35.251],[117.741,-35.22],[116.724,-35.187],[116.411,-35.084]]],[[[118.652,-34.253],[118.57,-34.225],[117.581,-34.262],[117.675,-34.048],[117.565,-34.207],[117.394,-34.28],[116.433,-34.307],[116.197,-34.194],[116.213,-33.948],[116.18,-34.166],[116.186,-34.216],[116.499,-34.339],[116.57,-34.633],[116.559,-34.836],[116.57,-34.827],[116.576,-34.602],[116.521,-34.33],[117.587,-34.275],[118.652,-34.253]]],[[[119.008,-34.615],[119.175,-34.637],[119.354,-34.546],[119.136,-34.52],[118.922,-34.289],[119.031,-34.493],[119.008,-34.615]]],[[[113.06,-26.116],[113.158,-26.425],[113.595,-26.883],[113.925,-27.385],[114.022,-27.626],[113.965,-28.033],[114.338,-28.485],[114.088,-27.975],[114.038,-27.64],[113.939,-27.279],[113.736,-26.976],[113.703,-26.814],[113.599,-26.76],[113.5,-26.687],[113.06,-26.116]]],[[[122.308,-18.073],[122.248,-18.06],[122.213,-18.049],[122.228,-18.144],[122.308,-18.073]]],[[[122.157,-17.791],[122.151,-17.728],[122.101,-17.382],[122.093,-17.621],[122.182,-17.918],[122.157,-17.791]]],[[[128.463,-30.126],[128.452,-30.126],[128.167,-30.126],[127.617,-30.24],[127.13,-30.368],[128.687,-30.336],[131.026,-30.768],[131.045,-30.638],[131.287,-30.278],[131.373,-30.228],[131.358,-30.223],[131.353,-30.222],[131.254,-30.212],[130.155,-30.117],[129.342,-30.088],[128.463,-30.126]]],[[[122.728,-16.741],[122.734,-16.715],[122.761,-16.597],[122.653,-16.736],[122.728,-16.741]]],[[[122.543,-16.917],[122.537,-16.923],[122.547,-16.928],[122.543,-16.917]]],[[[131.94,-16.315],[131.929,-16.436],[132.231,-16.31],[132.33,-16.109],[132.319,-15.961],[132.303,-15.982],[132.177,-15.982],[132.144,-16.004],[131.94,-16.315]]],[[[116.389,-31.391],[116.392,-31.471],[116.708,-31.658],[116.669,-31.989],[116.628,-32.143],[117.513,-32.375],[116.731,-32.124],[116.731,-31.604],[116.431,-31.471],[116.848,-30.072],[117.135,-30.376],[117.591,-30.6],[117.922,-30.666],[117.484,-30.418],[117.049,-30.216],[116.949,-30.119],[116.829,-30.055],[116.68,-30.411],[116.389,-31.391]]],[[[114.972,-30.342],[114.95,-30.307],[114.9,-30.129],[114.965,-30.518],[115.058,-30.804],[115.493,-31.546],[115.59,-31.412],[115.983,-31.422],[115.917,-31.372],[115.433,-31.391],[115.115,-30.78],[114.972,-30.342]]],[[[114.685,-21.953],[114.639,-21.982],[114.664,-22.218],[114.922,-22.416],[115.263,-22.426],[115.126,-22.401],[114.685,-21.953]]],[[[130.979,-17.55],[131.561,-16.605],[131.385,-16.773],[130.968,-17.393],[130.957,-17.476],[130.979,-17.874],[130.979,-17.832],[130.979,-17.55]]],[[[123.569,-17.167],[123.596,-17.157],[123.508,-17.109],[123.498,-17.319],[123.53,-17.377],[123.558,-17.209],[123.569,-17.167]]],[[[130.468,-13.374],[130.476,-13.422],[130.748,-13.491],[131.287,-13.571],[131.331,-13.625],[131.342,-13.633],[131.397,-13.5],[131.166,-13.454],[130.468,-13.374]]],[[[124.431,-32.944],[124.235,-33.012],[124.099,-33.166],[124.001,-33.423],[124.248,-33.144],[124.411,-33.055],[124.847,-32.952],[125.642,-32.562],[126.059,-32.434],[127.265,-32.381],[128.17,-32.15],[128.615,-31.952],[129.185,-31.798],[130.28,-31.77],[130.857,-31.731],[131.182,-31.635],[131.356,-31.671],[131.082,-31.49],[131.024,-31.546],[130.782,-31.617],[130.11,-31.575],[129.558,-31.612],[128.903,-31.709],[128.418,-31.94],[127.997,-32.079],[127.672,-32.141],[127.314,-32.267],[126.711,-32.303],[126.219,-32.229],[126.013,-32.271],[125.495,-32.561],[125.019,-32.727],[124.75,-32.897],[124.431,-32.944]]],[[[117.449,-33.651],[117.559,-33.775],[117.653,-33.811],[117.449,-33.651]]],[[[118.674,-33.523],[118.575,-33.285],[118.438,-33.165],[118.674,-33.523]]],[[[119.46,-34.401],[119.508,-34.336],[119.163,-34.103],[119.46,-34.401]]],[[[133.014,-12.077],[132.929,-12.093],[132.88,-12.168],[132.869,-12.238],[132.968,-12.442],[132.924,-12.683],[132.891,-12.769],[132.913,-12.777],[133.322,-12.825],[133.319,-12.806],[133.33,-12.479],[133.19,-12.241],[133.014,-12.077]]],[[[114.593,-28.719],[114.452,-28.649],[114.544,-28.78],[114.593,-28.719]]],[[[116.669,-29.95],[116.716,-29.998],[116.52,-29.598],[116.384,-29.382],[116.669,-29.95]]],[[[117.957,-32.981],[118.037,-32.976],[117.795,-32.773],[117.957,-32.981]]]]},"properties":{"NAME":"Australian aboriginal hunter-gatherers","SUBJECTO":"Australian aboriginal hunter-gatherers","PARTOF":"Australian aboriginal hunter-gatherers","ABBREVN":"Australian aboriginal hunter-gatherers","BORDERPRECISION":1,"fid":327}},
{"type":"Feature","geometry":{"type":"Polygon","coordinates":[[[-4.153,53.226],[-4.277,53.398],[-4.567,53.273],[-4.351,53.124],[-4.153,53.226]]]},"properties":{"BORDERPRECISION":3,"fid":328}},
{"type":"Feature","geometry":{"type":"Polygon","coordinates":[[[-5.104,55.439],[-5.155,55.673],[-5.4,55.601],[-5.104,55.439]]]},"properties":{"BORDERPRECISION":3,"fid":329}},
{"type":"Feature","geometry":{"type":"Polygon","coordinates":[[[-6.122,55.879],[-6.327,55.589],[-6.025,55.681],[-6.122,55.879]]]},"properties":{"BORDERPRECISION":3,"fid":330}},
{"type":"Feature","geometry":{"type":"Polygon","coordinates":[[[-5.947,55.83],[-5.746,56.064],[-5.968,56.024],[-6.079,55.906],[-5.947,55.83]]]},"properties":{"BORDERPRECISION":3,"fid":331}},
{"type":"Feature","geometry":{"type":"Polygon","coordinates":[[[-7.467,56.941],[-7.376,56.979],[-7.446,57.056],[-7.554,56.966],[-7.467,56.941]]]},"properties":{"BORDERPRECISION":3,"fid":332}},
{"type":"Feature","geometry":{"type":"Polygon","coordinates":[[[-7.223,57.337],[-7.425,57.382],[-7.381,57.109],[-7.23,57.095],[-7.223,57.337]]]},"properties":{"BORDERPRECISION":3,"fid":333}},
{"type":"Feature","geometry":{"type":"Polygon","coordinates":[[[-7.269,57.399],[-7.205,57.461],[-7.351,57.489],[-7.388,57.424],[-7.269,57.399]]]},"properties":{"BORDERPRECISION":3,"fid":334}},
{"type":"Feature","geometry":{"type":"Polygon","coordinates":[[[-7.189,57.687],[-7.477,57.562],[-7.154,57.509],[-7.189,57.687]]]},"properties":{"BORDERPRECISION":3,"fid":335}},
{"type":"Feature","geometry":{"type":"Polygon","coordinates":[[[-7.006,57.881],[-6.994,57.919],[-7.074,57.896],[-7.006,57.881]]]},"properties":{"BORDERPRECISION":3,"fid":336}},
{"type":"Feature","geometry":{"type":"Polygon","coordinates":[[[-6.204,58.356],[-6.55,58.363],[-7.032,58.238],[-7.128,58.135],[-6.985,57.959],[-6.961,57.727],[-6.474,57.94],[-6.204,58.356]]]},"properties":{"BORDERPRECISION":3,"fid":338}},
{"type":"Feature","geometry":{"type":"Polygon","coordinates":[[[-2.918,58.732],[-2.877,58.82],[-3.037,58.818],[-2.918,58.732]]]},"properties":{"BORDERPRECISION":3,"fid":339}},
{"type":"Feature","geometry":{"type":"Polygon","coordinates":[[[-3.231,58.776],[-3.136,58.804],[-3.336,58.927],[-3.431,58.871],[-3.231,58.776]]]},"properties":{"BORDERPRECISION":3,"fid":340}},
{"type":"Feature","geometry":{"type":"Polygon","coordinates":[[[-2.793,58.951],[-3.077,59.122],[-3.35,59.11],[-3.195,58.911],[-2.793,58.951]]]},"properties":{"BORDERPRECISION":3,"fid":341}},
{"type":"Feature","geometry":{"type":"Polygon","coordinates":[[[-2.681,59.196],[-2.621,59.236],[-2.496,59.245],[-2.414,59.314],[-2.593,59.291],[-2.681,59.196]]]},"properties":{"BORDERPRECISION":3,"fid":342}},
{"type":"Feature","geometry":{"type":"Polygon","coordinates":[[[-2.89,59.295],[-3.049,59.329],[-3.003,59.264],[-2.972,59.287],[-2.89,59.295]]]},"properties":{"BORDERPRECISION":3,"fid":343}},
{"type":"Feature","geometry":{"type":"Polygon","coordinates":[[[-1.296,60.491],[-1.32,60.356],[-1.655,60.226],[-1.126,60.152],[-1.041,60.447],[-1.296,60.491]]]},"properties":{"BORDERPRECISION":3,"fid":344}},
{"type":"Feature","geometry":{"type":"Polygon","coordinates":[[[-1.029,60.496],[-0.991,60.72],[-1.177,60.637],[-1.029,60.496]]]},"properties":{"BORDERPRECISION":3,"fid":345}},
{"type":"Feature","geometry":{"type":"Polygon","coordinates":[[[-0.82,60.689],[-0.768,60.829],[-0.939,60.794],[-0.966,60.688],[-0.82,60.689]]]},"properties":{"BORDERPRECISION":3,"fid":346}},
{"type":"Feature","geometry":{"type":"Polygon","coordinates":[[[-6.707,61.937],[-6.719,62.029],[-7.192,62.308],[-7.232,62.172],[-6.707,61.937]]]},"properties":{"BORDERPRECISION":3,"fid":347}},
{"type":"Feature","geometry":{"type":"Polygon","coordinates":[[[-4.778,54.056],[-4.394,54.186],[-4.527,54.367],[-4.778,54.056]]]},"properties":{"BORDERPRECISION":3,"fid":348}},
{"type":"Feature","geometry":{"type":"Polygon","coordinates":[[[129.716,28.451],[129.575,28.462],[129.158,28.235],[129.369,28.116],[129.716,28.451]]]},"properties":{"BORDERPRECISION":3,"fid":349}},
{"type":"Feature","geometry":{"type":"Polygon","coordinates":[[[129.963,29.957],[129.942,30],[129.924,29.984],[129.963,29.957]]]},"properties":{"BORDERPRECISION":3,"fid":350}},
{"type":"Feature","geometry":{"type":"Polygon","coordinates":[[[129.896,29.874],[129.877,29.831],[129.923,29.825],[129.896,29.874]]]},"properties":{"BORDERPRECISION":3,"fid":351}},
{"type":"Feature","geometry":{"type":"Polygon","coordinates":[[[130.906,30.355],[131.074,30.689],[130.945,30.683],[130.906,30.355]]]},"properties":{"BORDERPRECISION":3,"fid":352}},
{"type":"Feature","geometry":{"type":"Polygon","coordinates":[[[130.559,30.236],[130.672,30.373],[130.511,30.459],[130.387,30.397],[130.559,30.236]]]},"properties":{"BORDERPRECISION":3,"fid":353}},
{"type":"Feature","geometry":{"type":"Polygon","coordinates":[[[121.735,25.139],[121.481,25.272],[121.385,25.157],[121.002,25.002],[120.872,24.74],[120.698,24.601],[120.116,23.631],[120.148,23.327],[120.049,23.061],[120.164,22.954],[120.329,22.519],[120.573,22.366],[120.675,22.182],[120.698,21.946],[120.882,22.039],[120.879,22.341],[120.97,22.568],[121.168,22.762],[121.453,23.327],[121.596,23.9],[121.605,24.081],[121.84,24.476],[121.817,24.848],[121.999,25.011],[121.735,25.139]]]},"properties":{"BORDERPRECISION":3,"fid":354}},
{"type":"Feature","geometry":{"type":"Polygon","coordinates":[[[128.901,32.643],[128.813,32.792],[128.649,32.778],[128.61,32.612],[128.901,32.643]]]},"properties":{"BORDERPRECISION":3,"fid":355}},
{"type":"Feature","geometry":{"type":"Polygon","coordinates":[[[123.871,24.252],[123.922,24.371],[123.767,24.414],[123.679,24.316],[123.871,24.252]]]},"properties":{"BORDERPRECISION":3,"fid":356}},
{"type":"Feature","geometry":{"type":"Polygon","coordinates":[[[125.356,24.777],[125.262,24.879],[125.252,24.738],[125.356,24.777]]]},"properties":{"BORDERPRECISION":3,"fid":357}},
{"type":"Feature","geometry":{"type":"Polygon","coordinates":[[[124.262,24.457],[124.078,24.42],[124.122,24.345],[124.23,24.338],[124.262,24.457]]]},"properties":{"BORDERPRECISION":3,"fid":358}},
{"type":"Feature","geometry":{"type":"Polygon","coordinates":[[[128.253,26.639],[128.247,26.84],[127.959,26.544],[128.253,26.639]]]},"properties":{"BORDERPRECISION":3,"fid":359}},
{"type":"Feature","geometry":{"type":"Polygon","coordinates":[[[126.762,26.387],[126.702,26.349],[126.781,26.298],[126.81,26.347],[126.762,26.387]]]},"properties":{"BORDERPRECISION":3,"fid":360}},
{"type":"Feature","geometry":{"type":"Polygon","coordinates":[[[128.951,27.676],[129.03,27.774],[128.899,27.898],[128.897,27.726],[128.951,27.676]]]},"properties":{"BORDERPRECISION":3,"fid":361}},
{"type":"Feature","geometry":{"type":"Polygon","coordinates":[[[128.609,27.359],[128.696,27.449],[128.524,27.414],[128.609,27.359]]]},"properties":{"BORDERPRECISION":3,"fid":362}},
{"type":"Feature","geometry":{"type":"Polygon","coordinates":[[[129.992,28.282],[130.032,28.353],[129.943,28.322],[129.992,28.282]]]},"properties":{"BORDERPRECISION":3,"fid":363}},
{"type":"Feature","geometry":{"type":"Polygon","coordinates":[[[129.336,28.075],[129.34,28.111],[129.224,28.184],[129.219,28.098],[129.336,28.075]]]},"properties":{"BORDERPRECISION":3,"fid":364}},
{"type":"Feature","geometry":{"type":"Polygon","coordinates":[[[129.733,29.61],[129.753,29.648],[129.71,29.652],[129.733,29.61]]]},"properties":{"BORDERPRECISION":3,"fid":365}},
{"type":"Feature","geometry":{"type":"Polygon","coordinates":[[[7.16,53.164],[6.861,53.266],[6.751,53.39],[6.261,53.322],[5.966,53.335],[5.39,53.139],[5.326,52.79],[5.547,52.679],[5.757,52.334],[5.473,52.177],[4.95,52.278],[5.235,52.623],[5.008,52.856],[4.641,52.756],[4.387,52.23],[4.264,52.071],[3.52,51.579],[3.766,51.381],[4.269,51.304],[5.079,51.392],[5.785,51.133],[5.738,50.783],[6.01,50.759],[5.964,51.024],[6.222,51.389],[5.979,51.804],[6.211,51.88],[6.381,51.82],[6.825,51.956],[6.882,52.126],[7.068,52.273],[7.069,52.366],[6.714,52.476],[6.778,52.64],[7.035,52.624],[7.228,52.967],[7.16,53.164]]]},"properties":{"SUBJECTO":"United Kingdom of Netherlands","PARTOF":"United Kingdom of Netherlands","ABBREVN":"Netherlands","BORDERPRECISION":3,"fid":366}},
{"type":"Feature","geometry":{"type":"MultiPolygon","coordinates":[[[[6.109,50.117],[6.298,50.287],[6.281,50.498],[6.01,50.759],[5.738,50.783],[5.785,51.133],[5.079,51.392],[4.269,51.304],[3.766,51.381],[3.681,51.321],[3.214,51.354],[2.995,51.313],[2.522,51.091],[2.616,50.89],[2.875,50.682],[3.123,50.807],[3.283,50.524],[3.603,50.47],[3.675,50.334],[4.051,50.318],[4.22,50.242],[4.156,49.966],[4.285,49.911],[4.668,49.96],[4.877,49.885],[5.418,49.583],[5.475,49.48],[5.824,49.507],[5.884,49.664],[5.745,49.755],[5.834,50.047],[6.109,50.117]]],[[[17.646,42.865],[18.001,42.694],[18.514,42.362],[18.429,42.586],[18.113,42.742],[17.646,42.865]]],[[[26.163,48.941],[26.078,49.122],[26.036,49.634],[24.257,50.159],[20.263,49.887],[18.786,49.892],[18.188,50.021],[18.048,50.103],[17.751,50.036],[17.679,50.338],[17.36,50.336],[17.014,50.477],[17.012,50.287],[16.728,50.149],[16.204,50.463],[16.443,50.623],[16.353,50.705],[16.001,50.656],[15.818,50.797],[15.472,50.833],[15.267,51.023],[15.009,51.056],[14.997,50.917],[14.61,50.898],[14.596,51.023],[13.855,50.767],[13.524,50.757],[13.233,50.664],[12.982,50.474],[12.462,50.398],[12.252,50.216],[12.368,50.046],[12.554,50.002],[12.448,49.706],[12.536,49.563],[13.203,49.166],[13.745,48.94],[13.947,48.655],[13.64,48.538],[13.384,48.594],[13.294,48.365],[12.858,48.232],[12.694,48.129],[12.936,47.873],[13.023,47.662],[12.942,47.483],[12.7,47.69],[12.122,47.628],[11.56,47.613],[11.17,47.424],[10.903,47.415],[10.835,47.545],[10.388,47.579],[10.403,47.455],[10.2,47.301],[9.892,47.564],[9.665,47.556],[9.539,47.487],[9.465,47.286],[9.521,47.069],[10.052,46.868],[10.312,47.017],[10.396,46.887],[10.558,46.718],[10.558,46.313],[10.457,46.212],[10.525,45.739],[10.66,45.807],[10.93,45.84],[11.166,45.739],[11.233,46.009],[11.571,45.975],[11.571,46.245],[11.908,46.414],[11.74,46.752],[12.075,46.928],[12.362,46.709],[13.569,46.51],[13.621,46.421],[13.344,46.285],[13.606,46.132],[13.535,45.801],[13.825,45.663],[13.8,45.566],[13.527,45.454],[13.598,45.178],[13.895,44.759],[14.213,45.122],[14.326,45.354],[14.574,45.291],[14.848,45.107],[14.946,44.927],[14.907,44.723],[14.989,44.54],[15.286,44.329],[15.149,44.24],[15.412,43.935],[15.913,43.652],[16.059,43.433],[16.367,43.513],[16.64,43.39],[16.992,43.323],[17.075,43.223],[17.548,42.92],[17.646,43.053],[17.294,43.269],[17.259,43.445],[17.013,43.555],[16.536,44.007],[16.194,44.193],[16.144,44.434],[15.958,44.68],[15.757,44.786],[15.828,45.203],[16.023,45.208],[16.345,45.002],[16.511,45.208],[17.666,45.117],[18.258,45.122],[18.715,45.047],[18.841,44.851],[19.122,44.926],[19.102,45.132],[19.213,45.203],[19.012,45.459],[20.188,45.26],[20.338,44.959],[20.789,44.742],[21.344,44.883],[21.859,44.681],[22.133,44.511],[22.41,44.75],[22.343,44.986],[22.478,45.729],[23.018,45.864],[23.255,46.066],[23.558,45.897],[23.795,46.066],[24.065,46.1],[24.402,45.897],[24.942,45.965],[25.516,45.796],[25.448,46.302],[25.651,46.404],[25.853,46.674],[26.191,46.809],[26.292,47.214],[25.685,47.619],[25.246,47.686],[25.381,47.855],[25.786,47.956],[26.123,47.855],[26.123,48.125],[26.36,48.125],[26.163,48.941]]]]},"properties":{"NAME":"Austrian Empire","SUBJECTO":"Austrian Empire","PARTOF":"Austrian Empire","ABBREVN":"Austria-Hung","BORDERPRECISION":3,"fid":367}},
{"type":"Feature","geometry":{"type":"MultiPolygon","coordinates":[[[[149.534,45.583],[150.199,45.932],[150.426,46.119],[150.343,46.212],[149.668,45.851],[149.534,45.583]]],[[[155.483,50.119],[155.795,50.189],[156.153,50.525],[156.116,50.747],[155.897,50.699],[155.638,50.378],[155.248,50.301],[155.209,50.081],[155.483,50.119]]]]},"properties":{"NAME":"Kuril Islands","SUBJECTO":"(Russian and Japanese claim)","BORDERPRECISION":3,"fid":368}},
{"type":"Feature","geometry":{"type":"MultiPolygon","coordinates":[[[[136.811,37.311],[136.64,37.17],[136.668,36.667],[136.502,36.464],[136.187,36.202],[135.978,35.973],[135.928,35.604],[135.727,35.45],[135.358,35.323],[135.188,35.443],[135.157,35.646],[134.756,35.531],[134.224,35.454],[133.804,35.427],[133.006,35.254],[132.981,35.445],[132.663,35.381],[131.672,34.502],[131.334,34.292],[130.892,34.246],[130.779,33.967],[130.899,33.904],[131.394,33.936],[131.655,33.912],[131.995,33.804],[131.997,34.09],[132.183,34.287],[132.387,34.269],[132.481,34.129],[132.848,34.263],[133.589,34.442],[133.825,34.386],[134.213,34.571],[134.427,34.628],[134.936,34.54],[135.206,34.617],[135.317,34.471],[134.969,34.134],[135.063,33.69],[135.756,33.342],[136.199,34.003],[136.394,34.112],[136.767,34.17],[136.899,34.259],[136.507,34.518],[136.734,34.874],[137.042,34.729],[137.248,34.482],[137.759,34.552],[138.149,34.528],[138.45,34.903],[138.751,34.923],[138.75,34.65],[138.864,34.567],[139.023,34.688],[139.053,35.025],[139.209,35.165],[139.423,35.166],[139.683,35.446],[139.914,35.554],[140.003,35.497],[139.788,34.963],[139.83,34.836],[140.317,35.034],[140.395,35.409],[140.834,35.677],[140.555,35.969],[140.547,36.287],[140.656,36.618],[140.964,36.956],[140.982,37.268],[140.872,37.917],[140.951,38.121],[141.097,38.262],[141.496,38.422],[141.467,38.587],[141.569,38.785],[141.888,39.13],[141.999,39.449],[141.998,39.672],[141.676,40.316],[141.467,40.514],[141.437,41.269],[141.087,41.442],[140.775,41.255],[141.077,41.102],[141.153,40.865],[140.657,40.724],[140.386,40.986],[140.16,40.729],[139.915,40.575],[139.985,40.115],[139.805,39.891],[140.011,39.694],[140.03,39.483],[139.896,38.999],[139.746,38.68],[139.504,38.418],[139.44,38.188],[139.198,37.92],[138.856,37.735],[138.699,37.448],[138.317,37.206],[137.464,36.854],[137.176,36.643],[136.983,36.834],[137.014,37.037],[137.335,37.274],[137.31,37.433],[136.811,37.311]]],[[[132.568,32.637],[132.699,32.549],[132.97,32.765],[133.154,33.216],[133.517,33.395],[133.727,33.376],[133.999,33.148],[134.519,33.651],[134.61,33.899],[134.54,34.013],[134.01,34.189],[133.806,34.176],[133.463,33.884],[133.245,33.801],[132.969,33.794],[132.784,33.908],[132.45,33.52],[132.121,33.348],[132.343,33.107],[132.467,32.758],[132.568,32.637]]],[[[130.579,30.907],[130.744,30.888],[130.96,31.193],[131.211,31.352],[131.319,31.511],[131.407,32.083],[131.563,32.432],[131.831,32.693],[131.795,32.807],[131.414,33.111],[131.67,33.309],[131.569,33.486],[131.286,33.39],[130.971,33.504],[130.859,33.675],[130.427,33.674],[130.176,33.337],[129.858,33.26],[129.528,33.298],[129.343,33.151],[129.63,32.866],[129.734,32.638],[129.846,32.587],[130.108,32.931],[130.257,32.912],[130.497,32.557],[130.444,32.284],[130.059,31.972],[130.219,31.56],[130.205,31.426],[130.06,31.217],[130.233,31.026],[130.404,31.23],[130.474,31.44],[130.732,31.478],[130.579,30.907]]],[[[140.013,41.382],[140.269,41.325],[140.589,41.678],[140.979,41.653],[141.155,41.749],[140.768,42.005],[140.246,42.228],[140.223,42.363],[140.541,42.537],[140.694,42.55],[140.93,42.255],[141.397,42.519],[141.928,42.501],[142.842,42.067],[143.214,41.927],[143.33,42.196],[143.848,42.775],[144.166,42.942],[144.37,42.949],[144.59,42.86],[144.995,42.937],[145.448,43.17],[145.059,43.786],[145.21,44.037],[145.14,44.178],[144.75,43.882],[144.614,43.843],[144.028,43.951],[143.508,44.156],[143.021,44.464],[142.539,44.843],[141.875,45.435],[141.523,45.183],[141.567,44.97],[141.746,44.629],[141.709,43.914],[141.302,43.72],[141.304,43.187],[141.064,43.097],[140.897,43.135],[140.599,43.327],[140.374,43.185],[140.517,43.057],[140.5,42.896],[139.974,42.651],[139.712,42.478],[139.777,42.112],[140.1,41.946],[140.124,41.792],[139.978,41.503],[140.013,41.382]]],[[[146.469,44.422],[146.078,44.464],[146.092,44.236],[146.469,44.422]]],[[[148.493,45.27],[148.84,45.347],[148.701,45.521],[148.312,45.267],[147.895,45.23],[147.112,44.794],[147.291,44.667],[147.623,44.897],[147.964,45.012],[148.285,45.221],[148.493,45.27]]]]},"properties":{"NAME":"Japan","SUBJECTO":"Japan","PARTOF":"Japan","ABBREVN":"Japan","BORDERPRECISION":3,"fid":369}},
{"type":"Feature","geometry":{"type":"Polygon","coordinates":[[[-179.057,51.248],[-179.087,51.291],[-179.142,51.269],[-179.129,51.22],[-179.057,51.248]]]},"properties":{"BORDERPRECISION":3,"fid":370}},
{"type":"Feature","geometry":{"type":"Polygon","coordinates":[[[-178.9,51.355],[-178.985,51.374],[-178.991,51.309],[-178.9,51.355]]]},"properties":{"BORDERPRECISION":3,"fid":371}},
{"type":"Feature","geometry":{"type":"Polygon","coordinates":[[[-178.077,51.698],[-177.911,51.659],[-177.825,51.831],[-177.946,51.919],[-178.214,51.862],[-177.966,51.772],[-178.077,51.698]]]},"properties":{"BORDERPRECISION":3,"fid":372}},
{"type":"Feature","geometry":{"type":"Polygon","coordinates":[[[-176.434,51.838],[-176.606,51.986],[-176.972,51.658],[-176.913,51.604],[-176.417,51.75],[-176.434,51.838]]]},"properties":{"BORDERPRECISION":3,"fid":373}},
{"type":"Feature","geometry":{"type":"Polygon","coordinates":[[[-178.777,51.828],[-178.863,51.786],[-178.798,51.744],[-178.727,51.783],[-178.777,51.828]]]},"properties":{"BORDERPRECISION":3,"fid":374}},
{"type":"Feature","geometry":{"type":"Polygon","coordinates":[[[-177.626,51.692],[-177.374,51.726],[-177.154,51.699],[-177.046,51.889],[-177.196,51.921],[-177.243,51.793],[-177.626,51.692]]]},"properties":{"BORDERPRECISION":3,"fid":375}},
{"type":"Feature","geometry":{"type":"Polygon","coordinates":[[[-176.309,51.868],[-176.418,51.85],[-176.386,51.729],[-176.261,51.78],[-176.309,51.868]]]},"properties":{"BORDERPRECISION":3,"fid":376}},
{"type":"Feature","geometry":{"type":"Polygon","coordinates":[[[-176.215,51.815],[-176.033,51.823],[-176.024,51.848],[-176.206,51.879],[-176.215,51.815]]]},"properties":{"BORDERPRECISION":3,"fid":377}},
{"type":"Feature","geometry":{"type":"Polygon","coordinates":[[[-175.962,51.888],[-176.058,51.905],[-176.051,51.863],[-175.962,51.888]]]},"properties":{"BORDERPRECISION":3,"fid":378}},
{"type":"Feature","geometry":{"type":"Polygon","coordinates":[[[-175.725,51.931],[-175.663,51.954],[-175.699,51.97],[-175.725,51.931]]]},"properties":{"BORDERPRECISION":3,"fid":379}},
{"type":"Feature","geometry":{"type":"Polygon","coordinates":[[[-175.805,51.987],[-175.941,51.982],[-175.881,51.96],[-175.805,51.987]]]},"properties":{"BORDERPRECISION":3,"fid":380}},
{"type":"Feature","geometry":{"type":"Polygon","coordinates":[[[-176.152,52.103],[-176.166,51.992],[-175.995,52.029],[-176.152,52.103]]]},"properties":{"BORDERPRECISION":3,"fid":381}},
{"type":"Feature","geometry":{"type":"Polygon","coordinates":[[[-172.956,52.086],[-173.508,52.105],[-173.47,52.037],[-172.956,52.086]]]},"properties":{"BORDERPRECISION":3,"fid":382}},
{"type":"Feature","geometry":{"type":"Polygon","coordinates":[[[-174.788,52.023],[-174.142,52.124],[-174.232,52.269],[-174.788,52.023]]]},"properties":{"BORDERPRECISION":3,"fid":383}},
{"type":"Feature","geometry":{"type":"Polygon","coordinates":[[[-172.567,52.335],[-172.521,52.243],[-172.314,52.312],[-172.414,52.39],[-172.567,52.335]]]},"properties":{"BORDERPRECISION":3,"fid":384}},
{"type":"Feature","geometry":{"type":"Polygon","coordinates":[[[-171.25,52.524],[-171.304,52.504],[-171.308,52.449],[-171.235,52.451],[-171.202,52.493],[-171.25,52.524]]]},"properties":{"BORDERPRECISION":3,"fid":385}},
{"type":"Feature","geometry":{"type":"Polygon","coordinates":[[[-170.795,52.532],[-170.612,52.587],[-170.676,52.694],[-170.818,52.624],[-170.795,52.532]]]},"properties":{"BORDERPRECISION":3,"fid":386}},
{"type":"Feature","geometry":{"type":"Polygon","coordinates":[[[-170.055,52.759],[-170.18,52.784],[-170.189,52.724],[-170.055,52.759]]]},"properties":{"BORDERPRECISION":3,"fid":387}},
{"type":"Feature","geometry":{"type":"Polygon","coordinates":[[[-169.989,52.799],[-169.709,52.777],[-169.781,52.885],[-169.989,52.799]]]},"properties":{"BORDERPRECISION":3,"fid":388}},
{"type":"Feature","geometry":{"type":"Polygon","coordinates":[[[-169.994,52.902],[-170.077,52.919],[-170.127,52.889],[-170.05,52.852],[-169.994,52.902]]]},"properties":{"BORDERPRECISION":3,"fid":389}},
{"type":"Feature","geometry":{"type":"Polygon","coordinates":[[[-169.677,53.032],[-169.753,53.026],[-169.762,52.971],[-169.696,52.96],[-169.677,53.032]]]},"properties":{"BORDERPRECISION":3,"fid":390}},
{"type":"Feature","geometry":{"type":"Polygon","coordinates":[[[-169.042,52.833],[-168.47,53.047],[-168.325,53.211],[-167.868,53.372],[-168.006,53.564],[-168.407,53.415],[-168.621,53.272],[-168.775,53.057],[-169.042,52.833]]]},"properties":{"BORDERPRECISION":3,"fid":391}},
{"type":"Feature","geometry":{"type":"Polygon","coordinates":[[[-166.214,53.922],[-166.469,53.891],[-166.759,54.008],[-167.161,53.854],[-167.014,53.706],[-167.163,53.61],[-167.142,53.417],[-166.76,53.444],[-166.556,53.617],[-166.274,53.684],[-166.324,53.776],[-166.214,53.922]]]},"properties":{"BORDERPRECISION":3,"fid":392}},
{"type":"Feature","geometry":{"type":"Polygon","coordinates":[[[-166.199,53.834],[-166.296,53.756],[-166.21,53.705],[-166.115,53.777],[-166.199,53.834]]]},"properties":{"BORDERPRECISION":3,"fid":393}},
{"type":"Feature","geometry":{"type":"Polygon","coordinates":[[[-165.477,54.071],[-165.361,54.071],[-165.298,54.037],[-165.246,54.056],[-165.284,54.091],[-165.433,54.084],[-165.477,54.071]]]},"properties":{"BORDERPRECISION":3,"fid":394}},
{"type":"Feature","geometry":{"type":"Polygon","coordinates":[[[-165.087,54.067],[-165.129,54.128],[-165.21,54.083],[-165.087,54.067]]]},"properties":{"BORDERPRECISION":3,"fid":395}},
{"type":"Feature","geometry":{"type":"Polygon","coordinates":[[[-165.992,54.048],[-165.664,54.127],[-165.938,54.221],[-165.992,54.048]]]},"properties":{"BORDERPRECISION":3,"fid":396}},
{"type":"Feature","geometry":{"type":"Polygon","coordinates":[[[-165.494,54.291],[-165.682,54.238],[-165.623,54.128],[-165.486,54.173],[-165.494,54.291]]]},"properties":{"BORDERPRECISION":3,"fid":397}},
{"type":"Feature","geometry":{"type":"Polygon","coordinates":[[[-163.329,54.701],[-163.524,55.043],[-163.916,55.035],[-164.235,54.891],[-164.433,54.931],[-164.704,54.668],[-164.952,54.587],[-164.768,54.395],[-164.473,54.412],[-164.33,54.516],[-164.298,54.549],[-164.167,54.607],[-163.621,54.61],[-163.429,54.684],[-163.329,54.701]]]},"properties":{"BORDERPRECISION":3,"fid":398}},
{"type":"Feature","geometry":{"type":"Polygon","coordinates":[[[-169.641,56.546],[-169.471,56.592],[-169.76,56.618],[-169.641,56.546]]]},"properties":{"BORDERPRECISION":3,"fid":399}},
{"type":"Feature","geometry":{"type":"Polygon","coordinates":[[[-170.413,57.169],[-170.249,57.129],[-170.151,57.228],[-170.387,57.202],[-170.413,57.169]]]},"properties":{"BORDERPRECISION":3,"fid":400}},
{"type":"Feature","geometry":{"type":"Polygon","coordinates":[[[-165.859,60.345],[-166.496,60.379],[-166.932,60.207],[-167.418,60.189],[-167.127,59.997],[-166.604,59.851],[-166.114,59.848],[-165.729,59.91],[-165.681,60.295],[-165.859,60.345]]]},"properties":{"BORDERPRECISION":3,"fid":401}},
{"type":"Feature","geometry":{"type":"Polygon","coordinates":[[[-172.256,60.304],[-172.38,60.391],[-172.577,60.396],[-172.599,60.325],[-172.256,60.304]]]},"properties":{"BORDERPRECISION":3,"fid":402}},
{"type":"Feature","geometry":{"type":"Polygon","coordinates":[[[-170.707,63.654],[-170.903,63.573],[-171.544,63.615],[-171.645,63.715],[-171.72,63.745],[-171.851,63.509],[-171.461,63.315],[-170.869,63.461],[-170.246,63.286],[-170.22,63.206],[-170.151,63.182],[-169.888,63.151],[-169.509,63.097],[-169.163,63.297],[-169.545,63.359],[-170.032,63.537],[-170.3,63.694],[-170.707,63.654]]]},"properties":{"BORDERPRECISION":3,"fid":403}},
{"type":"Feature","geometry":{"type":"Polygon","coordinates":[[[-172.532,64.661],[-172.661,64.674],[-172.751,64.644],[-172.544,64.613],[-172.532,64.661]]]},"properties":{"BORDERPRECISION":3,"fid":404}},
{"type":"Feature","geometry":{"type":"Polygon","coordinates":[[[-172.571,64.824],[-172.591,64.703],[-172.167,64.772],[-172.303,64.848],[-172.571,64.824]]]},"properties":{"BORDERPRECISION":3,"fid":405}},
{"type":"Feature","geometry":{"type":"Polygon","coordinates":[[[-178.208,71.475],[-179.034,71.598],[-180,71.536],[-180,70.997],[-179.486,70.912],[-177.939,71.037],[-177.439,71.227],[-178.208,71.475]]]},"properties":{"BORDERPRECISION":3,"fid":406}},
{"type":"Feature","geometry":{"type":"Polygon","coordinates":[[[-175.683,71.407],[-175.8,71.43],[-175.804,71.394],[-175.683,71.407]]]},"properties":{"BORDERPRECISION":3,"fid":407}},
{"type":"Feature","geometry":{"type":"MultiPolygon","coordinates":[[[[-141.059,69.595],[-141.704,69.734],[-142.802,70.09],[-143.308,70.197],[-144.36,70.133],[-145.273,70.116],[-146.183,70.268],[-147.724,70.327],[-148.741,70.494],[-149.286,70.539],[-150.639,70.475],[-152.137,70.534],[-152.971,70.934],[-154.461,70.993],[-155.1,71.077],[-155.475,70.852],[-156.138,70.928],[-156.043,71.223],[-156.474,71.354],[-156.905,71.346],[-157.812,70.971],[-158.855,70.884],[-160.24,70.858],[-159.91,70.604],[-159.905,70.427],[-161.188,70.44],[-162.177,70.284],[-162.879,69.999],[-163.511,69.504],[-163.714,69.224],[-164.067,69.065],[-164.89,68.935],[-166.297,68.88],[-166.335,68.661],[-166.844,68.405],[-165.94,68.16],[-164.513,67.797],[-163.826,67.448],[-163.739,67.218],[-162.599,67.161],[-161.936,67.088],[-161.796,66.749],[-161.218,66.728],[-160.032,66.568],[-160.125,66.339],[-160.585,66.316],[-161.261,66.396],[-161.627,66.226],[-162.275,66.071],[-162.759,66.063],[-163.843,66.178],[-163.782,66.538],[-164.463,66.596],[-165.521,66.366],[-165.997,66.203],[-167.024,65.959],[-167.73,65.863],[-168.18,65.694],[-166.139,65.355],[-165.864,65.166],[-166.604,65.15],[-166.586,64.73],[-166.348,64.637],[-165.741,64.559],[-165.171,64.546],[-164.6,64.619],[-163.883,64.591],[-163.025,64.442],[-162.802,64.471],[-162.137,64.789],[-161.291,64.964],[-160.902,64.813],[-160.79,64.64],[-160.944,64.525],[-161.373,64.466],[-161.006,64.158],[-160.89,63.857],[-161.133,63.563],[-161.911,63.526],[-162.474,63.41],[-162.97,63.103],[-163.309,63.038],[-164.292,63.25],[-164.467,63.171],[-165.03,62.65],[-165.431,62.43],[-165.579,62.139],[-165.802,62.039],[-165.834,61.834],[-166.19,61.749],[-165.898,61.27],[-165.423,61.264],[-164.539,60.95],[-163.895,61.042],[-163.52,60.706],[-163.938,60.614],[-164.845,60.816],[-165.128,60.542],[-165.048,60.416],[-164.594,60.208],[-164.027,59.798],[-163.536,59.841],[-162.378,60.163],[-161.989,59.712],[-161.925,59.518],[-162.06,59.289],[-162.004,58.827],[-161.646,58.682],[-161.117,58.746],[-160.828,58.898],[-160.431,59.002],[-159.814,58.941],[-159.11,58.488],[-158.856,58.454],[-158.973,58.77],[-158.912,58.874],[-158.517,58.999],[-158.291,58.73],[-157.987,58.717],[-157.139,58.856],[-157.242,58.491],[-157.554,58.27],[-157.665,57.933],[-157.665,57.604],[-157.785,57.508],[-158.451,57.213],[-158.662,57.076],[-158.617,56.748],[-159.249,56.781],[-159.776,56.582],[-160.114,56.323],[-160.457,56.2],[-160.607,55.962],[-160.169,55.807],[-159.077,55.992],[-158.738,56.19],[-158.527,56.449],[-157.747,56.77],[-156.993,56.915],[-156.496,57.1],[-156.685,57.401],[-156.369,57.566],[-155.903,57.717],[-155.598,57.896],[-154.649,58.076],[-154.214,58.428],[-153.682,58.642],[-153.455,58.877],[-153.664,58.98],[-154.127,59.042],[-154.282,59.249],[-153.976,59.519],[-153.71,59.644],[-153.152,59.743],[-152.899,59.896],[-152.878,60.279],[-152.561,60.384],[-152.19,60.658],[-151.731,60.785],[-151.342,60.954],[-150.781,61.292],[-150.311,61.314],[-149.317,60.929],[-149.425,60.859],[-149.913,60.914],[-150.437,60.906],[-151.16,60.66],[-151.415,60.254],[-151.783,59.995],[-151.49,59.711],[-151.448,59.538],[-151.772,59.357],[-151.881,59.163],[-151.388,59.213],[-150.501,59.616],[-150.021,59.714],[-149.581,59.985],[-149.326,60.027],[-148.494,59.904],[-148.301,60.106],[-148.336,60.413],[-148.84,60.545],[-148.728,60.727],[-148.466,60.868],[-148.493,61.064],[-147.94,61.206],[-147.27,60.94],[-146.578,60.836],[-145.998,60.662],[-145.893,60.516],[-145.493,60.384],[-145.138,60.454],[-144.406,60.093],[-144.053,60.051],[-143.084,60.074],[-142.425,60.02],[-141.958,60.041],[-141.747,60.132],[-141.439,60.091],[-141.385,59.897],[-140.905,59.786],[-140.133,59.767],[-139.573,59.9],[-139.4,59.831],[-139.367,59.63],[-139.785,59.518],[-139.2,59.277],[-138.446,59.162],[-137.577,58.604],[-137.085,58.447],[-136.356,58.524],[-136.37,58.62],[-136.939,58.943],[-136.39,58.841],[-136.148,58.903],[-135.738,58.47],[-135.3,58.374],[-135.326,58.581],[-135.515,58.973],[-135.469,59.34],[-135.144,59.168],[-134.83,58.561],[-134.123,58.239],[-133.84,57.999],[-133.474,57.842],[-133.641,57.739],[-133.341,57.377],[-133.4,57.219],[-132.871,57.016],[-132.559,56.702],[-132.101,56.349],[-132.279,56.132],[-132.256,55.85],[-131.767,56.01],[-131.191,56.035],[-130.892,55.769],[-130.695,55.465],[-130.773,55.066],[-130.413,55.021],[-130.065,55.102],[-130.003,55.289],[-130.18,55.638],[-130.106,55.993],[-130.287,56.107],[-131.199,56.451],[-131.725,56.605],[-131.955,56.782],[-132.707,57.629],[-133.503,58.424],[-133.869,58.685],[-134.791,59.214],[-135.258,59.67],[-135.855,59.646],[-136.184,59.422],[-136.735,59.121],[-137.116,59.028],[-137.223,58.882],[-137.649,59.185],[-138.621,59.778],[-139.005,60.258],[-139.338,60.285],[-140.429,60.23],[-140.807,60.263],[-140.895,60.389],[-140.935,60.86],[-140.947,61.835],[-140.927,63.786],[-140.916,64.768],[-140.974,66.026],[-140.997,67.077],[-141.014,68.093],[-141.013,69.378],[-141.059,69.595]]],[[[-169.163,63.297],[-169.333,63.397],[-170.032,63.537],[-169.545,63.359],[-169.163,63.297]]],[[[-170.869,63.461],[-170.22,63.206],[-170.246,63.286],[-170.869,63.461]]],[[[-171.72,63.745],[-172.052,63.6],[-171.851,63.509],[-171.72,63.745]]],[[[-170.707,63.654],[-171.229,63.651],[-171.645,63.715],[-171.544,63.615],[-170.903,63.573],[-170.707,63.654]]],[[[-132.688,55.649],[-132.633,55.9],[-133.157,56.116],[-133.518,56.211],[-133.266,55.831],[-133.271,55.621],[-133.016,55.371],[-132.174,54.846],[-132.177,55.285],[-132.555,55.453],[-132.688,55.649]]],[[[-135.466,57.229],[-134.946,56.454],[-134.764,56.794],[-135.002,57.326],[-135.441,57.428],[-135.466,57.229]]],[[[-163.262,55.171],[-162.968,54.949],[-162.788,55.152],[-163.091,55.273],[-163.262,55.171]]],[[[-162.224,55.498],[-162.585,55.389],[-162.546,55.145],[-162.218,55.132],[-161.696,55.377],[-161.575,55.479],[-160.867,55.575],[-160.528,55.542],[-160.356,55.657],[-160.676,55.765],[-161.318,55.879],[-161.81,55.783],[-162.224,55.498]]],[[[-153.178,57.825],[-153.731,57.427],[-154.189,57.631],[-154.585,57.364],[-154.593,57.145],[-154.16,56.982],[-153.878,56.941],[-153.492,57.051],[-153.177,57.407],[-152.912,57.49],[-152.378,57.518],[-152.679,57.765],[-153.178,57.825]]],[[[-135.147,57.599],[-135.115,57.675],[-135.325,58.093],[-135.672,58.044],[-136.025,58.215],[-136.3,58.18],[-136.596,57.905],[-135.816,57.454],[-135.822,57.756],[-135.147,57.599]]],[[[-179.501,68.954],[-180,68.98],[-180,68.069],[-180,67.069],[-180,66.069],[-180,65.069],[-179.57,65.262],[-179.327,65.626],[-179.736,65.789],[-179.823,65.952],[-179.696,66.183],[-178.543,66.163],[-178.81,65.867],[-178.454,65.696],[-178.563,65.516],[-177.699,65.476],[-177.068,65.61],[-176.078,65.47],[-175.781,65.161],[-175.816,64.958],[-175.449,64.784],[-174.846,64.778],[-174.123,64.554],[-174.016,64.413],[-173.191,64.254],[-172.359,64.424],[-172.748,64.596],[-172.782,64.851],[-172.133,65.072],[-172.349,65.269],[-172.419,65.575],[-171.709,65.512],[-170.677,65.608],[-170.588,65.864],[-170.158,66.015],[-170.142,66.157],[-170.745,66.46],[-171.302,66.631],[-171.726,66.955],[-172.536,66.97],[-172.819,66.909],[-173.224,66.975],[-173.633,67.128],[-174.125,66.989],[-174.009,66.675],[-174.302,66.586],[-175,66.671],[-174.743,66.773],[-174.956,67.1],[-174.837,67.389],[-175.218,67.449],[-175.464,67.707],[-176.97,68.134],[-177.951,68.29],[-178.041,68.426],[-178.738,68.539],[-178.788,68.717],[-179.413,68.839],[-179.501,68.954]]]]},"properties":{"NAME":"Russian Empire","SUBJECTO":"Russian Empire","PARTOF":"Russian Empire","ABBREVN":"Russia","BORDERPRECISION":3,"fid":408}},
{"type":"Feature","geometry":{"type":"MultiPolygon","coordinates":[[[[-79.05,42.852],[-78.875,42.804],[-79.198,42.571],[-80.073,42.153],[-80.566,41.97],[-81.043,41.836],[-81.811,41.495],[-82.131,41.482],[-82.568,41.404],[-83.034,41.563],[-83.45,41.754],[-83.264,42.002],[-83.056,42.027],[-83.041,42.243],[-82.536,42.612],[-82.298,43.029],[-82.465,43.195],[-82.658,43.84],[-82.921,44.057],[-83.294,43.954],[-83.59,43.665],[-83.744,43.621],[-83.917,43.784],[-83.872,43.92],[-83.646,44.034],[-83.386,44.313],[-83.286,44.619],[-83.301,44.841],[-83.431,45.275],[-83.636,45.392],[-84.115,45.528],[-84.355,45.674],[-84.634,45.751],[-84.694,45.984],[-83.972,45.951],[-83.821,46.15],[-84.277,46.266],[-84.44,46.459],[-84.723,46.448],[-84.744,46.468],[-85.015,46.558],[-85.1,46.749],[-85.668,46.675],[-85.993,46.672],[-86.278,46.606],[-86.522,46.475],[-87.273,46.512],[-87.76,46.864],[-88.457,46.92],[-88.283,47.142],[-87.881,47.462],[-88.299,47.399],[-88.84,47.093],[-89.311,46.881],[-89.698,46.824],[-90.277,46.625],[-90.527,46.603],[-90.705,46.688],[-90.832,46.944],[-91.868,46.708],[-92.111,46.734],[-91.15,47.368],[-90.457,47.705],[-89.622,47.968],[-90,47.972],[-90,48.249],[-91.141,48.215],[-91.682,48.039],[-91.91,48.083],[-92.258,48.327],[-92.484,48.332],[-92.839,48.515],[-93.48,48.608],[-93.713,48.574],[-94.088,48.778],[-94.424,49.151],[-94.827,49.488],[-95.053,49.472],[-94.82,49.051],[-96.335,49.039],[-98.201,49.049],[-100.46,49.043],[-102.67,49.051],[-104.262,49.056],[-106.44,49.064],[-108.461,49.059],[-110.18,49.07],[-110.67,49.054],[-112.529,49.064],[-115.165,49.056],[-117.215,49.058],[-118.987,49.062],[-121.052,49.051],[-122.9,49.067],[-122.606,48.835],[-122.374,48.266],[-122.345,48.077],[-122.486,47.606],[-122.663,47.469],[-122.944,47.423],[-123.183,47.488],[-122.808,47.828],[-122.826,48.023],[-123.259,48.206],[-123.793,48.198],[-124.146,48.25],[-124.675,48.386],[-124.726,48.118],[-124.309,47.459],[-124.131,46.669],[-124.159,46.35],[-124.054,46.29],[-123.995,45.764],[-124.072,45.048],[-124.331,44.072],[-124.137,43.666],[-124.302,43.343],[-124.483,43.253],[-124.63,43.014],[-124.561,42.602],[-124.306,42.055],[-118.925,42.055],[-110.214,42.055],[-110.214,38.353],[-109.249,38.192],[-107.478,38.192],[-104.099,37.548],[-102.328,37.709],[-100.236,37.709],[-100.204,36.483],[-100.204,35.405],[-100.204,34.543],[-99.898,34.361],[-99.773,34.401],[-99.416,34.323],[-99.39,34.196],[-99.155,34.195],[-98.69,34.046],[-98.567,34.14],[-98.372,34.097],[-98.069,33.832],[-97.865,33.974],[-97.329,33.7],[-97.07,33.836],[-96.832,33.835],[-96.626,33.759],[-96.353,33.82],[-95.499,33.856],[-95.423,33.944],[-95.172,33.844],[-95.073,33.729],[-94.852,33.68],[-94.593,33.53],[-94.247,33.535],[-94.246,31.982],[-93.998,31.685],[-94.043,31.582],[-93.752,31.169],[-93.73,30.913],[-93.942,30.524],[-93.896,30.118],[-94.132,29.78],[-94.061,29.699],[-93.446,29.768],[-92.643,29.579],[-92.117,29.542],[-91.978,29.625],[-92.228,29.802],[-91.951,29.832],[-91.429,29.543],[-91.24,29.321],[-90,29.109],[-89.978,29.406],[-89.622,29.284],[-89.498,29.096],[-89.272,29.058],[-89.032,29.119],[-89.292,29.367],[-89.559,29.433],[-89.686,29.706],[-89.38,29.873],[-89.684,30.09],[-89.233,30.406],[-88.343,30.389],[-88.142,30.328],[-88.035,30.679],[-87.775,30.263],[-87.404,30.307],[-87.383,30.442],[-87.089,30.359],[-86.615,30.411],[-86.389,30.473],[-86.058,30.235],[-85.719,30.203],[-85.487,30.039],[-85.428,29.76],[-85.305,29.664],[-84.764,29.799],[-84.317,30.092],[-84.124,30.124],[-83.886,30.048],[-83.492,29.687],[-83.118,29.242],[-82.779,29.11],[-82.647,28.907],[-82.718,28.437],[-82.841,27.838],[-82.717,27.745],[-82.505,27.928],[-82.451,27.724],[-82.62,27.528],[-82.584,27.311],[-82.31,26.825],[-82.142,26.867],[-82.078,26.551],[-81.887,26.448],[-81.837,26.079],[-81.745,25.921],[-81.401,25.859],[-81.146,25.378],[-81.098,25.125],[-80.869,25.187],[-80.738,25.13],[-80.314,25.244],[-80.354,25.548],[-80.214,25.735],[-80.05,26.551],[-80.078,26.923],[-80.447,27.776],[-80.605,28.561],[-81.026,29.264],[-81.231,29.656],[-81.405,30.073],[-81.512,30.727],[-81.182,31.64],[-80.581,32.497],[-80.222,32.536],[-79.717,32.797],[-79.349,33.11],[-79.204,33.46],[-78.899,33.702],[-78.621,33.811],[-77.963,33.933],[-77.296,34.667],[-76.622,34.763],[-76.306,34.979],[-76.624,35.032],[-76.5,35.281],[-76.516,35.467],[-76.141,35.384],[-75.884,35.687],[-75.708,35.749],[-75.729,35.882],[-76.068,36.048],[-76.325,35.983],[-76.34,36.152],[-76.094,36.205],[-75.793,36.137],[-75.896,36.398],[-75.906,36.765],[-75.975,36.937],[-76.503,37.029],[-76.723,37.201],[-76.639,37.269],[-76.417,37.029],[-76.283,37.056],[-76.377,37.29],[-76.258,37.373],[-76.314,37.732],[-76.215,37.943],[-76.324,38.109],[-76.384,38.459],[-76.538,38.785],[-76.405,39.085],[-76.15,39.067],[-76.008,38.667],[-76.326,38.539],[-76.223,38.361],[-76.044,38.293],[-75.846,38.426],[-75.668,37.898],[-75.866,37.714],[-76.02,37.326],[-75.869,37.281],[-75.652,37.551],[-75.431,37.993],[-75.042,38.497],[-75.089,38.842],[-75.215,38.871],[-75.389,39.133],[-75.401,39.424],[-75.133,39.246],[-74.94,39.251],[-74.86,38.99],[-74.414,39.418],[-74.153,39.765],[-73.946,40.447],[-74.195,40.489],[-74.177,40.642],[-73.741,40.977],[-73.386,41.139],[-72.854,41.294],[-71.449,41.425],[-71.41,41.724],[-70.967,41.562],[-70.761,41.694],[-70.642,41.592],[-69.922,41.724],[-69.991,41.867],[-70.302,41.759],[-70.482,41.807],[-70.506,41.986],[-70.776,42.303],[-71.054,42.357],[-70.759,42.71],[-70.868,42.871],[-70.686,43.099],[-70.536,43.404],[-70.378,43.452],[-70.216,43.8],[-69.826,43.752],[-69.68,43.884],[-69.249,43.991],[-68.804,44.393],[-68.504,44.297],[-68.467,44.441],[-68.131,44.567],[-67.908,44.477],[-67.738,44.663],[-67.537,44.609],[-67.169,44.711],[-66.939,44.879],[-67.187,45.252],[-67.321,45.565],[-67.594,45.669],[-67.559,45.772],[-67.699,47.041],[-67.996,47.294],[-68.699,47.264],[-69.049,47.464],[-69.333,47.228],[-69.565,46.946],[-70.077,45.947],[-70.589,45.295],[-71.112,45.35],[-71.293,45.323],[-71.535,44.959],[-72.027,45.001],[-72.862,45.003],[-74.782,45.012],[-75.458,44.64],[-76.133,44.327],[-76.281,44.143],[-76.085,43.966],[-76.289,43.85],[-76.174,43.625],[-76.937,43.237],[-77.389,43.27],[-77.58,43.216],[-77.846,43.35],[-78.503,43.362],[-79.14,43.222],[-79.05,42.852]],[[-87.682,42.023],[-87.783,42.204],[-87.777,42.66],[-87.908,43.192],[-87.756,43.575],[-87.715,43.876],[-87.564,44.13],[-87.343,44.818],[-87.544,44.862],[-87.718,44.695],[-87.991,44.671],[-87.876,44.878],[-87.607,45.107],[-87.195,45.57],[-86.72,45.867],[-86.411,45.771],[-86.295,45.905],[-85.838,45.954],[-85.382,46.075],[-84.948,45.968],[-84.959,45.76],[-85.075,45.612],[-84.952,45.408],[-85.251,45.314],[-85.369,45.203],[-85.423,44.898],[-85.638,44.829],[-85.551,45.147],[-86.002,44.917],[-86.214,44.704],[-86.33,44.275],[-86.453,44.13],[-86.514,43.681],[-86.47,43.495],[-86.243,42.988],[-86.23,42.617],[-86.372,42.248],[-86.518,42.035],[-86.842,41.766],[-87.224,41.635],[-87.554,41.766],[-87.682,42.023]]],[[[-72.279,41.117],[-72.647,40.98],[-73.589,40.921],[-73.911,40.795],[-74.033,40.647],[-73.618,40.594],[-73.561,40.645],[-72.543,40.826],[-72.279,41.117]]]]},"properties":{"NAME":"United States","SUBJECTO":"United States","PARTOF":"United States","ABBREVN":"United States","BORDERPRECISION":3,"fid":409}},
{"type":"Feature","geometry":{"type":"MultiPolygon","coordinates":[[[[124.134,39.843],[124.443,39.573],[124.922,39.619],[125.207,39.485],[125.296,39.364],[125.028,38.816],[125.294,38.689],[125.269,38.568],[124.929,38.465],[124.736,38.28],[124.694,38.14],[124.77,37.936],[125.077,37.771],[125.269,37.485],[125.562,37.836],[125.741,37.785],[125.909,37.511],[126.21,37.754],[126.419,37.592],[126.629,37.591],[126.766,37.232],[126.761,36.97],[126.499,37.05],[126.124,36.709],[126.497,36.724],[126.464,36.575],[126.544,36.136],[126.674,36.005],[126.752,35.778],[126.479,35.64],[126.378,35.312],[126.36,35.069],[126.434,34.964],[126.371,34.789],[126.62,34.624],[126.463,34.485],[126.6,34.3],[127.01,34.602],[127.217,34.707],[127.315,34.444],[127.554,34.656],[127.748,34.727],[127.576,34.887],[127.767,34.96],[128.452,34.846],[128.573,35.17],[128.735,35.093],[129.137,35.112],[129.439,35.476],[129.584,35.989],[129.387,36.036],[129.382,36.309],[129.475,36.774],[129.434,37.059],[129.342,37.257],[129.066,37.624],[128.641,38.117],[128.364,38.625],[128.27,38.42],[127.956,38.694],[127.405,39.075],[127.277,39.222],[127.441,39.624],[127.672,39.866],[127.931,39.956],[128.236,39.97],[128.447,40.066],[129.177,40.63],[129.478,40.682],[129.631,41.278],[129.641,41.656],[129.825,41.861],[130.435,42.277],[130.226,42.651],[129.966,42.957],[129.74,42.898],[129.568,42.737],[129.464,42.417],[128.756,42.061],[127.984,42.108],[127.849,41.845],[128.098,41.449],[127.861,41.378],[127.423,41.356],[126.972,41.539],[126.849,41.718],[126.474,41.652],[126.166,41.189],[125.879,40.945],[125.415,40.7],[124.725,40.428],[124.491,40.28],[124.134,39.843]]],[[[126.599,33.233],[126.843,33.308],[126.941,33.454],[126.793,33.551],[126.317,33.453],[126.171,33.262],[126.599,33.233]]]]},"properties":{"NAME":"Korea","SUBJECTO":"Korea","PARTOF":"Korea","ABBREVN":"Korea","BORDERPRECISION":3,"fid":410}},
{"type":"Feature","geometry":{"type":"Polygon","coordinates":[[[13.672,54.569],[13.225,54.634],[13.118,54.334],[13.508,54.343],[13.672,54.569]]]},"properties":{"BORDERPRECISION":3,"fid":411}},
{"type":"Feature","geometry":{"type":"Polygon","coordinates":[[[14.764,55.306],[14.678,55.102],[15.043,54.995],[15.149,55.129],[14.764,55.306]]]},"properties":{"BORDERPRECISION":3,"fid":412}},
{"type":"Feature","geometry":{"type":"Polygon","coordinates":[[[23.174,58.676],[23.071,58.588],[23.227,58.53],[23.347,58.639],[23.174,58.676]]]},"properties":{"BORDERPRECISION":3,"fid":413}},
{"type":"Feature","geometry":{"type":"Polygon","coordinates":[[[23.206,58.445],[22.917,58.616],[22.502,58.602],[22.112,58.492],[21.884,58.252],[22.201,58.145],[22.475,58.242],[22.757,58.24],[23.206,58.445]]]},"properties":{"BORDERPRECISION":3,"fid":414}},
{"type":"Feature","geometry":{"type":"Polygon","coordinates":[[[22.948,58.844],[22.952,58.967],[22.576,59.069],[22.229,58.878],[22.48,58.7],[22.948,58.844]]]},"properties":{"BORDERPRECISION":3,"fid":415}},
{"type":"Feature","geometry":{"type":"Polygon","coordinates":[[[23.181,59.042],[23.181,58.961],[23.381,58.976],[23.326,59.037],[23.181,59.042]]]},"properties":{"BORDERPRECISION":3,"fid":416}},
{"type":"Feature","geometry":{"type":"Polygon","coordinates":[[[20.123,60.081],[20.004,60.051],[20.137,59.992],[20.212,60.06],[20.123,60.081]]]},"properties":{"BORDERPRECISION":3,"fid":417}},
{"type":"Feature","geometry":{"type":"Polygon","coordinates":[[[20.295,60.121],[20.216,60.139],[20.205,60.081],[20.271,60.057],[20.295,60.121]]]},"properties":{"BORDERPRECISION":3,"fid":418}},
{"type":"Feature","geometry":{"type":"Polygon","coordinates":[[[19.565,60.249],[19.512,60.181],[19.543,60.128],[19.673,60.15],[19.565,60.249]]]},"properties":{"BORDERPRECISION":3,"fid":419}},
{"type":"Feature","geometry":{"type":"Polygon","coordinates":[[[20.067,60.296],[19.931,60.277],[19.772,60.081],[20.044,60.086],[19.914,60.217],[20.067,60.296]]]},"properties":{"BORDERPRECISION":3,"fid":420}},
{"type":"Feature","geometry":{"type":"Polygon","coordinates":[[[20.442,60.248],[20.341,60.241],[20.387,60.193],[20.442,60.248]]]},"properties":{"BORDERPRECISION":3,"fid":421}},
{"type":"Feature","geometry":{"type":"Polygon","coordinates":[[[11.044,54.518],[11.021,54.439],[11.313,54.407],[11.243,54.496],[11.044,54.518]]]},"properties":{"BORDERPRECISION":3,"fid":422}},
{"type":"Feature","geometry":{"type":"MultiPolygon","coordinates":[[[[9.496,54.938],[9.544,55.351],[9.811,55.437],[10.153,55.084],[10.498,55.029],[10.74,55.067],[10.835,55.294],[10.31,55.617],[10.147,55.765],[10.175,56.076],[10.442,56.151],[10.751,56.097],[10.889,56.369],[10.826,56.443],[10.314,56.469],[10.216,56.85],[9.37,56.882],[9.312,56.481],[9.136,56.46],[8.869,56.616],[8.675,56.358],[8.309,56.479],[8.183,56.431],[8.117,56.092],[8.317,55.849],[8.035,55.476],[8.319,55.481],[8.56,55.356],[8.645,55.069],[8.616,54.887],[9.496,54.938]]],[[[-22.474,65.996],[-22.911,65.944],[-23.341,66.134],[-23.608,65.98],[-23.267,65.725],[-23.973,65.687],[-24.147,65.439],[-23.678,65.317],[-22.814,65.471],[-21.955,65.378],[-21.729,65.182],[-21.978,64.95],[-23.136,64.847],[-23.611,64.746],[-23.508,64.559],[-22.279,64.619],[-22.086,64.44],[-21.488,64.376],[-21.804,64.11],[-22.507,63.866],[-22.373,63.773],[-21.548,63.718],[-20.88,63.74],[-20.404,63.698],[-19.827,63.478],[-18.961,63.337],[-18.642,63.324],[-17.944,63.425],[-17.591,63.689],[-16.534,63.784],[-15.634,64.057],[-15.267,64.28],[-14.821,64.195],[-14.366,64.476],[-14.348,64.67],[-13.694,64.779],[-13.526,65.183],[-13.647,65.495],[-14.4,65.567],[-14.754,65.697],[-14.641,65.945],[-15.574,66.207],[-15.86,66.419],[-16.385,66.454],[-16.376,66.132],[-16.922,65.978],[-18.022,66.078],[-17.861,65.837],[-18.128,65.786],[-18.676,66.091],[-19.275,65.929],[-19.556,65.768],[-19.973,66.111],[-20.217,66.001],[-20.168,65.556],[-20.831,65.366],[-21.08,65.205],[-21.495,65.568],[-21.242,65.882],[-21.443,66.13],[-21.779,66.254],[-22.676,66.391],[-22.841,66.281],[-22.474,65.996]]],[[[10.558,57.745],[9.849,57.582],[9.449,57.228],[9.302,57.166],[8.661,57.104],[8.359,57.023],[8.183,56.798],[8.471,56.597],[8.778,56.798],[8.847,56.986],[9.079,57.037],[9.503,56.975],[10.257,57.006],[10.463,57.242],[10.401,57.506],[10.558,57.745]]],[[[12.053,55.703],[11.728,55.662],[11.568,55.885],[11.296,55.675],[11.102,55.634],[11.285,55.189],[11.767,55.176],[11.97,54.954],[12.43,55.245],[12.158,55.379],[12.409,55.548],[12.444,55.968],[12.088,55.967],[12.053,55.703]]],[[[-27.912,70.282],[-28.384,70.458],[-28.084,70.897],[-27.606,71.068],[-26.329,71.132],[-25.695,71.273],[-25.85,71.436],[-26.787,71.558],[-26.12,71.669],[-25.291,71.569],[-24.386,71.183],[-24.04,70.774],[-23.754,70.59],[-23.084,70.468],[-22.203,70.485],[-21.714,70.386],[-21.471,70.532],[-21.592,71.211],[-21.726,71.405],[-22.431,71.341],[-22.818,71.87],[-23.92,72.188],[-25.073,72.634],[-25.778,72.609],[-26.46,72.726],[-27.038,72.749],[-27.357,72.859],[-27.516,73.096],[-27.441,73.287],[-26.827,73.408],[-25.763,73.354],[-25.01,73.475],[-24.076,73.756],[-23.494,73.509],[-22.82,73.327],[-21.709,73.274],[-21.44,73.394],[-20.33,73.42],[-20.354,73.811],[-21.153,73.993],[-22.029,74.104],[-21.762,74.305],[-19.716,74.213],[-19.051,74.335],[-19.071,74.609],[-19.821,74.745],[-20.616,74.954],[-20.679,75.308],[-19.562,75.228],[-19.194,75.444],[-19.2,75.693],[-19.57,76.11],[-19.884,76.177],[-21.217,76.267],[-21.751,76.367],[-22.378,76.636],[-21.773,76.824],[-21.183,76.697],[-20.561,76.911],[-19.978,76.946],[-18.057,76.805],[-17.92,77.061],[-18.253,77.3],[-19.064,77.239],[-20.105,77.382],[-19.944,77.641],[-19.086,77.6],[-19.177,77.824],[-20.391,77.987],[-20.777,77.969],[-21.382,77.587],[-21.768,77.767],[-20.879,78.818],[-19.763,78.873],[-19.481,79.46],[-19.177,79.613],[-18.102,79.669],[-17.769,79.967],[-20.267,79.999],[-20.045,80.24],[-19.045,80.426],[-16.92,80.411],[-16.441,80.451],[-15.013,80.858],[-14.202,81.21],[-12.644,81.386],[-12.705,81.621],[-14.253,81.835],[-16.465,81.904],[-17.963,81.518],[-19.317,81.597],[-21.182,81.287],[-23.339,80.623],[-24.11,80.769],[-23.533,81.1],[-22.053,81.54],[-21.798,81.757],[-22.948,81.9],[-24.877,81.595],[-25.975,81.831],[-27.89,81.848],[-28.891,81.794],[-30.651,81.811],[-32.415,81.652],[-32.598,81.974],[-31.135,82.198],[-29.016,82.235],[-28.391,82.31],[-25.457,82.221],[-22.59,82.419],[-22.432,82.743],[-25.324,83],[-26.421,83.342],[-32.513,83.577],[-34.427,83.403],[-36.487,83.511],[-38.587,83.382],[-38.587,82.828],[-40.195,82.967],[-41.881,83.263],[-45.213,82.967],[-43.955,82.491],[-44.323,81.823],[-45.525,81.821],[-47.319,82.089],[-49.648,82.478],[-50.905,82.368],[-49.846,81.811],[-50.626,81.789],[-52.364,82.12],[-52.816,82.13],[-53.01,81.68],[-53.664,81.463],[-53.768,82.245],[-54.575,82.328],[-58.133,82.013],[-57.82,81.784],[-57.074,81.548],[-57.444,81.424],[-60.039,81.883],[-61.122,81.798],[-60.952,81.365],[-61.112,81.182],[-63.725,81.086],[-66.522,80.711],[-67.143,80.562],[-67.41,80.211],[-66.419,79.982],[-65.9,80.069],[-64.623,79.949],[-64.891,79.382],[-65.485,79.158],[-67.969,79.127],[-68.839,78.974],[-69.266,78.796],[-72.383,78.526],[-72.525,78.166],[-71.888,77.949],[-71.045,77.916],[-70.38,77.666],[-69.688,77.555],[-68.953,77.634],[-67.852,77.593],[-66.805,77.777],[-66.153,77.553],[-66.178,77.398],[-66.784,77.259],[-67.736,77.189],[-71.184,77.26],[-71.448,77.122],[-70.5,76.833],[-68.376,76.778],[-68.144,76.6],[-69.045,76.294],[-67.037,75.936],[-66.54,75.971],[-66.684,76.307],[-65.475,76.099],[-64.836,76.167],[-63.651,76.38],[-61.507,76.258],[-59.783,75.916],[-58.636,75.793],[-58.229,75.611],[-58.205,75.295],[-57.774,75.09],[-56.939,74.919],[-55.779,73.704],[-55.353,73.346],[-54.73,73.038],[-54.626,72.721],[-55.366,72.728],[-55.298,72.161],[-55.626,71.73],[-55.477,71.489],[-55.012,71.335],[-54.382,71.305],[-53.988,71.414],[-53.323,71.891],[-52.813,71.743],[-52.037,71.698],[-51.72,71.59],[-52.198,71.355],[-51.675,71.224],[-51.326,70.823],[-50.799,70.385],[-51.153,70.323],[-52.367,70.667],[-53.628,70.819],[-54.374,70.725],[-53.666,70.357],[-52.909,70.289],[-51.637,69.94],[-50.573,69.866],[-50.457,69.738],[-50.767,69.336],[-50.366,69.194],[-50.266,68.953],[-50.874,68.945],[-50.954,68.539],[-51.679,68.5],[-52.337,68.664],[-52.691,68.663],[-52.842,68.506],[-50.491,67.973],[-50.357,67.891],[-50.477,67.482],[-52.808,67.775],[-53.319,67.618],[-53.494,67.473],[-53.17,67.286],[-53.45,67.084],[-53.267,66.922],[-52.303,66.909],[-52.448,66.607],[-53.222,66.531],[-53.348,66.324],[-52.73,66.276],[-53.108,66.034],[-53.103,65.873],[-52.536,65.495],[-52.187,65.518],[-52.078,65.372],[-51.94,64.657],[-51.957,64.377],[-51.805,64.233],[-51.28,64.428],[-50.994,64.615],[-50.144,64.739],[-50.043,64.438],[-50.439,64.243],[-50.988,64.092],[-51.266,63.926],[-51.366,63.726],[-51.101,63.47],[-50.617,63.435],[-50.591,63.15],[-50.466,63.051],[-49.857,62.967],[-50.096,62.668],[-50.159,62.462],[-50.048,62.314],[-49.116,62.104],[-49.148,61.772],[-48.915,61.421],[-48.568,61.246],[-47.969,61.037],[-47.63,60.597],[-47.159,60.856],[-46.072,60.942],[-45.771,61.104],[-45.46,60.895],[-45.622,60.601],[-45.362,60.461],[-44.856,60.379],[-44.682,60.288],[-44.753,60.031],[-44.467,59.761],[-44.276,60.032],[-44.052,60.164],[-43.579,59.936],[-43.144,59.819],[-42.962,60.034],[-43.154,60.305],[-43.497,60.479],[-42.785,60.529],[-42.817,61.026],[-43.037,61.292],[-42.478,61.307],[-42.306,61.729],[-42.271,62.194],[-42.919,62.462],[-43.226,62.681],[-42.299,62.739],[-41.834,62.691],[-41.789,62.847],[-41.916,63.124],[-41.434,63.039],[-41.227,63.253],[-41.378,63.523],[-40.894,63.524],[-40.516,63.782],[-40.691,63.932],[-41.484,64.274],[-40.472,64.348],[-40.351,64.528],[-40.484,64.685],[-41.06,65.037],[-39.898,64.953],[-39.686,65.171],[-39.992,65.533],[-38.989,65.572],[-38.467,65.645],[-38.11,65.821],[-37.937,66.004],[-38.042,66.399],[-37.155,66.32],[-37.579,65.545],[-37.048,65.743],[-36.324,65.722],[-35.972,65.847],[-35.708,66.352],[-35.248,66.229],[-34.782,66.266],[-34.433,66.384],[-33.96,66.767],[-33.214,67.47],[-32.956,67.641],[-32.037,67.985],[-32.355,68.454],[-32.019,68.447],[-31.355,68.046],[-30.736,67.928],[-30.305,67.98],[-29.994,68.391],[-29.4,68.228],[-27.959,68.477],[-26.964,68.502],[-26.362,68.66],[-25.324,69.09],[-24.897,69.392],[-24.333,69.333],[-22.732,69.774],[-22.158,70.056],[-23.587,70.084],[-24.585,70.304],[-25.453,70.287],[-26.252,70.178],[-27.475,70.207],[-27.912,70.282]]],[[[-21.906,72.051],[-21.882,72.365],[-22.251,72.498],[-23.131,72.678],[-23.798,72.66],[-23.585,72.44],[-22.833,72.269],[-22.146,72.027],[-21.906,72.051]]],[[[-53.037,70.037],[-53.617,70.158],[-54.594,70.24],[-54.723,70.087],[-54.687,69.707],[-54.486,69.564],[-53.551,69.278],[-52.521,69.477],[-51.877,69.531],[-52.084,69.772],[-53.037,70.037]]],[[[11.834,54.661],[11.845,54.77],[11.276,54.95],[11.014,54.896],[11.032,54.756],[11.456,54.619],[11.834,54.661]]]]},"properties":{"NAME":"Denmark","SUBJECTO":"Denmark","PARTOF":"Denmark","ABBREVN":"Denmark","BORDERPRECISION":3,"fid":423}},
{"type":"Feature","geometry":{"type":"MultiPolygon","coordinates":[[[[31.054,69.64],[30.735,69.752],[29.729,69.698],[29.556,69.833],[28.73,70.136],[30.252,70.131],[30.799,70.308],[30.462,70.537],[29.741,70.605],[28.795,70.865],[28.389,70.572],[28.29,70.372],[27.875,70.425],[27.985,70.717],[28.308,70.949],[27.516,70.97],[27.131,70.577],[26.617,70.392],[26.607,70.915],[26.263,70.791],[25.574,70.367],[25.231,70.558],[25.832,70.898],[25.389,70.905],[24.571,70.741],[24.208,70.472],[23.827,70.479],[23.508,70.279],[23.204,69.943],[22.746,70.171],[22.306,70.216],[21.908,69.804],[21.412,70.015],[21.103,69.818],[20.358,69.71],[20.158,69.748],[19.58,69.181],[18.985,69.315],[18.553,69.247],[18.097,69.058],[17.566,68.974],[17.407,68.772],[16.855,68.558],[17.033,68.338],[16.522,68.341],[16.649,68.046],[16.412,67.874],[16.071,68.045],[15.572,67.821],[15.762,67.676],[15.385,67.464],[14.976,67.523],[14.569,67.329],[14.778,67.217],[14.055,66.975],[13.747,66.922],[13.992,66.687],[13.383,66.679],[13.169,66.458],[13.581,66.188],[13.152,66.136],[13.087,65.88],[12.709,65.909],[12.284,65.435],[12.496,65.384],[12.526,65.109],[12.112,65.13],[11.896,64.913],[11.407,64.617],[11.364,64.416],[10.997,64.494],[10.066,64.056],[9.832,63.684],[9.441,63.498],[9.216,63.284],[8.957,63.404],[8.606,63.325],[8.258,63.054],[7.989,62.94],[7.088,62.91],[7.102,62.705],[7.547,62.599],[7.289,62.486],[6.613,62.583],[6.533,62.336],[6.053,62.335],[5.426,62.009],[5.834,61.819],[5.149,61.741],[5.12,61.137],[5.387,61.026],[5.109,60.906],[4.98,60.689],[5.075,60.592],[5.551,60.509],[5.096,60.264],[5.279,60.125],[5.894,60.161],[5.806,59.949],[5.087,59.509],[5.177,59.307],[5.529,59.266],[5.717,59.337],[6.033,59.201],[5.772,59.076],[5.794,58.916],[5.531,58.881],[5.4,58.715],[5.615,58.455],[5.874,58.432],[6.231,58.278],[6.652,58.172],[6.959,57.972],[8.154,58.09],[8.175,58.172],[8.922,58.538],[9.698,58.999],[10.172,58.987],[10.549,59.379],[10.829,59.106],[11.179,59.07],[11.14,58.851],[11.221,58.308],[11.407,58.331],[11.802,58.178],[11.61,57.807],[11.881,57.509],[12.289,56.88],[12.526,56.78],[12.872,56.512],[12.652,56.296],[12.414,56.243],[12.699,55.905],[12.986,55.667],[12.802,55.353],[13.302,55.301],[13.823,55.422],[14.117,55.347],[14.286,55.515],[14.126,55.667],[14.259,55.899],[14.653,56.121],[15.221,56.08],[15.497,56.167],[15.771,56.033],[16.376,56.822],[16.395,57.074],[16.659,57.443],[16.477,57.702],[16.46,57.895],[16.725,57.889],[16.744,58.312],[16.513,58.428],[16.443,58.634],[17.081,58.65],[17.582,58.893],[17.94,58.908],[18.016,59.038],[18.372,59.157],[18.273,59.287],[17.358,59.245],[17,59.359],[17.071,59.546],[18.03,59.359],[18.639,59.567],[19.037,59.863],[18.804,60.108],[18.417,60.182],[17.931,60.59],[17.706,60.554],[17.318,60.753],[17.146,60.953],[17.065,61.538],[17.387,61.658],[17.497,62.088],[17.29,62.441],[17.718,62.357],[17.936,62.548],[17.868,62.789],[18.303,62.789],[18.487,62.981],[19.076,63.202],[19.318,63.445],[19.67,63.389],[20.701,63.818],[21.049,64.219],[21.386,64.385],[20.921,64.714],[21.489,65.017],[21.277,65.212],[21.522,65.372],[21.957,65.446],[22.202,65.715],[22.646,65.935],[23.204,65.681],[23.948,65.797],[23.656,66.28],[23.881,66.641],[23.868,66.817],[23.458,67.412],[23.488,67.834],[22.913,68.188],[22.201,68.281],[21.712,68.413],[20.791,68.932],[21.246,69.228],[21.625,69.237],[22.46,68.694],[23.336,68.616],[24.082,68.717],[24.801,68.429],[25.625,68.807],[25.746,69.258],[26.118,69.644],[26.507,69.812],[27.909,69.888],[29.113,69.486],[29.133,69.366],[28.74,68.95],[29.007,68.832],[29.924,69.355],[30.641,69.418],[31.054,69.64]]],[[[20.344,79.796],[21.971,79.783],[21.655,79.478],[20.983,79.361],[20.998,79.191],[23.821,79.147],[24.416,79.312],[25.337,79.403],[26.067,79.574],[27.197,79.944],[26.949,80.114],[26.254,80.199],[25.034,80.167],[24.783,80.38],[23.077,80.241],[20.974,80.275],[20.524,80.322],[19.915,80.633],[19.068,80.165],[18.331,79.882],[19.218,79.74],[20.344,79.796]]],[[[13.397,79.434],[13.252,79.801],[11.284,79.707],[10.919,79.545],[11.335,79.207],[12.157,79.315],[12.525,79.059],[11.76,78.88],[12.075,78.696],[13.062,78.347],[13.618,78.269],[14.353,78.428],[14.819,78.718],[16.617,78.467],[15.921,78.265],[13.905,78],[14.131,77.766],[14.893,77.785],[16.418,77.901],[16.712,77.789],[16.287,77.615],[14.778,77.535],[14.485,77.371],[15.099,77.115],[16.663,76.727],[17.267,76.813],[17.485,77.248],[17.829,77.489],[18.389,77.542],[18.787,77.94],[19.116,78.455],[19.429,78.587],[20.908,78.809],[19.932,79.108],[19.152,79.231],[18.549,79.56],[17.722,79.487],[17.834,79.809],[16.326,80.025],[15.917,79.842],[16.389,79.235],[15.774,79.242],[14.81,79.804],[14.317,79.722],[14.159,79.364],[13.397,79.434]]],[[[16.572,56.372],[16.77,56.796],[16.617,56.874],[16.393,56.529],[16.572,56.372]]]]},"properties":{"NAME":"Sweden–Norway","ABBREVN":"Sweden–Norway","BORDERPRECISION":3,"fid":424}},
{"type":"Feature","geometry":{"type":"Polygon","coordinates":[[[15.009,51.056],[15.267,51.023],[15.472,50.833],[15.818,50.797],[16.001,50.656],[16.353,50.705],[16.443,50.623],[16.204,50.463],[16.728,50.149],[17.012,50.287],[17.014,50.477],[17.36,50.336],[17.679,50.338],[17.751,50.036],[18.048,50.103],[18.188,50.021],[18.786,49.892],[18.768,50.179],[18.646,50.645],[18.14,50.988],[18.113,51.771],[17.897,52.176],[18.086,52.392],[18.464,52.392],[18.599,52.5],[18.572,52.824],[18.842,53.067],[19.285,53.165],[19.579,53.079],[20.011,53.044],[20.097,53.182],[20.477,53.131],[20.702,53.321],[21.117,53.269],[22.807,53.808],[22.74,53.95],[22.662,54.571],[22.794,54.902],[21.684,55.353],[21.276,55.861],[20.945,56.07],[21.018,55.634],[21.216,55.344],[21.137,54.845],[20.985,54.812],[19.943,54.85],[19.863,54.752],[20.006,54.547],[19.733,54.31],[19.328,54.161],[19.255,54.277],[18.965,54.228],[18.513,54.316],[18.454,54.525],[18.279,54.724],[17.658,54.685],[16.473,54.415],[15.898,54.128],[15.312,54.071],[14.473,53.877],[14.565,53.694],[14.433,53.594],[14.01,53.673],[13.78,53.775],[13.738,54.03],[13.431,54.03],[13.064,54.194],[12.943,54.347],[12.463,54.255],[12.9,54.025],[12.771,53.701],[13.143,53.782],[13.256,53.572],[13.401,53.701],[13.806,53.604],[13.725,53.281],[13.531,53.087],[13.272,53.022],[13.143,52.877],[12.836,52.942],[12.787,52.893],[12.092,53.2],[11.817,53.216],[11.081,52.971],[11.148,52.812],[10.704,52.82],[10.528,52.737],[10.503,52.351],[10.578,52.243],[10.511,51.882],[10.193,51.765],[10.211,51.663],[10.151,51.637],[10.18,51.596],[10.55,51.575],[10.973,51.584],[10.765,51.444],[10.47,51.489],[10.162,51.472],[9.649,51.308],[9.929,51.105],[10.118,51.004],[10.543,51.082],[10.677,50.725],[10.8,51.16],[11.303,51.216],[11.56,51.149],[11.783,50.915],[12.065,51.023],[12.127,51.248],[12.065,51.511],[12.365,51.486],[12.627,51.611],[13.715,51.498],[14.24,51.536],[14.715,51.411],[15.009,51.056]],[[10.337,51.349],[10.724,51.364],[10.613,51.156],[10.311,51.178],[10.337,51.349]],[[11.059,51.557],[11.067,51.747],[11.39,51.77],[11.792,52.056],[11.934,52.093],[12.161,51.84],[11.803,51.565],[11.245,51.658],[11.059,51.557]]]},"properties":{"NAME":"Prussia","SUBJECTO":"Prussia","PARTOF":"Prussia","ABBREVN":"Prussia","BORDERPRECISION":3,"fid":425}},
{"type":"Feature","geometry":{"type":"Polygon","coordinates":[[[14.07,53.918],[13.778,54.044],[13.828,53.83],[14.07,53.918]]]},"properties":{"NAME":"Prussia","SUBJECTO":"Prussia","PARTOF":"Prussia","ABBREVN":"Prussia","BORDERPRECISION":3,"fid":426}},
{"type":"Feature","geometry":{"type":"Polygon","coordinates":[[[20.263,49.887],[20.18,50.147],[19.207,50.253],[18.768,50.179],[18.786,49.892],[20.263,49.887]]]},"properties":{"NAME":"Republic of Kraków","SUBJECTO":"Republic of Kraków","PARTOF":"Republic of Kraków","ABBREVN":"Republic of Kraków","BORDERPRECISION":3,"fid":427}},
{"type":"Feature","geometry":{"type":"Polygon","coordinates":[[[30.433,46.176],[30.833,46.577],[31.538,46.701],[31.781,46.702],[31.951,46.865],[32.189,46.592],[31.926,46.41],[32.202,46.17],[32.516,46.126],[33.333,46.166],[33.528,46.134],[33.639,45.927],[32.902,45.673],[32.503,45.445],[32.643,45.381],[33.013,45.381],[33.398,45.253],[33.559,44.936],[33.395,44.6],[33.66,44.524],[34.014,44.492],[34.372,44.757],[34.614,44.841],[35.067,44.862],[35.387,45.082],[35.6,45.102],[35.865,45.031],[36.265,45.097],[36.521,45.388],[36.323,45.44],[35.85,45.445],[35.317,45.321],[35.063,45.34],[35.008,45.612],[33.839,46.193],[34.064,46.265],[34.907,46.273],[35.046,46.358],[35.212,46.637],[35.416,46.495],[35.624,46.521],[35.851,46.664],[36.354,46.776],[36.865,46.809],[37.193,46.894],[37.422,47.077],[37.859,47.104],[39.16,47.269],[39.282,47.074],[38.723,46.878],[38.401,46.721],[37.867,46.655],[37.97,46.441],[38.265,46.319],[38.459,46.079],[37.99,46.007],[37.706,45.578],[37.661,45.345],[37.228,45.312],[36.96,45.227],[37.318,44.924],[37.474,44.692],[37.88,44.719],[38.109,44.494],[38.556,44.385],[38.924,44.212],[40.252,43.268],[40.557,43.147],[41.123,43.019],[41.41,42.788],[41.652,42.121],[41.666,41.729],[41.484,41.437],[42.25,41.369],[42.694,41.564],[42.878,41.546],[43.957,42.591],[44.297,42.612],[44.414,42.729],[44.669,42.761],[44.872,42.666],[44.978,42.772],[45.297,42.676],[45.478,42.549],[45.808,42.538],[45.754,42.251],[46.042,42.049],[46.499,41.964],[46.669,41.815],[46.914,41.751],[47.35,41.442],[47.35,41.304],[47.818,41.198],[47.988,41.219],[48.224,41.471],[47.249,42.785],[47.195,43.376],[47.493,43.583],[47.565,43.844],[47.332,44.186],[47.143,44.339],[46.846,44.446],[46.873,44.68],[47.17,44.86],[47.556,45.453],[47.673,45.75],[47.871,45.678],[48.303,45.768],[48.833,46.083],[49.058,46.137],[49.535,46.542],[49.948,46.56],[50.272,46.685],[50.632,46.91],[50.82,46.919],[51.117,47.063],[51.369,47.09],[51.791,47.009],[52.142,46.838],[52.556,46.982],[53.185,46.865],[53.284,46.676],[53.122,46.497],[53.257,46.317],[53.149,45.957],[52.835,45.642],[52.844,45.507],[53.269,45.335],[53.53,45.281],[58.613,46.787],[65.328,50.388],[66.531,50.637],[71.884,51.742],[75.463,51.663],[77.058,52.233],[78.65,50.806],[81.479,50.291],[84.437,50.548],[91.124,52.477],[93.567,52.349],[95.187,53.796],[95.866,53.796],[97.319,52.826],[97.61,52.148],[98.918,52.037],[99.295,51.946],[99.758,51.903],[101.011,51.672],[101.772,51.425],[102.117,51.361],[102.266,50.809],[102.639,50.456],[103.378,50.217],[103.681,50.166],[104.797,50.409],[105.155,50.443],[106.323,50.417],[106.668,50.314],[107.549,49.827],[108.058,49.686],[108.424,49.518],[109.424,49.296],[110.2,49.241],[111.378,49.319],[112.524,49.462],[113.033,49.654],[113.574,50.055],[114.098,50.274],[114.523,50.296],[114.856,50.226],[115.194,49.998],[115.734,49.864],[116.286,49.998],[116.566,50.006],[116.984,49.845],[117.491,49.586],[117.842,49.634],[118.94,49.972],[119.291,50.125],[119.322,50.368],[119.164,50.524],[119.182,50.702],[119.372,50.893],[119.86,51.488],[120.129,51.733],[120.746,52.007],[120.821,52.364],[120.564,52.614],[119.943,52.591],[119.997,52.704],[120.702,53.185],[121.188,53.32],[122.022,53.384],[122.399,53.439],[123.353,53.51],[123.869,53.413],[124.336,53.197],[124.643,53.112],[125.509,53.157],[125.853,52.947],[126.186,52.518],[126.676,51.445],[127.099,50.731],[127.516,49.874],[127.712,49.699],[128.501,49.456],[129.187,49.342],[130.384,48.964],[130.476,48.9],[130.807,47.933],[130.925,47.732],[132.269,47.778],[132.969,48.016],[134.112,48.249],[134.518,48.264],[134.628,48.213],[134.717,47.694],[134.165,47.335],[133.909,46.614],[133.667,46.135],[133.385,45.649],[132.989,45.144],[132.778,44.988],[132.531,45.032],[131.918,45.241],[131.74,45.259],[130.991,44.817],[130.969,44.567],[131.118,44.163],[131.147,43.868],[131.14,43.227],[131.069,43.079],[130.84,42.885],[130.226,42.651],[130.435,42.277],[131.065,42.749],[131.584,43.213],[131.675,43.027],[132.182,43.195],[132.333,42.964],[132.485,42.88],[132.827,42.862],[132.953,42.67],[134.139,42.993],[134.569,43.212],[134.962,43.515],[135.415,44.037],[136.034,44.398],[136.285,44.753],[136.494,44.966],[137.721,45.997],[137.985,46.269],[138.352,46.873],[138.949,47.322],[139.047,47.615],[139.214,47.811],[140.081,48.503],[140.328,49.358],[140.457,50.104],[140.323,50.518],[140.405,50.827],[140.73,51.441],[141.126,51.872],[141.257,52.103],[140.939,52.262],[141.091,52.587],[140.828,52.825],[141.121,53.052],[140.702,53.277],[140.321,53.536],[140.102,53.802],[139.806,53.961],[139.378,54.08],[138.417,54.092],[138.409,53.805],[138.234,53.572],[137.979,53.465],[137.239,53.457],[137.122,53.589],[137.383,53.81],[137.041,53.862],[136.77,53.695],[136.351,53.701],[136.344,53.888],[136.492,54.455],[136.196,54.475],[135.726,54.407],[135.095,54.433],[134.902,54.559],[134.985,54.854],[135.27,55.029],[136.521,55.59],[137.229,55.983],[137.602,56.24],[138.346,56.804],[138.867,57.124],[140.029,57.644],[140.587,58.239],[141.35,58.501],[141.924,58.941],[142.358,59.141],[142.846,59.273],[143.303,59.267],[144.39,59.31],[144.846,59.283],[145.404,59.326],[145.513,59.037],[145.957,58.983],[146.054,59.251],[146.307,59.286],[147,59.191],[147.919,59.261],[148.416,59.097],[148.747,59.297],[148.728,59.476],[149.045,59.587],[149.73,59.595],[150.12,59.389],[151.14,59.44],[151.524,59.344],[151.857,59.056],[151.056,58.924],[151.007,58.793],[151.354,58.691],[151.691,58.753],[152.191,58.926],[152.504,58.769],[152.828,58.948],[153.14,59.01],[153.924,58.922],[154.387,59.04],[154.906,59.103],[154.753,59.281],[154.182,59.301],[153.944,59.397],[153.943,59.569],[154.316,59.983],[155.152,60.394],[155.734,60.555],[155.667,60.778],[156.418,61.121],[156.423,61.401],[157.098,61.633],[158.841,61.784],[159.455,61.561],[159.966,61.765],[160.149,61.66],[159.744,61.1],[159.816,60.981],[160.236,60.947],[160.007,60.591],[160.645,60.718],[161.536,61.187],[162.235,61.51],[162.749,61.609],[162.711,61.763],[163.009,62.178],[162.99,62.326],[164.138,62.533],[165.067,62.436],[165.286,62.288],[164.277,62.223],[164.008,62.131],[163.942,61.737],[163.576,61.33],[163.793,61.128],[163.445,60.89],[163.329,60.695],[162.381,60.464],[161.818,60.268],[161.535,59.942],[160.844,59.554],[159.649,58.954],[159.393,58.61],[159.104,58.425],[158.326,58.027],[157.511,57.745],[156.777,57.58],[156.878,57.363],[156.558,56.947],[155.703,56.37],[155.628,56.268],[155.453,55.276],[155.465,54.92],[155.707,54.065],[155.711,53.805],[155.942,53.193],[156.038,52.781],[156.333,52.272],[156.362,51.914],[156.564,51.234],[156.696,50.958],[157.21,51.229],[157.898,51.666],[158.39,52.203],[158.461,52.826],[159.32,53.126],[159.592,53.134],[159.897,53.241],[159.905,53.4],[159.683,53.579],[159.695,53.859],[159.931,54.086],[160.404,54.368],[160.683,54.448],[161.136,54.409],[161.567,54.423],[161.876,54.564],[162.008,54.738],[161.647,54.985],[161.503,55.287],[161.609,55.557],[161.861,55.861],[162.318,56.24],[162.771,55.917],[163.009,55.944],[163.166,56.106],[163.098,56.56],[162.744,56.6],[162.512,57.033],[162.593,57.17],[163.128,57.552],[162.826,57.701],[162.204,57.679],[161.8,57.863],[161.804,58.102],[162.22,58.486],[162.907,58.891],[162.835,59.056],[163.255,59.29],[163.043,59.462],[163.389,59.814],[163.767,59.884],[164.111,60.078],[164.328,59.961],[164.585,59.665],[164.882,59.734],[164.933,59.962],[165.415,60.115],[165.78,60.354],[166.203,60.353],[165.945,59.771],[166.027,59.709],[167.104,60.271],[168.211,60.433],[169.154,60.435],[169.456,60.296],[169.614,60.012],[169.877,59.875],[170.273,60.013],[170.337,60.277],[171.072,60.452],[171.248,60.654],[172,60.858],[172.492,61.263],[172.918,61.278],[173.481,61.601],[173.927,61.616],[174.542,61.891],[175.173,61.969],[176.549,62.38],[176.832,62.676],[177.19,62.67],[177.291,62.487],[178.738,62.299],[179.242,62.526],[179.288,62.815],[179.004,62.97],[178.344,63.458],[178.403,63.664],[178.147,64.157],[177.535,64.09],[177.082,64.303],[177.082,64.517],[176.753,64.571],[176.468,64.409],[175.9,64.547],[176.332,64.773],[177.251,64.856],[177.427,64.607],[178.004,64.548],[178.726,64.606],[179.016,64.773],[179.309,64.786],[180,64.953],[180,65.052],[180,65.311],[180,65.382],[180,65.963],[180,66.963],[180,67.963],[180,68.92],[178.965,69.229],[178.629,69.259],[177.705,69.49],[177.079,69.534],[176.192,69.713],[175.611,69.779],[173.637,69.761],[173.008,69.692],[172.908,69.835],[172.359,69.909],[170.452,70.019],[170.056,69.611],[170.431,69.559],[170.905,69.034],[170.833,68.922],[170.089,68.779],[169.389,68.717],[168.986,68.963],[168.1,69.232],[167.32,69.659],[166.7,69.432],[166.309,69.378],[164.636,69.413],[164.318,69.465],[164.054,69.66],[163.722,69.674],[163.038,69.545],[161.961,69.528],[161.416,69.354],[161.171,69.159],[160.674,69.27],[160.682,69.578],[159.673,69.652],[159.444,69.765],[159.628,70.22],[159.229,70.547],[158.409,70.814],[157.396,70.928],[156.043,70.987],[155.049,70.939],[153.404,70.728],[152.134,70.664],[151.645,70.894],[151.48,71.086],[150.694,71.347],[149.715,71.438],[148.711,71.629],[149.722,71.895],[149.53,72.027],[148.698,72.166],[146.915,72.202],[146.186,71.842],[145.746,71.694],[145.1,71.576],[144.881,71.723],[145.678,71.927],[145.665,72.161],[144.82,72.143],[145.6,72.426],[144.562,72.456],[142.2,72.679],[141.294,72.787],[140.589,72.495],[139.312,72.383],[139.339,72.164],[139.848,72.236],[139.739,71.838],[139.744,71.404],[139.159,71.418],[138.675,71.618],[138.119,71.47],[138.076,71.246],[137.63,71.075],[136.765,71.406],[136.227,71.513],[135.511,71.512],[134.623,71.301],[134.241,71.262],[133.138,71.453],[132.791,71.592],[132.284,71.661],[131.413,70.864],[130.779,70.678],[130.172,70.815],[129.355,71.176],[128.432,71.755],[127.121,72.212],[126.225,72.249],[126.216,72.382],[127.314,72.714],[128.525,72.952],[128.499,73.126],[127.72,73.402],[125.717,73.398],[124.818,73.658],[124.222,73.697],[123.41,73.481],[123.515,73.172],[122.882,72.753],[122.243,72.909],[120.579,72.835],[118.498,73.036],[118.338,73.186],[118.46,73.519],[116.671,73.619],[115.611,73.625],[114.187,73.551],[113.547,73.201],[113.312,73.383],[113.222,73.748],[112.477,73.659],[111.762,73.658],[111.215,73.768],[110.551,74.038],[110.178,73.798],[110.442,73.568],[109.991,73.44],[107.804,73.143],[106.502,73.061],[106.087,72.855],[105.279,72.752],[106.208,73.259],[107.266,73.522],[108.34,73.691],[111.587,74.731],[112.577,74.886],[113.625,75.273],[113.113,75.494],[113.723,75.869],[113.533,76.094],[112.822,76.059],[112.589,76.259],[111.427,76.568],[109.656,76.691],[108.244,76.646],[107.666,76.443],[106.404,76.432],[107.071,76.771],[107.16,76.949],[106.243,76.913],[105.528,76.98],[104.705,76.928],[104.782,77.149],[105.47,77.329],[105.063,77.569],[103.393,77.558],[101.69,77.203],[101.166,77.006],[101.389,76.625],[100.83,76.455],[99.983,76.437],[99.779,76.059],[99.467,75.967],[98.289,76.057],[97.116,75.871],[95.982,75.902],[95.967,76.169],[94.694,76.184],[93.592,75.881],[91.635,75.653],[90,75.602],[89.285,75.466],[86.958,74.782],[86.814,74.435],[87.541,74.1],[87.691,73.9],[87.14,73.604],[86.326,73.634],[86.757,73.787],[86.492,73.874],[85.856,73.825],[85.001,73.576],[84.616,73.743],[83.02,73.612],[80.838,73.553],[80.464,73.314],[80.829,73.014],[80.844,72.58],[80.982,72.447],[82.321,72.222],[82.436,72.051],[83.202,71.826],[83.561,71.624],[83.168,71.182],[83.657,70.598],[83.677,70.46],[83.036,70.245],[83.076,70.582],[82.804,70.819],[82.046,70.419],[82.215,71.204],[82.88,71.491],[82.491,71.568],[81.671,71.574],[80.828,71.767],[80.339,72.008],[79.223,72.271],[78.086,72.175],[78.126,71.848],[77.79,71.777],[77.075,71.892],[76.457,71.868],[76.333,71.72],[76.866,71.449],[78.137,71.374],[78.372,71.251],[78.609,70.85],[78.105,70.841],[77.736,71.025],[77.002,71.063],[75.671,71.199],[75.284,71.446],[75.297,71.897],[75.583,72.171],[75.617,72.625],[75.12,72.687],[74.999,72.13],[74.587,71.872],[73.591,71.707],[73.217,71.458],[73.698,71.141],[74.25,70.573],[73.791,70.052],[73.654,69.756],[73.915,69.154],[74.902,69.081],[75.598,69.21],[77.406,68.936],[77.636,68.816],[77.978,68.145],[77.514,67.973],[77.483,67.803],[77.946,67.774],[78.536,67.612],[78.478,67.479],[78.089,67.411],[77.505,67.432],[77.091,67.528],[76.955,67.653],[77.108,68.114],[77.04,68.464],[76.328,68.776],[75.537,68.775],[74.916,68.706],[74.505,68.593],[74.395,68.347],[74.669,68.102],[74.742,67.686],[74.353,67.404],[73.985,67.263],[73.69,66.865],[73.165,66.644],[72.557,66.496],[72.209,66.173],[71.794,66.158],[71.26,66.223],[70.474,66.236],[69.767,66.33],[69.173,66.548],[69.085,66.688],[69.792,66.755],[70.84,66.551],[71.544,66.714],[71.4,66.949],[71.93,67.156],[72.838,67.646],[73.175,68.166],[73.394,68.382],[73.309,68.517],[72.846,68.635],[72.526,69.069],[72.551,69.656],[72.437,70.187],[72.774,70.455],[72.68,70.824],[72.136,71.278],[71.798,71.432],[71.898,71.587],[72.498,71.962],[72.845,72.495],[72.714,72.77],[71.663,72.831],[70.214,72.733],[69.343,72.834],[69.057,72.645],[68.812,72.095],[68.316,71.635],[67.823,71.417],[66.818,71.105],[66.67,70.866],[66.775,70.736],[67.285,70.706],[67.422,70.223],[66.965,69.956],[66.884,69.623],[67.779,69.557],[68.106,69.429],[68.094,69.136],[68.512,68.837],[69.109,68.83],[68.488,68.224],[68.215,68.201],[66.584,68.886],[65.355,69.183],[64.873,69.228],[63.923,69.459],[62.281,69.705],[61.03,69.741],[60.369,69.468],[60.986,69.003],[60.934,68.815],[60.512,68.59],[59.925,68.581],[59.762,68.297],[59.12,68.393],[59.062,68.497],[59.346,68.7],[58.77,68.856],[57.959,68.705],[57.526,68.495],[57.024,68.449],[56.195,68.567],[55.335,68.483],[55.126,68.401],[54.752,68.05],[54.38,68.161],[53.626,68.048],[53.317,68.136],[53.396,68.3],[53.782,68.338],[53.889,68.787],[53.502,68.816],[53.006,68.681],[52.72,68.351],[52.337,68.336],[52.245,68.545],[51.831,68.409],[50.496,68.153],[49.186,67.839],[48.635,67.652],[48.081,67.562],[47.706,66.89],[47.571,66.816],[46.402,66.719],[45.715,66.85],[45.386,67.099],[44.871,67.312],[45.093,67.542],[45.463,67.639],[46.634,67.701],[45.863,68.383],[45.58,68.443],[44.668,68.389],[44.012,68.492],[43.822,68.327],[44.169,68.097],[44.216,67.718],[43.704,67.266],[44.219,67.09],[44.362,66.906],[44.384,66.612],[43.876,66.011],[43.241,66.251],[42.211,66.41],[41.354,65.955],[39.951,65.581],[39.823,65.436],[39.979,65.153],[40.462,64.75],[40.322,64.463],[39.997,64.541],[39.622,64.476],[39.193,64.511],[37.604,64.853],[37.102,65.068],[36.884,65.068],[36.569,64.765],[36.997,64.407],[37.262,64.314],[37.88,64.308],[38.054,64.129],[37.945,63.85],[37.411,63.749],[36.988,63.841],[36.24,63.919],[36.015,64.197],[35.082,64.288],[34.885,64.367],[34.773,64.682],[34.426,65.107],[34.293,65.396],[34.601,65.484],[34.726,65.797],[34.544,66.001],[33.47,66.313],[32.754,66.649],[32.219,66.994],[32.644,67.046],[32.991,66.988],[33.437,66.702],[34.153,66.63],[35.772,66.259],[38.048,66.007],[39.19,66.039],[39.978,66.201],[40.836,66.561],[41.255,66.937],[41.017,67.202],[40.973,67.534],[40.826,67.66],[39.918,67.94],[38.668,68.146],[37.689,68.63],[37.246,68.793],[35.437,69.15],[33.628,69.215],[33.281,69.342],[32.596,69.424],[32.352,69.514],[32.076,69.815],[31.054,69.64],[30.641,69.418],[29.924,69.355],[29.007,68.832],[28.74,68.95],[29.133,69.366],[29.113,69.486],[27.909,69.888],[26.507,69.812],[26.118,69.644],[25.746,69.258],[25.625,68.807],[24.801,68.429],[24.082,68.717],[23.336,68.616],[22.46,68.694],[21.625,69.237],[21.246,69.228],[20.791,68.932],[21.712,68.413],[22.201,68.281],[22.913,68.188],[23.488,67.834],[23.458,67.412],[23.868,66.817],[23.881,66.641],[23.656,66.28],[23.948,65.797],[24.215,65.786],[24.591,65.583],[25.104,65.54],[25.252,65.417],[25.133,65.076],[25.325,64.802],[24.932,64.816],[24.47,64.636],[22.826,63.581],[22.476,63.602],[22.292,63.203],[22.075,63.103],[21.666,63.187],[21.495,63.123],[21.481,62.889],[21.195,62.761],[21.034,62.477],[21.338,62.344],[21.211,61.871],[21.561,61.485],[21.427,61.015],[21.443,60.694],[21.56,60.512],[22.221,60.259],[22.625,60.201],[23.201,59.818],[23.665,59.836],[24.969,60.087],[25.45,60.138],[25.581,60.262],[26.323,60.27],[26.613,60.348],[26.922,60.316],[27.178,60.442],[27.474,60.426],[28.522,60.623],[28.435,60.337],[28.569,60.198],[28.969,60.109],[29.687,60.131],[30.127,59.806],[29.765,59.736],[29.076,59.908],[28.796,59.672],[28.444,59.734],[28.163,59.591],[27.894,59.346],[27.702,59.298],[26.862,59.372],[26.343,59.447],[25.721,59.46],[25.248,59.362],[24.751,59.448],[24.714,59.352],[23.416,59.119],[23.361,58.767],[23.69,58.665],[23.671,58.241],[24.058,58.112],[24.331,58.308],[24.497,58.213],[24.416,57.948],[24.236,57.728],[24.346,57.16],[24.158,56.975],[23.768,56.866],[23.215,56.981],[23.071,57.261],[22.585,57.509],[22.564,57.616],[21.677,57.464],[21.34,57.177],[21.324,56.854],[20.965,56.609],[20.945,56.07],[21.276,55.861],[21.684,55.353],[22.794,54.902],[22.662,54.571],[22.74,53.95],[22.807,53.808],[21.117,53.269],[20.702,53.321],[20.477,53.131],[20.097,53.182],[20.011,53.044],[19.579,53.079],[19.285,53.165],[18.842,53.067],[18.572,52.824],[18.599,52.5],[18.464,52.392],[18.086,52.392],[17.897,52.176],[18.113,51.771],[18.14,50.988],[18.646,50.645],[18.768,50.179],[19.207,50.253],[20.18,50.147],[20.263,49.887],[24.257,50.159],[26.036,49.634],[26.078,49.122],[26.163,48.941],[27.108,48.644],[27.108,48.833],[27.486,48.671],[27.648,48.752],[27.706,48.44],[28.347,48.15],[28.908,47.818],[29.116,47.283],[29.427,46.816],[30.066,46.28],[30.433,46.176]]]},"properties":{"NAME":"Russian Empire","SUBJECTO":"Russian Empire","PARTOF":"Russian Empire","ABBREVN":"Russia","BORDERPRECISION":3,"fid":428}},
{"type":"Feature","geometry":{"type":"Polygon","coordinates":[[[12.404,43.956],[12.488,43.897],[12.504,43.99],[12.404,43.956]]]},"properties":{"NAME":"San Marino","SUBJECTO":"San Marino","PARTOF":"San Marino","ABBREVN":"San Marino","BORDERPRECISION":3,"fid":429}},
{"type":"Feature","geometry":{"type":"Polygon","coordinates":[[[102.074,6.154],[101.68,6.464],[101.56,6.74],[101.428,6.828],[101.217,6.802],[100.615,6.979],[100.54,7.049],[100.345,7.44],[100.302,7.887],[100.208,8.325],[100.132,8.532],[100.009,8.49],[99.866,8.712],[99.898,9.068],[99.724,9.258],[99.298,9.162],[99.119,9.371],[99.071,9.898],[99.186,10.489],[99.501,11.246],[99.895,12.079],[99.834,12.524],[100.023,12.994],[99.93,13.261],[100.04,13.395],[100.24,13.49],[100.474,13.51],[100.909,13.447],[100.957,13.365],[100.872,12.679],[101.023,12.673],[101.329,12.559],[101.587,12.661],[101.919,12.585],[102.324,12.186],[102.53,12.148],[102.612,12.096],[102.752,12.398],[102.36,13.508],[102.936,14.15],[103.621,14.411],[104.356,14.328],[105.127,14.221],[105.862,13.972],[106.131,13.96],[106.144,14.09],[106.046,14.387],[106.511,14.541],[106.841,14.316],[107.387,14.557],[107.463,14.997],[107.434,15.257],[107.338,15.453],[107.1,15.668],[107.067,15.795],[107.169,15.992],[107.108,16.17],[106.946,16.308],[106.638,16.484],[106.426,16.718],[106.17,17.129],[105.413,18.084],[104.812,18.722],[104.528,18.936],[103.899,19.313],[103.88,19.535],[104.005,19.701],[104.358,19.716],[104.605,19.825],[104.72,19.972],[104.716,20.2],[104.324,20.636],[104.129,20.94],[103.836,20.9],[103.607,20.683],[103.478,20.657],[103.266,20.744],[102.993,20.94],[102.843,21.25],[102.691,21.668],[102.171,22.198],[101.968,22.534],[101.662,22.392],[101.535,22.138],[101.597,21.871],[101.699,21.707],[101.753,21.472],[101.584,21.224],[101.238,21.26],[100.945,21.55],[100.895,21.721],[100.612,21.535],[100.321,21.464],[100.04,21.621],[99.887,21.957],[99.755,22.127],[99.311,22.106],[99.156,22.308],[99.484,23.021],[99.469,23.141],[99.234,23.185],[98.985,23.151],[98.894,23.297],[98.769,24.09],[98.699,24.146],[98.137,24.099],[97.695,23.88],[98.196,21.608],[97.773,21.366],[97.372,20.78],[97.275,18.504],[97.373,18.449],[97.706,18.051],[97.788,17.575],[97.902,17.513],[98.393,17.084],[98.824,16.318],[98.533,16.106],[98.476,16.005],[98.58,15.472],[98.503,15.382],[98.137,15.19],[98.487,14.372],[99.003,13.886],[99.094,13.671],[99.134,13.372],[99.098,12.972],[99.317,12.44],[99.581,11.889],[99.547,11.755],[99.092,11.054],[98.637,10.289],[98.593,10.12],[98.633,10.101],[98.251,8.937],[98.177,8.6],[98.195,8.327],[98.292,8.156],[98.545,8.264],[98.889,8.017],[99.025,7.871],[99.294,7.319],[99.468,7.339],[99.572,7.263],[99.64,7.066],[99.663,6.71],[99.834,6.539],[99.969,6.507],[100.154,6.603],[100.222,6.521],[100.159,6.34],[100.36,6.417],[100.617,6.422],[100.665,6.212],[100.867,6.159],[100.984,6.052],[101.027,5.856],[100.931,5.677],[101.076,5.531],[101.312,5.835],[101.451,5.761],[101.473,5.546],[101.763,5.586],[101.812,5.845],[102.035,6.002],[102.074,6.154]]]},"properties":{"NAME":"Rattanakosin Kingdom","SUBJECTO":"Rattanakosin Kingdom","PARTOF":"Rattanakosin Kingdom","ABBREVN":"Rattanakosin Kingdom","BORDERPRECISION":3,"fid":430}},
{"type":"Feature","geometry":{"type":"Polygon","coordinates":[[[74.733,37.209],[74.893,37.27],[75.01,37.466],[74.988,37.701],[74.878,37.807],[74.836,38.299],[74.703,38.521],[74.58,38.59],[74.169,38.634],[73.858,38.542],[73.677,38.856],[73.77,38.956],[73.76,39.42],[73.827,39.784],[74.009,39.963],[74.648,40.28],[75.43,40.61],[75.592,40.624],[75.701,40.337],[75.856,40.312],[76.482,40.437],[76.602,40.546],[76.811,40.899],[77.02,41.112],[77.492,41.056],[76.979,41.72],[74.893,42.69],[73.777,42.975],[76.737,43.364],[72.952,45.034],[66.531,50.637],[65.328,50.388],[58.613,46.787],[53.53,45.281],[53.269,45.335],[52.61,45.4],[51.998,45.382],[51.845,45.436],[51.513,45.373],[51.342,45.058],[51.099,44.878],[51.189,44.77],[51.576,44.554],[51.333,44.482],[50.874,44.626],[50.542,44.644],[50.335,44.563],[50.389,44.294],[50.955,44.204],[51.171,43.718],[51.369,43.556],[51.459,43.385],[51.423,43.17],[51.738,43.179],[52.07,42.828],[52.295,42.873],[52.763,42.756],[52.673,42.279],[52.52,42.073],[52.601,41.938],[52.559,41.758],[52.692,41.531],[52.932,41.378],[52.999,41.684],[52.941,41.77],[53.066,42.029],[53.736,42.134],[53.985,42.106],[54.024,41.857],[54.119,41.78],[54.167,41.483],[54.751,41.138],[54.818,40.88],[54.455,40.717],[54.225,40.726],[53.842,40.64],[53.612,40.745],[53.257,40.765],[53.056,41.052],[52.903,40.563],[52.826,40.468],[52.845,40.18],[53.047,39.998],[53.363,39.96],[53.688,39.979],[53.516,39.778],[53.545,39.539],[53.209,39.405],[53.583,39.318],[53.775,39.136],[54.033,38.993],[54.071,38.897],[53.937,38.571],[53.937,38.159],[53.88,38.025],[54.015,37.348],[54.467,37.396],[54.676,37.531],[54.956,37.825],[55.356,38.038],[56.131,38.048],[56.517,38.261],[57.225,38.188],[57.407,37.992],[58.095,37.728],[58.675,37.674],[58.972,37.599],[59.24,37.448],[60.346,36.607],[61.014,36.637],[61.097,36.542],[61.119,35.905],[61.221,35.582],[61.73,35.445],[62.179,35.288],[62.678,35.265],[63.063,35.49],[63.117,35.789],[63.372,35.861],[64.266,36.171],[64.541,36.338],[64.632,36.784],[64.826,37.148],[65.337,37.24],[65.725,37.49],[65.979,37.358],[66.677,37.241],[67.515,37.214],[67.622,37.157],[67.856,36.853],[68.184,36.899],[68.707,37.182],[69.136,37.076],[69.308,37.084],[69.537,37.282],[69.567,37.505],[69.698,37.531],[70.022,37.457],[70.315,37.63],[70.334,37.936],[70.719,38.365],[70.961,38.347],[71.22,38.145],[71.149,37.876],[71.444,37.834],[71.387,37.37],[71.303,37.17],[71.467,36.752],[71.848,36.716],[72.183,36.939],[72.448,36.968],[72.714,37.186],[73.047,37.328],[73.352,37.342],[73.445,37.202],[73.883,37.268],[74.137,37.37],[74.256,37.302],[74.733,37.209]],[[61.25,46.611],[61.466,46.767],[61.562,46.597],[60.999,45.922],[61.021,45.487],[61.175,45.188],[61.68,45.107],[61.727,44.934],[61.109,44.717],[60.944,44.441],[60.077,43.609],[59.716,43.669],[59.505,43.914],[59.248,43.854],[58.827,43.844],[58.78,43.747],[58.367,43.737],[58.4,44.167],[58.199,44.52],[58.297,44.638],[58.232,44.851],[58.404,45.253],[58.56,45.457],[58.721,45.848],[58.815,45.931],[59.329,46.026],[59.55,45.994],[59.531,46.343],[60.3,46.164],[60.605,46.127],[60.823,46.243],[60.211,46.287],[60.009,46.561],[60.271,46.7],[60.938,46.49],[61.25,46.611]]]},"properties":{"NAME":"Turan","SUBJECTO":"Turan","PARTOF":"Turan","ABBREVN":"Turan","BORDERPRECISION":3,"fid":431}},
{"type":"Feature","geometry":{"type":"MultiPolygon","coordinates":[[[[178.176,-18.242],[178.273,-18.147],[178.693,-18.025],[178.621,-17.894],[178.591,-17.636],[178.171,-17.342],[177.959,-17.409],[177.82,-17.365],[177.51,-17.509],[177.388,-17.633],[177.43,-17.762],[177.257,-17.874],[177.333,-18.119],[177.864,-18.264],[178.176,-18.242]]],[[[179.569,-16.758],[179.592,-16.54],[179.757,-16.442],[179.898,-16.237],[180,-16.173],[180,-16.155],[179.771,-16.204],[179.503,-16.274],[179.401,-16.413],[179.224,-16.397],[178.982,-16.47],[178.708,-16.675],[178.69,-16.992],[179.206,-16.705],[179.332,-16.802],[179.569,-16.758]]],[[[-171.465,-14.053],[-171.446,-13.982],[-171.822,-13.808],[-172.028,-13.839],[-171.911,-14.013],[-171.465,-14.053]]],[[[-172.223,-13.563],[-172.361,-13.461],[-172.78,-13.54],[-172.533,-13.801],[-172.211,-13.805],[-172.223,-13.563]]]]},"properties":{"NAME":"Tuʻi Tonga Empire","SUBJECTO":"Tuʻi Tonga Empire","PARTOF":"Tuʻi Tonga Empire","ABBREVN":"Tuʻi Tonga Empire","BORDERPRECISION":3,"fid":432}},
{"type":"Feature","geometry":{"type":"Polygon","coordinates":[[[-109.241,-27.133],[-109.366,-27.063],[-109.428,-27.202],[-109.241,-27.133]]]},"properties":{"NAME":"Polynesians","SUBJECTO":"Polynesians","PARTOF":"Polynesians","ABBREVN":"Polynesians","BORDERPRECISION":3,"fid":433}},
{"type":"Feature","geometry":{"type":"Polygon","coordinates":[[[114.029,22.508],[113.901,22.407],[114.329,22.272],[114.413,22.437],[114.309,22.554],[114.029,22.508]]]},"properties":{"NAME":"Hong Kong","SUBJECTO":"Hong Kong","PARTOF":"Hong Kong","ABBREVN":"Hong Kong","BORDERPRECISION":3,"fid":434}},
{"type":"Feature","geometry":{"type":"Polygon","coordinates":[[[108.56,19.06],[108.652,18.482],[109.43,18.097],[109.669,18.415],[110.263,18.626],[110.361,18.766],[110.299,18.899],[110.427,19.229],[110.613,19.471],[110.885,19.707],[110.617,20.017],[110.258,19.94],[110.061,19.94],[109.916,19.8],[109.55,19.914],[109.42,19.659],[109.198,19.684],[108.577,19.187],[108.56,19.06]]]},"properties":{"NAME":"Manchu Empire","SUBJECTO":"Manchu Empire","PARTOF":"Manchu Empire","ABBREVN":"Manchu Empire","BORDERPRECISION":3,"fid":435}}
]}