{"type":"FeatureCollection", "features": [
{"type":"Feature","geometry":{"type":"Polygon","coordinates":[[[33.78,35.208],[33.374,35.306],[32.819,35.282],[32.301,35.016],[32.271,34.72],[32.603,34.615],[33.484,34.796],[33.925,34.953],[33.78,35.208]]]},"properties":{"NAME":"Cyprus","SUBJECTO":"Cyprus","PARTOF":"Cyprus","ABBREVN":"Cyprus","BORDERPRECISION":1,"fid":0}},
{"type":"Feature","geometry":{"type":"MultiPolygon","coordinates":[[[[136.811,37.311],[136.64,37.17],[136.668,36.667],[135.978,35.973],[135.928,35.604],[135.358,35.323],[135.157,35.646],[134.756,35.531],[133.804,35.427],[133.006,35.254],[132.663,35.381],[131.672,34.502],[131.334,34.292],[130.892,34.246],[130.899,33.904],[131.394,33.936],[131.995,33.804],[131.997,34.09],[132.183,34.287],[132.481,34.129],[133.589,34.442],[133.825,34.386],[134.427,34.628],[135.317,34.471],[134.969,34.134],[135.063,33.69],[135.756,33.342],[136.199,34.003],[136.899,34.259],[136.507,34.518],[136.734,34.874],[137.042,34.729],[137.248,34.482],[138.149,34.528],[138.45,34.903],[138.751,34.923],[139.423,35.166],[139.683,35.446],[140.003,35.497],[139.788,34.963],[140.317,35.034],[140.395,35.409],[140.834,35.677],[140.555,35.969],[140.656,36.618],[140.964,36.956],[140.982,37.268],[140.872,37.917],[141.097,38.262],[141.496,38.422],[141.569,38.785],[141.888,39.13],[141.998,39.672],[141.676,40.316],[141.467,40.514],[141.437,41.269],[141.087,41.442],[140.775,41.255],[141.077,41.102],[141.153,40.865],[140.657,40.724],[140.386,40.986],[139.915,40.575],[139.985,40.115],[139.805,39.891],[140.03,39.483],[139.746,38.68],[139.198,37.92],[138.856,37.735],[138.699,37.448],[138.317,37.206],[137.464,36.854],[137.176,36.643],[137.014,37.037],[137.335,37.274],[137.31,37.433],[136.811,37.311]]],[[[132.568,32.637],[132.97,32.765],[133.154,33.216],[133.517,33.395],[133.999,33.148],[134.519,33.651],[134.54,34.013],[134.01,34.189],[133.806,34.176],[133.463,33.884],[132.969,33.794],[132.784,33.908],[132.45,33.52],[132.121,33.348],[132.343,33.107],[132.568,32.637]]],[[[130.579,30.907],[130.744,30.888],[130.96,31.193],[131.319,31.511],[131.407,32.083],[131.563,32.432],[131.831,32.693],[131.414,33.111],[131.67,33.309],[130.971,33.504],[130.859,33.675],[130.427,33.674],[130.176,33.337],[129.528,33.298],[129.343,33.151],[129.846,32.587],[130.108,32.931],[130.257,32.912],[130.497,32.557],[130.444,32.284],[130.059,31.972],[130.219,31.56],[130.06,31.217],[130.233,31.026],[130.474,31.44],[130.732,31.478],[130.579,30.907]]],[[[140.013,41.382],[140.269,41.325],[140.589,41.678],[141.155,41.749],[140.246,42.228],[140.223,42.363],[140.694,42.55],[140.93,42.255],[141.397,42.519],[141.928,42.501],[143.214,41.927],[143.33,42.196],[143.848,42.775],[144.166,42.942],[144.59,42.86],[144.995,42.937],[145.448,43.17],[145.36,43.33],[145.149,43.599],[145.059,43.786],[145.14,44.178],[144.614,43.843],[144.028,43.951],[143.508,44.156],[143.021,44.464],[142.539,44.843],[142.132,45.21],[141.904,45.403],[141.597,45.28],[141.567,44.97],[141.746,44.629],[141.743,44.249],[141.709,43.914],[141.302,43.72],[141.304,43.187],[140.897,43.135],[140.599,43.327],[140.498,43.32],[140.517,43.057],[140.5,42.896],[139.712,42.478],[139.777,42.112],[140.1,41.946],[140.124,41.792],[140.013,41.382]]]]},"properties":{"NAME":"Japan","SUBJECTO":"Japan","PARTOF":"Japan","ABBREVN":"Japan","BORDERPRECISION":1,"fid":1}},
{"type":"Feature","geometry":{"type":"Polygon","coordinates":[[[120.622,21.925],[120.696,21.971],[120.686,22.054],[120.693,22.104],[120.675,22.182],[120.573,22.366],[120.329,22.519],[120.049,23.061],[120.148,23.327],[120.116,23.631],[120.427,24.15],[120.559,24.385],[120.643,24.479],[120.666,24.533],[120.674,24.551],[120.266,23.976],[120.021,23.62],[119.964,23.086],[120.113,22.642],[120.622,21.925]]]},"properties":{"NAME":"Taiwan","SUBJECTO":"Taiwan","PARTOF":"Taiwan","ABBREVN":"Taiwan","BORDERPRECISION":1,"fid":2}},
{"type":"Feature","geometry":{"type":"Polygon","coordinates":[[[-82.177,22.366],[-81.572,22.164],[-80.776,22.102],[-79.735,21.672],[-79.358,21.609],[-78.728,21.617],[-78.514,21.306],[-78.45,20.969],[-78.157,20.817],[-77.291,20.704],[-77.177,20.355],[-77.663,19.903],[-77.461,19.871],[-76.398,20.02],[-75.519,19.907],[-75.237,19.933],[-74.72,20.112],[-74.278,20.152],[-74.345,20.323],[-75.062,20.697],[-75.654,20.683],[-75.604,21.013],[-75.751,21.121],[-76.209,21.196],[-77.34,21.512],[-77.508,21.759],[-78.171,22.12],[-79.33,22.404],[-79.76,22.759],[-80.721,23.024],[-81.431,23.137],[-82.057,23.135],[-82.959,23.025],[-83.69,22.814],[-84.256,22.539],[-84.435,22.323],[-84.209,21.828],[-83.851,22.21],[-83.39,22.223],[-82.853,22.638],[-82.562,22.708],[-82.046,22.697],[-81.663,22.507],[-82.177,22.366]]]},"properties":{"BORDERPRECISION":1,"fid":3}},
{"type":"Feature","geometry":{"type":"Polygon","coordinates":[[[-61.687,17.024],[-61.794,17.163],[-61.887,17.033],[-61.687,17.024]]]},"properties":{"BORDERPRECISION":1,"fid":4}},
{"type":"Feature","geometry":{"type":"Polygon","coordinates":[[[-71.551,19.897],[-71.843,19.731],[-72.94,19.945],[-73.421,19.874],[-73.355,19.658],[-72.945,19.595],[-72.676,19.392],[-72.698,18.941],[-72.298,18.662],[-72.746,18.509],[-74.303,18.696],[-74.365,18.378],[-73.857,18.112],[-73.474,18.316],[-72.915,18.228],[-71.978,18.262],[-71.401,17.704],[-71.062,18.347],[-70.621,18.507],[-70.299,18.259],[-69.956,18.502],[-68.986,18.51],[-68.665,18.199],[-68.373,18.575],[-68.657,18.873],[-69.747,19.354],[-69.993,19.684],[-70.289,19.652],[-70.739,19.79],[-70.882,19.93],[-71.22,19.834],[-71.551,19.897]]]},"properties":{"BORDERPRECISION":1,"fid":5}},
{"type":"Feature","geometry":{"type":"MultiPolygon","coordinates":[[[[120.364,14.531],[120.471,14.804],[121.217,14.418],[121.105,14.253],[120.799,14.386],[120.511,14.112],[120.599,13.922],[121.009,13.656],[121.625,13.898],[122.067,13.652],[122.394,13.303],[122.492,13.43],[122.325,13.779],[122.485,13.881],[123.094,13.381],[123.239,13.025],[123.677,12.893],[123.819,12.976],[123.398,13.527],[123.661,13.693],[123.359,13.953],[123.132,13.692],[122.856,13.888],[122.675,14.269],[122.397,14.307],[122.107,13.918],[121.729,14.108],[121.457,14.883],[121.242,15.308],[121.368,15.499],[121.439,15.918],[122.064,16.332],[122.203,16.542],[122.396,17.114],[122.07,17.438],[122.028,18.009],[122.147,18.206],[121.581,18.294],[121.036,18.528],[120.564,18.432],[120.393,18.044],[120.312,17.072],[120.247,16.875],[120.303,16.417],[120.202,16.042],[119.762,16.359],[119.813,15.978],[119.772,15.47],[119.972,14.905],[120.364,14.531]]],[[[121.094,12.201],[121.274,12.525],[121.304,13.129],[121.039,13.408],[120.341,13.387],[120.547,13.153],[120.734,12.55],[121.094,12.201]]],[[[125.323,11.124],[125.449,11.207],[125.333,11.562],[125.246,12.293],[124.952,12.527],[124.264,12.418],[124.33,12.208],[124.875,11.834],[124.854,11.491],[125.07,11.244],[125.323,11.124]]],[[[121.873,10.468],[122.297,10.647],[122.897,11.15],[122.92,11.525],[122.47,11.454],[121.994,11.758],[121.873,10.468]]],[[[118.865,10.024],[119.564,10.502],[119.345,11.003],[119.108,10.628],[118.865,10.024]]],[[[122.942,9.048],[123.133,9.251],[122.962,9.594],[123.104,10.23],[123.312,10.738],[123.239,10.922],[122.92,10.852],[122.701,10.032],[122.347,9.815],[122.396,9.478],[122.942,9.048]]],[[[117.271,8.451],[117.444,8.635],[117.857,8.833],[117.967,9.113],[118.505,9.483],[118.508,9.921],[118.089,9.431],[117.536,9.049],[117.224,8.686],[117.271,8.451]]],[[[126.045,6.608],[126.322,7.149],[126.373,7.537],[126.28,7.733],[126.272,8.426],[125.923,8.482],[126.075,8.813],[125.934,9.175],[125.428,9.784],[125.362,9.625],[125.461,9.053],[125.225,8.995],[124.991,8.715],[124.742,8.918],[124.671,8.429],[124.372,8.561],[124.024,8.11],[123.663,8.014],[123.486,8.496],[123.136,8.451],[122.796,8.272],[122.736,8.062],[122.384,7.985],[122.094,7.775],[121.849,7.196],[121.992,6.873],[122.455,7.693],[122.635,7.783],[122.725,7.452],[123.023,7.478],[123.465,7.791],[123.815,7.658],[124.074,7.258],[123.864,6.851],[123.973,6.337],[124.224,6.09],[124.803,5.786],[124.966,6.085],[125.163,5.907],[125.073,5.723],[125.289,5.488],[125.533,5.94],[125.28,6.594],[125.615,7.236],[125.748,7.186],[126.045,6.608]]]]},"properties":{"NAME":"Philippines","SUBJECTO":"Philippines","PARTOF":"Philippines","ABBREVN":"Philippines","BORDERPRECISION":1,"fid":6}},
{"type":"Feature","geometry":{"type":"Polygon","coordinates":[[[-67.152,17.987],[-66.906,17.936],[-66.451,18.045],[-65.967,18.027],[-65.775,18.396],[-65.952,18.472],[-67.055,18.546],[-67.211,18.438],[-67.162,18.33],[-67.152,17.987]]]},"properties":{"BORDERPRECISION":1,"fid":7}},
{"type":"Feature","geometry":{"type":"Polygon","coordinates":[[[-77.291,17.806],[-76.806,18.004],[-76.468,17.871],[-76.426,18.119],[-77.156,18.397],[-77.769,18.51],[-78.086,18.478],[-78.052,18.218],[-77.737,17.932],[-77.291,17.806]]]},"properties":{"BORDERPRECISION":1,"fid":8}},
{"type":"Feature","geometry":{"type":"Polygon","coordinates":[[[44.672,-16.236],[44.454,-16.242],[44.451,-16.725],[43.972,-17.553],[44.16,-18.404],[44.394,-18.791],[44.251,-19.103],[44.585,-19.528],[44.47,-20.17],[43.816,-21.316],[43.501,-21.494],[43.325,-22.111],[43.376,-22.632],[43.827,-23.413],[43.672,-23.903],[43.671,-24.227],[43.934,-24.519],[44.037,-24.989],[44.425,-25.312],[44.959,-25.387],[45.211,-25.66],[45.576,-25.621],[45.789,-25.411],[46.239,-25.264],[46.855,-25.218],[47.258,-24.766],[47.492,-24.06],[48.087,-22.044],[48.652,-20.339],[49.342,-18.228],[49.423,-17.802],[49.425,-17.198],[49.898,-16.46],[49.685,-16.047],[49.598,-15.653],[49.754,-15.398],[50.187,-15.957],[50.486,-15.48],[50.503,-15.314],[50.15,-14.419],[49.976,-13.301],[49.817,-12.831],[49.542,-12.704],[49.176,-12.266],[48.935,-12.477],[48.993,-12.737],[48.751,-13.418],[48.224,-13.794],[47.916,-13.737],[48.049,-14.131],[47.699,-14.443],[47.884,-14.716],[47.633,-14.984],[47.426,-14.825],[46.925,-15.36],[46.142,-15.826],[45.732,-15.89],[45.434,-16.094],[45.197,-16.037],[44.672,-16.236]],[[48.015,-17.023],[48.488,-19.449],[48.488,-20.041],[47.186,-23.119],[46.002,-23.592],[45.529,-23.592],[45.292,-22.645],[46.654,-17.733],[47.482,-16.904],[48.015,-17.023]]]},"properties":{"NAME":"Madagascar","SUBJECTO":"Madagascar","PARTOF":"Madagascar","ABBREVN":"Madagascar","BORDERPRECISION":1,"fid":9}},
{"type":"Feature","geometry":{"type":"MultiPolygon","coordinates":[[[[175.308,-37.321],[175.201,-37.073],[174.645,-36.831],[174.857,-36.694],[174.787,-36.283],[174.348,-35.915],[174.609,-35.789],[174.217,-35.337],[172.96,-34.864],[173.166,-35.421],[173.841,-36.136],[174.07,-36.189],[174.22,-36.557],[174.765,-37.297],[174.728,-37.552],[174.945,-37.928],[174.713,-38.44],[174.655,-38.983],[173.805,-39.42],[173.992,-39.611],[174.889,-39.98],[175.354,-40.3],[174.895,-41.296],[175.365,-41.662],[176.011,-41.255],[177.157,-39.854],[177.024,-39.445],[177.34,-39.227],[177.867,-39.207],[177.939,-38.83],[178.408,-38.771],[178.589,-38.215],[178.569,-37.921],[178.241,-37.832],[177.528,-38.204],[177.134,-38.186],[176.129,-37.798],[175.838,-37.026],[175.535,-37.072],[175.308,-37.321]]],[[[172.063,-43.923],[172.628,-43.692],[172.441,-43.509],[173.237,-42.986],[173.841,-42.488],[174.234,-42.011],[174.069,-41.696],[174.058,-41.291],[173.701,-41.254],[173.264,-41.544],[173.019,-41.075],[172.769,-40.848],[172.437,-40.753],[172.207,-41.045],[172.148,-41.578],[171.887,-41.829],[171.458,-41.993],[171.398,-42.513],[171.024,-42.887],[169.987,-43.36],[169.649,-43.741],[168.914,-44.097],[168.416,-44.221],[167.137,-45.2],[167.281,-45.563],[167.009,-45.817],[166.551,-45.967],[166.523,-46.233],[166.85,-46.35],[167.202,-46.308],[168.154,-46.452],[168.417,-46.651],[168.7,-46.6],[169.399,-46.71],[170.044,-46.357],[170.612,-45.946],[171.024,-45.075],[171.171,-44.939],[171.378,-44.338],[172.063,-43.923]]]]},"properties":{"NAME":"Maori","SUBJECTO":"Maori","PARTOF":"Maori","ABBREVN":"Maori","BORDERPRECISION":1,"fid":10}},
{"type":"Feature","geometry":{"type":"MultiPolygon","coordinates":[[[[6.644,58.042],[6.959,57.972],[8.154,58.09],[9.146,58.656],[8.154,58.09],[6.959,57.972],[6.644,58.042]]],[[[13.283,79.487],[13.252,79.801],[11.284,79.707],[11.335,79.207],[12.525,79.059],[11.76,78.88],[13.062,78.347],[14.353,78.428],[14.819,78.718],[16.617,78.467],[15.921,78.265],[13.905,78],[14.131,77.766],[16.418,77.901],[16.287,77.615],[14.778,77.535],[15.099,77.115],[16.663,76.727],[17.267,76.813],[17.829,77.489],[18.389,77.542],[19.116,78.455],[20.908,78.809],[19.152,79.231],[17.834,79.809],[15.917,79.842],[16.389,79.235],[15.774,79.242],[14.81,79.804],[13.283,79.487]]],[[[21.253,79.789],[21.655,79.478],[20.998,79.191],[23.821,79.147],[25.337,79.403],[27.197,79.944],[24.783,80.38],[23.077,80.241],[20.524,80.322],[19.915,80.633],[18.331,79.882],[19.218,79.74],[21.253,79.789]]],[[[8.368,56.667],[8.666,56.7],[8.847,56.986],[10.257,57.006],[10.463,57.242],[10.257,57.006],[8.847,56.986],[8.666,56.7],[8.368,56.667]]],[[[16.063,56.396],[16.031,56.353],[15.771,56.033],[14.653,56.121],[14.126,55.667],[14.653,56.121],[15.771,56.033],[16.031,56.353],[16.063,56.396]]],[[[-22.373,63.773],[-20.404,63.698],[-19.827,63.478],[-18.642,63.324],[-17.944,63.425],[-17.591,63.689],[-16.534,63.784],[-15.634,64.057],[-15.267,64.28],[-14.821,64.195],[-14.366,64.476],[-14.348,64.67],[-13.694,64.779],[-13.526,65.183],[-13.694,64.779],[-14.348,64.67],[-14.366,64.476],[-14.821,64.195],[-15.267,64.28],[-15.634,64.057],[-16.534,63.784],[-17.591,63.689],[-17.944,63.425],[-18.642,63.324],[-19.827,63.478],[-20.404,63.698],[-22.373,63.773]]]]},"properties":{"NAME":"Denmark-Norway","SUBJECTO":"Denmark-Norway","PARTOF":"Denmark-Norway","ABBREVN":"DenmarkNorwa","BORDERPRECISION":1,"fid":11}},
{"type":"Feature","geometry":{"type":"MultiPolygon","coordinates":[[[[-6.343,53.94],[-5.912,54.027],[-5.662,54.322],[-6.018,55.093],[-6.645,55.206],[-7.498,55.05],[-7.756,55.253],[-8.345,55.095],[-8.504,54.75],[-8.301,54.489],[-8.59,54.203],[-9.892,54.326],[-10.16,54.133],[-9.913,53.97],[-9.81,53.632],[-10.16,53.374],[-9.158,53.221],[-9.526,52.905],[-9.891,52.194],[-10.469,52.207],[-10.217,51.758],[-9.835,51.803],[-9.819,51.435],[-9.243,51.473],[-8.565,51.615],[-7.751,52.033],[-6.406,52.214],[-6.043,52.893],[-6.343,53.94]]],[[[-1.982,55.59],[-3.319,54.886],[-3.569,54.415],[-3.261,54.141],[-2.865,54.028],[-3.057,53.514],[-2.914,53.267],[-3.957,53.205],[-4.318,53.091],[-4.148,52.832],[-4.124,52.373],[-4.295,52.2],[-5.061,52.006],[-4.999,51.702],[-4.159,51.677],[-3.499,51.46],[-3.173,51.467],[-3.066,51.178],[-3.825,51.235],[-4.281,51.187],[-4.605,50.779],[-5.238,50.346],[-5.778,50.134],[-5.282,49.964],[-4.967,50.212],[-4.541,50.358],[-3.715,50.219],[-3.521,50.617],[-2.961,50.722],[-2.432,50.646],[-1.103,50.817],[-0.839,50.722],[-0.336,50.817],[0.192,50.731],[1.335,51.121],[1.365,51.353],[0.686,51.56],[1.512,52.026],[1.692,52.311],[1.376,52.809],[0.742,52.901],[0.327,52.707],[0.006,52.787],[0.268,53.127],[0.081,53.386],[-0.319,53.579],[-0.296,54.033],[-0.871,54.547],[-1.389,54.68],[-1.719,55.454],[-1.982,55.59]]]]},"properties":{"NAME":"England","SUBJECTO":"England","PARTOF":"England","ABBREVN":"England","BORDERPRECISION":1,"fid":12}},
{"type":"Feature","geometry":{"type":"Polygon","coordinates":[[[-1.982,55.59],[-2.245,55.811],[-2.742,55.957],[-2.981,56.354],[-2.667,56.471],[-2.159,57.014],[-1.945,57.402],[-2.15,57.572],[-4.148,57.555],[-4.15,57.835],[-3.166,58.275],[-3.165,58.522],[-4.51,58.403],[-4.907,58.169],[-5.346,58.093],[-5.056,57.751],[-5.568,57.777],[-5.763,57.62],[-5.461,57.388],[-5.726,57.258],[-5.547,56.652],[-5.271,56.544],[-5.633,55.94],[-4.623,55.908],[-4.908,55.664],[-4.638,55.428],[-5.111,54.794],[-4.6,54.688],[-3.577,54.924],[-3.319,54.886],[-1.982,55.59]]]},"properties":{"NAME":"Scottland","SUBJECTO":"Scottland","PARTOF":"Scottland","ABBREVN":"Scottland","BORDERPRECISION":1,"fid":13}},
{"type":"Feature","geometry":{"type":"Polygon","coordinates":[[[-7.492,37.208],[-7.243,37.811],[-6.845,38.1],[-7.394,38.295],[-6.933,38.961],[-7.431,39.521],[-6.878,39.702],[-6.884,40.214],[-6.797,41.093],[-6.241,41.32],[-6.139,41.526],[-6.709,41.96],[-7.098,41.868],[-7.919,41.889],[-8.157,42.087],[-8.806,41.889],[-8.921,41.767],[-8.694,40.992],[-9.118,39.644],[-9.398,39.23],[-9.549,38.775],[-9.237,38.417],[-8.854,38.5],[-8.842,37.525],[-9.017,37.07],[-8.667,37.121],[-7.836,37.032],[-7.492,37.208]]]},"properties":{"NAME":"Portugal","SUBJECTO":"Portugal","PARTOF":"Portugal","ABBREVN":"Portugal","BORDERPRECISION":1,"fid":14}},
{"type":"Feature","geometry":{"type":"MultiPolygon","coordinates":[[[[149.554,-6.406],[150.276,-6.341],[151.056,-6.015],[151.28,-5.671],[151.802,-5.708],[152.059,-5.498],[151.862,-5.282],[152.136,-5.085],[152.268,-4.779],[152.09,-4.36],[151.944,-4.52],[151.539,-4.406],[151.588,-4.902],[151.452,-5.086],[151.157,-5.1],[150.887,-5.52],[150.289,-5.712],[149.764,-5.63],[149.413,-5.739],[148.836,-5.645],[148.377,-5.659],[148.416,-5.881],[148.712,-5.988],[149.021,-6.242],[149.209,-6.153],[149.554,-6.406]]],[[[140.948,-9.274],[142.307,-9.333],[142.607,-9.377],[143.331,-9],[143.233,-8.822],[142.464,-8.296],[142.97,-8.378],[143.437,-8.358],[144.016,-7.874],[144.38,-7.758],[144.929,-7.922],[145.82,-8.098],[146.646,-9.279],[147.185,-9.57],[147.393,-9.926],[147.874,-10.179],[148.561,-10.184],[149.329,-10.36],[149.783,-10.41],[150.002,-10.734],[150.495,-10.739],[150.418,-10.294],[149.696,-10.035],[149.83,-9.711],[149.176,-9.553],[149.198,-9.121],[148.589,-9.16],[148.459,-9.097],[148.133,-8.627],[148.035,-8.246],[147.376,-7.796],[147.151,-7.562],[146.886,-7.117],[146.909,-6.895],[147.664,-6.791],[147.644,-6.48],[147.376,-6.125],[146.893,-6.03],[146.045,-5.676],[145.745,-5.626],[145.593,-5.423],[145.728,-4.997],[145.377,-4.674],[144.783,-4.338],[144.543,-3.995],[144.103,-3.984],[143.446,-3.61],[142.413,-3.307],[142.031,-3.156],[140.87,-2.795],[140.945,-6.379],[140.747,-6.749],[140.941,-7.365],[140.962,-7.727],[140.948,-9.274]]]]},"properties":{"NAME":"Papua New Guinea","SUBJECTO":"Papua New Guinea","PARTOF":"Papua New Guinea","ABBREVN":"Papua N Guin","BORDERPRECISION":1,"fid":15}},
{"type":"Feature","geometry":{"type":"Polygon","coordinates":[[[-61.114,10.822],[-61.809,10.725],[-61.662,10.543],[-61.536,10.036],[-61.207,10.118],[-61.237,10.63],[-61.114,10.822]]]},"properties":{"BORDERPRECISION":1,"fid":16}},
{"type":"Feature","geometry":{"type":"MultiPolygon","coordinates":[[[[-73.112,-72.749],[-70.021,-72.672],[-69.325,-72.286],[-68.63,-72.054],[-68.398,-71.127],[-68.862,-70.509],[-69.48,-69.968],[-70.33,-68.963],[-70.716,-68.809],[-71.412,-68.886],[-72.394,-69.261],[-71.798,-69.736],[-71.798,-70.354],[-72.184,-70.586],[-72.107,-71.05],[-72.725,-71.281],[-74.657,-71.436],[-75.275,-71.668],[-75.043,-72.054],[-74.348,-72.209],[-73.421,-71.977],[-72.03,-71.822],[-71.952,-72.209],[-72.88,-72.44],[-73.112,-72.749]]],[[[-102.551,-72.131],[-101.16,-72.363],[-98.834,-72.521],[-97.142,-72.672],[-95.906,-72.363],[-97.22,-71.822],[-101.16,-71.822],[-102.551,-72.131]]],[[[-55.185,-80.94],[-50.162,-80.786],[-44.831,-80.322],[-43.904,-79.781],[-43.904,-79.24],[-44.213,-78.39],[-45.758,-78.081],[-48.849,-78.081],[-50.24,-78.39],[-50.858,-78.699],[-51.012,-79.395],[-51.708,-79.781],[-53.871,-79.936],[-54.953,-80.399],[-55.185,-80.94]]],[[[-164.058,-79.356],[-162.358,-79.742],[-160.426,-79.974],[-159.203,-79.882],[-158.804,-79.665],[-160.735,-79.047],[-162.59,-78.815],[-163.517,-78.97],[-164.058,-79.356]]],[[[169.769,-83.418],[167.569,-83.317],[167.275,-82.988],[163.309,-82.087],[162.015,-81.66],[160.577,-81.534],[160.433,-80.906],[159.579,-80.442],[158.135,-80.316],[159.315,-80.027],[160.686,-79.114],[161.773,-78.866],[162.594,-78.904],[163.643,-78.661],[166.753,-78.599],[164.483,-78.064],[163.529,-77.74],[163.3,-77.187],[162.327,-76.958],[162.67,-76.767],[162.384,-76.214],[162.823,-75.622],[162.346,-75.107],[163.414,-75.031],[163.433,-74.744],[165.189,-74.668],[164.616,-74.172],[165.799,-73.828],[167.575,-73.476],[168.899,-73.54],[168.975,-73.239],[170.105,-72.636],[169.89,-72.076],[170.729,-71.904],[168.743,-71.243],[167.963,-71.097],[167.635,-70.865],[164.957,-70.625],[164.319,-70.518],[162.888,-70.571],[162.485,-70.306],[160.599,-70.221],[159.846,-69.829],[157.307,-69.156],[156.148,-69.311],[154.435,-68.95],[154.286,-68.63],[153.605,-68.481],[153.752,-68.925],[152.306,-68.843],[151.093,-68.886],[150.893,-68.538],[148.73,-68.306],[148.263,-68.205],[148.093,-67.937],[146.875,-67.997],[146.39,-67.779],[145.322,-67.575],[145.586,-67.223],[145.262,-67.098],[144.38,-67.173],[143.388,-66.972],[142.183,-66.985],[141.157,-66.722],[136.317,-66.399],[134.691,-66.083],[134.982,-65.597],[134.59,-65.022],[134.035,-65.185],[134.011,-65.549],[134.205,-66.18],[133.307,-66.132],[132.967,-66.259],[130.272,-66.253],[129.422,-66.52],[129.01,-67.03],[126.8,-66.884],[126.412,-66.374],[125.441,-66.447],[125.125,-66.787],[123.54,-66.645],[122.458,-66.645],[121.454,-66.8],[119.599,-66.916],[118.286,-67.07],[116.972,-66.838],[115.679,-66.414],[114.436,-66.493],[113.959,-65.988],[113.015,-65.763],[112.027,-65.988],[110.607,-66.059],[110.568,-66.395],[109.404,-66.71],[108.101,-66.71],[107.622,-66.452],[105.459,-66.297],[103.836,-65.988],[103.311,-66.066],[102.631,-65.926],[100.875,-66.079],[99.654,-66.549],[99.12,-66.893],[98.662,-66.626],[98.064,-66.588],[97.114,-66.684],[95.723,-66.529],[93.482,-66.607],[90,-66.607],[88.654,-66.764],[88.084,-66.111],[87.765,-66.749],[87.223,-66.993],[85.523,-66.916],[81.814,-67.302],[78.26,-68.384],[77.796,-68.847],[76.869,-69.311],[75.401,-69.466],[72.542,-70.238],[71.924,-70.547],[70.301,-72.015],[69.528,-72.402],[68.215,-72.402],[67.365,-72.093],[67.365,-71.706],[68.138,-71.088],[68.684,-71.06],[69.074,-70.588],[68.191,-70.67],[67.513,-70.464],[67.841,-70.033],[68.215,-69.852],[68.951,-69.889],[69.142,-69.388],[69.444,-69.19],[69.773,-68.636],[69.683,-68.152],[69.374,-67.843],[66.979,-67.843],[63.579,-67.534],[62.806,-67.611],[59.603,-67.33],[56.627,-66.942],[57.101,-66.523],[56.175,-66.447],[55.142,-65.963],[53.765,-65.911],[52.452,-65.988],[50.52,-66.375],[50.006,-66.588],[50.273,-67.137],[48.967,-66.973],[48.27,-67.181],[48.848,-67.434],[47.305,-67.775],[46.919,-67.404],[46.058,-67.434],[46.038,-67.688],[44.797,-67.745],[44.184,-68.036],[42.561,-68.113],[41.943,-68.422],[39.647,-68.934],[39.459,-69.701],[38.332,-70.029],[37.299,-69.654],[36.078,-69.591],[35.298,-69.118],[34.716,-68.934],[34.293,-68.5],[33.541,-68.542],[33.025,-68.918],[32.748,-69.35],[30.662,-69.736],[25.639,-70.354],[23.707,-70.586],[22.548,-70.586],[19.535,-70.161],[17.603,-70.084],[12.658,-70.315],[11.962,-70.702],[11.113,-70.856],[10.34,-70.702],[9.413,-70.084],[8.485,-70.084],[6.554,-70.47],[3.308,-70.934],[0.681,-71.32],[-0.787,-71.706],[-1.251,-71.32],[-2.719,-71.397],[-4.882,-71.281],[-6.318,-71.425],[-6.255,-71.154],[-5.732,-70.895],[-6.35,-70.663],[-7.2,-70.895],[-7.633,-71.258],[-7.741,-71.668],[-8.823,-71.822],[-9.364,-71.127],[-9.75,-71.05],[-11.141,-71.59],[-11.808,-71.3],[-12.371,-71.404],[-12.329,-71.675],[-11.557,-72.072],[-11.828,-72.323],[-14.271,-72.844],[-14.584,-73.178],[-16.396,-73.445],[-17.091,-73.909],[-16.164,-74.063],[-15.005,-73.831],[-14.451,-74.065],[-17.168,-74.758],[-18.405,-75.686],[-20.645,-75.918],[-23.582,-75.918],[-30.227,-76.845],[-32.081,-77.308],[-33.163,-77.386],[-34.94,-77.927],[-36.408,-78.622],[-36.408,-79.163],[-35.018,-79.163],[-32.854,-79.317],[-29.568,-79.224],[-29.035,-79.377],[-28.913,-79.858],[-28.372,-80.09],[-28.913,-80.476],[-32.931,-80.863],[-38.031,-80.94],[-41.817,-81.404],[-43.826,-81.79],[-52.249,-82.022],[-55.185,-82.331],[-57.58,-83.026],[-59.28,-82.717],[-60.207,-82.331],[-63.144,-82.099],[-67.934,-81.481],[-74.889,-80.708],[-76.643,-80.215],[-78.289,-80.322],[-78.829,-80.013],[-76.434,-79.858],[-76.589,-79.395],[-77.98,-79.086],[-80.22,-79.317],[-82.925,-79.163],[-84.104,-78.649],[-84.161,-78.236],[-83.079,-78.236],[-82.075,-78.777],[-79.139,-78.931],[-77.782,-78.649],[-78.289,-78.313],[-80.761,-78.236],[-81.655,-77.68],[-80.687,-77.566],[-77.052,-77.927],[-74.502,-78.081],[-73.027,-77.823],[-73.568,-77.481],[-75.816,-77.463],[-78.598,-76.613],[-78.829,-76.227],[-77.825,-75.995],[-76.28,-76.304],[-75.932,-76.484],[-73.881,-76.627],[-70.562,-76.69],[-69.248,-76.381],[-65.925,-75.84],[-64.457,-75.686],[-63.221,-74.836],[-62.68,-74.758],[-61.367,-73.909],[-60.826,-72.749],[-60.98,-72.054],[-61.676,-70.818],[-62.139,-70.509],[-63.144,-69.427],[-63.453,-68.886],[-63.839,-68.654],[-64.535,-68.654],[-65.153,-68.5],[-65.694,-67.881],[-65.385,-67.341],[-64.38,-66.722],[-63.839,-66.491],[-62.757,-66.645],[-62.448,-66.336],[-62.371,-65.795],[-61.135,-64.868],[-59.821,-64.327],[-58.894,-64.327],[-57.271,-63.709],[-57.426,-63.245],[-58.121,-63.4],[-59.126,-63.863],[-60.207,-63.941],[-61.289,-64.482],[-62.912,-64.713],[-64.225,-65.254],[-65.075,-65.95],[-65.771,-66.182],[-66.853,-66.8],[-67.703,-66.877],[-67.857,-67.572],[-67.316,-67.804],[-67.084,-68.654],[-67.471,-69.195],[-68.244,-69.35],[-68.784,-69.813],[-68.63,-70.277],[-68.089,-70.586],[-67.703,-71.281],[-67.084,-71.822],[-67.084,-72.44],[-67.625,-72.749],[-71.489,-73.368],[-75.584,-73.754],[-77.13,-73.638],[-78.52,-73.715],[-79.757,-73.174],[-80.993,-73.252],[-81.302,-73.793],[-81.766,-74.024],[-84.393,-73.793],[-85.938,-73.484],[-86.325,-73.252],[-87.406,-73.406],[-88.565,-73.252],[-88.72,-72.788],[-89.261,-72.788],[-90,-73.329],[-93.974,-73.174],[-96.524,-73.329],[-99.788,-72.998],[-102.174,-73.09],[-102.551,-72.788],[-103.587,-72.741],[-103.587,-73.108],[-102.944,-73.365],[-100.229,-73.438],[-99.678,-73.658],[-101.421,-73.768],[-103.247,-73.561],[-103.165,-73.86],[-101.88,-74.099],[-101.495,-74.539],[-100.559,-74.466],[-100.412,-74.759],[-99.733,-75.071],[-100.045,-75.31],[-103.942,-75.106],[-105.642,-75.068],[-106.801,-75.377],[-108.347,-75.299],[-109.196,-75.145],[-110.557,-75.303],[-110.791,-74.951],[-110.337,-74.761],[-110.433,-74.295],[-111.746,-74.295],[-111.744,-74.717],[-112.365,-74.836],[-113.428,-74.688],[-113.238,-74.321],[-114.146,-73.926],[-114.937,-74.058],[-114.992,-74.449],[-117.387,-74.527],[-118.083,-74.295],[-118.778,-74.604],[-120.169,-74.527],[-123.569,-74.836],[-127.123,-74.681],[-128.978,-74.913],[-130.987,-74.797],[-133.536,-74.797],[-134.773,-74.643],[-138.559,-75.106],[-140.568,-75.261],[-144.509,-75.724],[-146.672,-76.111],[-148.527,-76.033],[-149.609,-76.343],[-148.45,-76.497],[-147.131,-76.531],[-146.116,-76.86],[-146.146,-77.457],[-147.986,-77.347],[-149.995,-77.733],[-152.086,-77.337],[-154.167,-77.115],[-156.408,-77.115],[-158.031,-77.27],[-158.185,-77.811],[-157.336,-78.197],[-156.022,-78.352],[-154.708,-78.12],[-154.132,-78.352],[-155.867,-78.738],[-154.554,-79.124],[-151.772,-79.201],[-150.58,-79.483],[-148.604,-79.665],[-146.904,-80.051],[-145.668,-80.515],[-148.836,-81.365],[-149.995,-81.21],[-154.477,-81.056],[-156.999,-81.196],[-154.267,-81.677],[-154.983,-81.911],[-154.554,-82.138],[-152.081,-82.601],[-152.931,-82.91],[-153.31,-83.942],[-152.004,-84.379],[-149.609,-84.456],[-145.281,-84.765],[-138.817,-85.013],[-139.331,-85.223],[-148.759,-85.074],[-151.463,-85.306],[-156.563,-85.46],[-160.504,-85.383],[-167.226,-84.765],[-173.871,-84.456],[-178.43,-84.456],[-180,-84.322],[-180,-85.322],[-180,-86.322],[-180,-87.322],[-180,-88.322],[-180,-89.322],[-180,-90],[-179.204,-90],[-178.204,-90],[-177.204,-90],[-176.204,-90],[-175.204,-90],[-174.204,-90],[-173.204,-90],[-172.204,-90],[-171.204,-90],[-170.204,-90],[-169.204,-90],[-168.204,-90],[-167.204,-90],[-166.204,-90],[-165.204,-90],[-164.204,-90],[-163.204,-90],[-162.204,-90],[-161.204,-90],[-160.204,-90],[-159.204,-90],[-158.204,-90],[-157.204,-90],[-156.204,-90],[-155.204,-90],[-154.204,-90],[-153.204,-90],[-152.204,-90],[-151.204,-90],[-150.204,-90],[-149.204,-90],[-148.204,-90],[-147.204,-90],[-146.204,-90],[-145.204,-90],[-144.204,-90],[-143.204,-90],[-142.204,-90],[-141.204,-90],[-140.204,-90],[-139.204,-90],[-138.204,-90],[-137.204,-90],[-136.204,-90],[-135.204,-90],[-134.204,-90],[-133.204,-90],[-132.204,-90],[-131.204,-90],[-130.204,-90],[-129.204,-90],[-128.204,-90],[-127.204,-90],[-126.204,-90],[-125.204,-90],[-124.204,-90],[-123.204,-90],[-122.204,-90],[-121.204,-90],[-120.204,-90],[-119.204,-90],[-118.204,-90],[-117.204,-90],[-116.204,-90],[-115.204,-90],[-114.204,-90],[-113.204,-90],[-112.204,-90],[-111.204,-90],[-110.204,-90],[-109.204,-90],[-108.204,-90],[-107.204,-90],[-106.204,-90],[-105.204,-90],[-104.204,-90],[-103.204,-90],[-102.204,-90],[-101.204,-90],[-100.204,-90],[-99.204,-90],[-98.204,-90],[-97.204,-90],[-96.204,-90],[-95.204,-90],[-94.204,-90],[-93.204,-90],[-92.204,-90],[-91.204,-90],[-90,-90],[-89.204,-90],[-88.204,-90],[-87.204,-90],[-86.204,-90],[-85.204,-90],[-84.204,-90],[-83.204,-90],[-82.204,-90],[-81.204,-90],[-80.204,-90],[-79.204,-90],[-78.204,-90],[-77.204,-90],[-76.204,-90],[-75.204,-90],[-74.204,-90],[-73.204,-90],[-72.204,-90],[-71.204,-90],[-70.204,-90],[-69.204,-90],[-68.204,-90],[-67.204,-90],[-66.204,-90],[-65.204,-90],[-64.204,-90],[-63.204,-90],[-62.204,-90],[-61.204,-90],[-60.204,-90],[-59.204,-90],[-58.204,-90],[-57.204,-90],[-56.204,-90],[-55.204,-90],[-54.204,-90],[-53.204,-90],[-52.204,-90],[-51.204,-90],[-50.204,-90],[-49.204,-90],[-48.204,-90],[-47.204,-90],[-46.204,-90],[-45.204,-90],[-44.204,-90],[-43.204,-90],[-42.204,-90],[-41.204,-90],[-40.204,-90],[-39.204,-90],[-38.204,-90],[-37.204,-90],[-36.204,-90],[-35.204,-90],[-34.204,-90],[-33.204,-90],[-32.204,-90],[-31.204,-90],[-30.204,-90],[-29.204,-90],[-28.204,-90],[-27.204,-90],[-26.204,-90],[-25.204,-90],[-24.204,-90],[-23.204,-90],[-22.204,-90],[-21.204,-90],[-20.204,-90],[-19.204,-90],[-18.204,-90],[-17.204,-90],[-16.204,-90],[-15.204,-90],[-14.204,-90],[-13.204,-90],[-12.204,-90],[-11.204,-90],[-10.204,-90],[-9.204,-90],[-8.204,-90],[-7.204,-90],[-6.204,-90],[-5.204,-90],[-4.204,-90],[-3.204,-90],[-2.204,-90],[-1.204,-90],[-0.204,-90],[0.778,-90],[1.778,-90],[2.778,-90],[3.778,-90],[4.778,-90],[5.778,-90],[6.778,-90],[7.778,-90],[8.778,-90],[9.778,-90],[10.778,-90],[11.778,-90],[12.778,-90],[13.778,-90],[14.778,-90],[15.778,-90],[16.778,-90],[17.778,-90],[18.778,-90],[19.778,-90],[20.778,-90],[21.778,-90],[22.778,-90],[23.778,-90],[24.778,-90],[25.778,-90],[26.778,-90],[27.778,-90],[28.778,-90],[29.778,-90],[30.778,-90],[31.778,-90],[32.778,-90],[33.778,-90],[34.778,-90],[35.778,-90],[36.778,-90],[37.778,-90],[38.778,-90],[39.778,-90],[40.778,-90],[41.778,-90],[42.778,-90],[43.778,-90],[44.778,-90],[45.778,-90],[46.778,-90],[47.778,-90],[48.778,-90],[49.778,-90],[50.778,-90],[51.778,-90],[52.778,-90],[53.778,-90],[54.778,-90],[55.778,-90],[56.778,-90],[57.778,-90],[58.778,-90],[59.778,-90],[60.778,-90],[61.778,-90],[62.778,-90],[63.778,-90],[64.778,-90],[65.778,-90],[66.778,-90],[67.778,-90],[68.778,-90],[69.778,-90],[70.778,-90],[71.778,-90],[72.778,-90],[73.778,-90],[74.778,-90],[75.778,-90],[76.778,-90],[77.778,-90],[78.778,-90],[79.778,-90],[80.778,-90],[81.778,-90],[82.778,-90],[83.778,-90],[84.778,-90],[85.778,-90],[86.778,-90],[87.778,-90],[88.778,-90],[89.778,-90],[89.796,-90],[90,-90],[91.778,-90],[92.778,-90],[93.778,-90],[94.778,-90],[95.778,-90],[96.778,-90],[97.778,-90],[98.778,-90],[99.778,-90],[100.778,-90],[101.778,-90],[102.778,-90],[103.778,-90],[104.778,-90],[105.778,-90],[106.778,-90],[107.778,-90],[108.778,-90],[109.778,-90],[110.778,-90],[111.778,-90],[112.778,-90],[113.778,-90],[114.778,-90],[115.778,-90],[116.778,-90],[117.778,-90],[118.778,-90],[119.778,-90],[120.778,-90],[121.778,-90],[122.778,-90],[123.778,-90],[124.778,-90],[125.778,-90],[126.778,-90],[127.778,-90],[128.778,-90],[129.778,-90],[130.778,-90],[131.778,-90],[132.778,-90],[133.778,-90],[134.778,-90],[135.778,-90],[136.778,-90],[137.778,-90],[138.778,-90],[139.778,-90],[140.778,-90],[141.778,-90],[142.778,-90],[143.778,-90],[144.778,-90],[145.778,-90],[146.778,-90],[147.778,-90],[148.778,-90],[149.778,-90],[150.778,-90],[151.778,-90],[152.778,-90],[153.778,-90],[154.778,-90],[155.778,-90],[156.778,-90],[157.778,-90],[158.778,-90],[159.778,-90],[160.778,-90],[161.778,-90],[162.778,-90],[163.778,-90],[164.778,-90],[165.778,-90],[166.778,-90],[167.778,-90],[168.778,-90],[169.778,-90],[170.778,-90],[171.778,-90],[172.778,-90],[173.778,-90],[174.778,-90],[175.778,-90],[176.778,-90],[177.778,-90],[178.778,-90],[180,-90],[180,-89.319],[180,-88.319],[180,-87.319],[180,-86.319],[180,-85.319],[180,-84.34],[176.933,-84.031],[172.58,-83.844],[169.769,-83.418]]]]},"properties":{"BORDERPRECISION":1,"fid":17}},
{"type":"Feature","geometry":{"type":"Polygon","coordinates":[[[12.378,44.732],[12.053,45.021],[11.605,44.905],[11.17,45.067],[11.339,44.855],[11.173,44.606],[11.289,44.224],[11.854,44.357],[12.302,43.278],[12.153,43.062],[12.169,42.63],[11.96,42.007],[12.642,41.531],[12.977,41.371],[13.761,41.207],[13.979,41.335],[13.863,41.75],[13.647,41.8],[13.415,42.364],[13.714,42.398],[14.076,42.634],[13.601,43.535],[12.697,43.935],[12.345,44.301],[12.378,44.732]]]},"properties":{"NAME":"Papal States","SUBJECTO":"Papal States","PARTOF":"Papal States","ABBREVN":"Papal States","BORDERPRECISION":1,"fid":18}},
{"type":"Feature","geometry":{"type":"Polygon","coordinates":[[[48.015,-17.023],[47.482,-16.904],[46.654,-17.733],[45.292,-22.645],[45.529,-23.592],[46.002,-23.592],[47.186,-23.119],[48.488,-20.041],[48.488,-19.449],[48.015,-17.023]]]},"properties":{"NAME":"Expansionist Kingdom of Merina","SUBJECTO":"Expansionist Kingdom of Merina","PARTOF":"Expansionist Kingdom of Merina","ABBREVN":"Merina","BORDERPRECISION":1,"fid":19}},
{"type":"Feature","geometry":{"type":"Polygon","coordinates":[[[141.898,45.915],[142.327,46.563],[142.615,46.713],[143.004,46.577],[143.303,46.011],[143.004,46.577],[142.615,46.713],[142.327,46.563],[141.898,45.915]]]},"properties":{"BORDERPRECISION":1,"fid":20}},
{"type":"Feature","geometry":{"type":"Polygon","coordinates":[[[12.372,-6.258],[12.796,-6.861],[12.969,-7.515],[13.387,-8.156],[13.477,-8.416],[13.431,-8.823],[13.146,-9.065],[13.084,-9.287],[14.329,-9.368],[14.267,-8.939],[14.325,-8.234],[14.09,-7.706],[14.103,-7.376],[14.399,-7.198],[14.872,-7.376],[14.99,-7.198],[15.05,-6.015],[14.576,-4.772],[14.103,-4.949],[13.274,-5.778],[13.215,-6.133],[12.801,-5.956],[12.372,-6.258]]]},"properties":{"NAME":"Congo","SUBJECTO":"Congo","PARTOF":"Congo","ABBREVN":"Congo","BORDERPRECISION":1,"fid":22}},
{"type":"Feature","geometry":{"type":"Polygon","coordinates":[[[102.671,12.038],[102.963,11.368],[103.04,10.898],[103.525,11.058],[103.67,10.766],[103.525,10.524],[104.16,10.519],[104.428,10.285],[104.765,10.177],[104.979,9.981],[104.822,9.472],[104.742,8.494],[105.208,8.654],[105.503,9.029],[105.927,9.189],[106.229,9.552],[106.482,9.552],[106.656,9.743],[106.749,10.067],[106.704,10.448],[106.854,10.576],[107.385,12.354],[107.482,12.583],[107.48,13.257],[105.016,13.406],[103.657,12.846],[102.671,12.038]]]},"properties":{"NAME":"Cambodia","SUBJECTO":"Cambodia","PARTOF":"Cambodia","ABBREVN":"Cambodia","BORDERPRECISION":1,"fid":23}},
{"type":"Feature","geometry":{"type":"Polygon","coordinates":[[[7.397,43.764],[6.923,43.815],[6.783,44.548],[6.943,44.869],[5.823,45.396],[5.533,46.097],[5.268,46.318],[5.646,46.457],[5.667,47.108],[5.918,47.595],[5.96,47.985],[6.252,47.957],[6.238,48.291],[5.946,48.347],[6.015,48.653],[5.834,48.778],[5.361,49.697],[4.255,49.887],[3.82,50.039],[3.483,49.92],[2.907,49.943],[2.677,50.151],[2.148,50.059],[1.826,50.243],[1.796,50.921],[1.589,50.822],[1.552,50.229],[1.275,50.004],[0.189,49.681],[0.033,49.334],[-0.239,49.285],[-1.023,49.398],[-1.524,49.653],[-1.892,49.526],[-1.563,49.036],[-1.591,48.638],[-1.858,48.608],[-1.752,48.178],[-2.01,47.746],[-2.576,47.325],[-2.005,47.043],[-2.13,46.851],[-1.711,46.449],[-1.256,46.307],[-1.075,46.015],[-1.247,45.688],[-1.123,45.432],[-1.276,45.129],[-1.314,44.559],[-1.561,43.524],[-1.915,43.305],[-1.491,43.21],[-1.397,43.032],[-0.907,42.881],[-0.166,42.649],[0.592,42.628],[0.744,42.772],[1.728,42.501],[2.272,42.69],[3.002,42.771],[3.479,43.312],[4.078,43.487],[4.417,43.346],[5.052,43.328],[5.434,43.104],[5.829,43.021],[6.523,43.151],[7.397,43.764]]]},"properties":{"NAME":"France","SUBJECTO":"France","PARTOF":"France","ABBREVN":"France","BORDERPRECISION":1,"fid":24}},
{"type":"Feature","geometry":{"type":"MultiPolygon","coordinates":[[[[12.378,44.732],[12.523,44.883],[12.176,45.214],[12.448,45.394],[13.368,45.694],[13.606,46.132],[13.709,46.839],[13.292,47.064],[12.698,46.951],[12.075,46.928],[11.74,46.752],[11.908,46.414],[11.571,46.245],[10.795,45.638],[10.525,45.739],[10.457,46.212],[10.558,46.718],[10.024,46.621],[9.885,46.403],[9.545,46.312],[9.582,45.893],[9.922,45.666],[9.998,45.401],[10.824,45.353],[10.856,45.051],[11.17,45.067],[11.605,44.905],[12.053,45.021],[12.378,44.732]]],[[[16.64,43.39],[16.701,43.847],[16.185,43.908],[15.75,44.098],[15.494,43.888],[15.913,43.652],[16.059,43.433],[16.367,43.513],[16.64,43.39]]],[[[16.992,43.323],[17.304,43.076],[17.326,43.337],[16.992,43.323]]],[[[13.673,45.715],[13.527,45.454],[13.672,45.05],[13.895,44.759],[14.189,44.943],[14.354,45.323],[14.076,45.678],[13.673,45.715]]]]},"properties":{"NAME":"Venice","SUBJECTO":"Venice","PARTOF":"Venice","ABBREVN":"Venice","BORDERPRECISION":1,"fid":25}},
{"type":"Feature","geometry":{"type":"Polygon","coordinates":[[[40.4,-11.23],[40.62,-10.766],[40.387,-10.372],[39.838,-10.005],[39.658,-9.796],[39.392,-8.735],[39.478,-7.998],[39.27,-7.801],[39.566,-7.044],[39.221,-6.784],[38.922,-6.34],[38.872,-6.092],[38.934,-5.635],[39.122,-5.037],[39.267,-4.776],[39.53,-4.617],[39.681,-4.324],[39.64,-4.083],[40.234,-3.192],[40.271,-2.817],[40.449,-2.645],[40.75,-2.593],[41.089,-2.129],[41.61,-1.877],[41.607,-1.594],[42.44,-0.512],[43.724,0.8],[44.301,1.291],[42.786,1.32],[39.417,-1.375],[37.732,-4.575],[38.238,-9.292],[39.248,-11.145],[40.4,-11.23]]]},"properties":{"NAME":"Islamic city-states","SUBJECTO":"Islamic city-states","PARTOF":"Islamic city-states","ABBREVN":"Islamic city-states","BORDERPRECISION":1,"fid":26}},
{"type":"Feature","geometry":{"type":"Polygon","coordinates":[[[109.43,18.097],[109.669,18.415],[110.263,18.626],[110.427,19.229],[110.885,19.707],[110.617,20.017],[110.061,19.94],[109.916,19.8],[109.55,19.914],[109.42,19.659],[109.198,19.684],[108.577,19.187],[108.652,18.482],[109.43,18.097]]]},"properties":{"BORDERPRECISION":1,"fid":27}},
{"type":"Feature","geometry":{"type":"Polygon","coordinates":[[[52.611,72.74],[53.089,72.473],[52.351,72.041],[51.482,71.845],[51.815,71.48],[52.55,71.59],[53.234,71.514],[54.308,71.206],[53.729,70.765],[57.238,70.691],[56.379,71.132],[55.721,71.642],[55.518,72.478],[56.272,72.857],[56.509,73.174],[55.816,73.307],[53.502,73.137],[52.611,72.74]]]},"properties":{"BORDERPRECISION":1,"fid":28}},
{"type":"Feature","geometry":{"type":"Polygon","coordinates":[[[80.563,5.932],[81.203,6.079],[81.6,6.449],[81.866,7.085],[81.805,7.313],[81.446,7.929],[81.326,8.259],[81.06,8.411],[81.093,8.627],[80.662,9.299],[80.178,9.445],[80.053,9.114],[79.675,8.805],[79.809,8.647],[79.724,8.417],[79.832,8.103],[79.854,7.061],[80.017,6.496],[80.222,6.058],[80.563,5.932]]]},"properties":{"NAME":"Sinhalese kingdoms","SUBJECTO":"Sinhalese kingdoms","PARTOF":"Sinhalese kingdoms","ABBREVN":"Ceylon","BORDERPRECISION":1,"fid":29}},
{"type":"Feature","geometry":{"type":"Polygon","coordinates":[[[96.118,3.951],[96.544,4.472],[96.602,5.077],[96.025,5.215],[95.74,5.469],[95.464,5.57],[95.191,5.41],[95.308,4.96],[95.561,4.534],[96.118,3.951]]]},"properties":{"NAME":"Aceh","SUBJECTO":"Aceh","PARTOF":"Aceh","ABBREVN":"Aceh","BORDERPRECISION":1,"fid":30}},
{"type":"Feature","geometry":{"type":"MultiPolygon","coordinates":[[[[103.311,-0.818],[103.238,-0.659],[103.687,-0.118],[103.722,0.015],[103.24,0.459],[102.472,0.623],[102.136,0.94],[101.868,1.435],[101.474,1.548],[101.276,1.719],[101.06,2.081],[100.832,2.176],[100.732,1.871],[100.456,2.118],[100.121,2.543],[99.863,2.568],[99.858,2.904],[98.625,3.658],[98.49,3.227],[98.646,2.76],[100.202,0.892],[101.136,-1.366],[101.759,-1.288],[103.311,-0.818]]],[[[103.334,3.394],[101.837,3.46],[101.264,3.225],[101.336,2.781],[101.893,2.337],[102.717,1.881],[103.428,1.381],[103.608,1.445],[104.176,1.389],[103.83,2.17],[103.44,2.633],[103.308,3.026],[103.334,3.394]]],[[[108.999,0.198],[109.932,0.191],[110.348,0.852],[110.549,0.726],[110.818,1.244],[110.289,1.516],[109.723,1.617],[109.554,1.801],[109.282,1.883],[108.956,1.259],[108.814,0.808],[108.841,0.331],[108.999,0.198]]]]},"properties":{"NAME":"Malacca","SUBJECTO":"Malacca","PARTOF":"Malacca","ABBREVN":"Malacca","BORDERPRECISION":1,"fid":31}},
{"type":"Feature","geometry":{"type":"MultiPolygon","coordinates":[[[[140.87,-2.795],[139.592,-2.379],[137.854,-1.614],[137.704,-1.633],[137.111,-1.984],[137.084,-2.251],[136.271,-2.418],[135.734,-3.252],[135.246,-3.539],[134.773,-3.305],[134.634,-2.822],[134.455,-3],[134.283,-2.855],[133.983,-2.01],[134.141,-1.501],[133.907,-1.006],[133.265,-0.861],[132.592,-0.57],[132.254,-0.527],[131.834,-0.826],[131.211,-1.025],[131.183,-1.406],[131.064,-1.54],[131.816,-1.665],[131.973,-2.116],[132.219,-2.344],[133.321,-2.38],[133.855,-2.245],[133.781,-2.722],[133.321,-2.742],[133.121,-2.597],[132.719,-2.934],[132.202,-2.802],[132.177,-3.043],[132.749,-3.398],[132.896,-3.696],[132.713,-3.888],[132.932,-4.268],[133.395,-3.988],[133.563,-3.415],[133.763,-3.51],[134.041,-3.948],[134.401,-4.068],[134.766,-4.036],[134.777,-4.309],[135.378,-4.562],[135.654,-4.593],[137.385,-5.123],[137.824,-5.427],[138.551,-6.652],[139.028,-7.02],[138.65,-7.141],[139.156,-7.725],[138.958,-8.145],[139.112,-8.323],[139.794,-8.213],[139.977,-8.238],[140.299,-8.644],[140.948,-9.274],[140.962,-7.727],[140.941,-7.365],[140.747,-6.749],[140.945,-6.379],[140.87,-2.795]]],[[[96.118,3.951],[96.394,3.647],[96.72,3.705],[97.254,3.14],[97.509,2.74],[97.597,2.251],[97.983,2.112],[98.601,1.707],[98.689,1.37],[99.113,0.221],[99.697,-0.152],[99.972,-0.501],[100.65,-1.631],[100.796,-2.025],[100.812,-2.336],[101.345,-3.015],[101.66,-3.319],[102.111,-3.604],[102.462,-4.182],[103.069,-4.613],[103.523,-4.999],[104.568,-6.071],[104.563,-5.601],[105.033,-5.879],[105.187,-5.542],[105.476,-5.815],[105.728,-5.827],[105.796,-5.35],[105.797,-4.734],[105.711,-4.105],[105.943,-3.215],[105.629,-2.91],[105.445,-2.599],[104.995,-2.467],[104.61,-2.576],[104.813,-2.156],[104.568,-2.137],[104.352,-1.89],[104.298,-1.363],[104.121,-1.141],[103.747,-1.116],[103.311,-0.818],[101.759,-1.288],[101.136,-1.366],[100.202,0.892],[98.646,2.76],[98.49,3.227],[98.625,3.658],[98.146,4.07],[98.174,4.381],[97.943,4.521],[97.384,5.18],[96.602,5.077],[96.544,4.472],[96.118,3.951]]],[[[108.999,0.198],[109.158,-0.075],[109.073,-0.405],[109.429,-0.71],[109.179,-0.869],[109.783,-1.306],[109.941,-1.643],[110.066,-2.494],[110.102,-3.079],[110.653,-2.988],[110.797,-3.172],[111.436,-2.974],[111.587,-2.796],[111.729,-3.259],[111.739,-3.647],[112.246,-3.398],[112.578,-3.423],[112.795,-2.971],[113.123,-3.244],[113.744,-3.598],[114.099,-3.35],[114.356,-3.603],[114.505,-3.965],[114.712,-4.206],[115.568,-3.804],[115.806,-3.536],[115.956,-3.199],[116.202,-2.9],[116.349,-2.417],[116.246,-2.106],[116.046,-1.934],[116.384,-1.66],[116.579,-1.368],[117.046,-0.935],[117.37,-1.004],[117.43,-0.622],[117.318,-0.14],[117.534,0.611],[117.86,0.866],[118.218,0.758],[118.765,0.823],[118.517,1.166],[117.913,1.59],[117.696,1.901],[117.829,2.314],[117.342,3.025],[117.074,3.507],[117.684,3.629],[117.589,4.048],[118.112,4.145],[118.391,4.374],[117.992,4.685],[118.108,4.939],[118.683,4.915],[119.043,5.17],[118.377,5.639],[117.762,5.58],[117.867,5.904],[117.37,5.789],[117.541,6.24],[117.507,6.393],[117.168,6.614],[116.889,6.646],[116.596,6.899],[116.338,6.358],[115.971,5.881],[115.787,5.74],[115.717,5.468],[115.292,5.454],[115.203,5.276],[115.418,5.111],[115.361,4.876],[114.878,4.856],[114.745,4.984],[114.45,4.563],[114.167,4.511],[113.815,4.263],[113.423,3.76],[113.188,3.615],[112.952,3.155],[112.759,3.009],[111.635,2.72],[111.372,2.599],[110.893,1.511],[110.818,1.244],[110.549,0.726],[110.348,0.852],[109.932,0.191],[108.999,0.198]]],[[[119.692,-0.017],[119.578,-0.491],[119.597,-0.878],[119.396,-0.904],[119.205,-1.432],[119.247,-1.959],[119.175,-2.176],[118.684,-2.901],[118.791,-3.663],[119.226,-3.574],[119.461,-3.808],[119.504,-4.189],[119.446,-5.067],[119.295,-5.423],[119.477,-5.804],[120.248,-5.586],[120.133,-5.23],[120.307,-4.804],[120.143,-4.398],[120.28,-3.654],[120.144,-3.076],[120.593,-2.802],[120.925,-2.826],[120.999,-3.049],[120.818,-3.487],[120.881,-3.716],[121.508,-4.236],[121.393,-4.789],[121.873,-4.96],[121.974,-4.648],[122.159,-4.514],[122.648,-4.513],[122.641,-4.284],[122.19,-3.847],[122.144,-3.663],[122.258,-3.211],[121.874,-2.653],[121.265,-2.101],[121.586,-2.011],[121.746,-1.852],[122.223,-1.654],[122.757,-1.094],[123.213,-1.233],[123.25,-0.902],[122.981,-0.718],[122.739,-0.878],[122.159,-1.012],[121.995,-1.114],[121.461,-0.989],[121.055,-1.549],[120.507,-1.448],[120.407,-1.175],[120.022,-0.903],[119.873,-0.465],[120.143,0.191],[120.337,0.356],[122.466,0.405],[122.983,0.375],[123.472,0.153],[124.234,0.301],[124.857,1.046],[125.016,1.542],[124.852,1.624],[124.457,1.204],[124.432,0.956],[124.15,0.797],[123.826,0.739],[122.992,0.775],[122.733,0.673],[122.181,0.869],[121.591,0.861],[121.263,1.102],[120.767,1.139],[120.432,0.636],[120.239,0.788],[119.914,0.54],[119.692,-0.017]]],[[[105.185,-6.866],[105.89,-6.933],[106.366,-7.04],[106.345,-7.37],[106.484,-7.503],[107.368,-7.565],[107.73,-7.787],[108.16,-7.856],[108.61,-7.702],[109.037,-7.72],[110.038,-7.991],[110.415,-8.207],[110.778,-8.32],[112.414,-8.488],[113.074,-8.347],[114.105,-8.688],[114.069,-8.434],[114.252,-8.02],[113.948,-7.824],[113.559,-7.914],[113.073,-7.877],[112.678,-7.719],[112.501,-7.465],[112.537,-7.265],[112.275,-7.027],[111.045,-6.852],[110.815,-6.534],[110.492,-6.662],[110.396,-6.955],[110.027,-7.044],[108.556,-6.921],[108.475,-6.686],[108.173,-6.356],[107.769,-6.452],[107.34,-6.154],[106.945,-6.026],[106.864,-6.27],[106.628,-6.309],[106.521,-6.11],[106.024,-6.081],[105.672,-6.456],[105.633,-6.755],[105.185,-6.866]]],[[[123.492,-10.352],[124.154,-10.205],[124.939,-9.555],[125.212,-9.395],[126.873,-8.807],[127.044,-8.476],[126,-8.656],[125.29,-8.702],[125.08,-8.772],[124.918,-9.046],[124.62,-9.25],[123.969,-9.531],[123.665,-9.748],[123.492,-10.352]]],[[[127.631,-0.017],[127.636,-0.308],[127.884,-0.638],[128.299,-1.025],[128.37,-0.929],[127.946,-0.326],[127.865,0.099],[128.037,0.367],[128.706,0.209],[128.642,0.431],[128.19,0.627],[128.632,1.022],[128.545,1.448],[128.102,1.199],[128.042,0.964],[127.802,0.716],[127.689,0.925],[127.987,1.574],[127.8,1.897],[127.569,1.528],[127.424,0.982],[127.522,0.785],[127.441,0.537],[127.631,-0.017]]],[[[122.949,-8.377],[122.715,-8.293],[122.166,-8.634],[121.98,-8.55],[121.578,-8.589],[121.279,-8.717],[121.079,-8.571],[120.565,-8.388],[120.328,-8.395],[119.853,-8.574],[119.935,-8.936],[120.549,-8.935],[120.971,-9.055],[121.276,-8.914],[121.694,-8.996],[122.711,-8.598],[122.949,-8.377]]],[[[130.784,-3.879],[130.725,-3.485],[130.369,-3.13],[129.743,-2.979],[129.168,-3.139],[128.909,-3],[128.153,-2.97],[128.042,-3.059],[128.376,-3.547],[128.915,-3.254],[129.031,-3.413],[129.487,-3.596],[129.595,-3.335],[129.914,-3.385],[130.297,-3.677],[130.784,-3.879]]],[[[117.938,-8.54],[117.817,-8.814],[117.514,-8.613],[116.958,-8.529],[116.663,-8.702],[116.663,-9.059],[116.976,-9.178],[117.277,-9.145],[117.841,-8.954],[118.658,-8.856],[118.873,-8.671],[118.863,-8.481],[117.948,-8.162],[117.691,-8.267],[117.938,-8.54]]],[[[106.553,-3.175],[106.471,-2.921],[106.643,-2.711],[106.329,-2.572],[106.037,-2.204],[105.896,-1.804],[105.656,-1.957],[105.427,-1.71],[105.2,-2.11],[105.583,-2.205],[105.812,-2.382],[105.995,-2.89],[106.553,-3.175]]],[[[120.28,-10.378],[120.581,-10.098],[120.462,-9.926],[119.789,-9.458],[119.116,-9.523],[119.032,-9.771],[119.41,-9.872],[120.28,-10.378]]],[[[138.176,-8.554],[138.297,-8.541],[138.699,-8.152],[138.895,-7.783],[138.568,-7.523],[138.193,-7.676],[137.676,-8.459],[138.176,-8.554]]],[[[126.66,-3.875],[127.112,-3.722],[127.094,-3.518],[126.727,-3.233],[126.111,-3.298],[126.15,-3.628],[126.66,-3.875]]],[[[115.072,-8.781],[115.5,-8.469],[115.084,-8.235],[114.645,-8.331],[114.511,-8.452],[115.072,-8.781]]]]},"properties":{"NAME":"Malaysian Islamic states","SUBJECTO":"Malaysian Islamic states","PARTOF":"Malaysian Islamic states","ABBREVN":"Malaysian Islamic states","BORDERPRECISION":1,"fid":32}},
{"type":"Feature","geometry":{"type":"Polygon","coordinates":[[[41.484,41.437],[42.25,41.369],[42.878,41.546],[43.957,42.591],[44.414,42.729],[44.978,42.772],[45.382,42.623],[43.617,43.773],[41.31,43.557],[41.123,43.019],[41.41,42.788],[41.652,42.121],[41.666,41.729],[41.484,41.437]]]},"properties":{"NAME":"Georgia","SUBJECTO":"Georgia","PARTOF":"Georgia","ABBREVN":"Georgia","BORDERPRECISION":1,"fid":33}},
{"type":"Feature","geometry":{"type":"Polygon","coordinates":[[[27.823,56.725],[27.929,56.94],[27.633,57.096],[27.795,57.466],[27.511,57.611],[27.581,58.231],[27.65,58.843],[27.661,58.938],[27.702,59.298],[26.343,59.447],[25.721,59.46],[24.714,59.352],[23.416,59.119],[23.361,58.767],[23.69,58.665],[23.671,58.241],[24.058,58.112],[24.346,57.16],[23.768,56.866],[23.215,56.981],[23.071,57.261],[22.564,57.616],[21.677,57.464],[21.34,57.177],[21.324,56.854],[20.965,56.609],[20.916,56.097],[21.018,55.634],[21.216,55.344],[21.137,54.845],[19.943,54.85],[20.006,54.547],[19.733,54.31],[18.685,54.254],[18.282,53.357],[18.59,53.1],[19.206,53.254],[20.428,53.778],[21.464,53.819],[22.234,54.127],[22.132,54.794],[21.926,54.948],[22.029,55.256],[21.67,55.513],[21.31,55.513],[21.142,56.127],[21.905,56.35],[24.715,56.34],[25.307,56.489],[26.245,55.896],[27.371,55.719],[27.823,56.725]]]},"properties":{"NAME":"Teutonic Knights","SUBJECTO":"Teutonic Knights","PARTOF":"Teutonic Knights","ABBREVN":"TeutonicLand","BORDERPRECISION":1,"fid":34}},
{"type":"Feature","geometry":{"type":"Polygon","coordinates":[[[18.685,54.254],[18.279,54.724],[17.658,54.685],[17.747,54.433],[16.658,53.858],[16.204,53.706],[16.053,52.716],[15.76,52.571],[15.765,52.265],[16.855,51.917],[16.855,51.655],[17.553,51.655],[17.64,51.437],[18.14,50.988],[18.646,50.645],[18.796,49.713],[18.927,49.622],[19.381,49.803],[19.562,49.531],[19.895,49.471],[20.016,49.803],[20.681,49.652],[21.317,49.864],[21.771,49.592],[23.889,49.259],[24.161,48.987],[25.666,48.692],[25.902,46.876],[26.699,45.792],[26.731,45.474],[26.54,45.25],[28.368,45.331],[30.886,47.454],[32.007,46.906],[32.094,46.927],[36.07,47.898],[37.502,48.441],[37.699,48.935],[38.136,49.049],[38.292,51.206],[37.601,51.403],[36.86,52.095],[36.525,52.365],[36.34,51.963],[35.795,51.798],[35.349,51.924],[34.834,51.842],[34.871,51.456],[34.192,51.505],[34.117,51.254],[33.693,51.342],[33.526,51.571],[33.05,51.375],[32.418,51.555],[31.994,51.379],[31.529,51.565],[30.854,51.541],[30.508,51.796],[31.304,52.154],[31.562,52.398],[31.371,53.065],[31.638,53.287],[32.15,53.038],[32.555,53.319],[32.501,53.661],[32.635,53.97],[32.265,54.317],[32.208,54.864],[31.351,54.824],[31.042,55.324],[31.723,55.549],[31.804,56.03],[30.902,55.9],[30.777,56.072],[29.948,56.538],[29.06,56.538],[28.813,56.883],[27.823,56.725],[27.371,55.719],[26.245,55.896],[25.307,56.489],[24.715,56.34],[21.905,56.35],[21.142,56.127],[21.31,55.513],[21.67,55.513],[22.029,55.256],[21.926,54.948],[22.132,54.794],[22.234,54.127],[21.464,53.819],[20.428,53.778],[19.206,53.254],[18.59,53.1],[18.282,53.357],[18.685,54.254]]]},"properties":{"NAME":"Poland-Lithuania","SUBJECTO":"Poland-Lithuania","PARTOF":"Poland-Lithuania","ABBREVN":"Pol.-Lith.","BORDERPRECISION":1,"fid":35}},
{"type":"Feature","geometry":{"type":"Polygon","coordinates":[[[16.701,43.847],[16.865,44.245],[17.458,44.146],[17.754,44.393],[18.939,44.393],[19.785,44.936],[20.801,44.932],[23.543,45.856],[24.18,45.856],[26.54,45.25],[26.731,45.474],[26.699,45.792],[25.902,46.876],[25.666,48.692],[24.161,48.987],[23.889,49.259],[21.771,49.592],[21.317,49.864],[20.681,49.652],[20.016,49.803],[19.895,49.471],[19.562,49.531],[19.381,49.803],[18.927,49.622],[18.522,49.561],[18.114,48.854],[17.87,48.8],[17.353,48.963],[17.19,48.447],[17.218,48.066],[17.408,47.822],[16.796,47.843],[16.557,47.495],[16.644,47.3],[16.448,46.93],[16.535,46.365],[16.209,46.147],[16.079,45.886],[16.122,45.582],[15.47,45.734],[15.424,45.43],[14.88,45.484],[14.798,45.865],[14.527,45.783],[14.354,45.323],[14.946,44.927],[14.989,44.54],[15.149,44.24],[15.494,43.888],[15.75,44.098],[16.185,43.908],[16.701,43.847]]]},"properties":{"NAME":"Imperial Hungary","SUBJECTO":"Imperial Hungary","PARTOF":"Imperial Hungary","ABBREVN":"Hungary","BORDERPRECISION":1,"fid":36}},
{"type":"Feature","geometry":{"type":"Polygon","coordinates":[[[-1.915,43.305],[-2.143,43.331],[-2.14,43.136],[-2.556,43.076],[-2.675,42.423],[-2.199,42.244],[-2.318,42.066],[-2.13,41.817],[-1.605,41.769],[-1.664,42.125],[-0.907,42.881],[-1.397,43.032],[-1.491,43.21],[-1.915,43.305]]]},"properties":{"NAME":"Navarre","SUBJECTO":"Navarre","PARTOF":"Navarre","ABBREVN":"Navarre","BORDERPRECISION":1,"fid":37}},
{"type":"Feature","geometry":{"type":"Polygon","coordinates":[[[-7.492,37.208],[-7.228,37.226],[-6.632,37.022],[-6.204,36.282],[-5.661,36.008],[-5.387,36.11],[-5.217,36.41],[-4.757,36.486],[-4.447,36.722],[-2.97,36.741],[-2.624,36.811],[-2.239,36.728],[-1.94,36.952],[-2.149,37.233],[-1.921,37.651],[-1.655,37.918],[-1.807,38.526],[-2.035,38.602],[-1.997,39.591],[-1.807,39.858],[-2.301,40.39],[-1.921,40.618],[-2.149,41.493],[-2.13,41.817],[-2.318,42.066],[-2.199,42.244],[-2.675,42.423],[-2.556,43.076],[-2.14,43.136],[-2.143,43.331],[-2.367,43.326],[-3.007,43.55],[-3.417,43.376],[-4.802,43.469],[-5.537,43.577],[-5.98,43.705],[-6.468,43.563],[-7.151,43.555],[-7.636,43.721],[-8.22,43.617],[-8.31,43.353],[-9.014,43.281],[-9.271,43.049],[-8.942,42.824],[-8.644,42.42],[-8.806,41.889],[-8.157,42.087],[-7.919,41.889],[-7.098,41.868],[-6.709,41.96],[-6.139,41.526],[-6.241,41.32],[-6.797,41.093],[-6.884,40.214],[-6.878,39.702],[-7.431,39.521],[-6.933,38.961],[-7.394,38.295],[-6.845,38.1],[-7.243,37.811],[-7.492,37.208]]]},"properties":{"NAME":"Castille","SUBJECTO":"Castille","PARTOF":"Castille","ABBREVN":"Castille","BORDERPRECISION":1,"fid":38}},
{"type":"Feature","geometry":{"type":"Polygon","coordinates":[[[-2.193,35.054],[-2.83,35.142],[-3.009,35.39],[-3.441,35.166],[-4.593,35.151],[-5.172,35.424],[-5.565,35.862],[-5.929,35.728],[-6.511,34.454],[-7.004,33.875],[-7.333,33.696],[-8.314,33.338],[-4.888,32.402],[-4.051,32.288],[-2.872,32.288],[-1.802,32.427],[-1.61,33.048],[-1.681,33.258],[-1.664,34.205],[-1.738,34.605],[-2.077,34.826],[-2.193,35.054]]]},"properties":{"NAME":"Wattasid Caliphate","SUBJECTO":"Wattasid Caliphate","PARTOF":"Wattasid Caliphate","ABBREVN":"Wattasid C.","BORDERPRECISION":1,"fid":39}},
{"type":"Feature","geometry":{"type":"Polygon","coordinates":[[[-1.802,32.427],[-1.081,32.454],[2.453,32.669],[5.681,32.815],[6.503,32.733],[6.923,36.818],[6.323,37.091],[6.047,36.842],[5.144,36.668],[4.395,36.838],[3.741,36.837],[3.324,36.651],[2.81,36.714],[2.524,36.573],[1.058,36.462],[0.781,36.385],[0.199,36.033],[-0.092,35.74],[-0.429,35.86],[-1.147,35.629],[-1.495,35.234],[-2.193,35.054],[-2.077,34.826],[-1.738,34.605],[-1.664,34.205],[-1.681,33.258],[-1.61,33.048],[-1.802,32.427]]]},"properties":{"NAME":"Zayyanid Caliphate","SUBJECTO":"Zayyanid Caliphate","PARTOF":"Zayyanid Caliphate","ABBREVN":"Zayyanid C.","BORDERPRECISION":1,"fid":40}},
{"type":"Feature","geometry":{"type":"Polygon","coordinates":[[[6.503,32.733],[7.892,32.593],[12.533,30.805],[12.413,32.464],[12.117,32.879],[11.209,33.252],[11.099,33.537],[10.778,33.473],[10.413,33.631],[10.019,34.081],[10.574,34.648],[10.839,34.801],[11.125,35.241],[10.989,35.622],[10.603,35.889],[10.509,36.214],[10.92,36.654],[10.581,36.793],[10.272,36.755],[10.133,37.105],[9.732,37.282],[9.416,37.275],[8.637,36.885],[7.913,36.775],[7.545,37.042],[7.307,37.061],[6.923,36.818],[6.503,32.733]]]},"properties":{"NAME":"Hafsid Caliphate","SUBJECTO":"Hafsid Caliphate","PARTOF":"Hafsid Caliphate","ABBREVN":"Hafsid Cal.","BORDERPRECISION":1,"fid":41}},
{"type":"Feature","geometry":{"type":"MultiPolygon","coordinates":[[[[12.533,30.805],[17.002,28.751],[21.679,28.082],[25.438,28.008],[27.428,27.197],[29.345,24.028],[30.819,23.659],[32.514,23.733],[35.19,24.4],[34.515,25.574],[34.104,26.355],[33.929,26.564],[33.354,27.91],[32.649,28.766],[32.318,29.54],[32.648,29.852],[32.944,29.198],[33.178,28.996],[33.331,28.551],[34.058,27.79],[34.322,27.829],[34.549,28.732],[34.764,29.247],[35.095,29.343],[34.886,28.357],[34.764,28.097],[35.112,28.072],[35.436,27.73],[35.831,27.095],[36.312,26.423],[36.669,26.017],[37.218,25.167],[37.201,24.658],[37.557,24.271],[37.988,24.114],[38.329,23.835],[38.915,22.87],[39.102,22.4],[39.167,21.219],[39.764,20.407],[40.694,19.869],[40.82,19.685],[41.923,20.767],[41.812,21.713],[41.138,22.406],[40.18,24.028],[39.074,25.502],[37.421,27.834],[36.593,29.787],[36.525,31.162],[37.212,33.566],[38.036,34.597],[38.906,36.006],[38.1,35.996],[38.395,36.586],[37.952,37.102],[37.952,37.323],[38.984,37.618],[39.206,38.208],[38.61,38.368],[36.494,37.369],[36.789,37.001],[35.891,36.771],[36.095,36.482],[35.709,36.212],[35.856,35.835],[35.607,35.418],[35.796,35.271],[35.751,34.747],[35.873,34.422],[35.532,34.119],[35.492,33.831],[34.843,32.671],[34.501,31.621],[34.195,31.238],[33.558,30.968],[33.021,31.132],[32.769,30.952],[32.309,31.084],[32.077,31.014],[31.717,31.388],[30.996,31.469],[30.099,31.232],[29.683,31.053],[29.249,30.754],[28.517,30.962],[27.919,30.999],[27.763,31.183],[26.143,31.491],[25.258,31.438],[24.816,31.907],[24.034,31.937],[23.714,32.076],[23.153,32.139],[23.007,32.482],[22.543,32.722],[21.673,32.816],[21.054,32.63],[20.366,32.298],[20.068,32.037],[19.942,31.611],[20.117,30.957],[19.664,30.442],[19.323,30.257],[18.915,30.205],[17.957,30.768],[17.422,30.996],[16.318,31.165],[15.843,31.285],[15.358,31.805],[15.241,32.173],[15.01,32.363],[14.433,32.464],[14.157,32.679],[13.187,32.792],[12.565,32.74],[12.117,32.879],[12.413,32.464],[12.533,30.805]]],[[[38.527,18.161],[38.307,18.25],[37.398,18.915],[37.255,19.652],[37.165,20.764],[36.695,20.398],[35.96,19.418],[36.45,18.07],[37.431,17.702],[38.527,18.161]]]]},"properties":{"NAME":"Mamluke Sultanate","SUBJECTO":"Mamluke Sultanate","PARTOF":"Mamluke Sultanate","ABBREVN":"Mamluke Sul.","BORDERPRECISION":1,"fid":42}},
{"type":"Feature","geometry":{"type":"Polygon","coordinates":[[[24.716,35.035],[24.693,34.94],[25.899,35.045],[25.512,35.295],[24.769,35.428],[24.388,35.373],[23.879,35.552],[23.529,35.57],[23.568,35.255],[24.324,35.208],[24.716,35.035]]]},"properties":{"BORDERPRECISION":1,"fid":43}},
{"type":"Feature","geometry":{"type":"Polygon","coordinates":[[[43.497,9.729],[44.281,10.396],[43.368,11.456],[43.104,11.531],[42.669,11.511],[42.81,11.778],[41.654,11.35],[41.507,10.76],[42.023,10.392],[42.465,9.507],[43.497,9.729]]]},"properties":{"NAME":"Adal","SUBJECTO":"Adal","PARTOF":"Adal","ABBREVN":"Adal","BORDERPRECISION":1,"fid":44}},
{"type":"Feature","geometry":{"type":"Polygon","coordinates":[[[41.507,10.76],[40.917,10.908],[40.696,11.276],[41.212,11.866],[41.433,12.751],[41.138,13.856],[39.443,14.962],[38.853,15.625],[38.19,15.625],[37.453,15.404],[36.421,14.888],[35.61,12.235],[35.463,9.581],[35.61,8.107],[35.978,7.444],[38.116,6.485],[38.319,6.496],[39.516,6.559],[40.106,6.854],[42.17,7.149],[42.465,9.507],[42.023,10.392],[41.507,10.76]]]},"properties":{"NAME":"Ethiopia","SUBJECTO":"Ethiopia","PARTOF":"Ethiopia","ABBREVN":"Ethiopia","BORDERPRECISION":1,"fid":45}},
{"type":"Feature","geometry":{"type":"Polygon","coordinates":[[[33.694,16.436],[34.209,17.247],[33.915,17.984],[33.03,18.279],[31.925,17.763],[31.63,17.394],[31.703,16.51],[32.146,16.289],[33.251,16.51],[33.694,16.436]]]},"properties":{"NAME":"Alwa","SUBJECTO":"Alwa","PARTOF":"Alwa","ABBREVN":"Alwa","BORDERPRECISION":1,"fid":46}},
{"type":"Feature","geometry":{"type":"Polygon","coordinates":[[[32.146,16.289],[31.851,14.888],[31.777,12.382],[32.367,10.982],[33.62,10.982],[34.578,12.751],[34.578,13.561],[34.209,15.699],[33.694,16.436],[33.251,16.51],[32.146,16.289]]]},"properties":{"NAME":"Funj","SUBJECTO":"Funj","PARTOF":"Funj","ABBREVN":"Funj","BORDERPRECISION":1,"fid":47}},
{"type":"Feature","geometry":{"type":"Polygon","coordinates":[[[28.018,-21.229],[28.092,-22.777],[28.644,-24.914],[29.382,-25.873],[30.413,-25.873],[31.372,-25.283],[33.058,-23.082],[33.36,-20.843],[33.395,-20.583],[33.401,-20.544],[33.471,-20.023],[33.657,-18.649],[33.356,-16.539],[32.956,-16.069],[31.63,-16.069],[30.082,-16.364],[28.902,-18.207],[28.165,-19.681],[28.141,-19.94],[28.018,-21.229]]]},"properties":{"NAME":"Mwenemutapa","SUBJECTO":"Mwenemutapa","PARTOF":"Mwenemutapa","ABBREVN":"Mwenemutapa","BORDERPRECISION":1,"fid":48}},
{"type":"Feature","geometry":{"type":"Polygon","coordinates":[[[16.196,-9.121],[15.518,-9.178],[15.321,-9.347],[15.236,-9.883],[15.659,-10.194],[16.196,-10.194],[16.591,-9.883],[16.591,-9.46],[16.196,-9.121]]]},"properties":{"NAME":"Ndongo","SUBJECTO":"Ndongo","PARTOF":"Ndongo","ABBREVN":"Ndongo","BORDERPRECISION":1,"fid":49}},
{"type":"Feature","geometry":{"type":"Polygon","coordinates":[[[3.949,6.579],[4.072,6.44],[4.634,6.212],[4.886,6.003],[5.153,5.642],[5.448,5.477],[5.333,5.248],[5.419,4.956],[5.607,4.632],[6.089,4.328],[6.764,5.827],[7.365,6.94],[7.365,7.913],[6.879,8.643],[5.338,8.724],[4.823,7.93],[3.949,6.579]]]},"properties":{"NAME":"Benin","SUBJECTO":"Benin","PARTOF":"Benin","ABBREVN":"Benin","BORDERPRECISION":1,"fid":50}},
{"type":"Feature","geometry":{"type":"Polygon","coordinates":[[[5.338,8.724],[4.849,9.489],[4.321,9.802],[3.215,9.876],[2.331,9.581],[1.962,8.844],[1.962,8.402],[2.625,7.812],[3.363,7.665],[4.247,7.665],[4.823,7.93],[5.338,8.724]]]},"properties":{"NAME":"Oyo","SUBJECTO":"Oyo","PARTOF":"Oyo","ABBREVN":"Oyo","BORDERPRECISION":1,"fid":51}},
{"type":"Feature","geometry":{"type":"Polygon","coordinates":[[[-3.942,5.266],[-3.135,5.141],[-3.027,5.268],[-2.717,5.04],[-2.031,4.698],[-1.176,5.139],[-0.608,5.318],[0.09,5.656],[0.536,5.72],[-0.397,6.117],[-1.134,6.264],[-1.797,6.264],[-2.903,6.117],[-3.492,5.896],[-3.942,5.266]]]},"properties":{"NAME":"Akan","SUBJECTO":"Akan","PARTOF":"Akan","ABBREVN":"Akan","BORDERPRECISION":1,"fid":52}},
{"type":"Feature","geometry":{"type":"Polygon","coordinates":[[[-9.389,12.235],[-8.726,11.645],[-6.883,12.308],[-5.095,12.849],[-3.713,14.151],[-2.534,15.036],[-1.944,15.183],[-0.839,15.183],[-0.102,14.593],[1.13,12.712],[1.602,12.485],[1.932,12.326],[2.745,12.474],[3.394,13.123],[3.558,13.287],[3.41,14.1],[1.192,17.056],[-0.397,18.942],[-1.576,19.384],[-3.64,19.016],[-5.903,17.795],[-8.21,15.183],[-8.947,13.93],[-9.389,12.235]]]},"properties":{"NAME":"Songhai","SUBJECTO":"Songhai","PARTOF":"Songhai","ABBREVN":"Songhai","BORDERPRECISION":1,"fid":53}},
{"type":"Feature","geometry":{"type":"Polygon","coordinates":[[[-5.903,17.795],[-7.104,18.426],[-9.094,18.647],[-12.042,18.426],[-16.056,18.674],[-15.983,18.178],[-16.125,17.301],[-16.379,16.716],[-16.45,16.118],[-16.865,15.298],[-17.433,14.807],[-17.05,14.586],[-16.697,14.078],[-16.64,13.843],[-16.471,13.723],[-14.254,13.488],[-12.706,12.014],[-11.748,11.424],[-10.949,11.427],[-9.389,12.235],[-8.947,13.93],[-8.21,15.183],[-5.903,17.795]]]},"properties":{"NAME":"Mali","SUBJECTO":"Mali","PARTOF":"Mali","ABBREVN":"Mali","BORDERPRECISION":1,"fid":54}},
{"type":"Feature","geometry":{"type":"Polygon","coordinates":[[[-1.173,10.848],[-0.64,11.224],[1.602,12.485],[1.13,12.712],[-0.102,14.593],[-0.839,15.183],[-1.944,15.183],[-2.534,15.036],[-3.713,14.151],[-5.095,12.849],[-6.883,12.308],[-8.726,11.645],[-9.389,12.235],[-10.949,11.427],[-11.748,11.424],[-12.706,12.014],[-14.254,13.488],[-16.471,13.723],[-16.494,13.475],[-16.767,13.36],[-16.726,12.788],[-16.772,12.597],[-16.571,12.312],[-16.279,12.21],[-16.086,11.969],[-15.809,11.843],[-15.325,11.927],[-15.099,11.813],[-15.158,11.876],[-6.829,10.113],[-3.477,10.289],[-1.36,10.819],[-1.173,10.848]]]},"properties":{"BORDERPRECISION":1,"fid":55}},
{"type":"Feature","geometry":{"type":"Polygon","coordinates":[[[3.558,12.178],[4.666,11.513],[7.183,11.049],[9.009,10.952],[9.849,10.908],[10.727,11.291],[10.07,14.225],[9.112,14.52],[8.301,14.52],[6.957,14.247],[3.779,13.656],[3.692,13.077],[3.558,12.178]]]},"properties":{"NAME":"Hausa States","SUBJECTO":"Hausa States","PARTOF":"Hausa States","ABBREVN":"Hausa States","BORDERPRECISION":1,"fid":56}},
{"type":"Feature","geometry":{"type":"MultiPolygon","coordinates":[[[[10.727,11.291],[12.355,11.203],[14.713,12.507],[15.819,13.119],[15.819,14.298],[15.008,15.036],[13.313,20.973],[12.429,21.006],[11.986,20.343],[11.765,16.215],[10.807,14.593],[10.07,14.225],[10.727,11.291]]],[[[8.358,3.088],[8.576,3.067],[8.827,3.612],[8.478,3.557],[8.358,3.088]]]]},"properties":{"NAME":"Bornu-Kanem","SUBJECTO":"Bornu-Kanem","PARTOF":"Bornu-Kanem","ABBREVN":"Bornu","BORDERPRECISION":1,"fid":57}},
{"type":"Feature","geometry":{"type":"Polygon","coordinates":[[[46.878,13.474],[46.711,13.936],[46.335,14.097],[46.659,15.425],[46.277,17.118],[45.24,17.694],[42.764,16.645],[42.884,15.985],[42.796,15.47],[43.207,14.079],[43.384,13.565],[43.303,13.241],[43.484,12.93],[43.841,12.664],[44.441,12.64],[44.681,12.825],[44.964,12.825],[45.396,13.074],[45.826,13.405],[46.601,13.401],[46.878,13.474]]]},"properties":{"NAME":"Yemen","SUBJECTO":"Yemen","PARTOF":"Yemen","ABBREVN":"Yemen","BORDERPRECISION":1,"fid":58}},
{"type":"Feature","geometry":{"type":"Polygon","coordinates":[[[46.878,13.474],[47.37,13.669],[48.036,14.045],[48.537,14.046],[48.96,14.219],[49.334,14.633],[50.291,14.959],[51.313,15.247],[51.95,15.541],[52.135,15.687],[52.238,16.1],[52.652,16.489],[52.894,16.61],[54.084,17.019],[54.407,17.045],[54.911,16.97],[55.195,17.149],[55.29,17.676],[55.561,17.937],[56.258,17.977],[56.549,18.219],[56.739,18.689],[57.186,18.938],[57.839,19.035],[57.778,19.314],[57.806,20.172],[57.931,20.401],[58.512,20.421],[58.861,21.114],[59.536,21.802],[59.837,22.279],[58.18,21.849],[56.946,20.636],[53.955,19.73],[50.511,17.147],[47.838,16.422],[46.659,15.425],[46.335,14.097],[46.711,13.936],[46.878,13.474]]]},"properties":{"NAME":"Hadramaut","SUBJECTO":"Hadramaut","PARTOF":"Hadramaut","ABBREVN":"Hadramaut","BORDERPRECISION":1,"fid":59}},
{"type":"Feature","geometry":{"type":"Polygon","coordinates":[[[59.837,22.279],[59.254,22.729],[58.628,23.458],[58.081,23.502],[57.146,23.982],[56.794,24.268],[56.405,24.82],[56.367,26.236],[56.015,25.772],[55.457,25.42],[54.771,24.733],[54.592,24.377],[54.347,24.154],[53.687,23.987],[53.076,24.087],[52.939,24.024],[52.383,24.108],[51.946,23.945],[51.586,24.003],[51.288,24.411],[51.559,24.816],[51.587,25.609],[51.358,26.029],[51.069,25.945],[50.847,25.265],[50.968,24.436],[50.569,23.854],[53.993,23.107],[56.412,23.452],[57.621,22.705],[58.18,21.849],[59.837,22.279]]]},"properties":{"NAME":"Muscat","SUBJECTO":"Muscat","PARTOF":"Muscat","ABBREVN":"Muscat","BORDERPRECISION":1,"fid":60}},
{"type":"Feature","geometry":{"type":"Polygon","coordinates":[[[40.82,19.685],[41.399,18.441],[41.629,18.047],[42.009,17.737],[42.535,17.071],[42.764,16.645],[45.24,17.694],[46.277,17.118],[46.659,15.425],[47.838,16.422],[50.511,17.147],[53.955,19.73],[56.946,20.636],[58.18,21.849],[57.621,22.705],[56.412,23.452],[53.993,23.107],[50.569,23.854],[50.968,24.436],[50.607,24.68],[50.619,24.871],[50.382,25.461],[50.147,25.536],[49.937,25.956],[50.076,26.312],[49.934,26.483],[50.122,26.738],[49.931,26.934],[49.533,27.01],[49.152,27.372],[48.855,27.523],[48.588,28.094],[48.129,29.268],[47.804,29.185],[47.845,29.503],[46.905,29.438],[45.87,29.856],[44.839,29.993],[44.083,30.337],[40.029,34.391],[39.342,34.597],[38.036,34.597],[37.212,33.566],[36.525,31.162],[36.593,29.787],[37.421,27.834],[39.074,25.502],[40.18,24.028],[41.138,22.406],[41.812,21.713],[41.923,20.767],[40.82,19.685]]]},"properties":{"NAME":"Arabs","SUBJECTO":"Arabs","PARTOF":"Arabs","ABBREVN":"Arabs","BORDERPRECISION":1,"fid":61}},
{"type":"Feature","geometry":{"type":"Polygon","coordinates":[[[41.484,41.437],[41.212,40.244],[39.148,38.622],[38.61,38.368],[39.206,38.208],[38.984,37.618],[37.952,37.323],[37.952,37.102],[38.395,36.586],[38.1,35.996],[38.906,36.006],[38.036,34.597],[39.342,34.597],[40.029,34.391],[44.083,30.337],[44.839,29.993],[45.87,29.856],[46.905,29.438],[47.845,29.503],[47.911,29.89],[48.714,30],[48.946,30.388],[49.222,30.477],[49.321,30.103],[49.718,30.002],[50.132,30.066],[50.705,29.401],[50.797,29.013],[51.35,28.036],[51.611,27.827],[51.962,27.777],[52.41,27.581],[52.891,27.052],[53.381,26.91],[53.634,26.748],[54.065,26.701],[54.646,26.391],[54.926,26.538],[55.425,26.963],[55.9,27.105],[56.431,27.107],[56.79,26.974],[56.935,26.465],[57.255,25.793],[57.805,25.648],[57.9,25.541],[58.744,25.536],[59.031,25.308],[59.302,25.34],[60.48,25.298],[59.984,26.512],[59.18,28.478],[57.19,30.763],[53.984,36.782],[53.8,36.679],[53.139,36.644],[51.796,36.432],[51.417,36.456],[50.561,36.686],[50.252,36.895],[50.039,37.225],[49.476,37.292],[48.837,37.511],[48.745,37.727],[48.825,38.31],[49.052,38.932],[49.041,39.145],[49.339,39.283],[49.573,40.176],[49.914,40.325],[49.807,40.581],[49.35,40.953],[49.244,41.293],[48.892,41.687],[48.5,41.929],[47.79,42.855],[47.565,43.008],[47.493,43.583],[47.195,43.376],[47.249,42.785],[48.224,41.471],[47.988,41.219],[47.35,41.304],[47.35,41.442],[46.499,41.964],[46.042,42.049],[45.754,42.251],[45.808,42.538],[45.382,42.623],[44.978,42.772],[44.414,42.729],[43.957,42.591],[42.878,41.546],[42.25,41.369],[41.484,41.437]]]},"properties":{"NAME":"Emirate of the White Sheep Turks","SUBJECTO":"Emirate of the White Sheep Turks","PARTOF":"Emirate of the White Sheep Turks","ABBREVN":"Turks","BORDERPRECISION":1,"fid":62}},
{"type":"Feature","geometry":{"type":"Polygon","coordinates":[[[60.48,25.298],[60.858,25.096],[61.344,25.027],[62.45,25.163],[63.404,25.165],[63.65,25.337],[64.059,25.401],[64.425,25.173],[65.769,25.309],[66.3,25.495],[66.621,25.317],[66.702,24.752],[67.204,24.588],[67.316,24.093],[67.692,23.814],[68.047,23.764],[68.373,23.326],[68.791,23.029],[69.107,22.899],[69.013,24.633],[69.352,26.193],[70.134,28.104],[71.785,29.952],[72.816,31.058],[71.49,31.205],[70.342,31.384],[70.242,31.135],[69.568,29.956],[68.566,29.103],[66.994,27.741],[65.519,26.93],[60.928,26.583],[59.984,26.512],[60.48,25.298]]]},"properties":{"NAME":"Islamic states","SUBJECTO":"Islamic states","PARTOF":"Islamic states","ABBREVN":"Islamic states","BORDERPRECISION":1,"fid":63}},
{"type":"Feature","geometry":{"type":"Polygon","coordinates":[[[72.816,31.058],[73.554,30.984],[74.585,30.689],[74.733,28.994],[74.88,27.962],[75.637,27.775],[76.428,27.52],[77.772,25.644],[78.277,24.296],[78.951,23.959],[80.924,23.687],[82.546,23.245],[83.725,23.687],[83.652,23.908],[82.693,24.277],[82.546,24.793],[83.136,24.793],[84.978,24.203],[85.273,24.203],[85.789,25.677],[86.231,27.004],[83.74,28.205],[80.054,29.982],[77.534,32.09],[77.239,33.122],[77.313,34.006],[77.978,34.873],[75.913,34.93],[74.659,34.964],[72.027,35.608],[70.342,31.384],[71.49,31.205],[72.816,31.058]]]},"properties":{"NAME":"Sultanate of Delhi","SUBJECTO":"Sultanate of Delhi","PARTOF":"Sultanate of Delhi","ABBREVN":"Delhi","BORDERPRECISION":1,"fid":64}},
{"type":"Feature","geometry":{"type":"Polygon","coordinates":[[[82.546,23.245],[84.304,20.752],[84.684,20.212],[85.379,19.605],[86.119,19.807],[86.632,20.204],[86.926,20.691],[86.796,21.136],[86.937,21.288],[87.641,21.563],[88.053,21.939],[88.248,21.596],[88.568,21.895],[88.723,21.54],[89.072,21.774],[89.234,21.655],[89.579,21.701],[90,21.93],[90,22.561],[91.081,22.561],[91.41,22.721],[91.717,24.093],[92.034,25.426],[91.547,26.285],[91.022,26.414],[88.664,26.414],[86.231,27.004],[85.789,25.677],[85.273,24.203],[84.978,24.203],[83.136,24.793],[82.546,24.793],[82.693,24.277],[83.652,23.908],[83.725,23.687],[82.546,23.245]]]},"properties":{"NAME":"Bengal","SUBJECTO":"Bengal","PARTOF":"Bengal","ABBREVN":"Bengal","BORDERPRECISION":1,"fid":65}},
{"type":"Feature","geometry":{"type":"Polygon","coordinates":[[[86.231,27.004],[88.664,26.414],[91.022,26.414],[91.547,26.285],[92.401,26.584],[94.324,26.883],[94.837,27.567],[95.478,27.909],[97.34,28.182],[97.478,28.392],[97.83,28.286],[98.009,28.091],[98.216,27.546],[98.637,27.479],[100.682,28.691],[102.406,33.721],[101.688,36.307],[95.519,37.102],[91.686,36.365],[90,36.512],[89.917,35.996],[90,35.628],[89.917,35.186],[86.821,35.112],[82.693,34.743],[79.484,34.832],[77.978,34.873],[77.313,34.006],[77.239,33.122],[77.534,32.09],[80.054,29.982],[83.74,28.205],[86.231,27.004]]]},"properties":{"NAME":"Tibet","SUBJECTO":"Tibet","PARTOF":"Tibet","ABBREVN":"Tibet","BORDERPRECISION":1,"fid":66}},
{"type":"Feature","geometry":{"type":"Polygon","coordinates":[[[125.296,39.364],[125.028,38.816],[125.269,38.568],[124.736,38.28],[124.77,37.936],[125.077,37.771],[125.269,37.485],[125.562,37.836],[125.909,37.511],[126.21,37.754],[126.392,37.614],[126.443,37.474],[126.659,37.222],[126.73,37.139],[126.767,37.097],[126.786,37.074],[126.793,37.013],[126.8,36.947],[126.797,36.944],[126.685,36.838],[126.391,36.959],[126.357,36.946],[126.312,36.929],[126.255,36.907],[126.186,36.864],[125.96,36.722],[126.361,36.627],[126.437,36.131],[126.626,35.928],[126.525,35.737],[126.525,35.669],[126.525,35.579],[126.525,35.578],[126.3,35.368],[126.225,35.164],[126.41,34.269],[126.501,34.331],[126.617,34.409],[126.671,34.414],[126.824,34.429],[126.834,34.435],[126.992,34.546],[127.226,34.711],[127.359,34.804],[127.577,34.886],[127.596,34.894],[127.84,34.938],[128.164,34.799],[128.32,34.948],[128.38,35.005],[128.438,35.06],[128.553,35.105],[128.809,35.01],[128.918,35.03],[128.978,35.089],[129.06,35.17],[129.467,35.927],[129.178,35.959],[129.25,37.009],[129.129,37.308],[128.451,38.255],[128.27,38.42],[128.144,38.535],[127.956,38.694],[127.405,39.075],[127.277,39.222],[127.441,39.624],[127.672,39.866],[128.447,40.066],[129.177,40.63],[129.478,40.682],[129.631,41.278],[129.641,41.656],[125.296,39.364]]]},"properties":{"NAME":"Korea","SUBJECTO":"Korea","PARTOF":"Korea","ABBREVN":"Korea","BORDERPRECISION":1,"fid":67}},
{"type":"Feature","geometry":{"type":"Polygon","coordinates":[[[69.107,22.899],[69.665,22.789],[70.381,22.861],[73.038,24.203],[73.48,22.876],[73.713,22.945],[76.928,23.897],[78.277,24.296],[77.772,25.644],[76.428,27.52],[75.637,27.775],[74.88,27.962],[74.733,28.994],[74.585,30.689],[73.554,30.984],[72.816,31.058],[71.785,29.952],[70.134,28.104],[69.352,26.193],[69.013,24.633],[69.107,22.899]]]},"properties":{"NAME":"Rajastan","SUBJECTO":"Rajastan","PARTOF":"Rajastan","ABBREVN":"Rajastan","BORDERPRECISION":1,"fid":68}},
{"type":"Feature","geometry":{"type":"Polygon","coordinates":[[[84.304,20.752],[81.862,18.73],[79.956,17.604],[82.323,17.004],[82.546,17.226],[83.381,17.711],[83.685,18.083],[83.988,18.207],[84.263,18.456],[85.113,19.442],[85.379,19.605],[84.684,20.212],[84.304,20.752]]]},"properties":{"NAME":"Orissa","SUBJECTO":"Orissa","PARTOF":"Orissa","ABBREVN":"Orissa","BORDERPRECISION":1,"fid":69}},
{"type":"Feature","geometry":{"type":"Polygon","coordinates":[[[70.381,22.861],[70.411,22.753],[69.969,22.351],[69.492,22.249],[68.894,22.286],[69.126,21.969],[70.21,20.948],[70.467,20.777],[71.024,20.657],[71.529,20.824],[72.121,21.155],[72.289,21.55],[72.127,21.829],[72.319,22.115],[72.696,22.129],[72.666,21.849],[72.766,21.15],[73.113,20.827],[73.11,20.687],[72.759,20.058],[72.853,19.245],[72.789,19.883],[73.485,19.907],[74.271,21.906],[73.713,22.945],[73.48,22.876],[73.038,24.203],[70.381,22.861]]]},"properties":{"NAME":"Islamic states","SUBJECTO":"Islamic states","PARTOF":"Islamic states","ABBREVN":"Islamic states","BORDERPRECISION":1,"fid":70}},
{"type":"Feature","geometry":{"type":"Polygon","coordinates":[[[77.922,16.246],[77.485,16.312],[76.91,16.312],[76.103,15.966],[75.067,15.966],[74.376,16.312],[73.494,16.288],[73.841,15.39],[74.402,14.42],[74.734,13.683],[75.211,12.102],[75.652,11.423],[76.075,10.554],[76.385,9.748],[76.538,9.119],[76.704,8.706],[77.341,8.053],[77.484,8.028],[77.9,8.258],[78.136,8.5],[78.314,8.996],[79.16,9.277],[78.927,9.493],[79.222,10.192],[79.79,10.251],[79.826,10.359],[79.711,11.445],[79.769,11.731],[80.224,12.831],[80.32,13.333],[80.076,13.669],[80.17,13.892],[80.089,15.175],[80.3,15.646],[80.46,15.773],[79.432,16.017],[77.922,16.246]]]},"properties":{"NAME":"Vijayanagara","SUBJECTO":"Vijayanagara","PARTOF":"Vijayanagara","ABBREVN":"Vijayanagara","BORDERPRECISION":1,"fid":72}},
{"type":"Feature","geometry":{"type":"Polygon","coordinates":[[[91.41,22.721],[91.571,22.543],[91.846,21.909],[91.946,21.363],[92.176,20.887],[92.663,20.405],[92.827,20.424],[92.881,21.902],[91.717,24.093],[91.41,22.721]]]},"properties":{"NAME":"Arakan","SUBJECTO":"Arakan","PARTOF":"Arakan","ABBREVN":"Arakan","BORDERPRECISION":1,"fid":73}},
{"type":"Feature","geometry":{"type":"Polygon","coordinates":[[[106.854,10.576],[107.266,10.348],[107.673,10.527],[108.164,10.966],[108.696,11.145],[109.073,11.635],[109.048,11.934],[107.385,12.354],[106.854,10.576]]]},"properties":{"NAME":"Champa","SUBJECTO":"Champa","PARTOF":"Champa","ABBREVN":"Champa","BORDERPRECISION":1,"fid":74}},
{"type":"Feature","geometry":{"type":"Polygon","coordinates":[[[105.574,17.881],[104.812,18.722],[103.899,19.313],[103.358,20.053],[102.98,20.966],[101.851,20.532],[101.657,19.661],[101.646,17.999],[104.111,17.999],[104.933,17.451],[105.574,17.881]]]},"properties":{"NAME":"Laos","SUBJECTO":"Laos","PARTOF":"Laos","ABBREVN":"Laos","BORDERPRECISION":1,"fid":75}},
{"type":"Feature","geometry":{"type":"Polygon","coordinates":[[[107.385,12.354],[109.048,11.934],[109.068,12.487],[109.307,12.906],[109.071,14.17],[108.918,14.792],[108.786,15.091],[108.499,15.363],[108.236,16.08],[108.095,16.252],[107.809,16.283],[107.115,16.955],[106.622,17.328],[106.433,17.55],[106.364,18.007],[105.533,18.844],[105.843,19.702],[105.965,19.881],[106.381,20.11],[106.772,20.638],[106.807,20.905],[107.374,20.881],[107.466,20.976],[106.234,21.697],[105.412,21.902],[102.98,20.966],[103.358,20.053],[103.899,19.313],[104.812,18.722],[105.574,17.881],[106.638,16.484],[107.108,16.17],[107.1,15.668],[107.338,15.453],[107.463,14.997],[107.297,14.176],[107.31,13.878],[107.515,13.422],[107.48,13.257],[107.482,12.583],[107.385,12.354]]]},"properties":{"NAME":"Đại Việt","SUBJECTO":"Đại Việt","PARTOF":"Đại Việt","ABBREVN":"Đại Việt","BORDERPRECISION":1,"fid":76}},
{"type":"Feature","geometry":{"type":"Polygon","coordinates":[[[98.637,27.479],[98.564,24.71],[99.592,22.998],[99.841,20.482],[100.245,20.384],[100.435,20.036],[101.657,19.661],[101.851,20.532],[102.98,20.966],[105.412,21.902],[106.234,21.697],[107.466,20.976],[107.418,21.186],[107.9,21.479],[108.387,21.531],[108.555,21.823],[108.813,21.494],[109.117,21.399],[109.516,21.597],[109.78,21.483],[109.608,21.057],[109.712,20.568],[109.928,20.245],[110.434,20.436],[110.077,20.867],[110.239,21.281],[110.566,21.231],[111.086,21.479],[111.536,21.493],[111.831,21.754],[112.04,21.659],[112.75,21.756],[112.871,22.061],[113.097,21.979],[113.378,22.164],[113.463,22.774],[113.717,22.482],[114.537,22.675],[114.848,22.51],[115.309,22.771],[115.707,22.639],[115.86,22.836],[116.341,22.913],[116.404,23.199],[116.963,23.556],[117.406,23.69],[117.849,24.047],[117.796,24.422],[117.925,24.562],[118.346,24.467],[118.813,24.849],[119.096,25.441],[119.335,25.53],[119.47,25.772],[119.555,26.267],[119.429,26.591],[119.857,26.706],[120.352,27.177],[120.506,27.59],[121.009,28.277],[121.359,28.386],[121.433,28.837],[121.649,29.32],[121.77,29.834],[121.391,29.922],[121.155,30.189],[120.863,30.188],[120.438,29.997],[119.944,30.116],[120.609,30.346],[121.035,30.595],[121.569,30.71],[121.64,30.926],[121.499,31.281],[121.268,31.452],[121.623,31.618],[121.606,31.828],[121.231,32.062],[121.051,32.328],[120.661,32.543],[120.641,33.045],[120.34,33.336],[120.149,33.894],[119.974,34.135],[119.3,34.591],[119.021,34.692],[119.06,35.041],[119.689,35.545],[120.139,36.195],[120.505,36.056],[120.537,36.387],[120.855,36.584],[121.847,36.86],[122.256,36.734],[122.393,37.301],[121.895,37.376],[121.434,37.337],[120.658,37.736],[120.169,37.576],[119.599,37.117],[118.955,37.077],[118.812,37.446],[118.875,37.949],[118.745,38.064],[118.2,38.044],[117.589,38.284],[117.44,38.603],[117.753,39.203],[118.07,39.254],[118.275,39],[118.559,39.172],[118.978,39.224],[119.385,39.843],[120.273,40.152],[121.011,40.851],[121.427,40.864],[121.754,40.737],[122.108,40.354],[121.239,39.554],[121.282,39.35],[121.66,39.332],[121.124,38.865],[121.488,38.879],[122.027,39.256],[123.039,39.672],[124.104,39.885],[124.443,39.573],[124.922,39.619],[125.296,39.364],[129.641,41.656],[129.825,41.861],[131.065,42.749],[131.584,43.213],[131.865,43.29],[119.604,42.03],[102.926,39.018],[99.278,38.982],[95.592,38.945],[95.15,37.692],[95.519,37.102],[101.688,36.307],[102.406,33.721],[100.682,28.691],[98.637,27.479]]]},"properties":{"NAME":"Ming Chinese Empire","SUBJECTO":"Ming Chinese Empire","PARTOF":"Ming Chinese Empire","ABBREVN":"Ming Empire","BORDERPRECISION":1,"fid":77}},
{"type":"Feature","geometry":{"type":"Polygon","coordinates":[[[91.717,24.093],[92.881,21.902],[92.827,20.424],[92.894,20.113],[93.334,20.025],[93.724,19.594],[93.839,18.953],[94.054,19.061],[94.42,18.141],[94.465,17.264],[95.894,17.793],[98.67,18.397],[99.841,20.482],[99.592,22.998],[98.564,24.71],[98.637,27.479],[98.216,27.546],[98.009,28.091],[97.83,28.286],[97.478,28.392],[97.34,28.182],[95.478,27.909],[94.837,27.567],[94.324,26.883],[92.401,26.584],[91.547,26.285],[92.034,25.426],[91.717,24.093]]]},"properties":{"NAME":"Burmese kingdoms","SUBJECTO":"Burmese kingdoms","PARTOF":"Burmese kingdoms","ABBREVN":"Burmese kingdoms","BORDERPRECISION":1,"fid":78}},
{"type":"Feature","geometry":{"type":"Polygon","coordinates":[[[94.465,17.264],[94.392,16.908],[94.143,16.215],[94.144,16.006],[94.819,16.21],[94.753,15.937],[94.973,15.836],[95.125,15.995],[95.33,15.678],[95.714,16.155],[96.469,16.513],[96.734,16.888],[96.882,17.346],[97.215,16.94],[97.352,16.527],[97.573,16.445],[98.67,18.397],[95.894,17.793],[94.465,17.264]]]},"properties":{"NAME":"Pegu","SUBJECTO":"Pegu","PARTOF":"Pegu","ABBREVN":"Pegu","BORDERPRECISION":1,"fid":79}},
{"type":"Feature","geometry":{"type":"Polygon","coordinates":[[[-98.146,16.172],[-97.657,17.261],[-97.084,17.643],[-95.174,16.975],[-94.123,16.879],[-93.741,17.166],[-93.785,18.349],[-94.242,18.24],[-94.59,18.271],[-95.083,18.702],[-95.844,18.796],[-96.012,18.929],[-96.579,19.92],[-97.223,20.764],[-97.504,21.189],[-97.882,22.333],[-99.95,22.896],[-99.95,19.84],[-100.905,19.649],[-100.905,18.789],[-103.101,19.84],[-105.507,20.104],[-104.948,19.438],[-104.197,19.058],[-103.494,18.354],[-102.668,18.095],[-101.993,18.027],[-101.487,17.576],[-101.221,17.418],[-99.979,16.893],[-98.856,16.597],[-98.146,16.172]]]},"properties":{"NAME":"Aztec Empire","SUBJECTO":"Aztec Empire","PARTOF":"Aztec Empire","ABBREVN":"Aztec","BORDERPRECISION":1,"fid":80}},
{"type":"Feature","geometry":{"type":"Polygon","coordinates":[[[-98.146,16.172],[-97.881,16.052],[-97.294,15.964],[-96.752,15.781],[-96.333,15.75],[-95.993,15.865],[-95.13,16.299],[-95.174,16.975],[-97.084,17.643],[-97.657,17.261],[-98.146,16.172]]]},"properties":{"NAME":"Mixtec Empire","SUBJECTO":"Mixtec Empire","PARTOF":"Mixtec Empire","ABBREVN":"Mixtec","BORDERPRECISION":1,"fid":81}},
{"type":"Feature","geometry":{"type":"Polygon","coordinates":[[[-90,19.382],[-89.061,19.267],[-88.87,18.694],[-89.539,17.739],[-89.921,16.975],[-88.742,16.269],[-88.445,16.441],[-88.242,17.014],[-88.327,17.157],[-88.22,17.514],[-88.3,17.635],[-88.112,18.194],[-88.32,18.494],[-88.311,18.741],[-88.138,18.894],[-87.877,18.381],[-87.637,19.575],[-87.651,20.19],[-86.936,20.976],[-86.922,21.301],[-87.201,21.529],[-87.597,21.484],[-88.334,21.59],[-89.058,21.398],[-89.863,21.25],[-90,21.161],[-90,19.382]]]},"properties":{"NAME":"Maya city-states","SUBJECTO":"Maya city-states","PARTOF":"Maya city-states","ABBREVN":"Maya","BORDERPRECISION":1,"fid":82}},
{"type":"Feature","geometry":{"type":"Polygon","coordinates":[[[-71.52,-32.181],[-71.416,-32.753],[-71.75,-33.191],[-71.616,-33.706],[-71.963,-34.246],[-72.167,-34.958],[-72.629,-35.646],[-73.144,-37.156],[-73.278,-37.283],[-71.027,-37.212],[-70.289,-36.474],[-69.367,-34.445],[-69.367,-32.6],[-68.445,-30.94],[-68.41,-30.484],[-68.26,-28.542],[-67.154,-25.222],[-65.494,-19.135],[-65.719,-18.084],[-66.047,-16.553],[-67.154,-14.709],[-68.629,-13.049],[-74.347,-12.126],[-77.885,-6.977],[-77.915,-4.194],[-78.774,-3.641],[-78.774,-2.166],[-78.405,-0.321],[-78.959,0.416],[-79.777,0.863],[-80.086,0.818],[-80.046,0.43],[-80.109,0.049],[-80.403,-0.225],[-80.482,-0.486],[-80.339,-0.663],[-80.966,-1.033],[-80.754,-1.452],[-80.816,-1.859],[-80.741,-2.119],[-80.961,-2.355],[-80.778,-2.539],[-80.357,-2.728],[-79.839,-2.346],[-79.762,-2.797],[-80.144,-3.414],[-80.583,-3.657],[-81.304,-4.332],[-81.418,-4.675],[-81.301,-4.999],[-80.876,-5.589],[-80.888,-5.9],[-81.297,-6.041],[-80.612,-6.37],[-80.066,-6.756],[-79.797,-7.194],[-79.06,-8.216],[-78.302,-9.669],[-77.759,-10.659],[-77.707,-11.256],[-77.336,-11.509],[-76.711,-12.76],[-76.359,-13.229],[-76.238,-13.502],[-76.242,-14.106],[-75.785,-14.727],[-75.231,-15.222],[-74.05,-16.045],[-73.283,-16.367],[-71.863,-17.12],[-71.612,-17.221],[-71.365,-17.697],[-70.584,-18.083],[-70.296,-18.629],[-70.209,-19.067],[-70.19,-19.76],[-70.112,-20.693],[-70.111,-21.748],[-70.292,-22.987],[-70.573,-23.166],[-70.58,-23.49],[-70.359,-23.661],[-70.463,-23.934],[-70.498,-24.83],[-70.398,-25.249],[-70.683,-25.77],[-70.655,-26.259],[-70.935,-27.727],[-71.142,-27.995],[-71.43,-29.1],[-71.234,-29.519],[-71.33,-30.104],[-71.682,-30.6],[-71.695,-30.854],[-71.52,-32.181]]]},"properties":{"NAME":"Inca Empire","SUBJECTO":"Inca Empire","PARTOF":"Inca Empire","ABBREVN":"Incas","BORDERPRECISION":1,"fid":83}},
{"type":"Feature","geometry":{"type":"MultiPolygon","coordinates":[[[[-95.174,16.975],[-95.13,16.299],[-94.835,16.319],[-94.075,16.111],[-92.901,15.192],[-92.472,14.792],[-91.516,14.059],[-91.242,13.952],[-90,13.937],[-89.989,13.678],[-88.638,13.255],[-87.949,13.172],[-87.755,13.467],[-87.556,13.366],[-87.404,13.03],[-87.587,12.832],[-87.261,12.623],[-86.014,11.368],[-85.621,10.827],[-85.617,10.652],[-85.824,10.361],[-85.778,10.138],[-85.314,9.828],[-85.089,9.583],[-84.844,9.841],[-85.116,9.981],[-85.255,10.311],[-84.631,9.874],[-84.492,9.537],[-84.182,9.491],[-83.615,9.152],[-83.551,8.828],[-83.605,8.548],[-83.09,8.395],[-82.956,8.257],[-82.384,8.321],[-82.189,8.201],[-81.664,8.165],[-81.562,7.824],[-81.197,7.64],[-81.007,7.784],[-80.814,7.27],[-80.406,7.299],[-80.051,7.732],[-80.403,8.059],[-80.269,8.377],[-79.712,8.616],[-79.717,8.883],[-79.321,9.04],[-79.068,9.034],[-78.506,8.686],[-78.381,8.395],[-78.184,8.413],[-78.265,7.886],[-77.897,7.172],[-77.4,6.67],[-77.338,6.429],[-77.475,6.092],[-77.22,5.876],[-77.241,5.692],[-77.5,5.514],[-77.334,5.126],[-77.267,4.739],[-77.445,4.179],[-77.106,3.792],[-77.802,2.577],[-77.987,2.475],[-78.468,2.467],[-78.648,2.175],[-78.492,1.921],[-79.062,1.678],[-78.984,1.297],[-79.376,1.017],[-79.777,0.863],[-78.959,0.416],[-78.405,-0.321],[-78.774,-2.166],[-78.774,-3.641],[-77.915,-4.194],[-77.885,-6.977],[-74.347,-12.126],[-68.629,-13.049],[-67.154,-14.709],[-66.047,-16.553],[-65.719,-18.084],[-64.662,-16.805],[-64.194,-14.695],[-69.045,-8.236],[-70.158,-5.735],[-66.408,3.042],[-62.659,4.153],[-58.558,3.978],[-55.862,1.696],[-55.804,0.876],[-57.972,-0.589],[-58.44,-2.288],[-56.331,-4.335],[-54.163,-4.627],[-49.066,-4.744],[-46.281,-3.553],[-53.128,-14.265],[-53.123,-14.275],[-48.469,-23.749],[-49.487,-24.553],[-49.839,-26.797],[-48.797,-28.476],[-48.937,-28.698],[-49.546,-29.157],[-49.936,-29.627],[-50.469,-30.74],[-50.806,-31.192],[-51.117,-31.472],[-50.806,-31.192],[-50.469,-30.74],[-49.936,-29.627],[-49.546,-29.157],[-48.937,-28.698],[-48.728,-28.367],[-48.564,-27.681],[-48.603,-26.677],[-48.775,-26.385],[-48.611,-26.245],[-48.516,-25.876],[-48.725,-25.426],[-48.125,-25.291],[-47.886,-24.985],[-46.206,-23.883],[-45.795,-23.736],[-45.459,-23.856],[-45.148,-23.493],[-44.658,-23.263],[-44.561,-22.99],[-43.815,-22.957],[-42.967,-23.031],[-41.958,-22.921],[-41.929,-22.546],[-41.525,-22.253],[-40.984,-22.086],[-41.048,-21.661],[-40.933,-21.279],[-40.478,-20.649],[-40.14,-19.975],[-39.835,-19.701],[-39.691,-19.409],[-39.801,-18.748],[-39.666,-18.227],[-39.484,-17.998],[-39.142,-17.775],[-39.208,-17.146],[-38.948,-16.002],[-39.126,-14.325],[-39.07,-13.721],[-38.828,-12.983],[-38.799,-12.627],[-38.266,-12.887],[-37.637,-11.951],[-37.41,-11.468],[-37.362,-11.131],[-37.187,-10.845],[-36.829,-10.736],[-35.599,-9.628],[-35.366,-9.246],[-35.114,-8.661],[-34.891,-7.612],[-34.918,-7.167],[-35.039,-6.653],[-35.464,-5.268],[-35.665,-5.18],[-36.636,-5.118],[-37.181,-4.954],[-37.735,-4.53],[-38.786,-3.604],[-39.722,-3.009],[-40.231,-2.851],[-41.103,-2.974],[-41.606,-2.937],[-42.316,-2.818],[-43.068,-2.451],[-43.334,-2.432],[-44.222,-2.777],[-44.593,-3.147],[-44.711,-2.759],[-44.462,-2.269],[-44.796,-1.736],[-45.076,-1.604],[-45.371,-1.757],[-45.643,-1.363],[-46.49,-1.035],[-46.928,-0.928],[-47.237,-0.68],[-47.474,-0.77],[-48.043,-0.816],[-48.39,-1.414],[-49.221,-2.108],[-49.622,-1.925],[-50.399,-1.965],[-50.643,-1.882],[-50.977,-1.114],[-51.568,-1.446],[-52.022,-1.568],[-51.774,-0.855],[-51.529,-0.429],[-51.17,-0.079],[-50.647,0.272],[-50.12,1.054],[-49.884,1.214],[-49.969,1.728],[-50.409,1.823],[-50.688,2.216],[-50.9,2.838],[-51.209,4.071],[-51.439,4.324],[-51.71,4.228],[-52.098,4.692],[-52.667,5.18],[-53.027,5.427],[-53.739,5.648],[-54.286,5.882],[-54.895,5.995],[-55.81,5.999],[-55.911,5.776],[-56.746,6.003],[-57.065,5.837],[-57.414,6.351],[-58.006,6.789],[-58.375,6.826],[-58.575,6.984],[-58.617,7.499],[-58.881,7.797],[-59.834,8.44],[-60.213,8.563],[-60.957,8.587],[-61.271,8.51],[-61.29,8.771],[-61.121,9.165],[-61.29,8.771],[-61.696,8.61],[-62.128,8.644],[-63.065,8.325],[-65.965,8.18],[-70.682,8.557],[-71.182,9.277],[-71.605,9.092],[-72.114,9.904],[-71.896,10.44],[-71.688,10.769],[-71.988,11.608],[-71.594,11.844],[-71.189,11.912],[-71.13,12.213],[-71.437,12.422],[-71.698,12.428],[-72.059,12.237],[-72.38,11.81],[-72.761,11.695],[-73.362,11.325],[-74.219,11.368],[-74.323,10.922],[-74.767,11.061],[-75.033,10.953],[-75.45,10.628],[-75.543,10.411],[-75.703,9.426],[-76.158,9.311],[-76.383,8.98],[-76.764,8.693],[-76.851,8.464],[-76.702,8.115],[-76.858,7.93],[-77.242,8.476],[-77.495,8.661],[-77.678,8.961],[-78.266,9.386],[-79.5,9.638],[-80.124,9.224],[-80.356,9.203],[-80.962,8.865],[-81.495,8.865],[-82.23,9.047],[-82.326,9.445],[-82.752,9.744],[-82.962,10.034],[-83.204,10.2],[-83.747,10.878],[-83.914,11.251],[-83.883,12.122],[-83.688,12.962],[-83.662,13.705],[-83.418,14.068],[-83.314,14.768],[-83.527,15.237],[-84.132,15.375],[-84.171,15.763],[-84.65,15.933],[-85.632,15.874],[-85.887,15.994],[-86.372,15.803],[-87.021,15.82],[-87.571,15.908],[-88.274,15.747],[-88.48,15.912],[-88.664,15.726],[-88.941,15.905],[-88.742,16.269],[-89.921,16.975],[-89.539,17.739],[-88.87,18.694],[-89.061,19.267],[-90,19.382],[-91.22,19.102],[-91.702,18.823],[-91.479,18.634],[-91.73,18.416],[-92.107,18.516],[-92.098,18.76],[-93.087,18.554],[-93.785,18.349],[-93.741,17.166],[-94.123,16.879],[-95.174,16.975]],[[-77.254,-2.098],[-77.254,-2.759],[-77.9,-3.113],[-78.392,-2.913],[-78.562,-2.129],[-77.854,-1.667],[-77.254,-2.098]]],[[[-58.523,-34.587],[-58.34,-34.216],[-57.787,-34.598],[-57.348,-34.508],[-56.719,-34.691],[-56.338,-34.995],[-55.383,-34.816],[-54.99,-34.967],[-54.622,-34.922],[-54.074,-34.648],[-53.793,-34.4],[-53.432,-33.903],[-52.921,-33.439],[-52.351,-32.675],[-52.042,-31.557],[-51.602,-31.232],[-51.445,-31.015],[-51.232,-30.265],[-50.948,-30.36],[-50.609,-30.302],[-50.948,-30.36],[-51.232,-30.265],[-51.445,-31.015],[-51.602,-31.232],[-52.042,-31.557],[-52.14,-31.741],[-52.351,-32.675],[-52.921,-33.439],[-53.432,-33.903],[-53.793,-34.4],[-54.074,-34.648],[-54.622,-34.922],[-54.99,-34.967],[-55.383,-34.816],[-56.338,-34.995],[-56.719,-34.691],[-57.348,-34.508],[-57.787,-34.598],[-58.34,-34.216],[-58.523,-34.587]]],[[[-72.587,-41.618],[-72.728,-41.553],[-72.891,-41.529],[-73.178,-41.761],[-73.464,-41.787],[-73.178,-41.761],[-72.891,-41.529],[-72.587,-41.618]]],[[[-65.781,-47.712],[-66.078,-48.142],[-67.257,-48.744],[-67.578,-49.059],[-67.65,-49.621],[-67.833,-49.968],[-68.706,-50.285],[-69.041,-50.562],[-69.167,-51.149],[-69.115,-51.352],[-69.077,-51.499],[-69.167,-51.149],[-69.041,-50.562],[-68.706,-50.285],[-67.833,-49.968],[-67.65,-49.621],[-67.578,-49.059],[-67.257,-48.744],[-66.078,-48.142],[-65.781,-47.712]]],[[[-71.442,-53.882],[-70.998,-53.821],[-70.905,-53.234],[-70.734,-52.802],[-69.895,-52.627],[-69.483,-52.361],[-68.456,-52.42],[-69.483,-52.361],[-69.895,-52.627],[-70.734,-52.802],[-70.905,-53.234],[-70.998,-53.821],[-71.442,-53.882]]],[[[-62.351,-39.333],[-62.31,-38.88],[-61.361,-39.031],[-59.515,-38.875],[-58.651,-38.694],[-57.809,-38.386],[-57.502,-37.927],[-57.174,-37.582],[-56.698,-36.944],[-57.174,-37.582],[-57.502,-37.927],[-57.809,-38.386],[-58.651,-38.694],[-59.515,-38.875],[-61.361,-39.031],[-62.31,-38.88],[-62.351,-39.333]]],[[[-65.135,-41.244],[-65.153,-40.975],[-64.939,-40.827],[-63.842,-41.158],[-62.964,-41.137],[-62.26,-40.803],[-62.964,-41.137],[-63.842,-41.158],[-64.939,-40.827],[-65.153,-40.975],[-65.135,-41.244]]],[[[-67.469,-46.266],[-67.472,-45.922],[-67.225,-45.553],[-66.695,-45.131],[-66.194,-44.982],[-65.657,-44.942],[-66.194,-44.982],[-66.695,-45.131],[-67.225,-45.553],[-67.472,-45.922],[-67.469,-46.266]]],[[[-50.476,-1.679],[-50.225,-1.735],[-49.937,-1.659],[-49.347,-1.645],[-48.886,-1.421],[-48.64,-1.058],[-48.553,-0.632],[-48.64,-1.058],[-48.886,-1.421],[-49.347,-1.645],[-49.937,-1.659],[-50.225,-1.735],[-50.476,-1.679]]]]},"properties":{"BORDERPRECISION":1,"fid":84}},
{"type":"Feature","geometry":{"type":"MultiPolygon","coordinates":[[[[9.449,54.189],[9.441,54.247],[8.884,54.229],[8.848,53.75],[8.429,53.612],[7.166,53.592],[6.751,53.39],[5.966,53.335],[5.39,53.139],[5.326,52.79],[5.757,52.334],[5.473,52.177],[4.95,52.278],[5.235,52.623],[5.008,52.856],[4.641,52.756],[4.264,52.071],[3.52,51.579],[3.681,51.321],[2.995,51.313],[2.443,51.048],[1.796,50.921],[1.826,50.243],[2.148,50.059],[2.677,50.151],[2.907,49.943],[3.483,49.92],[3.82,50.039],[4.255,49.887],[5.361,49.697],[5.834,48.778],[6.015,48.653],[5.946,48.347],[6.238,48.291],[6.252,47.957],[5.96,47.985],[5.918,47.595],[5.667,47.108],[5.646,46.457],[5.268,46.318],[5.533,46.097],[5.823,45.396],[6.943,44.869],[6.783,44.548],[6.923,43.815],[7.397,43.764],[7.98,43.965],[8.672,44.417],[8.897,44.437],[9.909,44.11],[10.292,43.705],[10.743,42.851],[11.105,42.549],[11.497,42.376],[11.96,42.007],[12.169,42.63],[12.153,43.062],[12.302,43.278],[11.854,44.357],[11.289,44.224],[11.173,44.606],[11.339,44.855],[11.17,45.067],[10.856,45.051],[10.824,45.353],[9.998,45.401],[9.922,45.666],[9.582,45.893],[9.545,46.312],[9.885,46.403],[10.024,46.621],[10.558,46.718],[10.457,46.212],[10.525,45.739],[10.795,45.638],[11.571,46.245],[11.908,46.414],[11.74,46.752],[12.075,46.928],[12.698,46.951],[13.292,47.064],[13.709,46.839],[13.606,46.132],[13.368,45.694],[13.673,45.715],[14.076,45.678],[14.354,45.323],[14.527,45.783],[14.798,45.865],[14.88,45.484],[15.424,45.43],[15.47,45.734],[16.122,45.582],[16.079,45.886],[16.209,46.147],[16.535,46.365],[16.448,46.93],[16.644,47.3],[16.557,47.495],[16.796,47.843],[17.408,47.822],[17.218,48.066],[17.19,48.447],[17.353,48.963],[17.87,48.8],[18.114,48.854],[18.522,49.561],[18.927,49.622],[18.796,49.713],[18.646,50.645],[18.14,50.988],[17.64,51.437],[17.553,51.655],[16.855,51.655],[16.855,51.917],[15.765,52.265],[15.76,52.571],[16.053,52.716],[16.204,53.706],[16.658,53.858],[17.747,54.433],[17.658,54.685],[16.473,54.415],[15.898,54.128],[15.312,54.071],[14.473,53.877],[14.433,53.594],[13.78,53.775],[13.431,54.03],[12.653,54.321],[12.041,54.097],[11.565,54.035],[11.408,53.859],[10.649,54.259],[10.142,54.337],[9.885,54.254],[9.739,54.276],[9.674,54.189],[9.449,54.189]],[[9.617,47.496],[9.483,47.182],[9.498,46.793],[8.077,46.294],[7.82,45.928],[7.44,45.923],[7.257,46.44],[7.008,46.637],[7.213,47.122],[6.868,47.187],[7.571,47.584],[7.733,47.525],[8.937,47.659],[9.101,47.702],[9.124,47.671],[9.502,47.646],[9.617,47.496]]],[[[9.487,42.406],[9.28,42.728],[8.609,42.487],[8.511,42.134],[8.742,41.882],[8.727,41.561],[9.173,41.35],[9.453,42.048],[9.487,42.406]]]]},"properties":{"NAME":"Holy Roman Empire","SUBJECTO":"Holy Roman Empire","PARTOF":"Holy Roman Empire","ABBREVN":"Holy Roman E","BORDERPRECISION":1,"fid":85}},
{"type":"Feature","geometry":{"type":"MultiPolygon","coordinates":[[[[-14.51,28.05],[-13.881,28.199],[-13.784,28.879],[-13.421,29.091],[-13.518,29.428],[-13.808,29.049],[-14.147,28.391],[-14.51,28.05]]],[[[-15.574,28.178],[-15.913,27.901],[-15.574,27.729],[-15.211,27.901],[-15.405,28.199],[-15.574,28.178]]],[[[-17.291,28.285],[-17.34,28.029],[-16.638,28.05],[-16.082,28.54],[-16.88,28.327],[-17.291,28.285]]]]},"properties":{"NAME":"Guanches","SUBJECTO":"Guanches","PARTOF":"Guanches","ABBREVN":"Guanches","BORDERPRECISION":1,"fid":86}},
{"type":"Feature","geometry":{"type":"Polygon","coordinates":[[[-168.507,53.429],[-168.374,53.235],[-167.865,53.323],[-168.223,53.59],[-168.507,53.429]]]},"properties":{"BORDERPRECISION":1,"fid":87}},
{"type":"Feature","geometry":null,"properties":{"BORDERPRECISION":1,"fid":88}},
{"type":"Feature","geometry":{"type":"Polygon","coordinates":[[[-133.097,54.019],[-132.997,53.651],[-132.569,53.28],[-132.09,53.399],[-131.894,53.894],[-132.082,54.021],[-133.097,54.019]]]},"properties":{"NAME":"Bella","SUBJECTO":"Bella","PARTOF":"Bella","ABBREVN":"Bella","BORDERPRECISION":1,"fid":89}},
{"type":"Feature","geometry":null,"properties":{"BORDERPRECISION":1,"fid":90}},
{"type":"Feature","geometry":{"type":"Polygon","coordinates":[[[-166.61,53.707],[-166.771,54.001],[-167.148,53.94],[-166.927,53.459],[-166.61,53.707]]]},"properties":{"BORDERPRECISION":1,"fid":91}},
{"type":"Feature","geometry":{"type":"Polygon","coordinates":[[[-164.561,54.831],[-165.01,54.528],[-164.564,54.334],[-164.072,54.657],[-163.573,54.632],[-163.206,54.737],[-163.743,55.062],[-164.561,54.831]]]},"properties":{"BORDERPRECISION":1,"fid":92}},
{"type":"Feature","geometry":{"type":"Polygon","coordinates":[[[-162.788,55.152],[-163.091,55.273],[-163.262,55.171],[-162.968,54.949],[-162.788,55.152]]]},"properties":{"BORDERPRECISION":1,"fid":93}},
{"type":"Feature","geometry":{"type":"Polygon","coordinates":[[[-162.218,55.132],[-161.575,55.479],[-160.867,55.575],[-160.676,55.765],[-161.318,55.879],[-161.81,55.783],[-162.585,55.389],[-162.218,55.132]]]},"properties":{"BORDERPRECISION":1,"fid":94}},
{"type":"Feature","geometry":{"type":"Polygon","coordinates":[[[-135.002,57.326],[-135.466,57.229],[-134.946,56.454],[-134.764,56.794],[-135.002,57.326]]]},"properties":{"BORDERPRECISION":1,"fid":95}},
{"type":"Feature","geometry":{"type":"Polygon","coordinates":[[[-153.67,56.969],[-153.177,57.407],[-152.378,57.518],[-152.679,57.765],[-153.396,57.804],[-153.731,57.427],[-154.189,57.631],[-154.585,57.364],[-154.593,57.145],[-154.16,56.982],[-153.67,56.969]]]},"properties":{"BORDERPRECISION":1,"fid":96}},
{"type":"Feature","geometry":{"type":"Polygon","coordinates":[[[-136.596,57.905],[-135.816,57.454],[-135.822,57.756],[-135.115,57.675],[-135.325,58.093],[-135.672,58.044],[-136.3,58.18],[-136.596,57.905]]]},"properties":{"BORDERPRECISION":1,"fid":97}},
{"type":"Feature","geometry":{"type":"Polygon","coordinates":[[[-117.281,73.31],[-115.654,73.633],[-117.336,74.167],[-119.557,74.163],[-121.239,74.58],[-123.057,74.439],[-124.909,74.444],[-124.065,73.865],[-124.247,73.457],[-124.882,73.049],[-125.341,72.969],[-125.181,72.431],[-125.904,72.155],[-125.617,71.99],[-124.577,71.898],[-124.072,71.735],[-123.468,71.199],[-122.574,71.146],[-121.936,71.505],[-120.843,71.53],[-120.424,71.883],[-120.454,72.299],[-119.768,72.394],[-118.585,72.974],[-117.281,73.31]]]},"properties":{"BORDERPRECISION":1,"fid":98}},
{"type":"Feature","geometry":{"type":"MultiPolygon","coordinates":[[[[-61.248,45.793],[-61.025,45.67],[-60.507,45.664],[-59.997,45.854],[-59.807,46.081],[-60.169,46.314],[-60.761,45.891],[-60.963,46.189],[-60.584,46.385],[-60.26,46.938],[-60.627,47.133],[-61.381,46.331],[-61.409,46.046],[-61.248,45.793]]],[[[-66.404,45.108],[-65.76,45.294],[-64.871,45.662],[-64.905,45.463],[-64.458,45.391],[-65.749,44.741],[-66.189,44.141],[-65.713,43.56],[-64.835,43.884],[-64.706,44.129],[-64.088,44.513],[-63.559,44.513],[-63.053,44.711],[-61.032,45.379],[-61.481,45.741],[-61.94,45.922],[-62.39,45.722],[-63.843,45.988],[-63.749,46.169],[-64.535,46.272],[-64.69,46.695],[-64.892,46.912],[-64.924,47.56],[-64.658,47.779],[-65.028,47.882],[-65.612,47.663],[-65.855,48.205],[-65.213,48.121],[-64.398,48.456],[-64.194,48.653],[-64.32,48.947],[-64.952,49.207],[-66.03,49.166],[-66.973,48.955],[-67.354,48.846],[-66.435,45.133],[-66.404,45.108]]]]},"properties":{"NAME":"Mi'kma'ki","SUBJECTO":"Mi'kma'ki","PARTOF":"Mi'kma'ki","ABBREVN":"Mi'kma'ki","BORDERPRECISION":1,"fid":99}},
{"type":"Feature","geometry":{"type":"Polygon","coordinates":[[[-78.698,83.003],[-81.523,82.689],[-81.391,82.079],[-84.947,82.379],[-86.324,82.206],[-90,82.017],[-91.219,81.837],[-91.08,81.538],[-89.559,81.418],[-89.193,81.096],[-86.437,81.393],[-85.192,81.324],[-85.364,80.991],[-84.793,80.782],[-82.791,80.697],[-80.088,81.022],[-78.321,80.965],[-77.521,80.75],[-81.064,80.533],[-82.263,80.051],[-81.356,79.908],[-81.758,79.682],[-83.618,80.207],[-86.17,80.279],[-86.322,80.114],[-83.911,79.257],[-81.597,78.755],[-82.326,78.665],[-83.84,78.857],[-85.807,78.906],[-86.825,78.586],[-86.51,78.297],[-84.843,78.16],[-84.868,77.708],[-83.049,77.631],[-83.692,77.313],[-84.93,77.345],[-86.436,77.817],[-88.051,77.754],[-87.099,77.281],[-89.247,76.977],[-89.418,76.61],[-88.183,76.74],[-87.273,76.504],[-85.037,76.407],[-84.559,76.543],[-82.424,76.471],[-81.382,76.651],[-80.814,76.238],[-78.212,76.547],[-77.804,76.726],[-78.121,77.041],[-79.022,77.056],[-82.102,77.316],[-81.554,77.541],[-78.855,77.374],[-78.219,77.573],[-78.367,78.033],[-77.017,77.974],[-76.143,78.072],[-75.521,78.678],[-74.909,78.821],[-74.963,79.122],[-76.254,79.325],[-75.174,79.515],[-73.376,79.581],[-74.542,79.894],[-74.245,80.043],[-71.454,79.846],[-70.219,80.137],[-70.511,80.545],[-69.497,80.547],[-66.482,81.303],[-65.3,81.458],[-65.588,81.705],[-67.516,81.587],[-67.585,81.961],[-66.375,82.101],[-63.921,82.011],[-61.989,82.312],[-62.427,82.634],[-65.481,82.9],[-67.696,82.873],[-70.584,83.176],[-74.161,82.991],[-76.382,83.152],[-78.698,83.003]]]},"properties":{"BORDERPRECISION":1,"fid":100}},
{"type":"Feature","geometry":{"type":"Polygon","coordinates":[[[-111.991,77.977],[-113.01,77.923],[-113.024,77.602],[-111.91,77.483],[-110.62,77.537],[-109.661,77.95],[-111.991,77.977]]]},"properties":{"BORDERPRECISION":1,"fid":101}},
{"type":"Feature","geometry":{"type":"Polygon","coordinates":[[[-97.31,78.822],[-98.437,78.661],[-97.46,78.101],[-96.602,77.998],[-95.233,78.132],[-95.097,78.438],[-97.31,78.822]]]},"properties":{"BORDERPRECISION":1,"fid":102}},
{"type":"Feature","geometry":{"type":"Polygon","coordinates":[[[-169.375,63.254],[-169.333,63.397],[-170.482,63.688],[-170.966,63.459],[-169.903,63.075],[-169.375,63.254]]]},"properties":{"BORDERPRECISION":1,"fid":103}},
{"type":"Feature","geometry":{"type":"Polygon","coordinates":[[[-174.635,66.405],[-175.101,66.765],[-175.006,66.957],[-175.514,67.669],[-175.991,67.847],[-178.129,68.374],[-180,68.917],[-180,67.963],[-180,66.963],[-180,65.963],[-180,65.382],[-180,65.311],[-180,65.259],[-179.379,65.996],[-178.697,65.832],[-178.654,65.54],[-178.116,65.482],[-177.126,65.623],[-176.137,65.457],[-175.952,65.006],[-174.379,64.619],[-174.261,64.461],[-173.077,64.384],[-173.25,64.896],[-172.437,65.02],[-172.562,65.515],[-171.2,65.561],[-170.613,66.038],[-169.873,66.083],[-171.227,66.603],[-171.958,66.956],[-172.829,66.961],[-173.875,67.159],[-174.337,67.077],[-174.635,66.405]]]},"properties":{"BORDERPRECISION":1,"fid":104}},
{"type":"Feature","geometry":{"type":"Polygon","coordinates":[[[-121.138,76.882],[-122.659,76.539],[-122.282,76.151],[-121.311,76.296],[-120.1,75.978],[-119.387,76.375],[-118.736,76.938],[-118.253,76.879],[-117.863,76.438],[-117,76.728],[-116.24,76.78],[-116.406,77.234],[-115.682,77.381],[-116.359,77.578],[-117.226,77.413],[-119.696,77.313],[-121.138,76.882]]]},"properties":{"BORDERPRECISION":1,"fid":105}},
{"type":"Feature","geometry":{"type":"Polygon","coordinates":[[[-104.966,78.534],[-104.162,78.298],[-101.168,78.269],[-100.471,77.895],[-99.049,77.941],[-99.892,78.658],[-100.693,78.878],[-102.569,79.016],[-103.365,79.389],[-105.452,79.403],[-105.481,79.224],[-104.11,79.058],[-103.505,78.837],[-104.966,78.534]]]},"properties":{"BORDERPRECISION":1,"fid":106}},
{"type":"Feature","geometry":{"type":"Polygon","coordinates":[[[-88.348,80.411],[-91.016,80.75],[-92.025,81.259],[-95.06,81.031],[-94.25,80.674],[-95.58,80.386],[-94.675,80.117],[-96.433,79.933],[-95.039,79.396],[-93.178,79.534],[-91.819,79.438],[-90,79.126],[-93.303,79.256],[-94.103,79.023],[-92.702,78.434],[-90,78.263],[-88.759,78.451],[-87.787,78.725],[-86.997,79.445],[-87.336,80.093],[-88.348,80.411]]]},"properties":{"BORDERPRECISION":1,"fid":107}},
{"type":"Feature","geometry":{"type":"Polygon","coordinates":[[[-103.004,33.145],[-108.93,32.239],[-108.694,30.998],[-112.721,30.073],[-112.654,29.919],[-112.033,29.061],[-111.692,28.496],[-111.271,28.109],[-110.604,27.856],[-110.582,27.462],[-110.382,27.214],[-109.946,27.044],[-109.724,26.605],[-109.527,26.72],[-109.189,26.441],[-109.257,26.087],[-101.228,28.303],[-101.083,31.326],[-101.07,31.582],[-102.334,32.325],[-102.963,32.695],[-102.983,32.92],[-103.004,33.145]]]},"properties":{"NAME":"Apache","SUBJECTO":"Apache","PARTOF":"Apache","ABBREVN":"Apache","BORDERPRECISION":1,"fid":108}},
{"type":"Feature","geometry":{"type":"Polygon","coordinates":[[[-83.414,29.594],[-83.118,29.242],[-82.779,29.11],[-82.647,28.907],[-82.841,27.838],[-82.717,27.745],[-82.584,27.311],[-82.31,26.825],[-81.887,26.448],[-81.745,25.921],[-81.401,25.859],[-81.146,25.378],[-81.098,25.125],[-80.738,25.13],[-80.314,25.244],[-80.354,25.548],[-80.214,25.735],[-80.05,26.551],[-80.078,26.923],[-80.447,27.776],[-80.605,28.561],[-81.026,29.264],[-81.405,30.073],[-81.463,30.427],[-82.519,29.976],[-83.414,29.594]]]},"properties":{"NAME":"Calusa","SUBJECTO":"Calusa","PARTOF":"Calusa","ABBREVN":"Calusa","BORDERPRECISION":1,"fid":109}},
{"type":"Feature","geometry":{"type":"Polygon","coordinates":[[[-108.93,32.239],[-109.725,36.411],[-115.77,35.522],[-116.632,35.396],[-114.34,31.59],[-113.952,31.69],[-113.689,31.538],[-113.662,31.335],[-113.052,31.139],[-113.085,30.77],[-112.721,30.073],[-108.694,30.998],[-108.93,32.239]]]},"properties":{"NAME":"Hopi","SUBJECTO":"Hopi","PARTOF":"Hopi","ABBREVN":"Hopi","BORDERPRECISION":1,"fid":110}},
{"type":"Feature","geometry":{"type":"Polygon","coordinates":[[[-103.004,33.145],[-103.384,37.343],[-109.725,36.411],[-108.93,32.239],[-103.004,33.145]]]},"properties":{"NAME":"Navajo","SUBJECTO":"Navajo","PARTOF":"Navajo","ABBREVN":"Navajo","BORDERPRECISION":1,"fid":111}},
{"type":"Feature","geometry":{"type":"Polygon","coordinates":[[[-81.463,30.427],[-81.512,30.727],[-81.182,31.64],[-80.581,32.497],[-80.222,32.536],[-79.717,32.797],[-79.349,33.11],[-79.204,33.46],[-78.621,33.811],[-77.963,33.933],[-77.459,34.498],[-79.232,39.362],[-80.261,38.774],[-86.131,35.421],[-86.004,35.229],[-82.519,29.976],[-81.463,30.427]]]},"properties":{"NAME":"Cherookee","SUBJECTO":"Cherookee","PARTOF":"Cherookee","ABBREVN":"Cherookee","BORDERPRECISION":1,"fid":112}},
{"type":"Feature","geometry":{"type":"Polygon","coordinates":[[[-120.18,41.014],[-120.457,43.565],[-120.463,43.617],[-120.997,48.533],[-122.422,48.394],[-122.345,48.077],[-122.486,47.606],[-122.663,47.469],[-123.183,47.488],[-122.808,47.828],[-122.826,48.023],[-123.259,48.206],[-123.793,48.198],[-124.43,48.347],[-124.733,48.327],[-124.726,48.118],[-124.309,47.459],[-124.214,47.094],[-123.905,47.042],[-124.17,46.941],[-124.131,46.669],[-124.159,46.35],[-123.787,46.298],[-124.074,46.015],[-124.028,45.94],[-123.995,45.764],[-124.072,45.048],[-124.331,44.072],[-124.137,43.666],[-124.302,43.343],[-124.63,43.014],[-124.561,42.602],[-124.249,41.934],[-124.153,41.58],[-124.179,41.195],[-124.367,40.751],[-124.365,40.334],[-124.328,40.296],[-120.711,40.922],[-120.18,41.014]]]},"properties":{"NAME":"Coqs","SUBJECTO":"Coqs","PARTOF":"Coqs","ABBREVN":"Coqs","BORDERPRECISION":1,"fid":113}},
{"type":"Feature","geometry":{"type":"Polygon","coordinates":[[[-104.553,45.072],[-104.349,45.21],[-104.698,46.17],[-104.537,47.134],[-103.995,47.636],[-106.285,47.918],[-107.812,47.194],[-110.162,46.792],[-111.549,45.507],[-110.963,45.067],[-110.279,44.748],[-109.026,44.49],[-107.75,44.042],[-107.18,43.958],[-106.823,43.715],[-105.977,43.312],[-105.436,43.754],[-105.116,44.432],[-104.553,45.072]]]},"properties":{"NAME":"Crow","SUBJECTO":"Crow","PARTOF":"Crow","ABBREVN":"Crow","BORDERPRECISION":1,"fid":114}},
{"type":"Feature","geometry":{"type":"Polygon","coordinates":[[[-105.977,43.312],[-105.429,42.901],[-104.834,42.238],[-104.164,41.971],[-103.479,42.611],[-102.953,42.985],[-102.884,43.266],[-102.229,44.165],[-102.313,44.485],[-102.755,44.896],[-103.22,45.194],[-103.699,45.3],[-104.225,45.239],[-104.553,45.072],[-105.116,44.432],[-105.436,43.754],[-105.977,43.312]]]},"properties":{"NAME":"Cheyenne","SUBJECTO":"Cheyenne","PARTOF":"Cheyenne","ABBREVN":"Cheyenne","BORDERPRECISION":1,"fid":115}},
{"type":"Feature","geometry":{"type":"Polygon","coordinates":[[[-117.852,46.347],[-117.571,46.024],[-117.711,45.636],[-117.395,44.792],[-116.395,44.679],[-114.205,45.531],[-114.466,45.995],[-114.473,46.369],[-115.057,46.678],[-116.043,46.664],[-116.627,46.868],[-117.134,46.77],[-117.317,46.411],[-117.852,46.347]]]},"properties":{"NAME":"Nez Perce","SUBJECTO":"Nez Perce","PARTOF":"Nez Perce","ABBREVN":"Nez Perce","BORDERPRECISION":1,"fid":116}},
{"type":"Feature","geometry":{"type":"Polygon","coordinates":[[[-82.519,29.976],[-86.004,35.229],[-95.407,35.296],[-95.252,33.728],[-94.862,29.783],[-94.857,29.784],[-94.797,29.563],[-94.426,29.543],[-94.142,29.69],[-93.446,29.768],[-92.643,29.579],[-92.117,29.542],[-91.951,29.832],[-91.429,29.543],[-91.24,29.321],[-90,29.109],[-89.978,29.406],[-89.622,29.284],[-89.498,29.096],[-89.032,29.119],[-89.292,29.367],[-89.559,29.433],[-89.686,29.706],[-89.38,29.873],[-89.684,30.09],[-89.233,30.406],[-88.343,30.389],[-88.142,30.328],[-88.035,30.679],[-87.775,30.263],[-86.389,30.473],[-86.058,30.235],[-85.719,30.203],[-85.487,30.039],[-85.305,29.664],[-84.764,29.799],[-84.317,30.092],[-83.886,30.048],[-83.414,29.594],[-82.519,29.976]]]},"properties":{"NAME":"Natchez","SUBJECTO":"Natchez","PARTOF":"Natchez","ABBREVN":"Natchez","BORDERPRECISION":1,"fid":117}},
{"type":"Feature","geometry":{"type":"Polygon","coordinates":[[[-77.459,34.498],[-77.296,34.667],[-76.622,34.763],[-76.516,35.467],[-76.141,35.384],[-75.729,35.882],[-76.094,36.205],[-75.896,36.398],[-75.975,36.937],[-76.283,37.056],[-76.314,37.732],[-76.215,37.943],[-76.538,38.785],[-76.405,39.085],[-76.15,39.067],[-76.008,38.667],[-76.326,38.539],[-76.044,38.293],[-75.846,38.426],[-75.668,37.898],[-75.866,37.714],[-75.652,37.551],[-75.431,37.993],[-75.042,38.497],[-75.089,38.842],[-75.389,39.133],[-74.94,39.251],[-74.86,38.99],[-74.414,39.418],[-74.153,39.765],[-73.946,40.447],[-74.293,40.632],[-73.741,40.977],[-73.25,41.178],[-76.94,43.237],[-77.58,43.216],[-77.846,43.35],[-78.55,43.354],[-79.84,42.829],[-78.95,42.887],[-79.198,42.571],[-80.073,42.153],[-81.397,41.699],[-81.628,41.558],[-82.468,41.409],[-80.261,38.774],[-79.232,39.362],[-77.459,34.498]]]},"properties":{"NAME":"Delaware","SUBJECTO":"Delaware","PARTOF":"Delaware","ABBREVN":"Delaware","BORDERPRECISION":1,"fid":118}},
{"type":"Feature","geometry":{"type":"Polygon","coordinates":[[[-101.228,28.303],[-97.752,28.693],[-95.376,28.96],[-94.845,29.346],[-95.058,29.675],[-94.862,29.783],[-95.252,33.728],[-96.51,33.633],[-99.437,33.413],[-102.568,33.178],[-103.004,33.145],[-102.983,32.92],[-102.963,32.695],[-102.334,32.325],[-101.07,31.582],[-101.083,31.326],[-101.228,28.303]]]},"properties":{"NAME":"Comanche","SUBJECTO":"Comanche","PARTOF":"Comanche","ABBREVN":"Comanche","BORDERPRECISION":1,"fid":119}},
{"type":"Feature","geometry":{"type":"Polygon","coordinates":[[[-97.882,22.333],[-97.815,23.375],[-97.823,24.208],[-97.658,25.073],[-97.26,25.811],[-97.451,26.218],[-97.638,26.847],[-97.632,27.228],[-97.267,27.674],[-97.568,27.909],[-96.831,28.158],[-96.685,28.248],[-96.577,28.426],[-96.603,28.384],[-97.752,28.693],[-101.228,28.303],[-109.257,26.087],[-109.263,25.646],[-108.848,25.615],[-108.499,25.241],[-108.013,24.981],[-107.916,24.645],[-107.404,24.296],[-106.512,23.363],[-105.839,22.564],[-105.54,22.285],[-105.628,21.954],[-105.294,21.522],[-105.234,21.141],[-105.44,20.835],[-105.291,20.67],[-105.67,20.352],[-105.507,20.104],[-103.101,19.84],[-100.905,18.789],[-100.905,19.649],[-99.95,19.84],[-99.95,22.896],[-97.882,22.333]]]},"properties":{"BORDERPRECISION":1,"fid":122}},
{"type":"Feature","geometry":{"type":"Polygon","coordinates":[[[-73.25,41.178],[-72.854,41.294],[-71.449,41.425],[-71.41,41.724],[-70.967,41.562],[-70.302,41.759],[-70.776,42.303],[-71.054,42.357],[-70.759,42.71],[-70.868,42.871],[-70.216,43.8],[-69.826,43.752],[-69.249,43.991],[-68.804,44.393],[-68.131,44.567],[-67.908,44.477],[-67.169,44.711],[-66.831,45.203],[-67.88,46.195],[-70.016,46.171],[-70.715,45.702],[-71.738,45.014],[-75.045,44.868],[-76.462,44.245],[-76.085,43.966],[-76.174,43.625],[-76.94,43.237],[-73.25,41.178]]]},"properties":{"NAME":"Iroquois","SUBJECTO":"Iroquois","PARTOF":"Iroquois","ABBREVN":"Iroquois","BORDERPRECISION":1,"fid":123}},
{"type":"Feature","geometry":{"type":"Polygon","coordinates":[[[-115.77,35.522],[-118.842,38.88],[-120.711,40.922],[-124.328,40.296],[-123.82,39.607],[-123.892,39.414],[-123.745,39.076],[-123.222,38.533],[-122.991,38.139],[-122.759,37.957],[-122.375,37.854],[-122.558,37.566],[-122.494,37.301],[-122.253,37.07],[-121.932,37.009],[-121.851,36.749],[-121.927,36.338],[-121.561,36.066],[-121.385,35.785],[-120.928,35.475],[-120.677,35.189],[-120.688,34.622],[-120.529,34.508],[-119.613,34.478],[-119.292,34.221],[-118.872,34.07],[-118.604,34.096],[-118.438,33.794],[-118.007,33.731],[-117.497,33.325],[-117.304,32.755],[-116.96,32.156],[-116.611,31.877],[-116.705,31.591],[-116.138,30.765],[-116.058,30.339],[-115.857,30.282],[-115.602,29.685],[-114.978,29.311],[-114.273,28.709],[-114.067,28.423],[-114.105,28.054],[-114.479,27.78],[-115.055,27.853],[-114.478,27.244],[-113.585,26.769],[-113.285,26.808],[-112.981,26.503],[-112.411,26.193],[-112.084,25.57],[-112.166,25.011],[-111.906,24.687],[-111.392,24.243],[-110.225,23.4],[-110.117,23.07],[-109.889,22.867],[-109.517,23.192],[-109.489,23.573],[-109.824,23.693],[-110.205,24.315],[-110.485,24.15],[-110.772,24.378],[-110.798,24.88],[-111.329,25.896],[-111.484,26.557],[-111.594,26.76],[-111.915,26.664],[-112.115,27.02],[-112.284,27.509],[-112.724,27.705],[-112.87,28.335],[-113.322,28.556],[-113.593,29.103],[-114.1,29.642],[-114.389,29.762],[-114.683,30.143],[-114.735,30.843],[-114.988,31.166],[-114.839,31.815],[-114.34,31.59],[-116.632,35.396],[-115.77,35.522]]]},"properties":{"NAME":"Pomo","SUBJECTO":"Pomo","PARTOF":"Pomo","ABBREVN":"Pomo","BORDERPRECISION":1,"fid":124}},
{"type":"Feature","geometry":{"type":"Polygon","coordinates":[[[-144.174,63.334],[-150.138,61.244],[-149.317,60.929],[-150.437,60.906],[-151.16,60.66],[-151.415,60.254],[-151.783,59.995],[-151.448,59.538],[-151.388,59.213],[-150.501,59.616],[-150.021,59.714],[-149.326,60.027],[-148.494,59.904],[-148.336,60.413],[-148.84,60.545],[-148.466,60.868],[-148.493,61.064],[-147.94,61.206],[-147.27,60.94],[-145.998,60.662],[-145.493,60.384],[-145.138,60.454],[-144.406,60.093],[-142.425,60.02],[-141.439,60.091],[-141.385,59.897],[-140.905,59.786],[-140.133,59.767],[-139.573,59.9],[-139.307,59.706],[-139.785,59.518],[-139.2,59.277],[-138.446,59.162],[-137.577,58.604],[-137.085,58.447],[-136.356,58.524],[-136.939,58.943],[-136.148,58.903],[-135.738,58.47],[-135.326,58.581],[-135.515,58.973],[-135.144,59.168],[-135.046,58.905],[-134.83,58.561],[-134.123,58.239],[-133.474,57.842],[-133.641,57.739],[-133.341,57.377],[-133.4,57.219],[-132.871,57.016],[-132.101,56.349],[-132.279,56.132],[-132.264,55.937],[-132.256,55.85],[-131.767,56.01],[-131.191,56.035],[-130.867,55.731],[-128.705,60.74],[-138.751,62.425],[-144.174,63.334]]]},"properties":{"NAME":"Tlinoit","SUBJECTO":"Tlinoit","PARTOF":"Tlinoit","ABBREVN":"Tlinoit","BORDERPRECISION":1,"fid":125}},
{"type":"Feature","geometry":{"type":"Polygon","coordinates":[[[-67.354,48.846],[-67.781,48.724],[-68.341,48.546],[-69.254,48.12],[-70.534,47.126],[-70.599,47.433],[-69.223,48.678],[-81.173,50.032],[-81.27,49.739],[-81.92,47.775],[-70.715,45.702],[-70.016,46.171],[-67.88,46.195],[-66.831,45.203],[-66.404,45.108],[-66.435,45.133],[-67.354,48.846]]]},"properties":{"NAME":"Algonquin","SUBJECTO":"Algonquin","PARTOF":"Algonquin","ABBREVN":"Algonquin","BORDERPRECISION":1,"fid":126}},
{"type":"Feature","geometry":{"type":"Polygon","coordinates":[[[-78.55,43.354],[-79.478,43.195],[-79.647,43.491],[-79.153,43.772],[-78.738,43.878],[-77.623,44.01],[-77.278,43.887],[-76.911,44.048],[-76.462,44.245],[-75.045,44.868],[-71.738,45.014],[-70.715,45.702],[-81.92,47.775],[-81.27,49.739],[-83.271,50.232],[-83.761,49.015],[-84.611,46.904],[-84.442,46.817],[-84.785,46.471],[-84.983,45.98],[-85.251,45.314],[-85.505,44.683],[-82.523,41.945],[-82.284,42.147],[-81.838,42.29],[-81.439,42.587],[-80.465,42.574],[-80.364,42.615],[-79.84,42.829],[-78.55,43.354]],[[-84.127,45.951],[-83.794,46.257],[-82.743,46.199],[-80.807,45.955],[-80.649,45.74],[-80.099,45.396],[-79.918,44.967],[-80.224,44.505],[-81.095,44.799],[-81.719,44.139],[-81.808,43.318],[-82.354,43.015],[-82.658,43.84],[-82.921,44.057],[-83.294,43.954],[-83.59,43.665],[-83.917,43.784],[-83.386,44.313],[-83.286,44.619],[-83.431,45.275],[-84.634,45.751],[-84.694,45.984],[-84.127,45.951]]]},"properties":{"NAME":"Huron","SUBJECTO":"Huron","PARTOF":"Huron","ABBREVN":"Huron","BORDERPRECISION":1,"fid":127}},
{"type":"Feature","geometry":{"type":"Polygon","coordinates":[[[-143.608,68.65],[-159.861,70.54],[-162.177,70.284],[-162.879,69.999],[-164.067,69.065],[-164.89,68.935],[-166.297,68.88],[-166.335,68.661],[-166.844,68.405],[-164.513,67.797],[-163.826,67.448],[-163.739,67.218],[-161.936,67.088],[-161.796,66.749],[-160.032,66.568],[-160.125,66.339],[-161.261,66.396],[-162.275,66.071],[-163.843,66.178],[-163.782,66.538],[-164.463,66.596],[-167.024,65.959],[-168.18,65.694],[-166.139,65.355],[-166.604,65.15],[-166.586,64.73],[-165.741,64.559],[-163.883,64.591],[-163.025,64.442],[-162.137,64.789],[-161.291,64.964],[-160.902,64.813],[-160.944,64.525],[-161.373,64.466],[-160.89,63.857],[-161.133,63.563],[-162.474,63.41],[-163.309,63.038],[-164.292,63.25],[-165.03,62.65],[-165.431,62.43],[-165.834,61.834],[-166.19,61.749],[-165.898,61.27],[-165.423,61.264],[-164.539,60.95],[-163.895,61.042],[-163.52,60.706],[-163.938,60.614],[-164.845,60.816],[-165.128,60.542],[-164.027,59.798],[-163.536,59.841],[-162.378,60.163],[-161.989,59.712],[-162.004,58.827],[-161.646,58.682],[-161.117,58.746],[-160.431,59.002],[-159.814,58.941],[-159.11,58.488],[-158.973,58.77],[-158.517,58.999],[-158.291,58.73],[-157.139,58.856],[-157.242,58.491],[-157.554,58.27],[-157.665,57.604],[-158.662,57.076],[-158.617,56.748],[-159.249,56.781],[-159.776,56.582],[-160.457,56.2],[-160.607,55.962],[-160.169,55.807],[-159.077,55.992],[-158.527,56.449],[-157.747,56.77],[-156.993,56.915],[-156.496,57.1],[-156.685,57.401],[-155.598,57.896],[-154.649,58.076],[-154.214,58.428],[-153.682,58.642],[-153.455,58.877],[-154.127,59.042],[-154.282,59.249],[-153.71,59.644],[-152.899,59.896],[-152.878,60.279],[-152.19,60.658],[-151.342,60.954],[-150.781,61.292],[-150.415,61.309],[-143.608,68.65]]]},"properties":{"BORDERPRECISION":1,"fid":128}},
{"type":"Feature","geometry":{"type":"MultiPolygon","coordinates":[]},"properties":{"BORDERPRECISION":1,"fid":129}},
{"type":"Feature","geometry":{"type":"Polygon","coordinates":[[[-96.809,76.92],[-95.873,76.513],[-93.938,76.398],[-94.195,76.899],[-95.629,77.042],[-96.809,76.92]]]},"properties":{"BORDERPRECISION":1,"fid":130}},
{"type":"Feature","geometry":{"type":"Polygon","coordinates":[[[-61.364,15.198],[-61.255,15.285],[-61.304,15.574],[-61.475,15.486],[-61.364,15.198]]]},"properties":{"BORDERPRECISION":1,"fid":131}},
{"type":"Feature","geometry":{"type":"Polygon","coordinates":[[[-61.747,11.997],[-61.596,12.126],[-61.725,12.172],[-61.747,11.997]]]},"properties":{"BORDERPRECISION":1,"fid":132}},
{"type":"Feature","geometry":{"type":"Polygon","coordinates":[[[-60.861,14.403],[-60.83,14.57],[-61.034,14.829],[-61.232,14.809],[-61.034,14.466],[-60.861,14.403]]]},"properties":{"BORDERPRECISION":1,"fid":133}},
{"type":"Feature","geometry":{"type":"Polygon","coordinates":[[[-62.171,16.671],[-62.138,16.693],[-62.176,16.809],[-62.237,16.712],[-62.171,16.671]]]},"properties":{"BORDERPRECISION":1,"fid":134}},
{"type":"Feature","geometry":{"type":"Polygon","coordinates":[[[-63.168,18.164],[-62.993,18.227],[-63.058,18.256],[-63.168,18.164]]]},"properties":{"BORDERPRECISION":1,"fid":135}},
{"type":"Feature","geometry":{"type":"Polygon","coordinates":[[[-62.702,17.337],[-62.813,17.409],[-62.864,17.371],[-62.778,17.292],[-62.702,17.337]]]},"properties":{"BORDERPRECISION":1,"fid":136}},
{"type":"Feature","geometry":{"type":"Polygon","coordinates":[[[-60.955,13.709],[-60.878,13.957],[-61.075,13.897],[-60.955,13.709]]]},"properties":{"BORDERPRECISION":1,"fid":137}},
{"type":"Feature","geometry":{"type":"Polygon","coordinates":[[[-61.173,13.133],[-61.123,13.249],[-61.209,13.368],[-61.278,13.25],[-61.173,13.133]]]},"properties":{"BORDERPRECISION":1,"fid":138}},
{"type":"Feature","geometry":{"type":"Polygon","coordinates":[[[-64.762,17.774],[-64.871,17.775],[-64.889,17.687],[-64.739,17.708],[-64.762,17.774]]]},"properties":{"BORDERPRECISION":1,"fid":139}},
{"type":"Feature","geometry":{"type":"Polygon","coordinates":[[[-61.346,16.334],[-61.499,16.349],[-61.794,16.242],[-61.695,15.949],[-61.553,16.054],[-61.581,16.205],[-61.346,16.334]]]},"properties":{"BORDERPRECISION":1,"fid":140}},
{"type":"Feature","geometry":{"type":"Polygon","coordinates":[[[-68.966,12.199],[-69.078,12.349],[-69.158,12.311],[-69.062,12.188],[-68.832,12.049],[-68.824,12.16],[-68.966,12.199]]]},"properties":{"BORDERPRECISION":1,"fid":141}},
{"type":"Feature","geometry":{"type":"Polygon","coordinates":[[[-63.011,18.067],[-63.045,18.121],[-63.14,18.059],[-63.011,18.067]]]},"properties":{"BORDERPRECISION":1,"fid":142}},
{"type":"Feature","geometry":{"type":"Polygon","coordinates":[[[-63.14,18.059],[-63.033,18.016],[-63.011,18.067],[-63.14,18.059]]]},"properties":{"BORDERPRECISION":1,"fid":143}},
{"type":"Feature","geometry":{"type":"MultiPolygon","coordinates":[[[[-155.931,20.284],[-155.947,19.989],[-156.163,19.808],[-156.054,19.504],[-156.034,19.106],[-155.783,18.946],[-155.482,19.24],[-154.948,19.483],[-155.212,19.896],[-155.931,20.284]]],[[[-156.119,20.79],[-156.716,21.069],[-156.822,20.94],[-156.507,20.599],[-156.119,20.79]]]]},"properties":{"NAME":"Polynesians","SUBJECTO":"Polynesians","PARTOF":"Polynesians","ABBREVN":"Polynesians","BORDERPRECISION":1,"fid":144}},
{"type":"Feature","geometry":{"type":"Polygon","coordinates":[[[-53.115,48.524],[-53.249,48.648],[-53.763,48.523],[-54.13,48.836],[-53.509,49.282],[-54.158,49.477],[-54.62,49.476],[-55.107,49.279],[-55.968,49.657],[-55.565,49.966],[-56.067,50.103],[-56.49,49.768],[-56.662,50.056],[-55.557,51.326],[-55.561,51.557],[-56.152,51.47],[-56.702,51.185],[-57.356,50.595],[-57.86,49.988],[-58.128,49.496],[-57.814,49.202],[-58.392,49.037],[-58.68,48.703],[-58.139,48.599],[-58.652,48.376],[-59.319,47.963],[-59.157,47.67],[-58.091,47.763],[-56.804,47.616],[-56.33,47.636],[-56.079,47.865],[-55.739,47.872],[-54.783,47.711],[-55.277,47.313],[-55.83,47.129],[-55.408,46.948],[-54.936,47.339],[-54.576,47.497],[-54.211,47.804],[-53.896,47.557],[-54.125,47.113],[-53.625,46.886],[-53.07,46.731],[-52.729,47.455],[-53.096,47.552],[-53.118,47.878],[-53.703,47.844],[-53.882,48.189],[-53.411,48.295],[-53.115,48.524]]]},"properties":{"NAME":"Beothuk","SUBJECTO":"Beothuk","PARTOF":"Beothuk","ABBREVN":"Beothuk","BORDERPRECISION":1,"fid":145}},
{"type":"Feature","geometry":{"type":"Polygon","coordinates":[[[-64.881,50.334],[-63.85,50.299],[-63.207,50.346],[-61.64,50.277],[-60.138,50.412],[-59.716,50.511],[-59.132,50.836],[-58.524,51.379],[-56.964,51.488],[-55.659,52.187],[-56.11,52.605],[-55.77,53.159],[-55.881,53.352],[-56.649,53.658],[-57.131,53.483],[-57.106,53.871],[-57.561,54.131],[-58.077,54.083],[-58.64,53.868],[-59.181,53.519],[-60.246,53.277],[-60.137,53.684],[-59.863,53.839],[-59.399,53.866],[-58.844,54.148],[-57.515,54.466],[-57.433,54.58],[-58.557,54.772],[-59.694,55.154],[-60.575,55.071],[-60.373,55.422],[-60.468,55.659],[-61.458,56.158],[-61.933,56.281],[-62.277,55.587],[-62.742,54.648],[-63.195,53.735],[-64.881,50.334]]]},"properties":{"NAME":"Innu","SUBJECTO":"Innu","PARTOF":"Innu","ABBREVN":"Innu","BORDERPRECISION":1,"fid":146}},
{"type":"Feature","geometry":{"type":"Polygon","coordinates":[[[-77.254,-2.098],[-77.854,-1.667],[-78.562,-2.129],[-78.392,-2.913],[-77.9,-3.113],[-77.254,-2.759],[-77.254,-2.098]]]},"properties":{"NAME":"Shuar","SUBJECTO":"Shuar","PARTOF":"Shuar","ABBREVN":"Shuar","BORDERPRECISION":1,"fid":147}},
{"type":"Feature","geometry":{"type":"Polygon","coordinates":[[[19.334,57.956],[19.105,57.975],[19.142,57.908],[19.334,57.956]]]},"properties":{"BORDERPRECISION":1,"fid":148}},
{"type":"Feature","geometry":{"type":"Polygon","coordinates":[[[9.617,47.496],[9.189,47.651],[9.14,47.665],[9.011,47.671],[8.976,47.666],[8.937,47.659],[7.733,47.525],[7.571,47.584],[6.868,47.187],[7.213,47.122],[7.008,46.637],[7.257,46.44],[7.44,45.923],[7.82,45.928],[8.077,46.294],[9.498,46.793],[9.483,47.182],[9.617,47.496]]]},"properties":{"NAME":"Swiss Confederation","SUBJECTO":"Swiss Confederation","PARTOF":"Swiss Confederation","ABBREVN":"Swiss Confederation","BORDERPRECISION":1,"fid":149}},
{"type":"Feature","geometry":{"type":"Polygon","coordinates":[[[142.338,-10.915],[142.126,-11.157],[142.093,-11.532],[141.953,-11.952],[141.679,-12.468],[141.919,-12.703],[141.599,-13.046],[141.512,-13.809],[141.668,-14.114],[141.468,-14.757],[141.711,-15.227],[141.402,-15.857],[141.314,-16.448],[141.132,-16.957],[140.801,-17.562],[140.25,-17.798],[139.818,-17.761],[139.248,-17.432],[138.963,-16.994],[138.26,-16.842],[137.76,-16.399],[137.074,-16.031],[136.687,-16.026],[136.094,-15.449],[135.627,-15.17],[135.388,-14.897],[135.458,-14.681],[135.881,-14.203],[135.965,-13.891],[135.831,-13.485],[136.238,-13.23],[136.469,-13.223],[136.664,-12.625],[136.86,-12.44],[136.353,-12.155],[136.299,-12.511],[136.091,-12.575],[135.942,-12.359],[135.445,-12.176],[135.192,-12.374],[134.94,-12.336],[134.762,-12.063],[134.409,-12.121],[133.559,-11.951],[132.929,-11.533],[132.303,-11.503],[132.626,-11.75],[132.751,-12.169],[132.398,-12.329],[131.54,-12.401],[131.183,-12.236],[130.859,-12.447],[130.84,-12.707],[130.463,-12.759],[130.233,-13.147],[130.274,-13.363],[129.766,-13.816],[129.763,-14.019],[129.427,-14.306],[129.459,-14.496],[129.849,-14.82],[129.632,-15.278],[129.196,-14.993],[128.459,-14.886],[128.066,-15.377],[127.963,-14.703],[127.529,-14.196],[127.166,-14.063],[126.853,-13.784],[126.546,-14.35],[126.268,-14.071],[126.101,-14.205],[125.863,-14.695],[125.497,-14.677],[125.156,-14.805],[125.174,-15.04],[125.018,-15.644],[124.689,-15.467],[124.425,-15.658],[124.277,-16.523],[123.979,-16.409],[123.576,-16.391],[123.553,-16.696],[123.885,-16.911],[123.827,-17.248],[123.508,-17.109],[123.301,-17.466],[123.023,-16.856],[122.738,-16.583],[122.564,-16.895],[122.085,-17.398],[122.196,-18.244],[121.576,-18.703],[121.386,-19.116],[120.872,-19.677],[120.223,-19.983],[119.531,-20.138],[119.136,-20.037],[118.865,-20.069],[118.609,-20.381],[117.968,-20.471],[117.597,-20.758],[116.419,-20.837],[116.135,-20.984],[115.567,-21.456],[114.456,-22.094],[114.309,-22.564],[114.075,-22.603],[114.023,-22.33],[113.822,-22.254],[113.625,-22.566],[113.762,-23.481],[113.667,-23.78],[113.362,-24.283],[113.433,-24.874],[113.592,-25.185],[114.183,-26.017],[114.095,-26.539],[113.739,-26.667],[113.433,-26.572],[113.925,-27.385],[114.022,-27.626],[113.965,-28.033],[114.63,-28.903],[114.912,-29.697],[114.9,-30.142],[115.058,-30.804],[115.561,-31.661],[115.747,-32.208],[115.767,-32.755],[115.647,-33.365],[115.409,-33.767],[114.961,-33.869],[115.047,-34.422],[115.616,-34.631],[115.967,-34.936],[116.561,-35.189],[117.53,-35.251],[118.207,-35.09],[118.673,-34.606],[119.33,-34.579],[119.771,-34.12],[120.28,-34.119],[121.41,-33.971],[121.74,-33.963],[122.171,-34.179],[122.768,-34.031],[123.359,-34.043],[123.623,-33.915],[124.248,-33.144],[124.847,-32.952],[125.642,-32.562],[126.059,-32.434],[127.265,-32.381],[128.17,-32.15],[128.615,-31.952],[129.185,-31.798],[130.857,-31.731],[131.28,-31.635],[131.993,-32.066],[132.377,-32.161],[132.698,-32.09],[133.125,-32.337],[133.837,-32.342],[134.237,-32.742],[134.108,-33.028],[134.208,-33.257],[134.631,-33.269],[134.844,-33.695],[135.153,-34.05],[135.357,-34.457],[135.528,-35.055],[135.712,-35.207],[136.106,-34.532],[136.731,-34.06],[137.067,-33.951],[137.457,-33.314],[137.82,-33.065],[138.166,-33.192],[137.913,-33.517],[137.864,-33.879],[137.512,-34.459],[137.559,-34.911],[137.393,-35.089],[137.108,-35.071],[136.947,-35.473],[137.683,-35.331],[137.883,-34.687],[138.101,-34.356],[138.568,-34.928],[138.352,-35.865],[138.774,-35.788],[139.127,-35.608],[139.368,-35.614],[139.444,-36.041],[139.743,-36.372],[139.863,-36.78],[139.823,-37.246],[140.012,-37.642],[140.652,-38.164],[141.225,-38.457],[141.547,-38.533],[141.904,-38.43],[142.694,-38.671],[143.365,-38.97],[144.311,-38.565],[144.748,-38.456],[144.411,-38.246],[144.97,-38.066],[145.504,-38.442],[145.536,-38.723],[145.934,-38.881],[146.821,-38.841],[148.037,-38.098],[148.274,-38.027],[149.504,-37.929],[149.857,-37.634],[149.985,-37.347],[150.011,-36.626],[150.222,-35.694],[150.762,-35.253],[150.85,-34.718],[151.217,-34.208],[151.364,-33.521],[151.765,-33.005],[152.176,-32.877],[152.445,-32.507],[152.537,-32.208],[152.834,-31.768],[152.972,-31.418],[152.94,-30.699],[153.203,-29.91],[153.361,-29.159],[153.493,-28.841],[153.396,-28.129],[152.946,-27.341],[153.087,-27.01],[153.069,-26.228],[152.904,-25.63],[152.534,-25.364],[152.318,-24.818],[152.073,-24.742],[151.73,-24.157],[151.2,-23.942],[150.802,-23.6],[150.754,-22.812],[150.611,-22.621],[149.945,-22.324],[150.017,-22.73],[149.557,-22.433],[149.411,-21.918],[149.101,-21.06],[148.706,-20.845],[148.567,-20.654],[148.704,-20.203],[148.19,-20.172],[147.594,-19.855],[147.413,-19.563],[147.078,-19.513],[146.322,-19.082],[145.925,-18.257],[146.019,-17.862],[145.994,-17.513],[145.869,-17.195],[145.326,-16.49],[145.346,-16.014],[145.222,-15.664],[145.184,-15.048],[144.529,-14.668],[144.385,-14.369],[144.065,-14.592],[143.743,-14.466],[143.474,-13.665],[143.437,-13.081],[143.292,-12.687],[142.971,-12.535],[143.173,-12.121],[142.823,-11.919],[142.749,-11.321],[142.644,-11.093],[142.338,-10.915]]]},"properties":{"NAME":"Australian aboriginal hunter-gatherers","SUBJECTO":"Australian aboriginal hunter-gatherers","PARTOF":"Australian aboriginal hunter-gatherers","ABBREVN":"Australian aboriginal hunter-gatherers","BORDERPRECISION":1,"fid":150}},
{"type":"Feature","geometry":{"type":"Polygon","coordinates":[[[146.713,-43.722],[147.391,-43.082],[147.815,-42.965],[147.981,-42.482],[148.319,-41.806],[148.27,-41.093],[148.056,-40.92],[147.596,-41.165],[147.289,-41.152],[146.382,-41.308],[144.776,-40.843],[144.7,-41.164],[144.936,-41.71],[145.53,-42.345],[145.279,-42.668],[145.723,-43.24],[146.713,-43.722]]]},"properties":{"NAME":"Tasmanian hunter-gatherers","SUBJECTO":"Tasmanian hunter-gatherers","PARTOF":"Tasmanian hunter-gatherers","ABBREVN":"Tasmanian hunter-gatherers","BORDERPRECISION":1,"fid":151}},
{"type":"Feature","geometry":{"type":"Polygon","coordinates":[[[-69.223,48.678],[-68.307,49.227],[-67.318,49.425],[-66.855,50.089],[-66.373,50.314],[-64.881,50.334],[-63.195,53.735],[-62.742,54.648],[-62.889,54.725],[-65.643,55.263],[-71.033,55.196],[-74.197,52.927],[-78.742,52.744],[-78.573,52.489],[-78.491,52.256],[-78.553,52.01],[-78.797,51.771],[-78.7,51.566],[-78.748,51.32],[-78.823,51.161],[-79.112,51.525],[-79.534,51.418],[-79.495,51.14],[-79.338,50.843],[-80.073,51.298],[-80.361,51.304],[-80.877,51.906],[-81.311,52.118],[-81.747,52.17],[-81.713,52.33],[-81.852,52.709],[-82.341,52.981],[-82.16,53.802],[-82.399,54.271],[-82.336,54.653],[-82.383,55.056],[-83.576,55.223],[-84.468,55.167],[-85.161,55.328],[-85.892,55.61],[-87.467,55.912],[-87.914,56.332],[-88.767,56.738],[-90.204,57.074],[-90.445,57.144],[-91.337,57.163],[-92.711,56.831],[-93.825,56.863],[-102.144,57.214],[-111.284,58.553],[-122.491,54.244],[-115.034,52.033],[-114.467,52],[-105.191,51.453],[-98.922,50.232],[-95.566,49.996],[-95.172,49.969],[-87.79,49.931],[-85.036,49.094],[-83.761,49.015],[-83.271,50.232],[-81.27,49.739],[-81.173,50.032],[-69.223,48.678]]]},"properties":{"NAME":"Subarctic forest hunter-gatherers","SUBJECTO":"Subarctic forest hunter-gatherers","PARTOF":"Subarctic forest hunter-gatherers","ABBREVN":"Subarctic forest hunter-gatherers","BORDERPRECISION":1,"fid":152}},
{"type":"Feature","geometry":{"type":"Polygon","coordinates":[[[-130.867,55.731],[-130.695,55.465],[-130.69,54.972],[-130.065,55.102],[-129.842,54.979],[-130.299,54.548],[-130.176,54.172],[-130.004,53.938],[-129.434,53.518],[-128.814,53.764],[-128.889,53.418],[-128.432,52.939],[-128.077,52.939],[-128.06,52.5],[-127.873,52.413],[-127.866,52.413],[-125.758,53.131],[-122.491,54.244],[-111.284,58.553],[-118.198,62.713],[-124.936,64.835],[-132.435,62.497],[-138.751,62.425],[-128.705,60.74],[-130.867,55.731]]]},"properties":{"NAME":"Athabaskan","SUBJECTO":"Athabaskan","PARTOF":"Athabaskan","ABBREVN":"Athabaskan","BORDERPRECISION":1,"fid":153}},
{"type":"Feature","geometry":{"type":"Polygon","coordinates":[[[-68.41,-30.484],[-67.482,-31.656],[-63.563,-30.037],[-57.353,-29.681],[-54.365,-30.593],[-53.544,-31.446],[-52.14,-31.741],[-52.042,-31.557],[-51.602,-31.232],[-51.445,-31.015],[-51.232,-30.265],[-50.948,-30.36],[-50.609,-30.302],[-50.582,-30.416],[-50.854,-30.938],[-51.137,-31.193],[-51.117,-31.472],[-50.806,-31.192],[-50.469,-30.74],[-49.936,-29.627],[-49.546,-29.157],[-48.937,-28.698],[-48.797,-28.476],[-49.839,-26.797],[-49.487,-24.553],[-48.469,-23.749],[-53.123,-14.275],[-60.268,-13.81],[-64.194,-14.695],[-64.662,-16.805],[-65.719,-18.084],[-65.494,-19.135],[-67.154,-25.222],[-68.26,-28.542],[-68.41,-30.484]]]},"properties":{"NAME":"Savanna hunter-gatherers","SUBJECTO":"Savanna hunter-gatherers","PARTOF":"Savanna hunter-gatherers","ABBREVN":"Savanna hunter-gatherers","BORDERPRECISION":1,"fid":154}},
{"type":"Feature","geometry":{"type":"MultiPolygon","coordinates":[[[[-65.262,-54.819],[-66.418,-54.607],[-66.983,-54.341],[-67.838,-53.701],[-68.13,-53.375],[-68.705,-53.235],[-68.305,-52.943],[-68.701,-52.72],[-69.407,-52.566],[-70.281,-53.087],[-70.333,-53.473],[-69.441,-53.411],[-69.421,-53.544],[-70.146,-53.806],[-70.042,-53.986],[-69.335,-54.292],[-69.055,-54.602],[-69.568,-54.459],[-70.621,-54.501],[-70.498,-54.923],[-69.672,-54.774],[-69.214,-54.934],[-68.376,-54.852],[-67.153,-54.91],[-66.622,-55.07],[-65.348,-54.913],[-65.262,-54.819]]],[[[-72.845,-52.646],[-72.869,-52.281],[-73.56,-52.283],[-73.626,-52.608],[-73.243,-52.574],[-73.281,-52.953],[-73.08,-53.032],[-72.845,-52.646]]],[[[-73.455,-42.262],[-73.637,-41.967],[-74.005,-42.019],[-74.169,-42.346],[-74.134,-42.764],[-74.236,-43.368],[-73.696,-43.386],[-73.609,-42.911],[-73.831,-42.564],[-73.455,-42.262]]],[[[-72.587,-41.618],[-72.609,-41.997],[-72.466,-42.035],[-72.438,-42.305],[-72.747,-42.446],[-72.724,-42.8],[-72.53,-43.063],[-72.999,-43.334],[-73.058,-44.19],[-72.76,-44.369],[-72.583,-44.44],[-72.677,-44.749],[-73.314,-45.086],[-73.138,-45.344],[-73.047,-45.376],[-73.474,-45.669],[-73.571,-46.265],[-73.97,-46.713],[-73.995,-46.486],[-74.429,-46.533],[-74.479,-46.306],[-74.042,-46.091],[-74.189,-45.845],[-74.564,-45.872],[-74.864,-46.229],[-75.441,-46.515],[-75.444,-46.625],[-75.022,-46.553],[-74.862,-46.819],[-74.463,-46.799],[-73.979,-47.032],[-74.087,-47.298],[-74.381,-47.423],[-74.297,-47.761],[-73.764,-47.773],[-73.36,-47.974],[-73.439,-48.156],[-74.21,-48.008],[-74.133,-48.477],[-74.312,-48.745],[-74.272,-49.431],[-73.963,-49.241],[-73.9,-49.43],[-74.24,-49.634],[-73.932,-49.993],[-74.19,-50.171],[-73.934,-50.506],[-73.53,-50.433],[-73.776,-50.835],[-74.208,-51.021],[-73.679,-51.231],[-73.778,-51.614],[-73.258,-51.706],[-73.408,-52.024],[-73.107,-52.103],[-72.81,-51.93],[-72.449,-52.161],[-72.559,-52.573],[-72.212,-52.572],[-71.678,-52.644],[-72.784,-52.898],[-72.751,-53.138],[-72.051,-53.07],[-71.443,-52.829],[-71.152,-52.962],[-71.872,-53.696],[-71.442,-53.882],[-70.998,-53.821],[-70.905,-53.234],[-70.734,-52.802],[-69.895,-52.627],[-69.483,-52.361],[-68.456,-52.42],[-69.077,-51.499],[-69.115,-51.352],[-71.165,-51.561],[-71.487,-51.104],[-72.044,-48.766],[-72.191,-45.99],[-71.634,-43.196],[-70.579,-40.579],[-72.068,-40.547],[-72.728,-41.553],[-72.587,-41.618]]]]},"properties":{"NAME":"Patagonian shellfish and marine mammal hunters","SUBJECTO":"Patagonian shellfish and marine mammal hunters","PARTOF":"Patagonian shellfish and marine mammal hunters","ABBREVN":"Patagonian shellfish and marine mammal hunters","BORDERPRECISION":1,"fid":155}},
{"type":"Feature","geometry":{"type":"Polygon","coordinates":[[[-71.52,-32.181],[-71.416,-32.753],[-71.75,-33.191],[-71.616,-33.706],[-71.963,-34.246],[-72.167,-34.958],[-72.629,-35.646],[-73.144,-37.156],[-73.673,-37.501],[-73.435,-37.902],[-73.441,-38.628],[-73.194,-39.565],[-73.759,-40.243],[-73.905,-40.839],[-73.666,-41.479],[-73.464,-41.787],[-73.178,-41.761],[-72.891,-41.529],[-72.728,-41.553],[-72.068,-40.547],[-71.517,-39.706],[-69.437,-37.159],[-67.65,-33.577],[-67.482,-31.656],[-68.41,-30.484],[-68.445,-30.94],[-69.367,-32.6],[-69.367,-34.445],[-70.289,-36.474],[-71.027,-37.212],[-73.278,-37.283],[-73.144,-37.156],[-72.629,-35.646],[-72.167,-34.958],[-71.963,-34.246],[-71.616,-33.706],[-71.75,-33.191],[-71.416,-32.753],[-71.52,-32.181]]]},"properties":{"NAME":"Andean hunter-gatherers","SUBJECTO":"Andean hunter-gatherers","PARTOF":"Andean hunter-gatherers","ABBREVN":"Andean hunter-gatherers","BORDERPRECISION":1,"fid":156}},
{"type":"Feature","geometry":{"type":"Polygon","coordinates":[[[-64.194,-14.695],[-60.268,-13.81],[-53.123,-14.275],[-53.128,-14.265],[-46.281,-3.553],[-49.066,-4.744],[-54.163,-4.627],[-56.331,-4.335],[-58.44,-2.288],[-57.972,-0.589],[-55.804,0.876],[-55.862,1.696],[-58.558,3.978],[-62.659,4.153],[-66.408,3.042],[-70.158,-5.735],[-69.045,-8.236],[-64.194,-14.695]]]},"properties":{"NAME":"Amazon hunter-gatherers","SUBJECTO":"Amazon hunter-gatherers","PARTOF":"Amazon hunter-gatherers","ABBREVN":"Amazon hunter-gatherers","BORDERPRECISION":1,"fid":157}},
{"type":"Feature","geometry":{"type":"MultiPolygon","coordinates":[[[[-61.121,9.165],[-60.793,9.388],[-61.415,9.698],[-61.531,9.851],[-62.103,10.021],[-62.297,9.722],[-62.385,10.014],[-62.925,10.369],[-62.914,10.547],[-62.336,10.535],[-62.203,10.618],[-62.29,10.732],[-62.703,10.757],[-64.068,10.627],[-64.537,10.264],[-64.884,10.136],[-65.376,10.154],[-65.977,10.407],[-66.157,10.622],[-66.478,10.679],[-67.98,10.542],[-68.302,10.726],[-68.372,11.012],[-68.695,11.38],[-69.481,11.549],[-69.743,11.657],[-69.775,11.786],[-69.787,11.873],[-69.87,12.012],[-70.138,12.209],[-70.339,11.999],[-70.197,11.751],[-69.865,11.758],[-69.792,11.693],[-69.748,11.533],[-71.098,11.12],[-71.456,10.885],[-71.496,10.646],[-71.381,10.408],[-71.089,9.919],[-71.044,9.392],[-71.182,9.277],[-70.682,8.557],[-65.965,8.18],[-63.065,8.325],[-62.128,8.644],[-61.696,8.61],[-61.29,8.771],[-61.121,9.165]]],[[[-48.553,-0.632],[-48.402,-0.391],[-49.143,-0.195],[-49.358,-0.285],[-50.207,-0.191],[-50.501,-0.262],[-50.617,-0.891],[-50.611,-1.438],[-50.476,-1.679],[-50.225,-1.735],[-49.937,-1.659],[-49.347,-1.645],[-48.886,-1.421],[-48.64,-1.058],[-48.553,-0.632]]]]},"properties":{"NAME":"Caribbean hunter-gatherers","SUBJECTO":"Caribbean hunter-gatherers","PARTOF":"Caribbean hunter-gatherers","ABBREVN":"Caribbean hunter-gatherers","BORDERPRECISION":1,"fid":158}},
{"type":"Feature","geometry":{"type":"Polygon","coordinates":[[[-52.14,-31.741],[-53.544,-31.446],[-54.365,-30.593],[-57.353,-29.681],[-63.563,-30.037],[-67.482,-31.656],[-67.65,-33.577],[-69.437,-37.159],[-71.517,-39.706],[-72.068,-40.547],[-70.579,-40.579],[-71.634,-43.196],[-72.191,-45.99],[-72.044,-48.766],[-71.487,-51.104],[-71.165,-51.561],[-69.115,-51.352],[-69.167,-51.149],[-69.041,-50.562],[-68.706,-50.285],[-67.833,-49.968],[-67.65,-49.621],[-67.578,-49.059],[-67.257,-48.744],[-66.078,-48.142],[-65.781,-47.712],[-65.776,-47.23],[-66.671,-47.017],[-67.328,-46.532],[-67.469,-46.266],[-67.472,-45.922],[-67.225,-45.553],[-66.695,-45.131],[-66.194,-44.982],[-65.657,-44.942],[-65.627,-44.723],[-65.27,-44.258],[-65.307,-43.601],[-65.047,-43.331],[-64.698,-43.201],[-64.309,-43.027],[-65.017,-42.881],[-65.085,-42.784],[-64.688,-42.649],[-64.165,-42.648],[-64.001,-42.853],[-63.665,-42.775],[-63.624,-42.57],[-63.729,-42.101],[-64.294,-42.205],[-64.12,-42.384],[-64.644,-42.437],[-64.992,-42.193],[-64.925,-41.731],[-65.135,-41.244],[-65.153,-40.975],[-64.939,-40.827],[-63.842,-41.158],[-62.964,-41.137],[-62.26,-40.803],[-62.466,-40.368],[-62.108,-39.69],[-62.351,-39.333],[-62.31,-38.88],[-61.361,-39.031],[-59.515,-38.875],[-58.651,-38.694],[-57.809,-38.386],[-57.502,-37.927],[-57.174,-37.582],[-56.698,-36.944],[-56.8,-36.543],[-57.372,-36.149],[-57.4,-35.818],[-57.237,-35.583],[-57.479,-35.214],[-58.107,-34.961],[-58.523,-34.587],[-58.34,-34.216],[-57.787,-34.598],[-57.348,-34.508],[-56.719,-34.691],[-56.338,-34.995],[-55.383,-34.816],[-54.99,-34.967],[-54.622,-34.922],[-54.074,-34.648],[-53.793,-34.4],[-53.432,-33.903],[-52.921,-33.439],[-52.351,-32.675],[-52.14,-31.741]]]},"properties":{"NAME":"Pampas cultures","SUBJECTO":"Pampas cultures","PARTOF":"Pampas cultures","ABBREVN":"Pampas cultures","BORDERPRECISION":1,"fid":159}},
{"type":"Feature","geometry":{"type":"Polygon","coordinates":[[[-120.711,40.922],[-118.842,38.88],[-109.049,38.88],[-111.548,41.642],[-111.668,41.935],[-115.093,42.512],[-119.018,43.113],[-120.457,43.565],[-120.18,41.014],[-120.711,40.922]]]},"properties":{"NAME":"Desert hunter-gatherers","SUBJECTO":"Desert hunter-gatherers","PARTOF":"Desert hunter-gatherers","ABBREVN":"Desert hunter-gatherers","BORDERPRECISION":1,"fid":160}},
{"type":"Feature","geometry":{"type":"MultiPolygon","coordinates":[[[[-126.522,49.822],[-126.563,49.572],[-126.112,49.527],[-125.892,49.377],[-125.78,49.089],[-124.999,49.169],[-125.098,48.795],[-123.902,48.471],[-123.593,48.635],[-123.861,49.158],[-124.718,49.491],[-125.267,50.054],[-125.719,50.409],[-126.957,50.592],[-127.848,50.861],[-128.343,50.668],[-127.385,50.05],[-126.961,50.057],[-126.522,49.822]]],[[[-132.174,54.846],[-132.177,55.285],[-132.688,55.649],[-132.621,55.751],[-132.633,55.9],[-133.518,56.211],[-133.266,55.831],[-133.016,55.371],[-132.174,54.846]]],[[[-120.463,43.617],[-120.307,44.299],[-120.483,48.962],[-124.76,52.448],[-125.758,53.131],[-127.866,52.413],[-127.431,52.461],[-127.037,52.464],[-128.013,51.808],[-127.455,51.769],[-127.353,51.637],[-127.675,51.245],[-127.455,51.021],[-126.691,50.989],[-126.425,51.089],[-126.228,50.93],[-126.086,50.713],[-125.412,50.549],[-124.939,50.596],[-124.795,50.035],[-124.471,49.813],[-124.15,49.931],[-123.921,49.886],[-123.699,49.525],[-123.212,49.625],[-123.213,49.272],[-122.984,49.135],[-122.606,48.835],[-122.535,48.697],[-122.345,48.077],[-122.486,47.606],[-122.663,47.469],[-123.183,47.488],[-122.663,47.469],[-122.486,47.606],[-122.345,48.077],[-122.422,48.394],[-120.997,48.533],[-120.463,43.617]]]]},"properties":{"NAME":"North American Pacifi foraging, hunting and fishing peoples","SUBJECTO":"North American Pacifi foraging, hunting and fishing peoples","PARTOF":"North American Pacifi foraging, hunting and fishing peoples","ABBREVN":"North American Pacifi foraging, hunting and fishing peoples","BORDERPRECISION":1,"fid":161}},
{"type":"Feature","geometry":{"type":"Polygon","coordinates":[[[-120.457,43.565],[-119.018,43.113],[-115.093,42.512],[-111.668,41.935],[-114.126,47.952],[-114.467,52],[-115.034,52.033],[-122.491,54.244],[-125.758,53.131],[-124.76,52.448],[-120.483,48.962],[-120.307,44.299],[-120.463,43.617],[-120.457,43.565]],[[-117.852,46.347],[-117.317,46.411],[-117.134,46.77],[-116.627,46.868],[-116.043,46.664],[-115.057,46.678],[-114.473,46.369],[-114.466,45.995],[-114.205,45.531],[-116.395,44.679],[-117.395,44.792],[-117.711,45.636],[-117.571,46.024],[-117.852,46.347]]]},"properties":{"NAME":"Plateau fichers and hunter gatherers","SUBJECTO":"Plateau fichers and hunter gatherers","PARTOF":"Plateau fichers and hunter gatherers","ABBREVN":"Plateau fichers and hunter gatherers","BORDERPRECISION":1,"fid":162}},
{"type":"Feature","geometry":{"type":"MultiPolygon","coordinates":[[[[-97.752,28.693],[-96.603,28.384],[-96.577,28.426],[-96.774,28.623],[-96.203,28.637],[-95.603,28.799],[-95.376,28.96],[-97.752,28.693]]],[[[-96.51,33.633],[-97.139,34.471],[-96.406,35.646],[-94.619,36.097],[-94.118,35.876],[-94.118,39.732],[-94.235,46.721],[-95.566,49.996],[-98.922,50.232],[-105.191,51.453],[-114.467,52],[-114.126,47.952],[-111.668,41.935],[-111.548,41.642],[-109.049,38.88],[-102.568,38.88],[-102.568,33.178],[-99.437,33.413],[-96.51,33.633]],[[-104.553,45.072],[-104.225,45.239],[-103.699,45.3],[-103.22,45.194],[-102.755,44.896],[-102.313,44.485],[-102.229,44.165],[-102.884,43.266],[-102.953,42.985],[-103.479,42.611],[-104.164,41.971],[-104.834,42.238],[-105.429,42.901],[-105.977,43.312],[-106.823,43.715],[-107.18,43.958],[-107.75,44.042],[-109.026,44.49],[-110.279,44.748],[-110.963,45.067],[-111.549,45.507],[-110.162,46.792],[-107.812,47.194],[-106.285,47.918],[-103.995,47.636],[-104.537,47.134],[-104.698,46.17],[-104.349,45.21],[-104.553,45.072]]]]},"properties":{"NAME":"Plain bison hunters","SUBJECTO":"Plain bison hunters","PARTOF":"Plain bison hunters","ABBREVN":"Plain bison hunters","BORDERPRECISION":1,"fid":163}},
{"type":"Feature","geometry":{"type":"Polygon","coordinates":[[[-80.261,38.774],[-82.468,41.409],[-82.73,41.452],[-83.45,41.754],[-83.125,42.051],[-82.523,41.945],[-85.505,44.683],[-85.251,45.314],[-86.002,44.917],[-86.214,44.704],[-86.453,44.13],[-86.514,43.681],[-86.243,42.988],[-86.23,42.617],[-86.518,42.035],[-86.842,41.766],[-87.224,41.635],[-87.554,41.766],[-87.783,42.204],[-87.777,42.66],[-87.908,43.192],[-87.715,43.876],[-87.564,44.13],[-87.343,44.818],[-87.876,44.878],[-87.195,45.57],[-86.72,45.867],[-85.838,45.954],[-85.382,46.075],[-84.983,45.98],[-84.785,46.471],[-85.1,46.749],[-85.993,46.672],[-86.522,46.475],[-87.273,46.512],[-87.76,46.864],[-88.457,46.92],[-88.299,47.399],[-89.311,46.881],[-90.277,46.625],[-90.705,46.688],[-90.832,46.944],[-91.868,46.708],[-92.111,46.734],[-91.15,47.368],[-90.457,47.705],[-89.517,48.004],[-89.114,48.454],[-88.236,48.871],[-88.095,49.005],[-87.462,48.824],[-86.384,48.725],[-86.077,48.179],[-85.797,47.966],[-85.027,47.94],[-84.924,47.524],[-84.623,47.261],[-84.611,46.904],[-83.761,49.015],[-85.036,49.094],[-87.79,49.931],[-95.172,49.969],[-95.566,49.996],[-94.235,46.721],[-94.118,39.732],[-94.118,35.876],[-94.619,36.097],[-96.406,35.646],[-97.139,34.471],[-96.51,33.633],[-95.252,33.728],[-95.407,35.296],[-86.004,35.229],[-86.131,35.421],[-80.261,38.774]]]},"properties":{"BORDERPRECISION":1,"fid":164}},
{"type":"Feature","geometry":{"type":"Polygon","coordinates":[[[-109.725,36.411],[-103.384,37.343],[-103.004,33.145],[-102.568,33.178],[-102.568,38.88],[-109.049,38.88],[-118.842,38.88],[-115.77,35.522],[-109.725,36.411]]]},"properties":{"BORDERPRECISION":1,"fid":165}},
{"type":"Feature","geometry":{"type":"Polygon","coordinates":[[[-122.984,49.135],[-122.535,48.697],[-122.606,48.835],[-122.984,49.135]]]},"properties":{"BORDERPRECISION":1,"fid":167}},
{"type":"Feature","geometry":{"type":"Polygon","coordinates":[[[-123.699,49.525],[-123.531,49.513],[-123.212,49.625],[-123.699,49.525]]]},"properties":{"BORDERPRECISION":1,"fid":168}},
{"type":"Feature","geometry":{"type":"Polygon","coordinates":[[[-124.471,49.813],[-123.921,49.886],[-124.15,49.931],[-124.471,49.813]]]},"properties":{"BORDERPRECISION":1,"fid":169}},
{"type":"Feature","geometry":null,"properties":{"BORDERPRECISION":1,"fid":170}},
{"type":"Feature","geometry":{"type":"Polygon","coordinates":[[[-127.455,51.021],[-126.228,50.93],[-126.425,51.089],[-126.691,50.989],[-127.455,51.021]]]},"properties":{"BORDERPRECISION":1,"fid":171}},
{"type":"Feature","geometry":null,"properties":{"BORDERPRECISION":1,"fid":172}},
{"type":"Feature","geometry":{"type":"Polygon","coordinates":[[[-127.873,52.413],[-127.71,52.394],[-127.431,52.461],[-127.037,52.464],[-127.431,52.461],[-127.866,52.413],[-127.873,52.413]]]},"properties":{"BORDERPRECISION":1,"fid":173}},
{"type":"Feature","geometry":{"type":"Polygon","coordinates":[[[-138.751,62.425],[-132.435,62.497],[-124.936,64.835],[-118.198,62.713],[-111.284,58.553],[-102.144,57.214],[-93.825,56.863],[-92.711,56.831],[-92.483,56.977],[-92.523,57.687],[-93.074,58.551],[-93.364,58.702],[-94.415,58.714],[-94.684,58.878],[-94.8,59.514],[-94.753,59.95],[-94.376,60.795],[-93.874,61.343],[-93.325,61.541],[-93.423,61.858],[-92.894,62.126],[-98.734,65.629],[-128.367,66.877],[-143.608,68.65],[-150.415,61.309],[-150.138,61.244],[-144.174,63.334],[-138.751,62.425]]]},"properties":{"BORDERPRECISION":1,"fid":174}},
{"type":"Feature","geometry":{"type":"Polygon","coordinates":[[[-90.204,57.074],[-90,57.074],[-90,57.178],[-90.445,57.144],[-90.204,57.074]]]},"properties":{"BORDERPRECISION":1,"fid":175}},
{"type":"Feature","geometry":null,"properties":{"BORDERPRECISION":1,"fid":176}},
{"type":"Feature","geometry":{"type":"Polygon","coordinates":[[[-82.341,52.981],[-82.212,53.341],[-82.16,53.802],[-82.341,52.981]]]},"properties":{"BORDERPRECISION":1,"fid":177}},
{"type":"Feature","geometry":null,"properties":{"BORDERPRECISION":1,"fid":178}},
{"type":"Feature","geometry":null,"properties":{"BORDERPRECISION":1,"fid":179}},
{"type":"Feature","geometry":null,"properties":{"BORDERPRECISION":1,"fid":180}},
{"type":"Feature","geometry":null,"properties":{"BORDERPRECISION":1,"fid":181}},
{"type":"Feature","geometry":{"type":"Polygon","coordinates":[[[-62.277,55.587],[-62.366,55.586],[-64.287,57.794],[-64.597,58.15],[-66.46,57.577],[-68.214,57.037],[-68.833,57.34],[-74.524,60.123],[-75.051,56.718],[-75.37,54.662],[-79.545,54.692],[-79.399,54.276],[-78.801,53.963],[-79.035,53.742],[-78.742,52.744],[-74.197,52.927],[-71.033,55.196],[-65.643,55.263],[-62.889,54.725],[-62.742,54.648],[-62.277,55.587]]]},"properties":{"BORDERPRECISION":1,"fid":182}},
{"type":"Feature","geometry":null,"properties":{"BORDERPRECISION":1,"fid":183}},
{"type":"Feature","geometry":{"type":"Polygon","coordinates":[[[-130.176,54.172],[-130.004,53.938],[-129.434,53.518],[-128.814,53.764],[-129.434,53.518],[-130.004,53.938],[-130.176,54.172]]]},"properties":{"BORDERPRECISION":1,"fid":184}},
{"type":"Feature","geometry":null,"properties":{"BORDERPRECISION":1,"fid":185}},
{"type":"Feature","geometry":null,"properties":{"BORDERPRECISION":1,"fid":186}},
{"type":"Feature","geometry":{"type":"Polygon","coordinates":[[[28.141,-19.94],[12.906,-19.702],[12.929,-19.742],[13.804,-21.443],[14.415,-22.268],[14.533,-22.496],[14.577,-22.731],[14.396,-23.075],[14.668,-24.421],[14.909,-25.018],[14.843,-25.622],[14.947,-26.01],[15.153,-26.333],[15.13,-26.486],[15.076,-26.607],[15.292,-27.153],[15.454,-27.616],[15.66,-27.889],[16.53,-28.771],[16.788,-29.139],[17.354,-30.422],[17.904,-31.291],[18.179,-31.805],[18.336,-32.339],[18.232,-32.898],[17.928,-33.096],[18.073,-33.223],[18.459,-33.832],[18.346,-34.347],[18.724,-34.219],[18.84,-34.435],[19.279,-34.504],[19.321,-34.733],[19.884,-34.992],[20.256,-34.623],[20.847,-34.501],[21.669,-34.506],[21.997,-34.263],[22.682,-34.103],[23.189,-34.242],[23.499,-34.07],[24.085,-34.151],[24.43,-34.335],[24.693,-34.309],[24.929,-34.079],[25.516,-34.174],[25.619,-33.919],[26.659,-33.847],[26.963,-33.713],[27.656,-33.254],[28.922,-32.298],[29.832,-31.432],[30.391,-30.814],[31.297,-29.547],[31.563,-29.21],[32.235,-28.744],[32.393,-28.375],[32.345,-28.026],[32.609,-27.898],[32.767,-27.517],[32.916,-26.518],[32.896,-26.372],[32.5,-26.068],[32.945,-25.54],[33.347,-25.304],[34.585,-24.875],[35.198,-24.48],[35.501,-24.085],[35.297,-23.825],[35.425,-23.456],[35.531,-22.458],[35.261,-22.274],[34.994,-21.271],[35.033,-21.188],[35.023,-20.813],[34.673,-20.515],[34.719,-20.043],[33.471,-20.023],[33.401,-20.544],[33.395,-20.583],[33.395,-20.761],[33.36,-20.843],[33.058,-23.082],[31.372,-25.283],[30.413,-25.873],[29.382,-25.873],[28.644,-24.914],[28.092,-22.777],[28.018,-21.229],[28.141,-19.94]]]},"properties":{"NAME":"Khoiasan","SUBJECTO":"Khoiasan","PARTOF":"Khoiasan","ABBREVN":"Khoiasan","BORDERPRECISION":1,"fid":187}},
{"type":"Feature","geometry":{"type":"Polygon","coordinates":[[[-1.173,10.848],[-1.36,10.819],[-3.477,10.289],[-6.829,10.113],[-15.158,11.876],[-15.099,11.813],[-15.361,11.52],[-15.341,11.221],[-15.029,11.158],[-14.966,10.847],[-14.575,10.784],[-14.591,10.467],[-14.466,10.333],[-13.68,9.916],[-13.626,9.623],[-13.282,9.275],[-13.141,9.027],[-13.145,8.722],[-12.927,8.627],[-12.912,8.557],[-12.99,8.456],[-13.212,8.347],[-13.044,8.138],[-12.513,7.726],[-12.274,7.631],[-12.264,7.351],[-12.047,7.263],[-11.749,7.079],[-11.168,6.598],[-10.437,6.205],[-9.937,5.863],[-9.248,5.172],[-8.243,4.64],[-7.529,4.337],[-6.316,4.873],[-5.575,5.129],[-5,5.238],[-3.942,5.266],[-3.492,5.896],[-2.903,6.117],[-1.797,6.264],[-1.134,6.264],[-0.397,6.117],[0.536,5.72],[0.939,5.759],[1.176,6.084],[1.558,6.237],[2.617,6.341],[3.46,6.381],[3.949,6.579],[4.823,7.93],[4.247,7.665],[3.363,7.665],[2.625,7.812],[1.962,8.402],[1.962,8.844],[2.331,9.581],[3.215,9.876],[4.321,9.802],[4.849,9.489],[5.338,8.724],[6.879,8.643],[7.365,7.913],[7.365,6.94],[6.764,5.827],[12.605,7.732],[22.225,6.196],[33.93,2.844],[34.406,2.49],[43.415,2.515],[44.281,3.358],[46.449,4.08],[47.636,4.096],[48.472,5.201],[48.95,5.99],[49.046,6.416],[49.421,6.989],[49.823,7.695],[49.832,7.994],[50.211,8.351],[50.779,9.368],[50.853,9.597],[50.887,10.277],[51.13,10.71],[51.061,11.243],[51.247,11.657],[51.181,11.777],[50.697,11.948],[50.081,11.476],[49.304,11.246],[48.97,11.233],[48.534,11.333],[47.996,11.116],[47.391,11.159],[46.677,10.7],[46.43,10.668],[45.909,10.832],[45.646,10.762],[45.013,10.449],[44.281,10.396],[43.497,9.729],[42.465,9.507],[42.17,7.149],[40.106,6.854],[39.516,6.559],[38.319,6.496],[35.578,5.527],[33.022,6.865],[32.349,9.528],[32.847,10.105],[31.745,10.248],[31.268,10.646],[30.79,11.204],[30.6,11.116],[24.074,11.182],[23.2,11.775],[20.673,11.956],[18.628,10.169],[15.657,11.306],[14.713,12.507],[12.355,11.203],[10.727,11.291],[9.849,10.908],[9.009,10.952],[7.183,11.049],[4.666,11.513],[3.558,12.178],[3.692,13.077],[3.394,13.123],[2.745,12.474],[1.932,12.326],[1.602,12.485],[-0.64,11.224],[-1.173,10.848]]]},"properties":{"NAME":"West African cereal farmers","SUBJECTO":"West African cereal farmers","PARTOF":"West African cereal farmers","ABBREVN":"West African cereal farmers","BORDERPRECISION":1,"fid":188}},
{"type":"Feature","geometry":{"type":"MultiPolygon","coordinates":[[[[143.139,52.856],[142.675,53.54],[142.214,53.3],[141.767,53.272],[141.841,52.96],[141.811,52.628],[141.598,52.217],[141.643,51.813],[142.017,51.431],[142.112,51.22],[142.153,50.89],[142.049,49.355],[141.921,48.943],[141.74,48.807],[141.889,48.454],[141.978,48.285],[142.036,47.959],[141.732,47.471],[141.909,47.073],[141.623,46.558],[141.708,46.14],[141.898,45.915],[142.327,46.563],[142.615,46.713],[143.004,46.577],[143.303,46.011],[143.445,46.572],[142.993,46.954],[142.615,47.46],[142.49,47.902],[142.646,48.658],[142.854,49.128],[143.153,49.259],[143.598,49.234],[143.973,49.058],[144.54,48.753],[144.038,49.509],[143.633,50.235],[143.341,50.886],[143.074,51.268],[142.945,51.961],[143.143,52.511],[143.139,52.856]]],[[[148.493,45.27],[147.895,45.23],[147.112,44.794],[147.291,44.667],[147.623,44.897],[148.493,45.27]]],[[[155.471,50.108],[155.795,50.189],[156.153,50.525],[155.897,50.699],[155.471,50.108]]]]},"properties":{"NAME":"Ainus","SUBJECTO":"Ainus","PARTOF":"Ainus","ABBREVN":"Ainus","BORDERPRECISION":1,"fid":189}},
{"type":"Feature","geometry":{"type":"Polygon","coordinates":[[[41.31,43.557],[42.411,46.727],[42.524,47.051],[44.364,49.429],[43.673,50.86],[42.587,50.91],[40.026,49.08],[38.136,49.049],[37.699,48.935],[37.502,48.441],[36.07,47.898],[32.094,46.927],[31.926,46.41],[32.202,46.17],[32.516,46.126],[33.333,46.166],[33.639,45.927],[32.902,45.673],[32.503,45.445],[33.398,45.253],[33.559,44.936],[33.395,44.6],[33.776,44.367],[34.138,44.429],[34.614,44.841],[35.067,44.862],[35.387,45.082],[35.865,45.031],[36.265,45.097],[36.521,45.388],[35.85,45.445],[35.063,45.34],[35.008,45.612],[33.839,46.193],[34.064,46.265],[34.907,46.273],[35.336,46.34],[35.851,46.664],[37.193,46.894],[37.422,47.077],[39.16,47.269],[39.282,47.074],[38.401,46.721],[37.867,46.655],[37.97,46.441],[38.459,46.079],[37.99,46.007],[37.661,45.345],[36.96,45.227],[37.474,44.692],[37.88,44.719],[38.109,44.494],[38.924,44.212],[40.252,43.268],[41.123,43.019],[41.31,43.557]]]},"properties":{"NAME":"Crimean Khanate","SUBJECTO":"Ottoman Empire","PARTOF":"Ottoman Empire","ABBREVN":"Crimean Khanate","BORDERPRECISION":1,"fid":190}},
{"type":"Feature","geometry":{"type":"Polygon","coordinates":[[[-1.752,48.178],[-1.999,48.677],[-2.791,48.59],[-3.091,48.872],[-4.762,48.552],[-4.35,48.391],[-4.364,47.829],[-3.955,47.904],[-3.063,47.604],[-2.576,47.325],[-2.01,47.746],[-1.752,48.178]]]},"properties":{"NAME":"Britany","SUBJECTO":"Britany","PARTOF":"Britany","ABBREVN":"Britany","BORDERPRECISION":1,"fid":191}},
{"type":"Feature","geometry":{"type":"Polygon","coordinates":[[[-8.314,33.338],[-8.64,33.122],[-9.219,32.58],[-9.318,31.964],[-9.813,31.289],[-9.817,30.755],[-9.625,30.406],[-9.663,29.955],[-9.87,29.643],[-10.339,29.146],[-11.576,28.229],[-12.091,28.024],[-12.866,27.857],[-13.06,27.673],[-13.466,26.814],[-13.629,26.591],[-14.367,26.119],[-14.66,25.636],[-14.797,25.146],[-14.82,24.733],[-14.975,24.51],[-15.714,23.873],[-16.353,22.493],[-16.806,21.99],[-16.984,21.595],[-17.052,21.004],[-16.711,20.89],[-16.347,20.523],[-16.24,20.122],[-16.27,19.684],[-16.472,19.366],[-16.191,19.03],[-16.056,18.674],[-12.042,18.426],[-9.094,18.647],[-7.104,18.426],[-5.903,17.795],[-3.64,19.016],[-1.576,19.384],[-0.397,18.942],[1.192,17.056],[3.41,14.1],[3.558,13.287],[3.394,13.123],[3.692,13.077],[3.779,13.656],[6.957,14.247],[8.301,14.52],[9.112,14.52],[10.07,14.225],[10.807,14.593],[11.765,16.215],[11.986,20.343],[12.429,21.006],[13.313,20.973],[15.008,15.036],[15.819,14.298],[15.819,13.119],[14.713,12.507],[15.657,11.306],[18.628,10.169],[20.673,11.956],[23.2,11.775],[24.074,11.182],[30.6,11.116],[30.79,11.204],[31.268,10.646],[31.745,10.248],[32.847,10.105],[32.349,9.528],[33.022,6.865],[35.578,5.527],[38.319,6.496],[38.116,6.485],[35.978,7.444],[35.61,8.107],[35.463,9.581],[35.61,12.235],[36.421,14.888],[37.453,15.404],[38.19,15.625],[38.853,15.625],[39.443,14.962],[41.138,13.856],[41.433,12.751],[41.212,11.866],[40.696,11.276],[40.917,10.908],[41.507,10.76],[41.654,11.35],[42.81,11.778],[43.475,12.098],[43.33,12.434],[42.636,13.093],[42.355,13.271],[42.357,13.468],[42.079,13.861],[41.761,13.886],[40.739,14.919],[40.39,14.906],[40.037,15.388],[39.796,15.089],[39.518,15.463],[39.208,16.327],[39.009,17.057],[38.686,18.003],[38.527,18.161],[37.431,17.702],[36.45,18.07],[35.96,19.418],[36.695,20.398],[37.165,20.764],[37.128,21.227],[36.66,22.167],[36.29,22.572],[35.746,22.914],[35.576,23.232],[35.468,23.721],[35.725,23.912],[35.19,24.4],[32.514,23.733],[30.819,23.659],[29.345,24.028],[27.428,27.197],[25.438,28.008],[21.679,28.082],[17.002,28.751],[12.533,30.805],[7.892,32.593],[6.503,32.733],[5.681,32.815],[2.453,32.669],[-1.081,32.454],[-1.802,32.427],[-2.872,32.288],[-4.051,32.288],[-4.888,32.402],[-8.314,33.338]],[[33.694,16.436],[34.209,15.699],[34.578,13.561],[34.578,12.751],[33.62,10.982],[32.367,10.982],[31.777,12.382],[31.851,14.888],[32.146,16.289],[31.703,16.51],[31.63,17.394],[31.925,17.763],[33.03,18.279],[33.915,17.984],[34.209,17.247],[33.694,16.436]]]},"properties":{"BORDERPRECISION":1,"fid":192}},
{"type":"Feature","geometry":{"type":"Polygon","coordinates":[[[44.301,1.291],[45.541,1.967],[46.361,2.668],[47.636,4.096],[46.449,4.08],[44.281,3.358],[43.415,2.515],[39.417,-1.375],[42.786,1.32],[44.301,1.291]]]},"properties":{"BORDERPRECISION":1,"fid":193}},
{"type":"Feature","geometry":{"type":"Polygon","coordinates":[[[40.4,-11.23],[40.311,-11.345],[40.393,-11.548],[40.527,-12.584],[40.366,-12.991],[40.527,-12.584],[40.393,-11.548],[40.4,-11.23]]]},"properties":{"BORDERPRECISION":1,"fid":194}},
{"type":"Feature","geometry":{"type":"Polygon","coordinates":[[[40.618,-14.484],[40.603,-13.531],[40.599,-14.401],[40.618,-14.484]]]},"properties":{"BORDERPRECISION":1,"fid":195}},
{"type":"Feature","geometry":null,"properties":{"BORDERPRECISION":1,"fid":196}},
{"type":"Feature","geometry":{"type":"Polygon","coordinates":[[[34.673,-20.515],[34.71,-20.293],[34.726,-19.86],[34.847,-19.803],[35.915,-19.032],[36.314,-18.649],[36.892,-18],[37.275,-17.713],[38.859,-17.055],[39.471,-16.717],[39.795,-16.424],[40.574,-15.482],[39.795,-16.424],[39.471,-16.717],[38.859,-17.055],[37.275,-17.713],[36.892,-18],[36.314,-18.649],[35.915,-19.032],[34.847,-19.803],[34.726,-19.86],[34.719,-20.043],[34.673,-20.515]]]},"properties":{"BORDERPRECISION":1,"fid":197}},
{"type":"Feature","geometry":{"type":"Polygon","coordinates":[[[12.906,-19.702],[12.524,-19.062],[12.08,-18.491],[12.524,-19.062],[12.929,-19.742],[13.804,-21.443],[14.415,-22.268],[14.533,-22.496],[14.415,-22.268],[13.804,-21.443],[12.929,-19.742],[12.906,-19.702]]]},"properties":{"BORDERPRECISION":1,"fid":200}},
{"type":"Feature","geometry":null,"properties":{"BORDERPRECISION":1,"fid":201}},
{"type":"Feature","geometry":null,"properties":{"BORDERPRECISION":1,"fid":202}},
{"type":"Feature","geometry":null,"properties":{"BORDERPRECISION":1,"fid":203}},
{"type":"Feature","geometry":{"type":"Polygon","coordinates":[[[9.656,-2.419],[10.06,-2.571],[9.894,-2.444],[9.656,-2.419]]]},"properties":{"BORDERPRECISION":1,"fid":204}},
{"type":"Feature","geometry":null,"properties":{"BORDERPRECISION":1,"fid":205}},
{"type":"Feature","geometry":null,"properties":{"BORDERPRECISION":1,"fid":206}},
{"type":"Feature","geometry":null,"properties":{"BORDERPRECISION":1,"fid":207}},
{"type":"Feature","geometry":null,"properties":{"BORDERPRECISION":1,"fid":208}},
{"type":"Feature","geometry":null,"properties":{"BORDERPRECISION":1,"fid":209}},
{"type":"Feature","geometry":null,"properties":{"BORDERPRECISION":1,"fid":210}},
{"type":"Feature","geometry":{"type":"MultiPolygon","coordinates":[]},"properties":{"BORDERPRECISION":1,"fid":211}},
{"type":"Feature","geometry":null,"properties":{"BORDERPRECISION":1,"fid":212}},
{"type":"Feature","geometry":{"type":"Polygon","coordinates":[[[17.928,-33.096],[18.459,-33.832],[18.073,-33.223],[17.928,-33.096]]]},"properties":{"BORDERPRECISION":1,"fid":213}},
{"type":"Feature","geometry":null,"properties":{"BORDERPRECISION":1,"fid":214}},
{"type":"Feature","geometry":null,"properties":{"BORDERPRECISION":1,"fid":215}},
{"type":"Feature","geometry":null,"properties":{"BORDERPRECISION":1,"fid":216}},
{"type":"Feature","geometry":null,"properties":{"BORDERPRECISION":1,"fid":217}},
{"type":"Feature","geometry":null,"properties":{"BORDERPRECISION":1,"fid":218}},
{"type":"Feature","geometry":null,"properties":{"BORDERPRECISION":1,"fid":219}},
{"type":"Feature","geometry":null,"properties":{"BORDERPRECISION":1,"fid":220}},
{"type":"Feature","geometry":{"type":"Polygon","coordinates":[[[33.36,-20.843],[33.395,-20.761],[33.395,-20.583],[33.36,-20.843]]]},"properties":{"BORDERPRECISION":1,"fid":221}},
{"type":"Feature","geometry":null,"properties":{"BORDERPRECISION":1,"fid":222}},
{"type":"Feature","geometry":{"type":"MultiPolygon","coordinates":[]},"properties":{"BORDERPRECISION":1,"fid":223}},
{"type":"Feature","geometry":{"type":"Polygon","coordinates":[[[-3.942,5.266],[-5,5.238],[-5.575,5.129],[-6.316,4.873],[-7.529,4.337],[-8.243,4.64],[-9.248,5.172],[-9.937,5.863],[-10.437,6.205],[-11.168,6.598],[-11.749,7.079],[-12.047,7.263],[-11.749,7.079],[-11.168,6.598],[-10.437,6.205],[-9.937,5.863],[-9.248,5.172],[-8.243,4.64],[-7.529,4.337],[-6.316,4.873],[-5.575,5.129],[-5,5.238],[-3.942,5.266]]]},"properties":{"BORDERPRECISION":1,"fid":224}},
{"type":"Feature","geometry":null,"properties":{"BORDERPRECISION":1,"fid":225}},
{"type":"Feature","geometry":null,"properties":{"BORDERPRECISION":1,"fid":226}},
{"type":"Feature","geometry":null,"properties":{"BORDERPRECISION":1,"fid":227}},
{"type":"Feature","geometry":{"type":"Polygon","coordinates":[[[-14.466,10.333],[-14.058,10.08],[-13.68,9.916],[-14.466,10.333]]]},"properties":{"BORDERPRECISION":1,"fid":228}},
{"type":"Feature","geometry":{"type":"Polygon","coordinates":[[[-14.966,10.847],[-14.821,10.803],[-14.575,10.784],[-14.966,10.847]]]},"properties":{"BORDERPRECISION":1,"fid":229}},
{"type":"Feature","geometry":{"type":"Polygon","coordinates":[[[-15.341,11.221],[-15.116,11.158],[-15.029,11.158],[-15.341,11.221]]]},"properties":{"BORDERPRECISION":1,"fid":230}},
{"type":"Feature","geometry":{"type":"Polygon","coordinates":[[[-16.571,12.312],[-16.425,12.248],[-16.279,12.21],[-16.571,12.312]]]},"properties":{"BORDERPRECISION":1,"fid":231}},
{"type":"Feature","geometry":{"type":"Polygon","coordinates":[[[13.084,-9.287],[13.418,-9.986],[13.639,-10.303],[13.73,-10.544],[13.816,-10.976],[13.813,-11.656],[13.649,-12.197],[13.339,-12.649],[13.051,-12.751],[12.848,-13.164],[12.585,-13.464],[12.333,-14.316],[12.251,-14.945],[12.06,-15.594],[11.782,-15.868],[11.803,-16.522],[11.775,-17.596],[11.85,-18.022],[12.08,-18.491],[12.524,-19.062],[12.906,-19.702],[28.141,-19.94],[28.165,-19.681],[28.902,-18.207],[30.082,-16.364],[31.63,-16.069],[32.956,-16.069],[33.356,-16.539],[33.657,-18.649],[33.471,-20.023],[34.719,-20.043],[34.726,-19.86],[34.847,-19.803],[35.915,-19.032],[36.314,-18.649],[36.892,-18],[37.275,-17.713],[38.859,-17.055],[39.471,-16.717],[39.795,-16.424],[40.574,-15.482],[40.527,-15.183],[40.781,-14.922],[40.855,-14.699],[40.618,-14.484],[40.599,-14.401],[40.603,-13.531],[40.366,-12.991],[40.527,-12.584],[40.393,-11.548],[40.311,-11.345],[40.4,-11.23],[39.248,-11.145],[38.238,-9.292],[37.732,-4.575],[39.417,-1.375],[43.415,2.515],[34.406,2.49],[33.93,2.844],[22.225,6.196],[12.605,7.732],[6.764,5.827],[6.089,4.328],[6.844,4.292],[7.046,4.508],[7.449,4.407],[8.14,4.466],[8.299,4.555],[8.263,4.746],[8.328,4.841],[8.925,4.525],[9.032,4.138],[9.284,4.017],[9.651,4.018],[9.78,3.853],[9.586,3.675],[9.765,3.383],[9.851,3.148],[9.923,2.824],[9.801,2.379],[9.851,1.877],[9.37,1.171],[9.557,1.127],[9.622,1.089],[9.644,0.955],[9.566,0.612],[9.602,0.332],[9.854,0.174],[9.883,0.079],[9.473,0.116],[9.203,-0.634],[8.815,-0.896],[8.981,-1.099],[9.112,-1.353],[9.465,-1.593],[9.243,-1.772],[9.656,-2.419],[9.894,-2.444],[10.06,-2.571],[9.931,-2.711],[10.525,-3.237],[10.641,-3.446],[11.773,-4.537],[12.227,-5.362],[12.194,-5.775],[12.372,-6.258],[12.801,-5.956],[13.215,-6.133],[13.274,-5.778],[14.103,-4.949],[14.576,-4.772],[15.05,-6.015],[14.99,-7.198],[14.872,-7.376],[14.399,-7.198],[14.103,-7.376],[14.09,-7.706],[14.325,-8.234],[14.267,-8.939],[14.329,-9.368],[13.084,-9.287]],[[16.196,-9.121],[16.591,-9.46],[16.591,-9.883],[16.196,-10.194],[15.659,-10.194],[15.236,-9.883],[15.321,-9.347],[15.518,-9.178],[16.196,-9.121]]]},"properties":{"NAME":"Bantou","SUBJECTO":"Bantou","PARTOF":"Bantou","ABBREVN":"Bantou","BORDERPRECISION":1,"fid":233}},
{"type":"Feature","geometry":{"type":"Polygon","coordinates":[[[-4.153,53.226],[-4.277,53.398],[-4.567,53.273],[-4.351,53.124],[-4.153,53.226]]]},"properties":{"BORDERPRECISION":1,"fid":234}},
{"type":"Feature","geometry":{"type":"Polygon","coordinates":[[[-5.104,55.439],[-5.155,55.673],[-5.4,55.601],[-5.104,55.439]]]},"properties":{"BORDERPRECISION":1,"fid":235}},
{"type":"Feature","geometry":{"type":"Polygon","coordinates":[[[-6.122,55.879],[-6.327,55.589],[-6.025,55.681],[-6.122,55.879]]]},"properties":{"BORDERPRECISION":1,"fid":236}},
{"type":"Feature","geometry":{"type":"Polygon","coordinates":[[[-5.947,55.83],[-5.746,56.064],[-5.968,56.024],[-6.079,55.906],[-5.947,55.83]]]},"properties":{"BORDERPRECISION":1,"fid":237}},
{"type":"Feature","geometry":{"type":"Polygon","coordinates":[[[-7.467,56.941],[-7.376,56.979],[-7.446,57.056],[-7.554,56.966],[-7.467,56.941]]]},"properties":{"BORDERPRECISION":1,"fid":238}},
{"type":"Feature","geometry":{"type":"Polygon","coordinates":[[[-7.223,57.337],[-7.425,57.382],[-7.381,57.109],[-7.23,57.095],[-7.223,57.337]]]},"properties":{"BORDERPRECISION":1,"fid":239}},
{"type":"Feature","geometry":{"type":"Polygon","coordinates":[[[-7.269,57.399],[-7.205,57.461],[-7.351,57.489],[-7.388,57.424],[-7.269,57.399]]]},"properties":{"BORDERPRECISION":1,"fid":240}},
{"type":"Feature","geometry":{"type":"Polygon","coordinates":[[[-7.189,57.687],[-7.477,57.562],[-7.154,57.509],[-7.189,57.687]]]},"properties":{"BORDERPRECISION":1,"fid":241}},
{"type":"Feature","geometry":{"type":"Polygon","coordinates":[[[-7.006,57.881],[-6.994,57.919],[-7.074,57.896],[-7.006,57.881]]]},"properties":{"BORDERPRECISION":1,"fid":242}},
{"type":"Feature","geometry":{"type":"Polygon","coordinates":[[[-6.204,58.356],[-7.032,58.238],[-6.961,57.727],[-6.474,57.94],[-6.204,58.356]]]},"properties":{"BORDERPRECISION":1,"fid":244}},
{"type":"Feature","geometry":{"type":"Polygon","coordinates":[[[-4.778,54.056],[-4.394,54.186],[-4.527,54.367],[-4.778,54.056]]]},"properties":{"BORDERPRECISION":1,"fid":245}},
{"type":"Feature","geometry":{"type":"Polygon","coordinates":[[[129.716,28.451],[129.158,28.235],[129.369,28.116],[129.716,28.451]]]},"properties":{"BORDERPRECISION":1,"fid":246}},
{"type":"Feature","geometry":{"type":"Polygon","coordinates":[[[129.963,29.957],[129.942,30],[129.924,29.984],[129.963,29.957]]]},"properties":{"BORDERPRECISION":1,"fid":247}},
{"type":"Feature","geometry":{"type":"Polygon","coordinates":[[[129.896,29.874],[129.877,29.831],[129.923,29.825],[129.896,29.874]]]},"properties":{"BORDERPRECISION":1,"fid":248}},
{"type":"Feature","geometry":{"type":"Polygon","coordinates":[[[130.906,30.355],[131.074,30.689],[130.945,30.683],[130.906,30.355]]]},"properties":{"BORDERPRECISION":1,"fid":249}},
{"type":"Feature","geometry":{"type":"Polygon","coordinates":[[[130.559,30.236],[130.672,30.373],[130.511,30.459],[130.387,30.397],[130.559,30.236]]]},"properties":{"BORDERPRECISION":1,"fid":250}},
{"type":"Feature","geometry":{"type":"Polygon","coordinates":[[[120.674,24.551],[120.666,24.533],[120.643,24.479],[120.559,24.385],[120.427,24.15],[120.116,23.631],[120.148,23.327],[120.049,23.061],[120.329,22.519],[120.573,22.366],[120.675,22.182],[120.693,22.104],[120.686,22.054],[120.696,21.971],[120.698,21.946],[120.882,22.039],[120.879,22.341],[121.168,22.762],[121.453,23.327],[121.605,24.081],[121.84,24.476],[121.817,24.848],[121.999,25.011],[121.735,25.139],[121.385,25.157],[121.002,25.002],[120.698,24.601],[120.695,24.596],[120.674,24.551]]]},"properties":{"BORDERPRECISION":1,"fid":251}},
{"type":"Feature","geometry":{"type":"Polygon","coordinates":[[[128.901,32.643],[128.649,32.778],[128.61,32.612],[128.901,32.643]]]},"properties":{"BORDERPRECISION":1,"fid":252}},
{"type":"Feature","geometry":{"type":"MultiPolygon","coordinates":[[[[128.978,35.089],[128.979,35.085],[129.137,35.112],[129.439,35.476],[129.584,35.989],[129.387,36.036],[129.475,36.774],[129.342,37.257],[128.641,38.117],[128.532,38.331],[128.28,38.43],[128.27,38.42],[128.451,38.255],[129.129,37.308],[129.25,37.009],[129.178,35.959],[129.467,35.927],[129.06,35.17],[128.978,35.089]]],[[[128.32,34.948],[128.329,34.949],[128.336,34.871],[128.452,34.846],[128.477,35.054],[128.416,35.032],[128.405,35.018],[128.396,35.011],[128.391,35.008],[128.38,35.005],[128.32,34.948]]],[[[127.226,34.711],[127.274,34.727],[127.329,34.743],[127.353,34.693],[127.242,34.569],[127.315,34.444],[127.554,34.656],[127.748,34.727],[127.774,34.844],[127.639,34.814],[127.611,34.841],[127.605,34.849],[127.577,34.886],[127.359,34.804],[127.226,34.711]]],[[[126.834,34.435],[126.889,34.412],[126.897,34.449],[126.986,34.526],[126.989,34.538],[126.992,34.546],[126.834,34.435]]],[[[126.501,34.331],[126.525,34.316],[126.556,34.301],[126.6,34.3],[126.671,34.414],[126.617,34.409],[126.501,34.331]]],[[[126.525,35.669],[126.479,35.64],[126.488,35.584],[126.521,35.577],[126.525,35.579],[126.525,35.669]]],[[[126.312,36.929],[126.309,36.942],[126.304,36.962],[126.286,36.96],[126.184,36.878],[126.186,36.864],[126.255,36.907],[126.312,36.929]]],[[[126.797,36.944],[126.781,36.964],[126.761,36.97],[126.499,37.05],[126.449,36.991],[126.335,36.986],[126.345,36.957],[126.353,36.949],[126.357,36.946],[126.391,36.959],[126.685,36.838],[126.797,36.944]]],[[[126.767,37.097],[126.754,37.054],[126.753,37.049],[126.756,37.044],[126.793,37.013],[126.786,37.074],[126.767,37.097]]],[[[126.659,37.222],[126.661,37.162],[126.661,37.156],[126.723,37.132],[126.73,37.139],[126.659,37.222]]],[[[126.622,33.24],[126.793,33.551],[126.317,33.453],[126.622,33.24]]]]},"properties":{"BORDERPRECISION":1,"fid":253}},
{"type":"Feature","geometry":{"type":"Polygon","coordinates":[[[123.871,24.252],[123.922,24.371],[123.767,24.414],[123.679,24.316],[123.871,24.252]]]},"properties":{"BORDERPRECISION":1,"fid":254}},
{"type":"Feature","geometry":{"type":"Polygon","coordinates":[[[125.356,24.777],[125.262,24.879],[125.252,24.738],[125.356,24.777]]]},"properties":{"BORDERPRECISION":1,"fid":255}},
{"type":"Feature","geometry":{"type":"Polygon","coordinates":[[[124.262,24.457],[124.078,24.42],[124.122,24.345],[124.23,24.338],[124.262,24.457]]]},"properties":{"BORDERPRECISION":1,"fid":256}},
{"type":"Feature","geometry":{"type":"Polygon","coordinates":[[[128.253,26.639],[128.247,26.84],[127.959,26.544],[128.253,26.639]]]},"properties":{"BORDERPRECISION":1,"fid":257}},
{"type":"Feature","geometry":{"type":"Polygon","coordinates":[[[126.762,26.387],[126.702,26.349],[126.781,26.298],[126.81,26.347],[126.762,26.387]]]},"properties":{"BORDERPRECISION":1,"fid":258}},
{"type":"Feature","geometry":{"type":"Polygon","coordinates":[[[128.951,27.676],[129.03,27.774],[128.899,27.898],[128.897,27.726],[128.951,27.676]]]},"properties":{"BORDERPRECISION":1,"fid":259}},
{"type":"Feature","geometry":{"type":"Polygon","coordinates":[[[128.609,27.359],[128.696,27.449],[128.524,27.414],[128.609,27.359]]]},"properties":{"BORDERPRECISION":1,"fid":260}},
{"type":"Feature","geometry":{"type":"Polygon","coordinates":[[[129.992,28.282],[130.032,28.353],[129.943,28.322],[129.992,28.282]]]},"properties":{"BORDERPRECISION":1,"fid":261}},
{"type":"Feature","geometry":{"type":"Polygon","coordinates":[[[129.336,28.075],[129.34,28.111],[129.224,28.184],[129.219,28.098],[129.336,28.075]]]},"properties":{"BORDERPRECISION":1,"fid":262}},
{"type":"Feature","geometry":{"type":"Polygon","coordinates":[[[129.733,29.61],[129.753,29.648],[129.71,29.652],[129.733,29.61]]]},"properties":{"BORDERPRECISION":1,"fid":263}},
{"type":"Feature","geometry":null,"properties":{"BORDERPRECISION":1,"fid":264}},
{"type":"Feature","geometry":{"type":"MultiPolygon","coordinates":[[[[11.179,59.07],[11.14,58.851],[11.407,58.331],[11.614,58.247],[11.802,58.178],[11.736,57.698],[11.877,57.325],[12.289,56.88],[12.872,56.512],[12.513,56.121],[12.986,55.667],[12.802,55.353],[13.302,55.301],[13.823,55.422],[14.117,55.347],[14.126,55.667],[14.653,56.121],[15.771,56.033],[16.031,56.353],[16.063,56.396],[16.376,56.822],[16.659,57.443],[16.477,57.702],[16.725,57.889],[16.744,58.312],[16.443,58.634],[17.081,58.65],[17.582,58.893],[17.94,58.908],[18.273,59.287],[17.358,59.245],[17.071,59.546],[18.03,59.359],[18.639,59.567],[19.037,59.863],[18.804,60.108],[18.417,60.182],[17.931,60.59],[17.706,60.554],[17.146,60.953],[17.065,61.538],[17.387,61.658],[17.497,62.088],[18.487,62.981],[19.67,63.389],[20.701,63.818],[21.386,64.385],[20.921,64.714],[21.489,65.017],[21.277,65.212],[21.957,65.446],[22.646,65.935],[23.204,65.681],[24.215,65.786],[25.252,65.417],[24.932,64.816],[24.47,64.636],[22.826,63.581],[22.476,63.602],[22.292,63.203],[21.495,63.123],[21.481,62.889],[21.034,62.477],[21.338,62.344],[21.211,61.871],[21.561,61.485],[21.427,61.015],[21.56,60.512],[22.625,60.201],[23.201,59.818],[23.665,59.836],[24.969,60.087],[25.581,60.262],[26.922,60.316],[28.522,60.623],[28.435,60.337],[28.969,60.109],[29.687,60.131],[30.127,59.806],[29.765,59.736],[29.076,59.908],[28.796,59.672],[28.444,59.734],[27.702,59.298],[27.661,58.938],[27.771,58.891],[28.266,59.087],[29.886,59.11],[30.228,58.838],[30.661,59.253],[31.654,59.526],[31.606,60.134],[30.929,61.1],[30.179,61.373],[29.727,61.848],[31.06,62.307],[31.395,62.543],[32.267,62.662],[32.223,62.848],[31.284,62.959],[31.181,63.33],[30.434,63.416],[30.445,63.715],[30.869,64.162],[30.065,64.56],[30.397,65.159],[30.407,65.79],[31.155,65.914],[30.789,66.23],[30.867,66.751],[31.116,67.067],[30.469,67.486],[27.098,66.834],[26.479,65.572],[25.626,66.7],[21.879,66.967],[18.534,66.432],[18.4,67.235],[18.959,68.294],[19.58,69.181],[18.985,69.315],[17.566,68.974],[16.855,68.558],[17.126,68.416],[16.522,68.341],[16.649,68.046],[16.071,68.045],[15.762,67.676],[14.976,67.523],[14.616,67.245],[14.778,67.217],[13.747,66.922],[13.992,66.687],[13.383,66.679],[13.255,66.393],[13.581,66.188],[12.709,65.909],[12.496,65.384],[11.407,64.617],[11.508,64.517],[10.997,64.494],[10.066,64.056],[9.832,63.684],[9.441,63.498],[8.606,63.325],[7.989,62.94],[7.088,62.91],[7.102,62.705],[7.547,62.599],[7.289,62.486],[6.613,62.583],[6.533,62.336],[6.053,62.335],[5.565,62.15],[5.528,61.933],[5.834,61.819],[5.149,61.741],[5.12,61.137],[5.387,61.026],[5.109,60.906],[5.075,60.592],[5.551,60.509],[5.096,60.264],[5.279,60.125],[5.894,60.161],[5.694,59.753],[6.185,59.824],[5.741,59.628],[5.419,59.515],[5.177,59.307],[5.35,59.39],[5.529,59.266],[5.683,59.414],[5.8,59.432],[6.113,59.527],[6.02,59.254],[6.238,59.284],[5.822,59.017],[6.266,58.993],[6.094,58.798],[5.666,58.822],[5.531,58.881],[5.615,58.455],[6.652,58.172],[6.644,58.042],[6.959,57.972],[8.154,58.09],[9.146,58.656],[9.346,58.845],[9.698,58.999],[10.172,58.987],[10.363,59.213],[10.379,59.367],[10.634,59.45],[10.657,59.224],[11.179,59.07]]],[[[8.56,55.356],[8.596,54.761],[8.742,54.608],[8.951,54.419],[8.884,54.229],[9.441,54.247],[9.449,54.189],[9.674,54.189],[9.739,54.276],[9.885,54.254],[10.142,54.337],[10.065,54.434],[9.865,54.411],[9.978,54.49],[9.864,54.726],[9.421,54.976],[9.704,55.483],[10.153,55.084],[10.74,55.067],[10.835,55.294],[10.31,55.617],[9.69,55.605],[10.147,55.765],[10.175,56.076],[10.751,56.097],[10.826,56.443],[10.23,56.605],[10.216,56.85],[9.37,56.882],[9.312,56.481],[8.869,56.616],[8.675,56.358],[8.183,56.431],[8.117,56.092],[8.317,55.849],[8.035,55.476],[8.214,55.399],[8.56,55.356]]],[[[10.463,57.242],[10.401,57.506],[9.849,57.582],[9.302,57.166],[8.359,57.023],[8.368,56.667],[8.666,56.7],[8.847,56.986],[10.257,57.006],[10.463,57.242]]],[[[12.301,55.17],[12.158,55.379],[12.469,55.711],[12.444,55.968],[11.568,55.885],[11.102,55.634],[11.23,55.337],[11.585,55.162],[11.97,54.954],[12.301,55.17]]],[[[-21.729,65.182],[-21.978,64.95],[-23.611,64.746],[-23.508,64.559],[-22.279,64.619],[-22.086,64.44],[-21.488,64.376],[-22.373,63.773],[-20.404,63.698],[-19.827,63.478],[-18.642,63.324],[-17.944,63.425],[-17.591,63.689],[-16.534,63.784],[-15.634,64.057],[-15.267,64.28],[-14.821,64.195],[-14.366,64.476],[-14.348,64.67],[-13.694,64.779],[-13.526,65.183],[-13.647,65.495],[-14.754,65.697],[-14.641,65.945],[-15.574,66.207],[-15.86,66.419],[-16.385,66.454],[-16.376,66.132],[-16.922,65.978],[-18.022,66.078],[-17.861,65.837],[-18.676,66.091],[-19.275,65.929],[-19.156,65.725],[-20.217,66.001],[-20.168,65.556],[-21.08,65.205],[-21.495,65.568],[-21.296,65.699],[-21.443,66.13],[-22.676,66.391],[-22.56,66.113],[-22.474,65.996],[-23.426,65.827],[-23.267,65.725],[-23.973,65.687],[-24.147,65.439],[-23.678,65.317],[-22.814,65.471],[-21.955,65.378],[-21.729,65.182]]],[[[-42.824,60.802],[-43.037,61.292],[-42.478,61.307],[-42.271,62.194],[-43.226,62.681],[-41.834,62.691],[-41.916,63.124],[-41.434,63.039],[-40.516,63.782],[-41.484,64.274],[-40.472,64.348],[-40.484,64.685],[-41.06,65.037],[-39.898,64.953],[-39.686,65.171],[-39.992,65.533],[-38.467,65.645],[-37.937,66.004],[-38.042,66.399],[-37.155,66.32],[-37.579,65.545],[-37.048,65.743],[-36.324,65.722],[-35.972,65.847],[-35.708,66.352],[-35.248,66.229],[-34.433,66.384],[-32.956,67.641],[-32.037,67.985],[-31.355,68.046],[-30.305,67.98],[-29.994,68.391],[-29.4,68.228],[-27.959,68.477],[-26.964,68.502],[-26.362,68.66],[-25.324,69.09],[-24.897,69.392],[-24.333,69.333],[-22.732,69.774],[-22.158,70.056],[-23.587,70.084],[-24.585,70.304],[-26.252,70.178],[-27.475,70.207],[-28.384,70.458],[-28.084,70.897],[-27.606,71.068],[-26.329,71.132],[-25.695,71.273],[-25.291,71.569],[-24.386,71.183],[-23.754,70.59],[-23.084,70.468],[-21.471,70.532],[-21.726,71.405],[-22.431,71.341],[-22.818,71.87],[-23.92,72.188],[-25.073,72.634],[-25.778,72.609],[-27.357,72.859],[-27.441,73.287],[-26.827,73.408],[-25.763,73.354],[-24.076,73.756],[-22.82,73.327],[-21.709,73.274],[-20.33,73.42],[-20.354,73.811],[-22.029,74.104],[-21.762,74.305],[-19.716,74.213],[-19.051,74.335],[-19.071,74.609],[-20.616,74.954],[-20.679,75.308],[-19.562,75.228],[-19.194,75.444],[-19.57,76.11],[-21.217,76.267],[-22.378,76.636],[-21.183,76.697],[-19.978,76.946],[-18.057,76.805],[-18.253,77.3],[-19.064,77.239],[-20.105,77.382],[-19.177,77.824],[-20.777,77.969],[-21.768,77.767],[-20.879,78.818],[-19.763,78.873],[-19.481,79.46],[-18.102,79.669],[-17.769,79.967],[-20.267,79.999],[-19.045,80.426],[-16.441,80.451],[-14.202,81.21],[-12.644,81.386],[-12.705,81.621],[-14.253,81.835],[-16.465,81.904],[-17.963,81.518],[-19.317,81.597],[-21.182,81.287],[-23.339,80.623],[-24.11,80.769],[-22.053,81.54],[-22.948,81.9],[-24.877,81.595],[-25.975,81.831],[-30.651,81.811],[-32.598,81.974],[-31.135,82.198],[-28.391,82.31],[-25.457,82.221],[-22.59,82.419],[-22.432,82.743],[-25.324,83],[-26.421,83.342],[-32.513,83.577],[-34.427,83.403],[-36.487,83.511],[-38.587,83.382],[-38.587,82.828],[-41.881,83.263],[-45.213,82.967],[-43.955,82.491],[-44.323,81.823],[-45.525,81.821],[-49.648,82.478],[-50.905,82.368],[-49.846,81.811],[-54.575,82.328],[-58.133,82.013],[-57.074,81.548],[-60.039,81.883],[-61.122,81.798],[-61.112,81.182],[-63.725,81.086],[-67.143,80.562],[-67.41,80.211],[-64.623,79.949],[-65.164,79.31],[-58.83,78.238],[-52.059,74.705],[-51.82,74.213],[-55.988,73.921],[-55.353,73.346],[-54.73,73.038],[-54.626,72.721],[-55.366,72.728],[-55.298,72.161],[-55.626,71.73],[-55.012,71.335],[-53.988,71.414],[-53.323,71.891],[-51.72,71.59],[-52.198,71.355],[-51.675,71.224],[-50.799,70.385],[-51.153,70.323],[-52.367,70.667],[-53.628,70.819],[-54.374,70.725],[-53.666,70.357],[-52.909,70.289],[-51.637,69.94],[-50.573,69.866],[-50.767,69.336],[-50.266,68.953],[-50.874,68.945],[-50.954,68.539],[-51.679,68.5],[-52.337,68.664],[-52.842,68.506],[-50.491,67.973],[-50.477,67.482],[-52.808,67.775],[-53.494,67.473],[-53.17,67.286],[-53.267,66.922],[-52.303,66.909],[-52.448,66.607],[-53.222,66.531],[-52.73,66.276],[-53.103,65.873],[-52.536,65.495],[-52.078,65.372],[-51.805,64.233],[-50.994,64.615],[-50.144,64.739],[-50.043,64.438],[-50.988,64.092],[-51.366,63.726],[-51.101,63.47],[-50.617,63.435],[-50.466,63.051],[-49.857,62.967],[-50.159,62.462],[-50.048,62.314],[-49.116,62.104],[-49.148,61.772],[-48.915,61.421],[-47.969,61.037],[-47.63,60.597],[-47.159,60.856],[-46.072,60.942],[-45.46,60.895],[-45.622,60.601],[-44.682,60.288],[-44.753,60.031],[-44.467,59.761],[-44.052,60.164],[-43.144,59.819],[-42.962,60.034],[-43.154,60.305],[-42.785,60.529],[-42.824,60.802]]],[[[11.657,54.904],[11.276,54.95],[11.032,54.756],[11.456,54.619],[11.657,54.904]]],[[[18.456,57.157],[18.712,57.242],[18.809,57.704],[18.467,57.812],[18.111,57.519],[18.173,57.142],[18.456,57.157]]],[[[-22.251,72.498],[-23.131,72.678],[-23.585,72.44],[-22.146,72.027],[-21.809,72.145],[-22.251,72.498]]],[[[-51.928,69.515],[-52.084,69.772],[-53.617,70.158],[-54.594,70.24],[-54.687,69.707],[-53.551,69.278],[-51.928,69.515]]]]},"properties":{"NAME":"Kalmar Union","SUBJECTO":"Kalmar Union","PARTOF":"Kalmar Union","ABBREVN":"Kalmar Union","BORDERPRECISION":1,"fid":265}},
{"type":"Feature","geometry":{"type":"MultiPolygon","coordinates":[[[[-143.608,68.65],[-128.367,66.877],[-98.734,65.629],[-92.894,62.126],[-92.102,62.412],[-91.891,62.604],[-92.29,62.915],[-91.417,62.853],[-90,62.946],[-90,63.302],[-91.027,63.395],[-92.351,63.585],[-93.317,63.974],[-90,63.609],[-89.973,64.191],[-89.077,63.963],[-88.377,64.057],[-87.435,64.569],[-87.157,65.06],[-88.171,65.13],[-88.904,65.325],[-90,65.768],[-89.509,65.929],[-88.642,65.712],[-87.787,65.349],[-87.254,65.43],[-85.987,66.163],[-86.853,66.462],[-86.739,66.565],[-85.387,66.612],[-84.95,66.275],[-83.74,66.306],[-84.408,66.709],[-84.226,66.931],[-83.139,66.373],[-82.33,66.64],[-81.499,67.069],[-81.295,67.499],[-82.178,67.995],[-82.687,68.697],[-81.886,68.579],[-81.37,68.722],[-81.48,69.189],[-82.161,69.248],[-82.757,69.549],[-84.314,69.826],[-85.381,69.695],[-85.421,69.294],[-84.564,68.987],[-84.625,68.754],[-85.4,68.76],[-85.782,68.041],[-86.395,67.675],[-86.488,67.378],[-87.325,67.169],[-88.324,67.813],[-88.371,68.312],[-87.79,68.478],[-88.097,68.853],[-88.905,69.228],[-89.441,69.046],[-90,69.489],[-91.172,69.647],[-91.977,69.607],[-92.671,69.742],[-92.271,70.116],[-91.658,70.286],[-93.099,70.969],[-92.989,71.24],[-93.271,71.559],[-94.417,71.884],[-95.411,71.859],[-95.957,71.351],[-96.398,71.203],[-96.7,70.838],[-95.947,70.57],[-96.474,70.3],[-96.127,69.941],[-95.31,69.737],[-94.423,69.694],[-94.037,69.55],[-92.992,69.515],[-92.956,69.084],[-93.636,68.925],[-93.414,68.542],[-94.084,68.451],[-94.637,68.069],[-95.323,68.06],[-95.5,67.725],[-95.259,67.028],[-96.26,67.315],[-96.208,68.074],[-97.572,68.37],[-98.367,68.361],[-97.159,67.967],[-97.496,67.587],[-98.355,67.935],[-99.368,67.792],[-101.002,67.796],[-101.913,67.705],[-102.763,67.8],[-103.583,68.12],[-104.454,68.103],[-105.636,68.355],[-106.212,68.107],[-107.662,67.963],[-107.594,67.338],[-107.128,66.962],[-107.611,66.88],[-108.485,67.07],[-108.095,67.36],[-108.835,67.611],[-110.532,67.92],[-112.503,67.693],[-114.066,67.735],[-115.562,67.896],[-115.402,68.217],[-114.109,68.347],[-114.39,68.608],[-115.285,68.892],[-116.813,68.912],[-117.832,69.008],[-120.222,69.418],[-122.326,69.884],[-123.051,69.86],[-123.803,69.434],[-124.6,69.463],[-124.707,69.941],[-125.386,69.818],[-125.188,69.409],[-125.974,69.43],[-126.795,69.785],[-127.352,70.38],[-127.94,70.08],[-129.013,69.72],[-129.943,69.643],[-130.896,69.3],[-131.673,69.276],[-132.789,68.709],[-133.72,68.918],[-133.413,69.137],[-132.618,69.252],[-132.303,69.487],[-131.195,69.686],[-130.05,69.969],[-130.242,70.206],[-131.059,70.158],[-131.446,69.966],[-132.508,69.858],[-133.648,69.507],[-135.439,69.526],[-136.044,69.336],[-135.699,68.989],[-136.203,68.876],[-137.729,69.016],[-138.995,69.368],[-140.335,69.623],[-141.161,69.599],[-143.308,70.197],[-145.273,70.116],[-146.183,70.268],[-147.724,70.327],[-149.286,70.539],[-150.639,70.475],[-152.137,70.534],[-152.971,70.934],[-155.1,71.077],[-155.475,70.852],[-156.138,70.928],[-156.043,71.223],[-156.905,71.346],[-157.812,70.971],[-158.855,70.884],[-160.24,70.858],[-159.861,70.54],[-143.608,68.65]]],[[[-61.933,56.281],[-62.184,56.796],[-61.545,56.729],[-61.476,57.104],[-62.186,57.437],[-61.828,57.554],[-62.015,57.841],[-62.577,58.039],[-62.887,58.656],[-63.476,59.158],[-63.744,59.517],[-64.671,60.181],[-64.988,59.819],[-65.555,59.576],[-65.263,59.348],[-65.719,59.057],[-65.861,58.795],[-66.475,58.808],[-66.821,58.388],[-67.772,58.249],[-68.569,58.783],[-69.214,58.748],[-69.726,58.561],[-69.832,58.988],[-69.343,59.209],[-69.704,60.318],[-69.384,60.856],[-70.028,60.883],[-70.909,61.043],[-71.673,61.266],[-71.724,61.547],[-73.395,62.355],[-73.66,62.39],[-74.708,62.176],[-75.695,62.216],[-77.362,62.517],[-77.868,62.29],[-77.985,61.859],[-77.462,61.473],[-78.176,60.742],[-77.388,60.694],[-77.507,60.415],[-77.215,59.748],[-77.662,59.574],[-78.042,58.993],[-78.469,58.709],[-78.337,58.551],[-77.404,58.114],[-76.772,57.663],[-76.439,56.81],[-76.569,56.272],[-77.234,55.607],[-78.589,54.922],[-79.545,54.692],[-75.37,54.662],[-75.051,56.718],[-74.524,60.123],[-68.833,57.34],[-68.214,57.037],[-66.46,57.577],[-64.597,58.15],[-64.287,57.794],[-62.366,55.586],[-62.277,55.587],[-61.933,56.281]]],[[[-65.164,79.31],[-65.485,79.158],[-67.969,79.127],[-69.266,78.796],[-72.383,78.526],[-72.525,78.166],[-71.045,77.916],[-69.688,77.555],[-67.852,77.593],[-66.805,77.777],[-66.153,77.553],[-66.784,77.259],[-67.736,77.189],[-71.184,77.26],[-71.448,77.122],[-70.5,76.833],[-68.376,76.778],[-68.144,76.6],[-69.045,76.294],[-67.037,75.936],[-66.684,76.307],[-65.475,76.099],[-63.651,76.38],[-61.507,76.258],[-59.783,75.916],[-58.636,75.793],[-58.205,75.295],[-56.939,74.919],[-55.988,73.921],[-51.82,74.213],[-52.059,74.705],[-58.83,78.238],[-65.164,79.31]]],[[[-75.309,67.458],[-75.12,68.113],[-75.885,68.343],[-76.794,68.147],[-77.248,67.655],[-77.065,67.329],[-76.269,67.249],[-75.309,67.458]]],[[[-98.304,69.391],[-99.365,68.974],[-97.606,68.64],[-96.213,68.537],[-95.515,68.809],[-96.182,69.297],[-97.742,69.832],[-98.253,69.694],[-98.304,69.391]]],[[[-97.082,73.667],[-97.957,73.922],[-99.219,73.743],[-99.668,73.919],[-100.914,73.708],[-99.955,73.263],[-100.835,72.745],[-102.279,73.147],[-102.669,72.853],[-101.654,72.373],[-100.319,72.14],[-98.939,71.392],[-98.372,71.37],[-97.842,71.69],[-96.85,71.88],[-96.351,72.501],[-96.689,72.817],[-98.394,73.131],[-97.082,73.667]]],[[[-108.396,76.303],[-108.965,76.871],[-110.382,76.435],[-109.353,76.099],[-109.144,75.714],[-109.912,75.629],[-111.386,75.66],[-112.851,76.227],[-113.549,76.133],[-114.372,76.47],[-116.296,76.238],[-115.582,75.685],[-116.998,75.649],[-117.397,75.407],[-116.572,75.201],[-115.186,75.154],[-112.811,75.416],[-111.15,75.353],[-111.367,75.104],[-114.217,74.845],[-114.093,74.674],[-113.106,74.514],[-112.203,74.5],[-110.869,74.721],[-109.07,75.133],[-107.48,75.012],[-106.371,75.055],[-105.773,75.23],[-105.498,75.847],[-105.917,76.022],[-108.163,76.009],[-108.396,76.303]]],[[[-94.109,72.222],[-93.639,72.53],[-94.266,72.853],[-92.001,72.841],[-91.32,73.255],[-90,73.591],[-90,74],[-92.693,74.012],[-93.899,74.163],[-95.069,74.064],[-95.641,73.144],[-95.058,72.283],[-94.109,72.222]]],[[[-80.766,75.61],[-81.703,75.875],[-83.559,75.905],[-85.203,75.743],[-86.618,75.432],[-87.293,75.656],[-88.647,75.595],[-90,75.95],[-90,76.591],[-92.247,76.622],[-93.064,76.375],[-92.224,75.947],[-92.366,75.421],[-91.867,74.789],[-91.054,74.977],[-89.698,74.615],[-88.39,74.99],[-88.144,74.569],[-85.118,74.623],[-82.936,74.684],[-82.373,74.555],[-80.349,74.616],[-80.5,75.03],[-79.495,75.28],[-79.739,75.47],[-80.766,75.61]]],[[[-107.527,72.016],[-108.348,71.913],[-108.986,72.73],[-110.525,72.997],[-110.079,72.562],[-111.726,72.331],[-111.641,72.725],[-112.839,72.953],[-113.753,72.698],[-114.473,72.625],[-114.185,73.244],[-114.647,73.355],[-117.22,72.857],[-118.399,72.476],[-118.986,72.034],[-117.314,71.475],[-115.693,71.579],[-115.742,71.299],[-117.41,71.202],[-118.499,71.053],[-117.761,70.722],[-116.297,70.771],[-113.764,70.737],[-111.85,70.425],[-111.731,70.256],[-112.991,70.238],[-115.147,70.273],[-117.193,70.123],[-117.568,69.992],[-116.656,69.516],[-115.907,69.351],[-113.925,69.249],[-113.539,69.114],[-113.602,68.722],[-113.152,68.596],[-110.448,68.653],[-109.209,68.813],[-108.646,69.002],[-107.536,69.057],[-106.854,69.451],[-106.375,69.482],[-105.93,69.234],[-104.188,68.898],[-103.178,68.855],[-102.278,68.954],[-101.808,69.136],[-102.198,69.482],[-103.268,69.329],[-103.361,69.639],[-102.24,69.876],[-101.449,69.665],[-100.891,69.674],[-101.055,70.031],[-102.436,70.465],[-103.864,70.701],[-104.595,71.048],[-104.467,71.655],[-105.01,72.045],[-105.313,72.65],[-106.523,73.195],[-108.182,73.383],[-108.087,72.629],[-107.527,72.016]]],[[[-101.746,76.544],[-101.675,76.064],[-102.534,75.769],[-102.15,75.644],[-100.619,75.789],[-99.896,75.615],[-100.474,75.315],[-99.944,75.084],[-98.002,75.162],[-98.152,75.602],[-97.667,75.861],[-97.817,76.476],[-99.024,76.423],[-100.067,76.675],[-101.746,76.544]]],[[[-74.559,64.78],[-73.164,64.574],[-73.148,64.344],[-72.388,63.858],[-71.879,63.802],[-71.258,63.567],[-71.622,63.21],[-71.319,63.061],[-70.075,62.772],[-69.559,62.709],[-69.155,62.42],[-68.014,62.259],[-66.765,61.944],[-65.94,61.79],[-66.332,62.319],[-67.264,62.856],[-68.476,63.337],[-68.836,63.65],[-68.486,63.737],[-67.682,63.453],[-67.144,63.375],[-66.496,63.077],[-65.156,62.988],[-64.735,63.067],[-65.21,63.643],[-64.474,63.744],[-65.309,64.179],[-65.327,64.359],[-66.193,64.889],[-66.598,64.766],[-67.329,65.584],[-67.865,65.627],[-67.614,65.912],[-67.161,65.986],[-67.76,66.373],[-66.913,66.595],[-65.717,66.054],[-65.034,65.953],[-65.178,65.654],[-64.844,65.378],[-63.352,65.025],[-63.511,65.431],[-63.381,65.927],[-62.845,65.614],[-62.094,66.061],[-62.655,66.338],[-62.298,66.435],[-61.495,66.341],[-61.211,66.635],[-62.096,67.017],[-62.521,66.846],[-63.165,66.926],[-62.991,67.177],[-64.614,67.115],[-64.601,67.315],[-63.933,67.413],[-64.829,67.953],[-65.53,67.87],[-66.407,68.025],[-67.032,68.307],[-68.665,68.716],[-67.98,68.988],[-68.533,69.25],[-66.668,69.186],[-68.043,69.773],[-67.044,69.798],[-67.575,70.185],[-69.463,69.96],[-69.591,70.197],[-68.469,70.56],[-69.092,70.782],[-70.293,70.618],[-70.652,70.764],[-70.667,71.08],[-71.882,70.931],[-71.253,71.351],[-72.535,71.629],[-73.275,71.161],[-73.672,71.556],[-74.112,71.688],[-74.809,71.422],[-75.204,71.569],[-74.313,72.039],[-75.322,72.548],[-77.119,72.711],[-78.363,72.582],[-79.125,72.289],[-81.027,72.05],[-81.044,72.38],[-80.489,73.037],[-81.532,73.688],[-82.697,73.782],[-84.505,73.491],[-85.506,72.94],[-85.504,72.608],[-84.831,72.468],[-85.602,72.01],[-84.689,71.66],[-84.488,71.349],[-84.783,71.062],[-85.891,71.122],[-85.243,71.465],[-86.333,71.993],[-86.214,72.449],[-86.779,72.693],[-86.662,73.097],[-85.254,73.777],[-86.892,73.83],[-88.099,73.636],[-89.1,73.196],[-89.639,72.782],[-89.821,72.348],[-89.334,72.168],[-89.814,71.979],[-89.997,71.541],[-87.949,71.351],[-87.169,71.019],[-87.705,70.925],[-89.15,70.968],[-89.019,70.675],[-87.948,70.385],[-86.373,70.465],[-85.984,70.113],[-84.874,70.115],[-82.269,69.86],[-80.713,70.153],[-79.826,69.918],[-78.713,70.011],[-78.941,70.271],[-80.218,70.592],[-79.101,70.655],[-77.699,70.136],[-77.622,69.892],[-76.971,69.802],[-75.552,69.222],[-76.643,69.032],[-76.546,68.731],[-75.199,68.862],[-73.937,68.444],[-73.185,68.296],[-72.354,67.53],[-72.305,67.264],[-73.036,66.642],[-73.994,66.266],[-74.28,66.06],[-73.42,65.529],[-74.665,65.323],[-75.789,65.197],[-77.358,65.376],[-77.387,65.064],[-77.867,64.99],[-78.127,64.651],[-77.737,64.393],[-76.526,64.23],[-75.936,64.267],[-75.452,64.548],[-74.431,64.435],[-74.559,64.78]]],[[[-84.122,65.341],[-84.605,65.181],[-85.198,65.376],[-85.058,65.609],[-85.558,65.864],[-86.243,64.542],[-86.061,64.141],[-87.053,63.752],[-87.101,63.545],[-85.601,63.748],[-85.463,63.206],[-84.655,63.314],[-84.087,63.672],[-83.496,63.744],[-83.517,64.052],[-82.731,64.075],[-82.198,63.69],[-80.696,63.5],[-80.179,63.722],[-80.953,63.978],[-81.872,63.991],[-81.831,64.407],[-82.11,64.644],[-83.085,64.865],[-84.122,65.341]]]]},"properties":{"NAME":"Thule","SUBJECTO":"Thule","PARTOF":"Thule","ABBREVN":"Thule","BORDERPRECISION":1,"fid":266}},
{"type":"Feature","geometry":{"type":"Polygon","coordinates":[[[77.978,34.873],[79.484,34.832],[82.693,34.743],[86.821,35.112],[89.917,35.186],[90,35.628],[89.917,35.996],[90,36.512],[91.686,36.365],[95.519,37.102],[95.15,37.692],[95.592,38.945],[99.278,38.982],[102.926,39.018],[119.604,42.03],[131.865,43.29],[132.182,43.195],[132.485,42.88],[132.827,42.862],[132.953,42.67],[134.139,42.993],[134.962,43.515],[135.415,44.037],[136.034,44.398],[136.494,44.966],[137.721,45.997],[137.985,46.269],[138.352,46.873],[138.949,47.322],[139.214,47.811],[140.081,48.503],[140.328,49.358],[140.457,50.104],[140.323,50.518],[140.73,51.441],[141.257,52.103],[140.939,52.262],[141.091,52.587],[140.828,52.825],[141.121,53.052],[140.321,53.536],[140.102,53.802],[139.378,54.08],[138.417,54.092],[138.409,53.805],[137.979,53.465],[137.239,53.457],[137.041,53.862],[136.487,53.655],[126.437,54.917],[118.11,56.893],[109.077,57.599],[102.586,57.296],[87.206,49.606],[87.774,49.282],[85.516,48.411],[77.181,46.783],[74.066,45.542],[68.228,42.242],[64.531,40.153],[65.077,39.534],[68.578,37.128],[71.342,35.775],[72.027,35.608],[74.659,34.964],[75.913,34.93],[77.978,34.873]]]},"properties":{"NAME":"Chagatai Khanate","SUBJECTO":"Chagatai Khanate","PARTOF":"Chagatai Khanate","ABBREVN":"Chagatai Khanate","BORDERPRECISION":1,"fid":267}},
{"type":"Feature","geometry":{"type":"Polygon","coordinates":[[[102.586,57.296],[93.975,56.893],[85.083,58.163],[77.038,61.974],[75.239,62.134],[75.664,58.615],[78.398,58.589],[82.536,57.08],[79.301,54.399],[78.805,54.394],[87.206,49.606],[102.586,57.296]]]},"properties":{"NAME":"Oirat Confederation","SUBJECTO":"Oirat Confederation","PARTOF":"Oirat Confederation","ABBREVN":"Oirat Confederation","BORDERPRECISION":1,"fid":268}},
{"type":"Feature","geometry":{"type":"Polygon","coordinates":[[[59.984,26.512],[60.928,26.583],[65.519,26.93],[66.994,27.741],[68.566,29.103],[69.568,29.956],[70.242,31.135],[70.342,31.384],[72.027,35.608],[71.342,35.775],[68.578,37.128],[65.077,39.534],[64.531,40.153],[68.228,42.242],[66.666,44.427],[61.271,46.256],[60.999,45.922],[61.021,45.487],[61.175,45.188],[61.68,45.107],[61.727,44.934],[61.109,44.717],[60.944,44.441],[60.077,43.609],[59.716,43.669],[59.505,43.914],[58.879,43.849],[55.642,40.05],[54.071,38.897],[53.937,38.571],[53.88,38.025],[54.067,36.942],[53.984,36.782],[57.19,30.763],[59.18,28.478],[59.984,26.512]]]},"properties":{"NAME":"Timurid Emirates","SUBJECTO":"Timurid Emirates","PARTOF":"Timurid Emirates","ABBREVN":"Timurid Em.","BORDERPRECISION":1,"fid":269}},
{"type":"Feature","geometry":{"type":"MultiPolygon","coordinates":[[[[13.761,41.207],[14.051,40.768],[14.37,40.851],[14.951,40.551],[15.027,40.212],[15.432,39.989],[15.666,40.092],[15.99,39.428],[16.083,39.012],[15.627,38.004],[16.053,37.931],[16.331,38.321],[16.572,38.457],[16.522,38.725],[16.798,38.926],[17.095,38.915],[17.149,39.422],[16.532,39.698],[16.728,40.184],[17.084,40.525],[17.402,40.292],[17.85,40.243],[18.017,39.948],[18.365,39.747],[18.523,40.094],[18.034,40.597],[16.946,41.094],[15.991,41.406],[16.198,41.746],[16.013,41.904],[15.449,41.857],[14.922,41.972],[14.519,42.23],[14.076,42.634],[13.714,42.398],[13.415,42.364],[13.647,41.8],[13.863,41.75],[13.979,41.335],[13.761,41.207]]],[[[-0.907,42.881],[-1.664,42.125],[-1.605,41.769],[-2.13,41.817],[-2.149,41.493],[-1.921,40.618],[-2.301,40.39],[-1.807,39.858],[-1.997,39.591],[-2.035,38.602],[-1.807,38.526],[-1.655,37.918],[-1.921,37.651],[-2.149,37.233],[-1.94,36.952],[-1.817,37.292],[-1.365,37.548],[-0.918,37.57],[-0.665,38.177],[-0.435,38.43],[0.173,38.738],[-0.166,38.954],[-0.395,39.434],[-0.161,39.886],[0.238,40.24],[0.879,41.022],[2.081,41.298],[2.201,41.446],[3.129,41.857],[3.002,42.771],[2.272,42.69],[1.728,42.501],[0.744,42.772],[0.592,42.628],[-0.166,42.649],[-0.907,42.881]]],[[[8.582,39.066],[8.82,38.977],[9.063,39.22],[9.479,39.144],[9.698,39.693],[9.631,40.096],[9.794,40.564],[9.306,41.184],[8.766,40.863],[8.241,40.855],[8.428,40.465],[8.508,39.946],[8.374,39.308],[8.582,39.066]]],[[[14.216,37.049],[14.622,36.776],[15.027,36.745],[15.301,37.058],[15.116,37.287],[15.181,37.682],[15.473,38.11],[15.387,38.206],[14.766,38.058],[13.81,37.966],[13.322,38.221],[13.066,38.067],[12.783,38.117],[12.454,37.766],[12.637,37.582],[13.012,37.525],[14.216,37.049]]]]},"properties":{"NAME":"Aragón","SUBJECTO":"Aragón","PARTOF":"Aragón","ABBREVN":"Aragón","BORDERPRECISION":1,"fid":270}},
{"type":"Feature","geometry":{"type":"Polygon","coordinates":[[[77.997,16.465],[78.322,17.415],[78.173,19.013],[77.387,18.771],[77.071,17.361],[77.174,16.658],[77.997,16.465]]]},"properties":{"NAME":"Bidar","SUBJECTO":"Bidar","PARTOF":"Deccan Sultanates","ABBREVN":"Bidar","BORDERPRECISION":1,"fid":271}},
{"type":"Feature","geometry":{"type":"Polygon","coordinates":[[[77.922,16.246],[77.997,16.465],[77.174,16.658],[77.071,17.361],[77.387,18.771],[77.255,18.73],[75.412,18.5],[73.396,16.616],[73.494,16.288],[74.376,16.312],[75.067,15.966],[76.103,15.966],[76.91,16.312],[77.485,16.312],[77.922,16.246]]]},"properties":{"NAME":"Bijapur","SUBJECTO":"Bijapur","PARTOF":"Deccan Sultanates","ABBREVN":"Bijapur","BORDERPRECISION":1,"fid":272}},
{"type":"Feature","geometry":{"type":"Polygon","coordinates":[[[73.713,22.945],[74.271,21.906],[73.485,19.907],[72.789,19.883],[72.853,19.245],[73.064,18.032],[73.396,16.616],[75.412,18.5],[77.255,18.73],[77.387,18.771],[78.173,19.013],[78.533,19.124],[78.573,20.438],[76.093,21.047],[76.928,23.897],[73.713,22.945]]]},"properties":{"NAME":"Ahmadnagar","SUBJECTO":"Ahmadnagar","PARTOF":"Deccan Sultanates","ABBREVN":"Ahmadnagar","BORDERPRECISION":1,"fid":273}},
{"type":"Feature","geometry":{"type":"Polygon","coordinates":[[[79.956,17.604],[79.328,17.233],[78.867,18.27],[79.213,18.845],[78.752,19.191],[78.533,19.124],[78.173,19.013],[78.322,17.415],[77.997,16.465],[77.922,16.246],[79.432,16.017],[80.46,15.773],[81.088,15.827],[81.369,16.347],[81.789,16.329],[82.235,16.647],[82.323,17.004],[79.956,17.604]]]},"properties":{"NAME":"Golkonda","SUBJECTO":"Golkonda","PARTOF":"Deccan Sultanates","ABBREVN":"Golkonda","BORDERPRECISION":1,"fid":274}},
{"type":"Feature","geometry":{"type":"Polygon","coordinates":[[[78.277,24.296],[76.928,23.897],[76.093,21.047],[78.573,20.438],[78.533,19.124],[78.752,19.191],[79.213,18.845],[78.867,18.27],[79.328,17.233],[79.956,17.604],[81.862,18.73],[84.304,20.752],[82.546,23.245],[80.924,23.687],[78.951,23.959],[78.277,24.296]]]},"properties":{"NAME":"Islamic states","SUBJECTO":"Islamic states","PARTOF":"Islamic states","ABBREVN":"Islamic states","BORDERPRECISION":1,"fid":275}},
{"type":"Feature","geometry":{"type":"Polygon","coordinates":[[[107.48,13.257],[107.515,13.422],[107.31,13.878],[107.297,14.176],[107.463,14.997],[107.338,15.453],[107.1,15.668],[107.108,16.17],[106.638,16.484],[105.574,17.881],[104.933,17.451],[104.111,17.999],[101.646,17.999],[101.657,19.661],[100.435,20.036],[100.245,20.384],[99.841,20.482],[98.67,18.397],[97.573,16.445],[97.742,15.01],[97.823,14.616],[98.199,13.645],[98.486,13.112],[98.597,12.737],[98.677,12.051],[98.588,11.822],[98.738,11.435],[98.605,10.863],[98.398,10.564],[98.432,10.202],[98.633,10.101],[98.251,8.937],[98.177,8.6],[98.292,8.156],[98.545,8.264],[99.025,7.871],[99.294,7.319],[99.572,7.263],[99.663,6.71],[99.834,6.539],[100.222,6.521],[100.139,6.177],[100.38,5.021],[100.608,4.552],[100.577,4.202],[100.664,3.904],[101.067,3.536],[101.264,3.225],[101.837,3.46],[103.334,3.394],[103.308,3.795],[103.368,4.183],[103.342,4.805],[102.802,5.56],[102.325,6.099],[102.09,6.143],[101.68,6.464],[101.56,6.74],[100.615,6.979],[100.345,7.44],[100.302,7.887],[100.132,8.532],[99.866,8.712],[99.898,9.068],[99.724,9.258],[99.298,9.162],[99.119,9.371],[99.071,9.898],[99.186,10.489],[99.501,11.246],[99.895,12.079],[99.834,12.524],[100.023,12.994],[99.93,13.261],[100.24,13.49],[100.909,13.447],[100.957,13.365],[100.872,12.679],[101.329,12.559],[101.587,12.661],[101.919,12.585],[102.324,12.186],[102.671,12.038],[103.657,12.846],[105.016,13.406],[107.48,13.257]]]},"properties":{"NAME":"Ayutthaya","SUBJECTO":"Ayutthaya","PARTOF":"Ayutthaya","ABBREVN":"Ayutthaya","BORDERPRECISION":1,"fid":276}},
{"type":"Feature","geometry":{"type":"Polygon","coordinates":[[[18.534,66.432],[21.879,66.967],[25.626,66.7],[26.479,65.572],[27.098,66.834],[30.469,67.486],[28.902,68.356],[30.144,69.262],[32.159,69.69],[31.331,69.663],[30.361,69.767],[29.729,69.698],[28.73,70.136],[30.252,70.131],[30.799,70.308],[30.462,70.537],[29.741,70.605],[28.308,70.949],[27.516,70.97],[27.131,70.577],[26.617,70.392],[26.263,70.791],[25.574,70.367],[24.571,70.741],[23.827,70.479],[23.204,69.943],[22.306,70.216],[21.908,69.804],[20.158,69.748],[19.821,69.37],[18.959,68.294],[18.4,67.235],[18.534,66.432]]]},"properties":{"NAME":"Sámi","SUBJECTO":"Sámi","PARTOF":"Sámi","ABBREVN":"Sámi","BORDERPRECISION":1,"fid":277}},
{"type":"Feature","geometry":{"type":"Polygon","coordinates":[[[136.487,53.655],[136.344,53.888],[136.492,54.455],[135.095,54.433],[134.985,54.854],[136.521,55.59],[137.229,55.983],[138.867,57.124],[140.029,57.644],[140.587,58.239],[141.35,58.501],[141.924,58.941],[142.846,59.273],[145.404,59.326],[145.513,59.037],[145.957,58.983],[146.054,59.251],[147,59.191],[147.919,59.261],[148.416,59.097],[149.045,59.587],[149.73,59.595],[150.12,59.389],[151.14,59.44],[151.524,59.344],[151.857,59.056],[151.056,58.924],[151.354,58.691],[152.191,58.926],[152.504,58.769],[153.14,59.01],[153.924,58.922],[154.906,59.103],[154.753,59.281],[154.182,59.301],[153.943,59.569],[154.316,59.983],[155.152,60.394],[155.734,60.555],[155.667,60.778],[156.418,61.121],[156.423,61.401],[157.098,61.633],[158.841,61.784],[159.455,61.561],[160.149,61.66],[159.744,61.1],[160.645,60.718],[162.711,61.763],[162.99,62.326],[164.138,62.533],[165.067,62.436],[164.008,62.131],[163.942,61.737],[163.576,61.33],[163.793,61.128],[163.329,60.695],[161.818,60.268],[161.535,59.942],[160.844,59.554],[159.649,58.954],[159.393,58.61],[158.326,58.027],[157.511,57.745],[156.777,57.58],[156.878,57.363],[156.558,56.947],[155.628,56.268],[155.453,55.276],[155.465,54.92],[155.707,54.065],[155.711,53.805],[156.038,52.781],[156.333,52.272],[156.362,51.914],[156.696,50.958],[157.898,51.666],[158.39,52.203],[158.461,52.826],[159.32,53.126],[159.897,53.241],[159.683,53.579],[159.695,53.859],[159.931,54.086],[160.683,54.448],[161.567,54.423],[162.008,54.738],[161.647,54.985],[161.503,55.287],[161.861,55.861],[162.318,56.24],[162.771,55.917],[163.166,56.106],[163.098,56.56],[162.744,56.6],[162.512,57.033],[163.128,57.552],[162.826,57.701],[162.204,57.679],[161.8,57.863],[161.804,58.102],[162.22,58.486],[162.907,58.891],[162.835,59.056],[163.255,59.29],[163.043,59.462],[163.389,59.814],[164.111,60.078],[164.585,59.665],[164.933,59.962],[165.78,60.354],[166.203,60.353],[166.027,59.709],[167.104,60.271],[168.211,60.433],[169.154,60.435],[169.877,59.875],[170.273,60.013],[170.337,60.277],[171.072,60.452],[171.248,60.654],[172,60.858],[172.492,61.263],[172.918,61.278],[173.481,61.601],[173.927,61.616],[174.542,61.891],[175.173,61.969],[176.549,62.38],[176.832,62.676],[177.291,62.487],[178.738,62.299],[179.242,62.526],[179.288,62.815],[178.344,63.458],[178.403,63.664],[178.147,64.157],[177.535,64.09],[177.082,64.303],[175.9,64.547],[176.332,64.773],[177.251,64.856],[177.427,64.607],[178.726,64.606],[180,64.953],[180,65.052],[180,65.311],[180,65.382],[180,65.963],[180,66.963],[180,67.963],[180,68.92],[178.965,69.229],[177.705,69.49],[175.611,69.779],[173.637,69.761],[172.359,69.909],[170.452,70.019],[170.056,69.611],[170.431,69.559],[170.833,68.922],[169.389,68.717],[168.986,68.963],[168.1,69.232],[167.32,69.659],[166.309,69.378],[164.636,69.413],[164.054,69.66],[163.038,69.545],[161.961,69.528],[161.171,69.159],[160.674,69.27],[160.682,69.578],[159.444,69.765],[159.628,70.22],[159.229,70.547],[158.409,70.814],[156.043,70.987],[155.049,70.939],[153.404,70.728],[152.134,70.664],[151.48,71.086],[150.694,71.347],[148.711,71.629],[149.722,71.895],[148.698,72.166],[146.915,72.202],[146.186,71.842],[145.1,71.576],[144.881,71.723],[145.678,71.927],[145.6,72.426],[144.562,72.456],[141.294,72.787],[139.848,72.236],[139.744,71.404],[138.675,71.618],[138.119,71.47],[137.63,71.075],[136.765,71.406],[135.511,71.512],[134.241,71.262],[132.284,71.661],[131.413,70.864],[130.779,70.678],[130.172,70.815],[129.355,71.176],[128.432,71.755],[127.121,72.212],[126.216,72.382],[127.314,72.714],[128.525,72.952],[128.499,73.126],[127.72,73.402],[125.717,73.398],[124.222,73.697],[123.41,73.481],[123.515,73.172],[122.882,72.753],[122.243,72.909],[120.579,72.835],[118.498,73.036],[118.46,73.519],[116.671,73.619],[114.187,73.551],[113.312,73.383],[113.222,73.748],[111.762,73.658],[110.551,74.038],[109.991,73.44],[107.804,73.143],[106.502,73.061],[106.208,73.259],[108.34,73.691],[111.587,74.731],[112.577,74.886],[113.625,75.273],[113.113,75.494],[113.723,75.869],[113.533,76.094],[111.427,76.568],[109.656,76.691],[108.244,76.646],[107.666,76.443],[106.404,76.432],[107.071,76.771],[104.782,77.149],[105.47,77.329],[105.063,77.569],[103.393,77.558],[101.166,77.006],[101.389,76.625],[99.983,76.437],[99.467,75.967],[98.289,76.057],[97.116,75.871],[95.982,75.902],[95.967,76.169],[94.694,76.184],[93.592,75.881],[91.635,75.653],[90,75.602],[89.285,75.466],[86.958,74.782],[86.814,74.435],[87.691,73.9],[87.14,73.604],[86.492,73.874],[85.001,73.576],[84.616,73.743],[83.02,73.612],[80.838,73.553],[80.464,73.314],[80.829,73.014],[80.982,72.447],[82.321,72.222],[82.436,72.051],[83.561,71.624],[83.168,71.182],[83.677,70.46],[83.076,70.582],[82.046,70.419],[82.215,71.204],[82.88,71.491],[81.671,71.574],[80.828,71.767],[80.339,72.008],[79.223,72.271],[78.086,72.175],[78.126,71.848],[77.075,71.892],[76.333,71.72],[76.866,71.449],[78.137,71.374],[78.609,70.85],[77.736,71.025],[75.671,71.199],[75.284,71.446],[75.297,71.897],[75.583,72.171],[75.617,72.625],[75.12,72.687],[74.999,72.13],[74.587,71.872],[73.591,71.707],[73.217,71.458],[74.25,70.573],[73.654,69.756],[73.915,69.154],[74.902,69.081],[75.598,69.21],[77.406,68.936],[77.636,68.816],[77.978,68.145],[77.514,67.973],[78.536,67.612],[78.089,67.411],[77.505,67.432],[76.955,67.653],[77.04,68.464],[76.328,68.776],[75.537,68.775],[74.505,68.593],[74.742,67.686],[73.985,67.263],[73.69,66.865],[72.557,66.496],[72.209,66.173],[70.474,66.236],[69.767,66.33],[69.085,66.688],[68.097,66.377],[66.508,66.532],[65.638,65.688],[65.477,64.688],[66.042,63.599],[65.062,62.969],[65.979,62.388],[66.989,62.217],[67.852,61.674],[68.806,62.585],[70.97,64.245],[72.362,62.939],[74.372,63.079],[75.239,62.134],[77.038,61.974],[85.083,58.163],[93.975,56.893],[102.586,57.296],[109.077,57.599],[118.11,56.893],[126.437,54.917],[136.487,53.655]]]},"properties":{"NAME":"Siberians","SUBJECTO":"Siberians","PARTOF":"Siberians","ABBREVN":"Siberians","BORDERPRECISION":1,"fid":278}},
{"type":"Feature","geometry":{"type":"Polygon","coordinates":[[[87.206,49.606],[78.805,54.394],[68.591,54.282],[64.679,55.974],[64.227,57.662],[64.632,58.485],[65.899,59.729],[65.406,60.002],[62.973,59.318],[61.307,58.836],[60.142,58.147],[58.581,57.58],[56.372,57.364],[52.854,46.938],[52.862,46.937],[53.185,46.865],[53.122,46.497],[53.257,46.317],[53.149,45.957],[52.61,45.4],[51.513,45.373],[51.099,44.878],[51.576,44.554],[51.333,44.482],[50.874,44.626],[50.335,44.563],[50.389,44.294],[50.955,44.204],[51.171,43.718],[51.459,43.385],[52.07,42.828],[52.763,42.756],[52.673,42.279],[52.52,42.073],[52.692,41.531],[53.066,42.029],[53.985,42.106],[54.167,41.483],[54.751,41.138],[54.818,40.88],[54.455,40.717],[53.842,40.64],[53.257,40.765],[53.056,41.052],[52.845,40.18],[53.047,39.998],[53.688,39.979],[53.516,39.778],[53.583,39.318],[54.071,38.897],[55.642,40.05],[58.879,43.849],[58.367,43.737],[58.4,44.167],[58.199,44.52],[58.404,45.253],[58.815,45.931],[59.55,45.994],[59.531,46.343],[60.3,46.164],[60.009,46.561],[60.271,46.7],[60.938,46.49],[61.562,46.597],[61.271,46.256],[66.666,44.427],[68.228,42.242],[74.066,45.542],[77.181,46.783],[85.516,48.411],[87.774,49.282],[87.206,49.606]]]},"properties":{"NAME":"White Horde","SUBJECTO":"White Horde","PARTOF":"White Horde","ABBREVN":"White Horde","BORDERPRECISION":1,"fid":279}},
{"type":"Feature","geometry":{"type":"Polygon","coordinates":[[[56.372,57.364],[56.344,57.359],[52.784,46.949],[52.854,46.938],[56.372,57.364]]]},"properties":{"BORDERPRECISION":1,"fid":280}},
{"type":"Feature","geometry":{"type":"Polygon","coordinates":[[[56.372,57.364],[56.344,57.361],[56.344,57.359],[56.372,57.364]]]},"properties":{"BORDERPRECISION":1,"fid":281}},
{"type":"Feature","geometry":{"type":"Polygon","coordinates":[[[39.126,55.171],[38.215,55.148],[38.32,54.594],[38.176,53.973],[38.792,53.983],[39.576,53.891],[40.514,53.852],[40.983,54.116],[40.921,54.526],[40.207,54.587],[39.698,54.788],[39.598,55.026],[39.126,55.171]]]},"properties":{"NAME":"Ryazan","SUBJECTO":"Ryazan","PARTOF":"Ryazan","ABBREVN":"Ryazan","BORDERPRECISION":1,"fid":282}},
{"type":"Feature","geometry":{"type":"Polygon","coordinates":[[[45.382,42.623],[45.808,42.538],[45.754,42.251],[46.042,42.049],[46.499,41.964],[47.35,41.442],[47.35,41.304],[47.988,41.219],[48.224,41.471],[47.249,42.785],[47.195,43.376],[47.493,43.583],[47.565,43.844],[47.332,44.186],[46.846,44.446],[46.873,44.68],[47.17,44.86],[47.556,45.453],[47.871,45.678],[48.303,45.768],[49.058,46.137],[49.535,46.542],[49.948,46.56],[50.632,46.91],[51.369,47.09],[52.142,46.838],[52.784,46.949],[56.344,57.359],[54.596,57.069],[51.694,57.03],[49.747,56.731],[46.875,56.445],[45.718,55.348],[44.887,55.018],[43.974,54.823],[43.631,54.541],[43.863,54.296],[43.559,53.984],[43.654,53.837],[44.435,53.719],[44.337,53.113],[43.991,52.619],[43.268,52.311],[41.3,52.305],[39.64,51.748],[37.699,52.736],[36.86,52.095],[37.601,51.403],[38.292,51.206],[38.136,49.049],[40.026,49.08],[42.587,50.91],[43.673,50.86],[44.364,49.429],[42.524,47.051],[42.411,46.727],[41.31,43.557],[43.617,43.773],[45.382,42.623]]]},"properties":{"NAME":"Golden Horde","SUBJECTO":"Golden Horde","PARTOF":"Golden Horde","ABBREVN":"Golden Horde","BORDERPRECISION":1,"fid":283}},
{"type":"Feature","geometry":{"type":"Polygon","coordinates":[[[32.907,52.401],[32.688,52.206],[32.943,51.897],[33.396,51.78],[33.621,52.071],[33.655,52.363],[32.907,52.401]]]},"properties":{"NAME":"Novgorod-Seversky","SUBJECTO":"Novgorod-Seversky","PARTOF":"Novgorod-Seversky","ABBREVN":"Novgorod-Seversky","BORDERPRECISION":1,"fid":284}},
{"type":"Feature","geometry":{"type":"MultiPolygon","coordinates":[[[[27.581,58.231],[29.873,58.114],[29.92,57.763],[30.486,57.376],[31.17,57.112],[30.991,56.811],[31.229,56.166],[30.777,56.072],[30.902,55.9],[31.804,56.03],[31.723,55.549],[31.042,55.324],[31.351,54.824],[32.208,54.864],[32.265,54.317],[32.635,53.97],[32.501,53.661],[32.555,53.319],[32.15,53.038],[31.638,53.287],[31.371,53.065],[31.562,52.398],[31.304,52.154],[30.508,51.796],[30.854,51.541],[31.529,51.565],[31.994,51.379],[32.418,51.555],[33.05,51.375],[33.526,51.571],[33.693,51.342],[34.117,51.254],[34.192,51.505],[34.871,51.456],[34.834,51.842],[35.349,51.924],[35.795,51.798],[36.34,51.963],[36.525,52.365],[36.86,52.095],[37.699,52.736],[39.64,51.748],[41.3,52.305],[43.268,52.311],[43.991,52.619],[44.337,53.113],[44.435,53.719],[43.654,53.837],[43.559,53.984],[43.863,54.296],[43.631,54.541],[43.974,54.823],[44.887,55.018],[45.718,55.348],[46.875,56.445],[49.747,56.731],[51.694,57.03],[54.596,57.069],[56.344,57.359],[56.344,57.361],[56.372,57.364],[58.581,57.58],[60.142,58.147],[61.307,58.836],[62.973,59.318],[65.406,60.002],[65.899,59.729],[66.124,59.604],[66.816,59.631],[68.622,59.808],[69.666,60.671],[69.385,60.914],[68.443,61.098],[68.228,61.533],[67.852,61.674],[66.989,62.217],[65.979,62.388],[65.062,62.969],[66.042,63.599],[65.477,64.688],[65.638,65.688],[66.508,66.532],[68.097,66.377],[69.085,66.688],[69.792,66.755],[70.84,66.551],[71.35,66.662],[71.4,66.949],[72.838,67.646],[73.394,68.382],[72.846,68.635],[72.526,69.069],[72.437,70.187],[72.774,70.455],[72.68,70.824],[71.798,71.432],[72.498,71.962],[72.845,72.495],[72.714,72.77],[71.663,72.831],[70.214,72.733],[69.343,72.834],[68.812,72.095],[68.316,71.635],[66.818,71.105],[66.775,70.736],[67.285,70.706],[67.422,70.223],[66.965,69.956],[66.884,69.623],[68.106,69.429],[68.094,69.136],[68.512,68.837],[69.109,68.83],[68.488,68.224],[68.215,68.201],[66.584,68.886],[63.923,69.459],[62.281,69.705],[61.03,69.741],[60.369,69.468],[60.986,69.003],[60.512,68.59],[59.925,68.581],[59.762,68.297],[59.12,68.393],[59.346,68.7],[58.77,68.856],[57.024,68.449],[56.195,68.567],[55.335,68.483],[54.752,68.05],[54.38,68.161],[53.626,68.048],[53.889,68.787],[53.006,68.681],[52.72,68.351],[51.831,68.409],[50.496,68.153],[48.081,67.562],[47.571,66.816],[46.402,66.719],[45.715,66.85],[44.871,67.312],[45.463,67.639],[46.634,67.701],[45.863,68.383],[43.822,68.327],[44.169,68.097],[44.216,67.718],[43.704,67.266],[44.219,67.09],[44.384,66.612],[43.876,66.011],[43.241,66.251],[42.211,66.41],[41.354,65.955],[39.951,65.581],[39.979,65.153],[40.462,64.75],[39.997,64.541],[39.193,64.511],[37.604,64.853],[36.884,65.068],[36.569,64.765],[36.997,64.407],[37.88,64.308],[37.945,63.85],[37.411,63.749],[36.24,63.919],[36.015,64.197],[35.082,64.288],[34.293,65.396],[34.726,65.797],[34.544,66.001],[33.47,66.313],[32.219,66.994],[32.991,66.988],[33.437,66.702],[34.153,66.63],[35.772,66.259],[38.048,66.007],[39.19,66.039],[39.978,66.201],[40.836,66.561],[41.255,66.937],[40.826,67.66],[39.918,67.94],[38.668,68.146],[37.246,68.793],[35.437,69.15],[33.628,69.215],[32.596,69.424],[32.159,69.69],[30.144,69.262],[28.902,68.356],[30.469,67.486],[31.116,67.067],[30.867,66.751],[30.789,66.23],[31.155,65.914],[30.407,65.79],[30.397,65.159],[30.065,64.56],[30.869,64.162],[30.445,63.715],[30.434,63.416],[31.181,63.33],[31.284,62.959],[32.223,62.848],[32.267,62.662],[31.395,62.543],[31.06,62.307],[29.727,61.848],[30.179,61.373],[30.929,61.1],[31.606,60.134],[31.654,59.526],[30.661,59.253],[30.228,58.838],[29.886,59.11],[28.266,59.087],[27.771,58.891],[27.65,58.843],[27.581,58.231]],[[39.126,55.171],[39.598,55.026],[39.698,54.788],[40.207,54.587],[40.921,54.526],[40.983,54.116],[40.514,53.852],[39.576,53.891],[38.792,53.983],[38.176,53.973],[38.32,54.594],[38.215,55.148],[39.126,55.171]],[[32.907,52.401],[33.655,52.363],[33.621,52.071],[33.396,51.78],[32.943,51.897],[32.688,52.206],[32.907,52.401]]],[[[50.32,69.151],[49.313,69.496],[48.582,69.425],[48.226,68.883],[48.59,68.729],[49.436,68.809],[50.32,69.151]]],[[[59.641,70.196],[59.044,70.447],[58.594,70.259],[58.671,70.01],[60.206,69.679],[60.477,69.916],[59.641,70.196]]]]},"properties":{"NAME":"Grand Duchy of Moscow","SUBJECTO":"Grand Duchy of Moscow","PARTOF":"Grand Duchy of Moscow","ABBREVN":"Muscovy","BORDERPRECISION":1,"fid":285}},
{"type":"Feature","geometry":{"type":"Polygon","coordinates":[[[75.239,62.134],[74.372,63.079],[72.362,62.939],[70.97,64.245],[68.806,62.585],[67.852,61.674],[68.228,61.533],[68.443,61.098],[69.385,60.914],[69.666,60.671],[68.622,59.808],[66.816,59.631],[66.124,59.604],[65.899,59.729],[64.632,58.485],[64.227,57.662],[64.679,55.974],[68.591,54.282],[78.805,54.394],[79.301,54.399],[82.536,57.08],[78.398,58.589],[75.664,58.615],[75.239,62.134]]]},"properties":{"NAME":"Khanate of Sibir","SUBJECTO":"Khanate of Sibir","PARTOF":"Khanate of Sibir","ABBREVN":"Khanate of Sibir","BORDERPRECISION":1,"fid":286}},
{"type":"Feature","geometry":{"type":"MultiPolygon","coordinates":[[[[27.65,58.843],[27.771,58.891],[27.661,58.938],[27.65,58.843]]],[[[27.823,56.725],[28.813,56.883],[29.06,56.538],[29.948,56.538],[30.777,56.072],[31.229,56.166],[30.991,56.811],[31.17,57.112],[30.486,57.376],[29.92,57.763],[29.873,58.114],[27.581,58.231],[27.511,57.611],[27.795,57.466],[27.633,57.096],[27.929,56.94],[27.823,56.725]]]]},"properties":{"NAME":"Pskov","SUBJECTO":"Pskov","PARTOF":"Pskov","ABBREVN":"Pskov","BORDERPRECISION":1,"fid":287}},
{"type":"Feature","geometry":{"type":"MultiPolygon","coordinates":[[[[178.176,-18.242],[178.693,-18.025],[178.591,-17.636],[178.171,-17.342],[177.82,-17.365],[177.51,-17.509],[177.257,-17.874],[177.333,-18.119],[177.864,-18.264],[178.176,-18.242]]],[[[179.569,-16.758],[179.757,-16.442],[180,-16.173],[180,-16.155],[178.982,-16.47],[178.708,-16.675],[178.69,-16.992],[179.206,-16.705],[179.569,-16.758]]],[[[-171.465,-14.053],[-171.822,-13.808],[-171.911,-14.013],[-171.465,-14.053]]],[[[-172.223,-13.563],[-172.361,-13.461],[-172.78,-13.54],[-172.533,-13.801],[-172.211,-13.805],[-172.223,-13.563]]]]},"properties":{"NAME":"Tuʻi Tonga Empire","SUBJECTO":"Tuʻi Tonga Empire","PARTOF":"Tuʻi Tonga Empire","ABBREVN":"Tuʻi Tonga Empire","BORDERPRECISION":1,"fid":288}},
{"type":"Feature","geometry":{"type":"Polygon","coordinates":[[[-109.241,-27.133],[-109.366,-27.063],[-109.428,-27.202],[-109.241,-27.133]]]},"properties":{"NAME":"Polynesians","SUBJECTO":"Polynesians","PARTOF":"Polynesians","ABBREVN":"Polynesians","BORDERPRECISION":1,"fid":289}},
{"type":"Feature","geometry":{"type":"MultiPolygon","coordinates":[[[[16.64,43.39],[16.992,43.323],[17.326,43.337],[17.304,43.076],[18.529,42.353],[18.91,42.218],[19.143,41.932],[19.607,41.762],[19.527,40.866],[19.339,40.589],[19.369,40.26],[20.029,39.814],[20.212,39.405],[20.678,39.08],[20.772,38.851],[21.172,38.348],[21.826,38.464],[22.334,38.427],[22.876,38.205],[22.747,37.953],[21.906,38.27],[21.44,38.18],[21.228,37.905],[21.614,37.415],[21.531,37.115],[21.781,36.823],[21.984,37.02],[22.39,36.524],[22.887,37.047],[22.639,37.492],[23.049,37.643],[22.981,37.958],[23.496,38.068],[23.836,37.685],[23.987,37.763],[23.804,38.347],[23.556,38.352],[23.169,38.667],[22.602,38.856],[22.871,39.024],[22.72,39.287],[22.813,39.603],[22.467,40.118],[22.602,40.397],[23.596,40.192],[23.886,40.733],[25.046,40.952],[25.993,40.852],[26.124,40.603],[26.614,40.398],[27.264,40.667],[27.474,40.963],[27.932,40.958],[28.173,41.058],[28.828,40.915],[29.012,41.255],[28.371,41.433],[28.104,41.593],[27.913,42.078],[27.502,42.516],[27.836,42.736],[28.035,43.392],[28.446,43.476],[28.686,44.488],[29.09,44.876],[29.458,44.915],[29.711,45.258],[29.5,45.523],[29.63,45.75],[30.069,45.861],[30.833,46.577],[31.85,46.63],[32.007,46.906],[30.886,47.454],[28.368,45.331],[26.54,45.25],[24.18,45.856],[23.543,45.856],[20.801,44.932],[19.785,44.936],[18.939,44.393],[17.754,44.393],[17.458,44.146],[16.865,44.245],[16.701,43.847],[16.64,43.39]]],[[[38.61,38.368],[39.148,38.622],[41.212,40.244],[41.484,41.437],[41.293,41.286],[40.361,40.963],[39.37,41.064],[38.651,40.922],[37.253,41.028],[36.817,41.29],[36.383,41.238],[36.161,41.353],[35.958,41.686],[35.411,41.627],[35.099,41.806],[35.002,42.043],[34.663,41.876],[33.556,41.983],[33.155,41.95],[32.419,41.749],[31.386,41.285],[31.218,41.054],[30.745,41.04],[29.161,41.216],[29.015,40.979],[29.525,40.688],[28.902,40.62],[28.873,40.472],[27.764,40.287],[26.765,40.377],[26.128,39.879],[26.139,39.44],[26.804,39.567],[26.708,39.182],[26.966,38.77],[26.696,38.641],[26.997,38.4],[26.679,38.105],[27.14,37.889],[27.16,37.36],[27.526,37.131],[27.308,36.921],[27.999,36.909],[28.014,36.527],[28.47,36.738],[28.814,36.535],[29.002,36.695],[29.298,36.173],[29.662,36.078],[30.473,36.188],[30.594,36.762],[31.371,36.712],[31.902,36.497],[32.335,36.128],[32.64,36.008],[33.171,35.971],[33.753,36.147],[34.485,36.627],[34.662,36.648],[35.221,36.388],[35.495,36.443],[35.891,36.771],[36.789,37.001],[36.494,37.369],[38.61,38.368]]],[[[23.661,38.404],[24.025,38.386],[24.132,38.653],[23.79,38.719],[23.242,39.044],[23.014,38.961],[23.638,38.523],[23.661,38.404]]]]},"properties":{"NAME":"Ottoman Empire","SUBJECTO":"Ottoman Empire","PARTOF":"Ottoman Empire","ABBREVN":"Ottoman Emp.","BORDERPRECISION":1,"fid":290}}
]}