{"type":"FeatureCollection", "features": [
{"type":"Feature","geometry":{"type":"Polygon","coordinates":[[[40.39,14.906],[40.217,15.083],[40.037,15.388],[39.898,15.502],[39.856,15.4],[39.889,15.184],[39.796,15.089],[39.518,15.463],[39.208,16.327],[39.009,17.057],[38.963,17.192],[38.043,16.232],[38.043,15.007],[38.778,14.394],[39.636,14.149],[40.39,14.906]]]},"properties":{"NAME":"Ottoman Empire","SUBJECTO":"Ottoman Empire","PARTOF":"Ottoman Empire","ABBREVN":"Ottoman Emp.","BORDERPRECISION":3,"fid":0}},
{"type":"Feature","geometry":{"type":"MultiPolygon","coordinates":[[[[136.722,37.266],[136.64,37.17],[136.668,36.667],[136.502,36.464],[136.187,36.202],[135.978,35.973],[135.927,35.763],[135.928,35.604],[135.727,35.45],[135.432,35.361],[135.358,35.323],[135.188,35.443],[135.157,35.646],[134.756,35.531],[134.224,35.454],[133.804,35.427],[133.229,35.312],[133.006,35.254],[132.981,35.445],[132.789,35.387],[132.663,35.381],[131.672,34.502],[131.334,34.292],[131.11,34.241],[130.892,34.246],[130.812,34.119],[130.779,33.967],[130.899,33.904],[131.394,33.936],[131.655,33.912],[131.995,33.804],[131.997,34.09],[132.183,34.287],[132.387,34.269],[132.481,34.129],[132.848,34.263],[133.589,34.442],[133.704,34.43],[133.825,34.386],[134.022,34.469],[134.213,34.571],[134.427,34.628],[134.782,34.553],[134.936,34.54],[135.206,34.617],[135.287,34.598],[135.317,34.471],[135.237,34.351],[135.014,34.204],[134.969,34.134],[135.057,33.766],[135.063,33.69],[135.192,33.601],[135.446,33.507],[135.756,33.342],[135.991,33.724],[136.199,34.003],[136.394,34.112],[136.767,34.17],[136.899,34.259],[136.711,34.404],[136.524,34.493],[136.507,34.518],[136.587,34.677],[136.617,34.76],[136.734,34.874],[137.042,34.729],[137.248,34.482],[137.532,34.527],[137.759,34.552],[138.149,34.528],[138.295,34.763],[138.45,34.903],[138.589,34.973],[138.684,34.992],[138.751,34.923],[138.75,34.65],[138.779,34.58],[138.864,34.567],[139.023,34.688],[139.053,35.025],[139.209,35.165],[139.423,35.166],[139.683,35.446],[139.914,35.554],[140.003,35.497],[139.92,35.262],[139.788,34.963],[139.83,34.836],[140.317,35.034],[140.395,35.409],[140.47,35.486],[140.557,35.543],[140.834,35.677],[140.645,35.836],[140.555,35.969],[140.547,36.287],[140.656,36.618],[140.964,36.956],[140.982,37.268],[140.923,37.625],[140.881,37.739],[140.872,37.917],[140.951,38.121],[141.024,38.211],[141.097,38.262],[141.429,38.39],[141.496,38.422],[141.467,38.587],[141.569,38.785],[141.888,39.13],[141.999,39.449],[141.998,39.672],[141.676,40.316],[141.566,40.457],[141.467,40.514],[141.441,40.789],[141.448,41.18],[141.437,41.269],[141.286,41.372],[141.087,41.442],[140.775,41.255],[140.937,41.115],[141.077,41.102],[141.153,40.865],[140.793,40.749],[140.657,40.724],[140.567,40.826],[140.473,40.986],[140.386,40.986],[140.239,40.838],[140.16,40.729],[139.915,40.575],[139.985,40.115],[139.91,39.987],[139.805,39.891],[139.862,39.782],[140.011,39.694],[140.03,39.483],[139.968,39.209],[139.896,38.999],[139.741,38.743],[139.746,38.68],[139.504,38.418],[139.44,38.188],[139.354,38.067],[139.198,37.92],[138.856,37.735],[138.699,37.448],[138.492,37.301],[138.317,37.206],[137.572,36.892],[137.464,36.854],[137.276,36.694],[137.176,36.643],[137.045,36.668],[136.983,36.834],[137.014,37.037],[137.118,37.146],[137.335,37.274],[137.31,37.433],[136.811,37.311],[136.722,37.266]]],[[[132.699,32.549],[132.901,32.67],[132.97,32.765],[133.044,32.994],[133.154,33.216],[133.241,33.299],[133.517,33.395],[133.727,33.376],[133.917,33.243],[133.999,33.148],[134.388,33.543],[134.519,33.651],[134.565,33.841],[134.61,33.899],[134.54,34.013],[134.153,34.113],[134.01,34.189],[133.806,34.176],[133.603,34.036],[133.463,33.884],[133.245,33.801],[132.969,33.794],[132.784,33.908],[132.579,33.64],[132.45,33.52],[132.121,33.348],[132.343,33.107],[132.422,32.929],[132.467,32.758],[132.568,32.637],[132.699,32.549]]],[[[130.744,30.888],[130.96,31.193],[131.049,31.276],[131.123,31.308],[131.211,31.352],[131.319,31.511],[131.369,31.803],[131.407,32.083],[131.454,32.248],[131.563,32.432],[131.831,32.693],[131.795,32.807],[131.596,33.004],[131.414,33.111],[131.67,33.309],[131.569,33.486],[131.286,33.39],[131.093,33.428],[130.971,33.504],[130.859,33.675],[130.644,33.7],[130.427,33.674],[130.318,33.547],[130.176,33.337],[129.858,33.26],[129.528,33.298],[129.343,33.151],[129.461,32.987],[129.63,32.866],[129.734,32.638],[129.846,32.587],[130.035,32.81],[130.108,32.931],[130.257,32.912],[130.497,32.557],[130.481,32.347],[130.444,32.284],[130.135,32.023],[130.059,31.972],[130.219,31.56],[130.205,31.426],[130.06,31.217],[130.086,31.121],[130.233,31.026],[130.404,31.23],[130.474,31.44],[130.582,31.529],[130.732,31.478],[130.675,31.211],[130.554,30.97],[130.579,30.907],[130.744,30.888]]],[[[140.112,41.273],[140.269,41.325],[140.443,41.536],[140.589,41.678],[140.706,41.697],[140.843,41.64],[140.979,41.653],[141.155,41.749],[141.019,41.871],[140.768,42.005],[140.246,42.228],[140.223,42.363],[140.421,42.485],[140.541,42.537],[140.694,42.55],[140.861,42.39],[140.93,42.255],[141.397,42.519],[141.721,42.539],[141.928,42.501],[142.842,42.067],[143.034,41.958],[143.214,41.927],[143.33,42.196],[143.509,42.421],[143.848,42.775],[144.003,42.878],[144.166,42.942],[144.37,42.949],[144.59,42.86],[144.754,42.866],[144.995,42.937],[145.196,43.047],[145.448,43.17],[145.36,43.33],[145.149,43.599],[145.059,43.786],[145.21,44.037],[145.349,44.198],[145.348,44.243],[145.14,44.178],[144.75,43.882],[144.614,43.843],[144.487,43.862],[144.028,43.951],[143.79,44.028],[143.508,44.156],[143.021,44.464],[142.539,44.843],[142.132,45.21],[141.904,45.403],[141.875,45.435],[141.597,45.28],[141.523,45.183],[141.567,44.97],[141.746,44.629],[141.743,44.249],[141.709,43.914],[141.507,43.804],[141.302,43.72],[141.304,43.187],[141.064,43.097],[140.897,43.135],[140.599,43.327],[140.498,43.32],[140.374,43.185],[140.517,43.057],[140.5,42.896],[140.209,42.729],[139.974,42.651],[139.712,42.478],[139.777,42.112],[139.852,42.035],[140.1,41.946],[140.124,41.792],[139.978,41.503],[140.013,41.382],[140.112,41.273]]]]},"properties":{"NAME":"Tokugawa Shogunate","SUBJECTO":"Tokugawa Shogunate","PARTOF":"Tokugawa Shogunate","ABBREVN":"Tokugawa","BORDERPRECISION":3,"fid":1}},
{"type":"Feature","geometry":{"type":"MultiPolygon","coordinates":[[[[-82.177,22.366],[-81.792,22.208],[-81.572,22.164],[-81.053,22.133],[-80.776,22.102],[-80.444,21.995],[-80.014,21.773],[-79.735,21.672],[-79.358,21.609],[-78.906,21.629],[-78.728,21.617],[-78.63,21.547],[-78.514,21.306],[-78.45,20.969],[-78.157,20.817],[-77.886,20.767],[-77.571,20.767],[-77.291,20.704],[-77.21,20.647],[-77.099,20.533],[-77.177,20.355],[-77.504,20.075],[-77.663,19.903],[-77.461,19.871],[-77.243,19.885],[-76.819,19.936],[-76.398,20.02],[-75.993,20.002],[-75.519,19.907],[-75.237,19.933],[-74.72,20.112],[-74.278,20.152],[-74.173,20.19],[-74.345,20.323],[-74.611,20.45],[-74.839,20.621],[-75.062,20.697],[-75.402,20.664],[-75.654,20.683],[-75.759,20.752],[-75.604,21.013],[-75.751,21.121],[-76.209,21.196],[-76.976,21.43],[-77.191,21.448],[-77.34,21.512],[-77.508,21.759],[-77.712,21.899],[-78.171,22.12],[-78.723,22.278],[-79.069,22.328],[-79.33,22.404],[-79.502,22.518],[-79.76,22.759],[-79.985,22.879],[-80.199,22.885],[-80.45,22.935],[-80.721,23.024],[-81.103,23.061],[-81.431,23.137],[-81.686,23.117],[-82.057,23.135],[-82.436,23.065],[-82.959,23.025],[-83.69,22.814],[-84.256,22.539],[-84.308,22.495],[-84.435,22.323],[-84.377,22.056],[-84.59,21.916],[-84.706,21.77],[-84.352,21.808],[-84.209,21.828],[-84.03,21.955],[-83.945,22.159],[-83.851,22.21],[-83.557,22.21],[-83.39,22.223],[-82.853,22.638],[-82.562,22.708],[-82.339,22.69],[-82.046,22.697],[-81.88,22.672],[-81.739,22.621],[-81.663,22.507],[-82.041,22.385],[-82.177,22.366]]],[[[-77.291,17.806],[-77.152,17.863],[-77.05,17.978],[-76.806,18.004],[-76.468,17.871],[-76.319,17.903],[-76.301,17.992],[-76.426,18.119],[-76.719,18.239],[-77.156,18.397],[-77.769,18.51],[-78.086,18.478],[-78.325,18.35],[-78.261,18.255],[-78.052,18.218],[-77.84,18.053],[-77.737,17.932],[-77.425,17.831],[-77.291,17.806]]]]},"properties":{"NAME":"Cuba (Spain)","SUBJECTO":"Spanish Habsburg","PARTOF":"Cuba (Spain)","ABBREVN":"Cuba (Spain)","BORDERPRECISION":3,"fid":2}},
{"type":"Feature","geometry":{"type":"MultiPolygon","coordinates":[[[[-66.906,17.936],[-66.746,18.013],[-66.451,18.045],[-66.118,18.008],[-65.967,18.027],[-65.84,18.129],[-65.808,18.174],[-65.724,18.333],[-65.775,18.396],[-65.952,18.472],[-66.629,18.522],[-66.811,18.515],[-67.055,18.546],[-67.161,18.514],[-67.211,18.438],[-67.162,18.33],[-67.185,18.082],[-67.152,17.987],[-66.906,17.936]]],[[[-71.551,19.897],[-71.777,19.771],[-71.843,19.731],[-72.103,19.756],[-72.589,19.888],[-72.94,19.945],[-73.266,19.919],[-73.421,19.874],[-73.475,19.835],[-73.493,19.753],[-73.355,19.658],[-72.945,19.595],[-72.767,19.525],[-72.676,19.392],[-72.759,19.074],[-72.698,18.941],[-72.387,18.732],[-72.298,18.662],[-72.472,18.592],[-72.746,18.509],[-73.04,18.527],[-73.546,18.602],[-73.83,18.652],[-74.303,18.696],[-74.424,18.613],[-74.442,18.524],[-74.365,18.378],[-73.918,18.131],[-73.857,18.112],[-73.687,18.271],[-73.474,18.316],[-73.215,18.291],[-72.915,18.228],[-72.521,18.223],[-72.178,18.287],[-71.978,18.262],[-71.677,18.003],[-71.531,17.755],[-71.401,17.704],[-71.217,17.997],[-71.062,18.347],[-70.765,18.494],[-70.696,18.519],[-70.621,18.507],[-70.477,18.285],[-70.299,18.259],[-69.956,18.502],[-69.808,18.547],[-69.64,18.547],[-69.511,18.503],[-69.156,18.529],[-68.986,18.51],[-68.772,18.244],[-68.665,18.199],[-68.523,18.365],[-68.459,18.499],[-68.373,18.575],[-68.477,18.715],[-68.657,18.873],[-69.069,19.076],[-69.358,19.17],[-69.509,19.208],[-69.747,19.354],[-69.898,19.506],[-69.993,19.684],[-70.289,19.652],[-70.739,19.79],[-70.819,19.841],[-70.882,19.93],[-71.047,19.911],[-71.22,19.834],[-71.374,19.834],[-71.551,19.897]]]]},"properties":{"NAME":"Hispaniola (Spain)","SUBJECTO":"Spanish Habsburg","PARTOF":"Hispaniola (Spain)","ABBREVN":"Hispaniola (Spain)","BORDERPRECISION":3,"fid":3}},
{"type":"Feature","geometry":{"type":"MultiPolygon","coordinates":[[[[120.364,14.531],[120.471,14.804],[120.706,14.729],[120.897,14.551],[121.217,14.418],[121.285,14.342],[121.105,14.253],[120.944,14.291],[120.799,14.386],[120.511,14.112],[120.599,13.922],[120.865,13.757],[121.009,13.656],[121.187,13.681],[121.25,13.713],[121.332,13.828],[121.486,13.892],[121.625,13.898],[122.067,13.652],[122.394,13.303],[122.492,13.43],[122.325,13.779],[122.369,13.881],[122.485,13.881],[122.824,13.621],[123.094,13.381],[123.197,13.241],[123.239,13.025],[123.421,12.981],[123.677,12.893],[123.819,12.976],[123.398,13.527],[123.491,13.623],[123.661,13.693],[123.737,13.763],[123.702,13.82],[123.639,13.833],[123.359,13.953],[123.132,13.692],[122.985,13.73],[122.856,13.888],[122.776,14.174],[122.675,14.269],[122.486,14.32],[122.397,14.307],[122.179,14.065],[122.107,13.918],[121.973,13.95],[121.77,14.096],[121.729,14.108],[121.612,14.388],[121.457,14.883],[121.299,15.213],[121.242,15.308],[121.368,15.499],[121.404,15.753],[121.402,15.874],[121.439,15.918],[121.689,16.058],[122.064,16.332],[122.203,16.542],[122.396,17.114],[122.314,17.26],[122.07,17.438],[122.007,17.793],[122.028,18.009],[122.147,18.206],[122.139,18.384],[122.05,18.447],[121.925,18.371],[121.84,18.276],[121.581,18.294],[121.036,18.528],[120.8,18.553],[120.649,18.489],[120.564,18.432],[120.393,18.044],[120.36,17.758],[120.323,17.37],[120.312,17.072],[120.247,16.875],[120.258,16.614],[120.303,16.417],[120.293,16.233],[120.202,16.042],[119.762,16.359],[119.681,16.187],[119.813,15.978],[119.789,15.66],[119.772,15.47],[119.972,14.905],[120.305,14.575],[120.364,14.531]]],[[[121.094,12.201],[121.177,12.398],[121.274,12.525],[121.317,12.742],[121.304,13.129],[121.181,13.332],[121.039,13.408],[120.649,13.414],[120.341,13.387],[120.547,13.153],[120.711,12.651],[120.734,12.55],[120.891,12.366],[121.094,12.201]]],[[[125.323,11.124],[125.398,11.149],[125.449,11.207],[125.333,11.562],[125.278,11.924],[125.246,12.293],[125.119,12.477],[124.952,12.527],[124.495,12.463],[124.264,12.418],[124.33,12.208],[124.628,11.993],[124.875,11.834],[124.917,11.644],[124.854,11.491],[124.883,11.434],[124.99,11.358],[125.07,11.244],[125.323,11.124]]],[[[121.873,10.468],[122.297,10.647],[122.706,10.94],[122.789,11.029],[122.897,11.15],[122.932,11.328],[122.92,11.525],[122.635,11.442],[122.47,11.454],[122.211,11.581],[121.994,11.758],[121.966,11.231],[121.883,10.627],[121.873,10.468]]],[[[118.865,10.024],[119.034,10.126],[119.217,10.291],[119.516,10.451],[119.564,10.502],[119.469,10.755],[119.345,11.003],[119.417,11.13],[119.354,11.213],[119.207,11.13],[119.145,10.901],[119.108,10.628],[118.989,10.392],[118.848,10.214],[118.757,10.169],[118.7,10.036],[118.865,10.024]]],[[[122.942,9.048],[123.037,9.067],[123.133,9.251],[123.037,9.461],[122.962,9.594],[123.104,10.23],[123.144,10.331],[123.312,10.738],[123.29,10.865],[123.239,10.922],[123.118,10.935],[122.92,10.852],[122.701,10.032],[122.602,9.911],[122.347,9.815],[122.303,9.65],[122.396,9.478],[122.769,9.212],[122.942,9.048]]],[[[117.271,8.451],[117.444,8.635],[117.71,8.712],[117.857,8.833],[117.967,9.113],[118.044,9.17],[118.276,9.266],[118.385,9.349],[118.505,9.483],[118.558,9.673],[118.508,9.921],[118.089,9.431],[117.802,9.208],[117.536,9.049],[117.379,8.896],[117.224,8.686],[117.128,8.47],[117.271,8.451]]],[[[126.045,6.608],[126.195,6.888],[126.322,7.149],[126.372,7.34],[126.373,7.537],[126.28,7.733],[126.254,8.045],[126.306,8.235],[126.272,8.426],[126.03,8.381],[125.923,8.482],[126.075,8.813],[126.037,8.959],[125.934,9.175],[125.614,9.536],[125.428,9.784],[125.362,9.625],[125.44,9.371],[125.461,9.053],[125.401,8.951],[125.225,8.995],[125.133,8.932],[124.991,8.715],[124.872,8.925],[124.742,8.918],[124.671,8.429],[124.587,8.467],[124.372,8.561],[124.21,8.447],[124.117,8.192],[124.024,8.11],[123.805,8.084],[123.663,8.014],[123.617,8.337],[123.486,8.496],[123.136,8.451],[122.889,8.342],[122.796,8.272],[122.736,8.062],[122.638,8.005],[122.384,7.985],[122.212,7.902],[122.094,7.775],[122.01,7.533],[121.849,7.196],[121.824,7.057],[121.84,6.968],[121.894,6.911],[121.992,6.873],[122.228,7.261],[122.455,7.693],[122.635,7.783],[122.713,7.675],[122.725,7.452],[123.023,7.478],[123.248,7.593],[123.306,7.695],[123.334,7.771],[123.465,7.791],[123.815,7.658],[124.025,7.474],[124.074,7.258],[123.864,6.851],[123.881,6.565],[123.973,6.337],[124.224,6.09],[124.725,5.811],[124.803,5.786],[124.966,6.085],[125.129,6.053],[125.163,5.907],[125.073,5.723],[125.152,5.602],[125.289,5.488],[125.461,5.717],[125.533,5.94],[125.466,6.245],[125.391,6.423],[125.28,6.594],[125.443,6.963],[125.615,7.236],[125.748,7.186],[125.911,6.849],[125.955,6.652],[126.045,6.608]]]]},"properties":{"NAME":"Philippines","SUBJECTO":"Philippines","PARTOF":"Philippines","ABBREVN":"Philippines","BORDERPRECISION":3,"fid":4}},
{"type":"Feature","geometry":{"type":"Polygon","coordinates":[[[44.672,-16.236],[44.454,-16.242],[44.451,-16.725],[44.378,-16.923],[44.215,-17.19],[43.983,-17.502],[43.972,-17.553],[44.076,-17.877],[44.107,-18.099],[44.16,-18.404],[44.394,-18.791],[44.281,-19.02],[44.251,-19.103],[44.41,-19.268],[44.536,-19.369],[44.585,-19.528],[44.517,-20.024],[44.47,-20.17],[44.162,-20.698],[43.816,-21.316],[43.603,-21.399],[43.501,-21.494],[43.325,-22.111],[43.291,-22.41],[43.376,-22.632],[43.655,-23.051],[43.785,-23.267],[43.827,-23.413],[43.672,-23.903],[43.671,-24.227],[43.727,-24.354],[43.934,-24.519],[43.981,-24.627],[43.99,-24.881],[44.037,-24.989],[44.425,-25.312],[44.546,-25.337],[44.713,-25.305],[44.959,-25.387],[45.047,-25.451],[45.211,-25.66],[45.576,-25.621],[45.789,-25.411],[46.239,-25.264],[46.855,-25.218],[46.945,-25.167],[47.174,-24.88],[47.258,-24.766],[47.492,-24.06],[48.087,-22.044],[48.652,-20.339],[49.023,-19.182],[49.342,-18.228],[49.423,-17.802],[49.405,-17.401],[49.425,-17.198],[49.76,-16.746],[49.898,-16.46],[49.863,-16.282],[49.685,-16.047],[49.598,-15.653],[49.62,-15.462],[49.754,-15.398],[50.004,-15.735],[50.089,-15.9],[50.187,-15.957],[50.429,-15.594],[50.455,-15.549],[50.486,-15.48],[50.503,-15.314],[50.43,-15.105],[50.254,-14.775],[50.15,-14.419],[50.108,-14.12],[49.976,-13.301],[49.88,-12.92],[49.817,-12.831],[49.542,-12.704],[49.337,-12.412],[49.176,-12.266],[48.935,-12.477],[48.933,-12.578],[48.993,-12.737],[48.917,-13.049],[48.857,-13.252],[48.751,-13.418],[48.44,-13.654],[48.35,-13.838],[48.224,-13.794],[48.11,-13.597],[48.057,-13.565],[47.942,-13.585],[47.916,-13.737],[48.049,-14.131],[47.972,-14.284],[47.85,-14.316],[47.741,-14.31],[47.699,-14.443],[47.813,-14.627],[47.884,-14.716],[47.633,-14.984],[47.53,-14.958],[47.426,-14.825],[47.199,-15.016],[47.106,-15.144],[47.245,-15.366],[47.07,-15.461],[46.925,-15.36],[46.734,-15.449],[46.388,-15.692],[46.464,-15.857],[46.419,-15.939],[46.282,-15.952],[46.142,-15.826],[45.732,-15.89],[45.555,-16.056],[45.434,-16.094],[45.278,-16.05],[45.197,-16.037],[44.917,-16.203],[44.672,-16.236]],[[48.015,-17.023],[48.488,-19.449],[48.488,-20.041],[47.186,-23.119],[46.002,-23.592],[45.529,-23.592],[45.292,-22.645],[46.654,-17.733],[47.482,-16.904],[48.015,-17.023]]]},"properties":{"NAME":"Madagascar","SUBJECTO":"Madagascar","PARTOF":"Madagascar","ABBREVN":"Madagascar","BORDERPRECISION":3,"fid":5}},
{"type":"Feature","geometry":{"type":"MultiPolygon","coordinates":[[[[175.308,-37.321],[175.247,-37.294],[175.235,-37.231],[175.249,-37.167],[175.301,-37.136],[175.201,-37.073],[175.099,-37.073],[174.98,-37.083],[174.887,-37.062],[174.928,-36.967],[174.782,-36.894],[174.645,-36.831],[174.647,-36.767],[174.739,-36.789],[174.841,-36.789],[174.973,-36.778],[174.857,-36.694],[174.75,-36.536],[174.706,-36.462],[174.824,-36.483],[174.815,-36.389],[174.787,-36.283],[174.629,-36.157],[174.525,-36.052],[174.412,-35.968],[174.348,-35.915],[174.427,-35.936],[174.536,-35.947],[174.494,-35.873],[174.528,-35.8],[174.609,-35.789],[174.504,-35.663],[174.392,-35.579],[174.29,-35.421],[174.3,-35.347],[174.217,-35.337],[174.151,-35.421],[174.068,-35.41],[174.073,-35.347],[174.015,-35.232],[173.892,-35.2],[173.703,-35.148],[173.47,-35.032],[173.349,-35.021],[173.33,-35.084],[173.228,-35.011],[173.153,-34.958],[173.073,-34.864],[172.99,-34.727],[173.057,-34.643],[173.019,-34.518],[172.96,-34.56],[172.799,-34.58],[172.707,-34.539],[172.633,-34.56],[172.789,-34.675],[172.96,-34.864],[173.048,-35.042],[173.07,-35.126],[173.064,-35.19],[173.046,-35.253],[173.167,-35.368],[173.166,-35.421],[173.399,-35.673],[173.679,-36.02],[173.916,-36.304],[174.01,-36.431],[174.087,-36.431],[174.064,-36.368],[173.841,-36.136],[173.788,-36.031],[173.919,-36.105],[174.07,-36.189],[174.201,-36.347],[174.266,-36.483],[174.22,-36.557],[174.479,-36.862],[174.694,-37.157],[174.765,-37.297],[174.728,-37.552],[174.945,-37.928],[174.931,-38.101],[174.753,-38.299],[174.713,-38.44],[174.749,-38.753],[174.655,-38.983],[174.03,-39.291],[173.841,-39.362],[173.805,-39.42],[173.855,-39.496],[173.992,-39.611],[174.433,-39.815],[174.7,-39.898],[174.889,-39.98],[175.232,-40.242],[175.354,-40.3],[175.367,-40.454],[175.188,-40.679],[175.05,-40.981],[174.921,-41.155],[174.895,-41.296],[175.002,-41.444],[175.214,-41.585],[175.365,-41.662],[175.671,-41.52],[176.011,-41.255],[176.392,-40.779],[176.796,-40.271],[177.087,-40.04],[177.156,-39.95],[177.157,-39.854],[177.042,-39.618],[177.024,-39.445],[177.146,-39.317],[177.34,-39.227],[177.676,-39.22],[177.867,-39.207],[177.922,-39.136],[177.939,-38.83],[178.281,-38.803],[178.408,-38.771],[178.589,-38.215],[178.599,-38.125],[178.569,-37.921],[178.421,-37.845],[178.241,-37.832],[177.843,-37.986],[177.528,-38.204],[177.362,-38.237],[177.134,-38.186],[176.346,-37.874],[176.129,-37.798],[176.004,-37.364],[175.838,-37.026],[175.663,-36.95],[175.558,-36.944],[175.535,-37.072],[175.644,-37.308],[175.64,-37.41],[175.308,-37.321]]],[[[172.063,-43.923],[172.221,-43.852],[172.441,-43.793],[172.667,-43.926],[172.885,-43.894],[173.01,-43.844],[172.82,-43.714],[172.628,-43.692],[172.441,-43.509],[172.562,-43.393],[172.737,-43.322],[172.844,-43.206],[172.976,-43.147],[173.237,-42.986],[173.627,-42.65],[173.841,-42.488],[173.959,-42.308],[174.234,-42.011],[174.204,-41.889],[174.069,-41.696],[174.158,-41.516],[174.058,-41.291],[173.893,-41.24],[173.701,-41.254],[173.264,-41.544],[173.123,-41.435],[173.019,-41.075],[172.935,-40.992],[172.784,-40.965],[172.769,-40.848],[172.605,-40.774],[172.437,-40.753],[172.207,-41.045],[172.148,-41.578],[172.087,-41.707],[171.887,-41.829],[171.625,-41.946],[171.596,-42.014],[171.458,-41.993],[171.384,-42.191],[171.349,-42.287],[171.398,-42.513],[171.197,-42.648],[171.077,-42.713],[171.081,-42.79],[171.024,-42.887],[170.725,-43.068],[170.371,-43.217],[170.203,-43.224],[169.987,-43.36],[169.957,-43.482],[169.649,-43.741],[169.479,-43.786],[169.235,-43.948],[168.914,-44.097],[168.416,-44.221],[167.967,-44.48],[167.921,-44.616],[167.669,-44.784],[167.521,-44.953],[167.265,-45.063],[167.137,-45.2],[167.164,-45.33],[167.255,-45.427],[167.318,-45.504],[167.281,-45.563],[166.855,-45.492],[166.801,-45.557],[167.009,-45.817],[166.64,-45.697],[166.844,-45.915],[166.699,-45.915],[166.551,-45.967],[166.651,-46.064],[166.457,-46.104],[166.523,-46.233],[166.754,-46.276],[166.85,-46.35],[167.202,-46.308],[167.229,-46.232],[167.338,-46.168],[167.548,-46.212],[167.62,-46.351],[167.788,-46.381],[168.154,-46.452],[168.417,-46.651],[168.7,-46.6],[169.22,-46.716],[169.399,-46.71],[169.666,-46.527],[169.927,-46.422],[170.044,-46.357],[170.121,-46.246],[170.424,-46.089],[170.612,-45.946],[170.707,-45.699],[170.899,-45.296],[171.024,-45.075],[170.822,-44.966],[170.634,-44.863],[171.073,-44.907],[171.171,-44.939],[171.2,-44.745],[171.191,-44.629],[171.255,-44.551],[171.062,-44.364],[170.994,-44.267],[171.066,-44.229],[171.378,-44.338],[171.488,-44.228],[171.633,-44.182],[171.772,-44.053],[172.023,-43.994],[172.063,-43.923]]]]},"properties":{"NAME":"Maori","SUBJECTO":"Maori","PARTOF":"Maori","ABBREVN":"Maori","BORDERPRECISION":3,"fid":6}},
{"type":"Feature","geometry":{"type":"Polygon","coordinates":[[[-24.219,65.534],[-24.147,65.439],[-23.678,65.317],[-23.374,65.354],[-23.183,65.427],[-22.814,65.471],[-22.362,65.45],[-22.146,65.385],[-21.955,65.378],[-21.794,65.298],[-21.729,65.182],[-21.809,65.037],[-21.978,64.95],[-22.45,64.906],[-22.778,64.855],[-23.136,64.847],[-23.437,64.804],[-23.611,64.746],[-23.675,64.659],[-23.508,64.559],[-23.258,64.574],[-22.554,64.625],[-22.392,64.662],[-22.279,64.619],[-22.086,64.44],[-21.857,64.383],[-21.488,64.376],[-21.804,64.11],[-22.311,63.952],[-22.507,63.866],[-22.373,63.773],[-21.548,63.718],[-21.079,63.711],[-20.88,63.74],[-20.404,63.698],[-19.827,63.478],[-19.553,63.415],[-18.961,63.337],[-18.642,63.324],[-18.157,63.367],[-17.944,63.425],[-17.591,63.689],[-17.244,63.733],[-16.918,63.733],[-16.534,63.784],[-15.876,63.993],[-15.634,64.057],[-15.267,64.28],[-15.077,64.209],[-14.821,64.195],[-14.598,64.267],[-14.366,64.476],[-14.348,64.67],[-14.26,64.713],[-13.893,64.721],[-13.694,64.779],[-13.626,64.894],[-13.557,65.009],[-13.526,65.183],[-13.59,65.43],[-13.647,65.495],[-14.4,65.567],[-14.754,65.697],[-14.641,65.945],[-14.763,66.055],[-15.071,66.061],[-15.574,66.207],[-15.86,66.419],[-16.385,66.454],[-16.376,66.132],[-16.568,66.029],[-16.922,65.978],[-17.57,66.013],[-18.022,66.078],[-17.861,65.837],[-17.884,65.757],[-18.128,65.786],[-18.369,65.895],[-18.676,66.091],[-19.044,66.017],[-19.165,66.003],[-19.275,65.929],[-19.156,65.725],[-19.239,65.667],[-19.336,65.674],[-19.556,65.768],[-19.748,65.907],[-19.973,66.111],[-20.217,66.001],[-20.141,65.651],[-20.168,65.556],[-20.389,65.475],[-20.672,65.424],[-20.831,65.366],[-21.08,65.205],[-21.495,65.568],[-21.296,65.699],[-21.242,65.882],[-21.443,66.13],[-21.779,66.254],[-22.21,66.29],[-22.676,66.391],[-22.841,66.281],[-22.56,66.113],[-22.474,65.996],[-22.609,65.923],[-22.911,65.944],[-23.341,66.134],[-23.466,66.133],[-23.608,65.98],[-23.426,65.827],[-23.267,65.725],[-23.571,65.681],[-23.973,65.687],[-24.162,65.607],[-24.219,65.534]]]},"properties":{"BORDERPRECISION":3,"fid":7}},
{"type":"Feature","geometry":{"type":"Polygon","coordinates":[[[3.039,42.869],[2.949,42.883],[2.825,42.85],[2.701,42.73],[2.49,42.719],[2.481,42.686],[2.272,42.69],[2.103,42.615],[1.728,42.501],[1.731,42.546],[1.792,42.579],[1.755,42.597],[1.577,42.648],[1.456,42.619],[1.316,42.614],[1.307,42.635],[0.744,42.772],[0.584,42.772],[0.592,42.628],[0.348,42.635],[0.196,42.608],[0.18,42.663],[-0.166,42.649],[-0.204,42.7],[-0.216,42.717],[-0.41,42.786],[-0.469,42.751],[-0.587,42.765],[-0.612,42.731],[-0.84,42.909],[-0.907,42.881],[-1.397,43.032],[-1.448,42.984],[-1.515,42.998],[-1.558,43.045],[-1.466,43.155],[-1.491,43.21],[-1.702,43.196],[-1.915,43.305],[-2.066,43.333],[-2.367,43.326],[-2.768,43.538],[-3.007,43.55],[-3.196,43.447],[-3.417,43.376],[-3.848,43.439],[-4.11,43.452],[-4.802,43.469],[-5.225,43.507],[-5.537,43.577],[-5.82,43.706],[-5.98,43.705],[-6.208,43.641],[-6.468,43.563],[-6.808,43.523],[-7.151,43.555],[-7.636,43.721],[-7.98,43.74],[-8.22,43.617],[-8.251,43.43],[-8.31,43.353],[-8.596,43.34],[-8.849,43.326],[-9.014,43.281],[-9.197,43.158],[-9.271,43.049],[-9.247,42.901],[-9.173,42.856],[-8.942,42.824],[-8.805,42.632],[-8.644,42.42],[-8.799,42.195],[-8.86,42.015],[-8.806,41.889],[-8.405,42.002],[-8.157,42.087],[-7.919,41.889],[-7.098,41.868],[-6.86,41.985],[-6.709,41.96],[-6.586,41.858],[-6.518,41.749],[-6.139,41.526],[-6.112,41.417],[-6.241,41.32],[-6.797,41.093],[-6.834,41.061],[-6.857,40.862],[-6.825,40.657],[-6.884,40.214],[-6.859,39.792],[-6.878,39.702],[-7.084,39.599],[-7.301,39.579],[-7.431,39.521],[-7.211,39.298],[-7.007,39.05],[-6.933,38.961],[-7.089,38.795],[-7.317,38.5],[-7.394,38.295],[-7.028,38.24],[-6.845,38.1],[-7.243,37.811],[-7.351,37.644],[-7.488,37.216],[-7.492,37.208],[-7.228,37.226],[-7.01,37.165],[-6.948,37.149],[-6.632,37.022],[-6.422,36.792],[-6.5,36.719],[-6.444,36.623],[-6.289,36.572],[-6.305,36.454],[-6.204,36.282],[-5.85,36.072],[-5.661,36.008],[-5.485,36.065],[-5.488,36.174],[-5.457,36.167],[-5.424,36.072],[-5.387,36.11],[-5.374,36.237],[-5.217,36.41],[-4.757,36.486],[-4.447,36.722],[-2.97,36.741],[-2.915,36.69],[-2.761,36.69],[-2.624,36.811],[-2.355,36.824],[-2.239,36.728],[-1.94,36.952],[-1.817,37.292],[-1.626,37.439],[-1.365,37.548],[-0.918,37.57],[-0.803,37.615],[-0.872,37.76],[-0.665,38.177],[-0.564,38.215],[-0.435,38.43],[-0.204,38.544],[-0.107,38.591],[0.173,38.738],[0.126,38.821],[-0.166,38.954],[-0.204,39.013],[-0.236,39.062],[-0.395,39.434],[-0.285,39.637],[-0.204,39.799],[-0.161,39.886],[0.238,40.24],[0.505,40.593],[0.788,40.657],[0.827,40.727],[0.71,40.785],[0.734,40.875],[0.879,41.022],[1.311,41.157],[1.61,41.209],[2.081,41.298],[2.201,41.446],[2.628,41.62],[3.129,41.857],[3.157,42.076],[3.086,42.121],[3.087,42.329],[3.087,42.369],[3.046,42.539],[3.002,42.771],[3.039,42.869]]]},"properties":{"NAME":"Spain","SUBJECTO":"Spanish Habsburg","PARTOF":"Spanish Habsburg","ABBREVN":"Spain","BORDERPRECISION":3,"fid":8}},
{"type":"Feature","geometry":{"type":"Polygon","coordinates":[[[-8.806,41.889],[-8.921,41.767],[-8.855,41.597],[-8.852,41.408],[-8.694,40.992],[-8.97,40.19],[-8.916,40.138],[-9.118,39.644],[-9.299,39.418],[-9.415,39.367],[-9.398,39.23],[-9.46,38.953],[-9.549,38.775],[-9.522,38.69],[-9.362,38.671],[-9.176,38.732],[-9.041,38.92],[-8.961,38.818],[-8.942,38.742],[-9.069,38.643],[-9.285,38.619],[-9.237,38.417],[-9.022,38.461],[-8.854,38.5],[-8.789,38.436],[-8.847,38.385],[-8.823,38.206],[-8.933,37.962],[-8.851,37.91],[-8.842,37.525],[-9.017,37.07],[-8.991,36.99],[-8.667,37.121],[-8.541,37.089],[-8.28,37.089],[-8.034,37.009],[-7.836,37.032],[-7.603,37.163],[-7.492,37.208],[-7.488,37.216],[-7.351,37.644],[-7.243,37.811],[-6.845,38.1],[-7.028,38.24],[-7.394,38.295],[-7.317,38.5],[-7.089,38.795],[-6.933,38.961],[-7.007,39.05],[-7.211,39.298],[-7.431,39.521],[-7.301,39.579],[-7.084,39.599],[-6.878,39.702],[-6.859,39.792],[-6.884,40.214],[-6.825,40.657],[-6.857,40.862],[-6.834,41.061],[-6.797,41.093],[-6.241,41.32],[-6.112,41.417],[-6.139,41.526],[-6.518,41.749],[-6.586,41.858],[-6.709,41.96],[-6.86,41.985],[-7.098,41.868],[-7.919,41.889],[-8.157,42.087],[-8.405,42.002],[-8.806,41.889]]]},"properties":{"NAME":"Portugal","SUBJECTO":"Portugal","PARTOF":"Portugal","ABBREVN":"Portugal","BORDERPRECISION":3,"fid":9}},
{"type":"Feature","geometry":{"type":"Polygon","coordinates":[[[-88.941,15.905],[-88.941,16.033],[-88.766,16.141],[-88.742,16.269],[-88.58,16.284],[-88.445,16.441],[-88.283,16.835],[-88.242,17.014],[-88.327,17.157],[-88.22,17.514],[-88.3,17.635],[-88.112,18.194],[-88.124,18.387],[-88.399,18.309],[-88.32,18.494],[-88.517,18.487],[-88.597,18.286],[-88.867,17.901],[-89.04,18.022],[-89.166,17.979],[-89.154,17.831],[-89.251,15.897],[-88.941,15.905]]]},"properties":{"NAME":"Belize","SUBJECTO":"Belize","PARTOF":"Belize","ABBREVN":"Belize","BORDERPRECISION":3,"fid":10}},
{"type":"Feature","geometry":{"type":"MultiPolygon","coordinates":[[[[102.074,6.154],[102.035,6.002],[101.812,5.845],[101.763,5.586],[101.473,5.546],[101.451,5.761],[101.312,5.835],[101.186,5.709],[101.076,5.531],[100.984,5.569],[100.931,5.677],[101.027,5.856],[101.008,5.95],[100.984,6.052],[100.867,6.159],[100.665,6.212],[100.617,6.422],[100.36,6.417],[100.159,6.34],[100.139,6.177],[100.224,5.853],[100.38,5.021],[100.559,4.736],[100.608,4.552],[100.594,4.425],[100.577,4.202],[100.664,3.904],[101.067,3.536],[101.264,3.225],[101.336,2.781],[101.434,2.666],[101.893,2.337],[102.447,2.033],[102.717,1.881],[103.115,1.609],[103.349,1.412],[103.428,1.381],[103.608,1.445],[104.011,1.42],[104.176,1.389],[104.148,1.446],[103.83,2.17],[103.678,2.411],[103.44,2.633],[103.351,2.804],[103.308,3.026],[103.339,3.312],[103.308,3.795],[103.368,4.183],[103.379,4.545],[103.342,4.805],[103.114,5.148],[102.802,5.56],[102.325,6.099],[102.09,6.143],[102.074,6.154]]],[[[109.518,1.821],[109.648,1.464],[109.761,1.331],[110.211,0.889],[110.348,0.852],[110.549,0.726],[110.966,0.913],[111.081,0.913],[111.318,0.813],[111.562,0.764],[111.742,0.841],[111.98,0.995],[112.161,1.231],[112.4,1.43],[112.616,1.463],[112.809,1.413],[113.06,1.3],[113.296,1.2],[113.547,1.132],[113.677,1.145],[113.887,1.305],[114.096,1.383],[114.485,1.461],[114.659,1.596],[115.076,2.399],[115.042,2.736],[115.14,2.889],[115.431,2.999],[115.53,3.171],[115.482,3.615],[115.536,3.87],[115.707,4.157],[115.818,4.227],[116.027,4.235],[116.363,4.199],[116.657,4.162],[116.938,4.17],[117.138,4.153],[117.477,4.021],[117.559,3.981],[117.589,4.048],[117.822,4.1],[118.112,4.145],[118.319,4.234],[118.391,4.374],[117.992,4.685],[117.948,4.799],[118.108,4.939],[118.416,4.902],[118.683,4.915],[118.881,4.979],[118.971,5.049],[119.043,5.17],[118.998,5.278],[118.843,5.341],[118.377,5.639],[118.256,5.664],[118.095,5.625],[117.762,5.58],[117.918,5.803],[117.867,5.904],[117.654,5.847],[117.37,5.789],[117.354,5.878],[117.459,6.081],[117.541,6.24],[117.507,6.393],[117.326,6.488],[117.168,6.614],[117.031,6.837],[116.889,6.646],[116.741,6.69],[116.596,6.899],[116.562,6.823],[116.338,6.358],[116.099,6.097],[115.971,5.881],[115.787,5.74],[115.717,5.468],[115.488,5.486],[115.292,5.454],[115.203,5.276],[115.418,5.111],[115.434,5.003],[115.361,4.876],[115.159,4.838],[115.121,4.831],[115.037,4.895],[114.962,4.877],[115.011,4.798],[115.078,4.598],[115.067,4.548],[115.061,4.437],[115.15,4.348],[115.161,4.309],[114.606,4.121],[114.434,3.998],[114.295,4.121],[114.245,4.237],[114.139,4.232],[114.112,4.398],[114.074,4.455],[114.023,4.425],[113.913,4.358],[113.815,4.263],[113.423,3.76],[113.188,3.615],[112.952,3.155],[112.759,3.009],[112.301,2.874],[111.635,2.72],[111.372,2.599],[111.134,2.033],[110.97,1.759],[110.893,1.511],[111.12,1.27],[110.968,1.226],[110.818,1.244],[110.475,1.441],[110.289,1.516],[109.902,1.554],[109.723,1.617],[109.554,1.801],[109.518,1.821]]]]},"properties":{"NAME":"Malaya","SUBJECTO":"Malaya","PARTOF":"Malaya","ABBREVN":"Malaya","BORDERPRECISION":3,"fid":11}},
{"type":"Feature","geometry":{"type":"MultiPolygon","coordinates":[[[[149.554,-6.406],[149.917,-6.354],[150.276,-6.341],[150.494,-6.277],[150.932,-6.085],[151.056,-6.015],[151.239,-5.792],[151.28,-5.671],[151.467,-5.671],[151.802,-5.708],[151.92,-5.657],[152.059,-5.498],[151.862,-5.282],[151.835,-5.206],[151.907,-5.104],[152.136,-5.085],[152.18,-5.002],[152.268,-4.779],[152.233,-4.621],[152.09,-4.36],[151.944,-4.52],[151.762,-4.495],[151.539,-4.406],[151.559,-4.648],[151.588,-4.902],[151.57,-5.029],[151.452,-5.086],[151.157,-5.1],[151.049,-5.195],[150.887,-5.52],[150.722,-5.622],[150.289,-5.712],[150.181,-5.706],[150.052,-5.623],[149.894,-5.446],[149.869,-5.401],[149.764,-5.63],[149.648,-5.713],[149.413,-5.739],[149.079,-5.702],[148.836,-5.645],[148.507,-5.671],[148.377,-5.659],[148.306,-5.773],[148.416,-5.881],[148.712,-5.988],[148.842,-6.071],[149.021,-6.242],[149.209,-6.153],[149.379,-6.209],[149.48,-6.298],[149.554,-6.406]]],[[[140.948,-9.274],[141.496,-9.315],[142.307,-9.333],[142.607,-9.377],[142.813,-9.281],[143.146,-9.089],[143.331,-9],[143.233,-8.822],[143.051,-8.67],[142.753,-8.512],[142.464,-8.436],[142.356,-8.367],[142.249,-8.31],[142.464,-8.296],[142.97,-8.378],[143.437,-8.358],[143.489,-8.307],[143.356,-8.129],[143.496,-8.084],[143.667,-8.141],[143.78,-8.109],[143.792,-8.014],[143.665,-7.671],[144.016,-7.874],[144.193,-7.841],[144.38,-7.758],[144.627,-7.783],[144.929,-7.922],[145.615,-8.073],[145.82,-8.098],[146.096,-8.466],[146.586,-9.19],[146.646,-9.279],[146.858,-9.431],[147.185,-9.57],[147.293,-9.691],[147.393,-9.926],[147.615,-10.084],[147.874,-10.179],[148.222,-10.191],[148.561,-10.184],[148.85,-10.24],[149.329,-10.36],[149.783,-10.41],[149.84,-10.454],[149.906,-10.664],[150.002,-10.734],[150.495,-10.739],[150.523,-10.637],[150.418,-10.294],[150.176,-10.161],[149.696,-10.035],[149.567,-9.927],[149.859,-9.831],[149.873,-9.768],[149.83,-9.711],[149.546,-9.635],[149.357,-9.616],[149.176,-9.553],[149.078,-9.458],[149.237,-9.21],[149.198,-9.121],[149.045,-9.115],[148.725,-9.154],[148.589,-9.16],[148.459,-9.097],[148.133,-8.627],[148.035,-8.246],[147.376,-7.796],[147.151,-7.562],[146.886,-7.117],[146.865,-6.965],[146.909,-6.895],[147.162,-6.824],[147.664,-6.791],[147.739,-6.74],[147.644,-6.48],[147.458,-6.239],[147.376,-6.125],[147.053,-6.043],[146.893,-6.03],[146.045,-5.676],[145.745,-5.626],[145.608,-5.525],[145.593,-5.423],[145.728,-4.997],[145.377,-4.674],[145.068,-4.496],[144.783,-4.338],[144.659,-4.224],[144.543,-3.995],[144.372,-4.021],[144.103,-3.984],[143.827,-3.838],[143.446,-3.61],[142.881,-3.44],[142.413,-3.307],[142.031,-3.156],[140.87,-2.795],[140.945,-6.379],[140.747,-6.749],[140.941,-7.365],[140.962,-7.727],[140.948,-9.274]]]]},"properties":{"NAME":"Papous","SUBJECTO":"Papous","PARTOF":"Papous","ABBREVN":"Papous","BORDERPRECISION":3,"fid":12}},
{"type":"Feature","geometry":{"type":"Polygon","coordinates":[[[7.16,53.164],[7.043,53.164],[7.009,53.245],[6.861,53.266],[6.751,53.39],[6.261,53.322],[5.966,53.335],[5.647,53.228],[5.39,53.139],[5.332,53.011],[5.343,52.996],[5.358,52.938],[5.326,52.79],[5.576,52.76],[5.653,52.75],[5.547,52.679],[5.556,52.587],[5.611,52.532],[5.817,52.521],[5.757,52.334],[5.574,52.283],[5.473,52.177],[4.95,52.278],[5.036,52.334],[5.006,52.557],[5.108,52.532],[5.235,52.623],[5.173,52.743],[5.008,52.856],[4.719,52.802],[4.641,52.756],[4.387,52.23],[4.264,52.071],[3.878,51.792],[3.52,51.579],[3.743,51.46],[3.775,51.388],[3.99,51.344],[4.173,51.325],[4.407,51.34],[4.395,51.411],[4.533,51.405],[4.671,51.405],[4.791,51.487],[4.932,51.378],[5.01,51.433],[5.113,51.405],[5.244,51.237],[5.484,51.286],[5.824,51.117],[5.774,50.926],[5.697,50.883],[5.697,50.731],[6,50.742],[6.074,50.867],[6.01,50.964],[5.928,50.981],[5.964,51.024],[6.07,51.084],[6.176,51.144],[6.089,51.198],[6.18,51.322],[6.222,51.389],[6.154,51.521],[6.117,51.64],[5.948,51.722],[5.979,51.804],[6.133,51.838],[6.211,51.88],[6.381,51.82],[6.68,51.888],[6.825,51.956],[6.882,52.126],[7.068,52.219],[7.068,52.273],[7.069,52.366],[6.997,52.443],[6.912,52.416],[6.714,52.476],[6.727,52.558],[6.778,52.64],[7.035,52.624],[7.073,52.804],[7.228,52.967],[7.16,53.164]]]},"properties":{"NAME":"Dutch Republic","SUBJECTO":"Dutch Republic","PARTOF":"Dutch Republic","ABBREVN":"Dutch Republic","BORDERPRECISION":3,"fid":13}},
{"type":"Feature","geometry":{"type":"MultiPolygon","coordinates":[[[[-88.32,18.494],[-88.311,18.741],[-88.138,18.894],[-88.105,18.825],[-88.03,18.621],[-87.877,18.381],[-87.849,18.489],[-87.8,18.743],[-87.682,19.281],[-87.637,19.575],[-87.789,19.513],[-87.858,19.582],[-87.774,19.741],[-87.66,19.875],[-87.651,20.19],[-87.508,20.39],[-87.313,20.581],[-87.07,20.804],[-86.936,20.976],[-86.9,21.167],[-86.922,21.301],[-87.201,21.529],[-87.371,21.571],[-87.597,21.484],[-88.109,21.565],[-88.334,21.59],[-88.601,21.564],[-89.058,21.398],[-89.547,21.295],[-89.863,21.25],[-90,21.161],[-90,21.141],[-90,20.991],[-90,20.676],[-90,20.161],[-90,19.947],[-90,19.754],[-90,19.382],[-91.22,19.102],[-91.702,18.823],[-91.526,18.745],[-91.479,18.634],[-91.611,18.545],[-91.73,18.416],[-92.107,18.516],[-92.098,18.76],[-92.459,18.689],[-93.087,18.554],[-93.785,18.349],[-94.242,18.24],[-94.59,18.271],[-94.816,18.5],[-95.083,18.702],[-95.343,18.772],[-95.539,18.765],[-95.844,18.796],[-96.012,18.929],[-96.341,19.482],[-96.579,19.92],[-96.795,20.154],[-96.881,20.358],[-97.223,20.764],[-97.504,21.189],[-97.628,21.551],[-97.882,22.333],[-97.875,22.841],[-97.815,23.375],[-97.823,24.208],[-97.742,24.73],[-97.658,25.073],[-97.425,25.442],[-97.26,25.811],[-99.136,26.177],[-104.704,29.451],[-105.1,30.341],[-106.386,31.429],[-106.682,32.095],[-106.914,32.423],[-107.103,32.61],[-107.284,32.656],[-107.32,33.163],[-107.207,33.194],[-106.98,34.101],[-106.386,35.882],[-105.931,36.67],[-105.931,37.128],[-106.38,37.182],[-106.455,37.191],[-107.381,36.916],[-107.8,36.72],[-107.88,36.47],[-108.562,33.25],[-108.352,29.038],[-109.615,28.616],[-110.668,31.144],[-113.031,33.088],[-113.809,32.941],[-113.828,32.95],[-114.334,33.187],[-114.255,33.421],[-115.175,33.472],[-117.497,33.325],[-117.348,33.053],[-117.349,32.755],[-117.331,32.713],[-117.318,32.736],[-117.304,32.755],[-117.282,32.725],[-117.193,32.563],[-117.174,32.521],[-117.075,32.302],[-116.96,32.156],[-116.611,31.877],[-116.706,31.705],[-116.705,31.591],[-116.509,31.273],[-116.229,30.943],[-116.138,30.765],[-116.126,30.498],[-116.058,30.339],[-115.857,30.282],[-115.816,30.213],[-115.694,29.92],[-115.602,29.685],[-115.421,29.533],[-114.978,29.311],[-114.483,28.912],[-114.273,28.709],[-114.067,28.423],[-114.063,28.34],[-114.105,28.054],[-114.214,27.908],[-114.479,27.78],[-114.749,27.786],[-115.055,27.853],[-114.944,27.739],[-114.881,27.682],[-114.478,27.244],[-114.153,27.105],[-113.585,26.769],[-113.422,26.744],[-113.285,26.808],[-112.981,26.503],[-112.756,26.364],[-112.558,26.32],[-112.411,26.193],[-112.304,26.021],[-112.084,25.57],[-112.068,25.456],[-112.166,25.011],[-112.093,24.89],[-111.906,24.687],[-111.392,24.243],[-111.016,24.015],[-110.784,23.799],[-110.502,23.66],[-110.225,23.4],[-110.117,23.07],[-110.004,22.885],[-109.889,22.867],[-109.578,23.134],[-109.517,23.192],[-109.429,23.433],[-109.489,23.573],[-109.615,23.579],[-109.824,23.693],[-109.94,23.954],[-110.205,24.315],[-110.31,24.226],[-110.485,24.15],[-110.656,24.219],[-110.772,24.378],[-110.766,24.613],[-110.798,24.88],[-111.09,25.42],[-111.329,25.896],[-111.484,26.557],[-111.594,26.76],[-111.694,26.697],[-111.915,26.664],[-112.115,27.02],[-112.187,27.312],[-112.284,27.509],[-112.344,27.535],[-112.567,27.56],[-112.678,27.629],[-112.724,27.705],[-112.87,28.335],[-112.976,28.411],[-113.124,28.43],[-113.322,28.556],[-113.593,29.103],[-113.829,29.401],[-114.1,29.642],[-114.389,29.762],[-114.453,29.838],[-114.683,30.143],[-114.722,30.372],[-114.735,30.843],[-114.853,30.976],[-114.973,31.128],[-114.988,31.166],[-114.967,31.364],[-114.839,31.815],[-114.195,31.524],[-114.082,31.544],[-113.952,31.69],[-113.746,31.608],[-113.689,31.538],[-113.662,31.335],[-113.304,31.246],[-113.052,31.139],[-113.066,30.999],[-113.085,30.77],[-113.017,30.566],[-112.908,30.414],[-112.737,30.109],[-112.654,29.919],[-112.323,29.436],[-112.033,29.061],[-111.906,28.814],[-111.692,28.496],[-111.271,28.109],[-111.064,27.995],[-110.857,27.951],[-110.604,27.856],[-110.521,27.755],[-110.559,27.634],[-110.582,27.462],[-110.526,27.348],[-110.382,27.214],[-110.107,27.139],[-109.946,27.044],[-109.893,26.885],[-109.724,26.605],[-109.527,26.72],[-109.189,26.441],[-109.132,26.289],[-109.338,25.958],[-109.336,25.811],[-109.263,25.646],[-109.156,25.577],[-108.969,25.628],[-108.848,25.615],[-108.683,25.38],[-108.499,25.241],[-108.226,25.152],[-108.078,25.064],[-108.013,24.981],[-107.987,24.765],[-107.916,24.645],[-107.771,24.556],[-107.404,24.296],[-107.191,24.061],[-106.757,23.585],[-106.512,23.363],[-105.839,22.564],[-105.54,22.285],[-105.508,22.164],[-105.574,22.087],[-105.628,21.954],[-105.294,21.522],[-105.216,21.313],[-105.234,21.141],[-105.44,20.835],[-105.291,20.67],[-105.312,20.588],[-105.393,20.511],[-105.62,20.473],[-105.687,20.403],[-105.67,20.352],[-105.507,20.104],[-105.173,19.66],[-104.948,19.438],[-104.669,19.318],[-104.197,19.058],[-103.975,18.88],[-103.748,18.595],[-103.494,18.354],[-102.668,18.095],[-102.358,18.032],[-102.086,18.058],[-101.993,18.027],[-101.487,17.576],[-101.221,17.418],[-100.737,17.222],[-100.413,17.057],[-99.979,16.893],[-99.209,16.717],[-98.856,16.597],[-98.435,16.362],[-98.146,16.172],[-97.881,16.052],[-97.294,15.964],[-97.078,15.876],[-96.752,15.781],[-96.333,15.75],[-95.993,15.865],[-95.498,16.121],[-95.13,16.299],[-94.835,16.319],[-94.363,16.225],[-94.075,16.111],[-94.052,16.079],[-93.812,15.921],[-93.33,15.534],[-92.901,15.192],[-92.472,14.792],[-92.155,14.543],[-91.925,14.354],[-91.516,14.059],[-91.242,13.952],[-90,13.937],[-90,13.798],[-90,13.773],[-89.989,13.678],[-89.402,13.482],[-88.638,13.255],[-88.255,13.192],[-87.949,13.172],[-87.842,13.322],[-87.846,13.441],[-87.755,13.467],[-87.771,13.501],[-87.556,13.366],[-87.544,13.327],[-87.404,13.03],[-87.685,13.017],[-87.675,12.915],[-87.587,12.832],[-87.261,12.623],[-86.885,12.256],[-86.434,11.767],[-86.014,11.368],[-85.84,11.078],[-85.733,11.085],[-85.707,10.983],[-85.87,10.928],[-85.621,10.827],[-85.617,10.652],[-85.767,10.55],[-85.824,10.361],[-85.778,10.138],[-85.712,10.03],[-85.566,9.923],[-85.314,9.828],[-85.154,9.701],[-85.089,9.583],[-84.844,9.841],[-84.926,9.961],[-85.116,9.981],[-85.154,10.08],[-85.255,10.311],[-85.068,10.191],[-84.809,10.032],[-84.697,9.988],[-84.631,9.874],[-84.635,9.684],[-84.492,9.537],[-84.182,9.491],[-84.147,9.427],[-83.834,9.297],[-83.615,9.152],[-83.533,8.999],[-83.551,8.828],[-83.664,8.675],[-83.605,8.548],[-83.279,8.413],[-83.228,8.441],[-83.266,8.542],[-83.412,8.727],[-83.362,8.763],[-83.255,8.717],[-83.085,8.651],[-83.09,8.395],[-82.956,8.257],[-82.957,8.047],[-82.866,8.321],[-82.975,8.404],[-82.807,8.57],[-82.863,8.809],[-82.684,8.975],[-82.913,9.113],[-82.913,9.374],[-82.907,9.519],[-82.808,9.611],[-82.593,9.528],[-82.56,9.583],[-82.554,9.586],[-82.752,9.744],[-82.962,10.034],[-83.063,10.055],[-83.204,10.2],[-83.377,10.48],[-83.747,10.878],[-83.831,11.042],[-83.914,11.251],[-83.928,11.499],[-83.9,11.888],[-83.883,12.122],[-83.798,12.453],[-83.688,12.962],[-83.707,13.368],[-83.662,13.705],[-83.418,14.068],[-83.322,14.386],[-83.296,14.615],[-83.314,14.768],[-83.417,15.001],[-83.527,15.237],[-83.778,15.268],[-84.132,15.375],[-84.234,15.502],[-84.188,15.604],[-84.171,15.763],[-84.425,15.877],[-84.65,15.933],[-84.934,15.933],[-85.277,15.888],[-85.632,15.874],[-85.887,15.994],[-86.058,15.905],[-86.372,15.803],[-87.021,15.82],[-87.236,15.852],[-87.571,15.908],[-87.858,15.882],[-88.133,15.761],[-88.274,15.747],[-88.48,15.912],[-88.631,15.983],[-88.601,15.812],[-88.664,15.726],[-88.804,15.862],[-88.941,15.905],[-89.251,15.897],[-89.154,17.831],[-89.166,17.979],[-89.04,18.022],[-88.867,17.901],[-88.597,18.286],[-88.517,18.487],[-88.32,18.494]]],[[[-71.098,9.328],[-71.182,9.277],[-71.287,9.213],[-71.369,9.143],[-71.605,9.092],[-71.758,9.25],[-71.871,9.574],[-72,9.688],[-72.114,9.904],[-72.052,10.069],[-71.896,10.44],[-71.749,10.604],[-71.688,10.769],[-71.757,11.03],[-71.738,11.095],[-71.838,11.151],[-71.902,11.334],[-71.988,11.608],[-71.923,11.703],[-71.594,11.844],[-71.189,11.912],[-71.061,12.061],[-71.13,12.213],[-71.2,12.27],[-71.437,12.422],[-72.723,10.983],[-73.127,8.829],[-72.723,6.675],[-71.511,6.54],[-68.592,5.201],[-67.798,5.201],[-66.26,7.348],[-65.317,8.021],[-59.834,8.44],[-60.213,8.563],[-60.539,8.601],[-60.957,8.587],[-61.105,8.523],[-61.271,8.51],[-61.54,8.554],[-61.765,8.583],[-61.29,8.771],[-61.194,8.873],[-61.121,9.165],[-60.793,9.388],[-61.001,9.521],[-61.415,9.698],[-61.531,9.851],[-61.699,9.895],[-61.917,9.907],[-62.103,10.021],[-62.186,9.957],[-62.297,9.722],[-62.385,10.014],[-62.659,10.255],[-62.925,10.369],[-62.952,10.451],[-62.914,10.547],[-62.72,10.553],[-62.336,10.535],[-62.203,10.618],[-62.178,10.682],[-62.29,10.732],[-62.703,10.757],[-63.221,10.724],[-63.653,10.691],[-63.857,10.71],[-64.068,10.627],[-64.537,10.264],[-64.712,10.161],[-64.884,10.136],[-65.376,10.154],[-65.596,10.217],[-65.856,10.331],[-65.977,10.407],[-66.157,10.622],[-66.478,10.679],[-66.838,10.653],[-67.103,10.627],[-67.521,10.6],[-67.98,10.542],[-68.141,10.58],[-68.302,10.726],[-68.372,11.012],[-68.549,11.265],[-68.695,11.38],[-68.961,11.468],[-69.166,11.499],[-69.481,11.549],[-69.629,11.541],[-69.743,11.657],[-69.745,11.746],[-69.775,11.786],[-69.787,11.873],[-69.786,11.94],[-69.87,12.012],[-69.933,12.178],[-69.974,12.228],[-70.138,12.209],[-70.29,12.113],[-70.339,11.999],[-70.197,11.751],[-70.095,11.746],[-70.024,11.758],[-69.923,11.79],[-69.865,11.758],[-69.848,11.709],[-69.792,11.693],[-69.767,11.604],[-69.748,11.533],[-69.812,11.53],[-70.122,11.491],[-70.161,11.39],[-70.61,11.267],[-71.098,11.12],[-71.548,10.949],[-71.456,10.885],[-71.499,10.772],[-71.607,10.727],[-71.496,10.646],[-71.443,10.468],[-71.381,10.408],[-71.184,10.046],[-71.089,9.919],[-71.014,9.627],[-71.044,9.392],[-71.098,9.328]]],[[[-61.224,10.69],[-61.172,10.721],[-61.114,10.822],[-61.224,10.825],[-61.358,10.794],[-61.406,10.777],[-61.579,10.786],[-61.631,10.747],[-61.735,10.734],[-61.809,10.725],[-61.861,10.682],[-61.735,10.66],[-61.692,10.599],[-61.662,10.543],[-61.675,10.461],[-61.696,10.404],[-61.653,10.279],[-61.714,10.214],[-61.783,10.218],[-61.831,10.227],[-61.839,10.188],[-61.939,10.127],[-62.03,10.114],[-62.047,10.084],[-62.039,10.058],[-61.878,10.058],[-61.839,10.036],[-61.753,10.053],[-61.536,10.036],[-61.471,10.053],[-61.41,10.049],[-61.207,10.118],[-61.189,10.309],[-61.246,10.478],[-61.22,10.517],[-61.237,10.63],[-61.224,10.69]]]]},"properties":{"NAME":"Vice-Royalty of New Spain","SUBJECTO":"Spanish Habsburg","PARTOF":"Vice-Royalty of New Spain","ABBREVN":"New Spain","BORDERPRECISION":3,"fid":14}},
{"type":"Feature","geometry":{"type":"Polygon","coordinates":[[[114.962,4.877],[114.878,4.856],[114.823,4.895],[114.854,5.016],[114.745,4.984],[114.45,4.563],[114.167,4.511],[114.074,4.455],[114.112,4.398],[114.139,4.232],[114.245,4.237],[114.295,4.121],[114.434,3.998],[114.606,4.121],[115.161,4.309],[115.15,4.348],[115.061,4.437],[115.067,4.548],[115.078,4.598],[115.011,4.798],[114.962,4.877]]]},"properties":{"NAME":"Brunei","SUBJECTO":"Brunei","PARTOF":"Brunei","ABBREVN":"Brunei","BORDERPRECISION":3,"fid":15}},
{"type":"Feature","geometry":{"type":"MultiPolygon","coordinates":[[[[109.518,1.821],[109.426,1.87],[109.282,1.883],[109.146,1.52],[108.956,1.259],[108.896,1.1],[108.814,0.808],[108.87,0.541],[108.841,0.331],[108.999,0.198],[109.124,-0.017],[109.158,-0.075],[109.073,-0.405],[109.19,-0.539],[109.429,-0.71],[109.179,-0.869],[109.245,-0.932],[109.6,-1.122],[109.783,-1.306],[109.941,-1.643],[109.946,-1.859],[110.066,-2.494],[110.076,-2.786],[110.102,-3.079],[110.238,-3.066],[110.365,-2.995],[110.653,-2.988],[110.797,-3.172],[111.436,-2.974],[111.587,-2.796],[111.729,-3.259],[111.713,-3.399],[111.739,-3.647],[111.903,-3.615],[112.047,-3.456],[112.246,-3.398],[112.406,-3.449],[112.578,-3.423],[112.638,-3.334],[112.795,-2.971],[112.949,-3.041],[113.123,-3.244],[113.32,-3.294],[113.461,-3.383],[113.608,-3.611],[113.744,-3.598],[113.971,-3.363],[114.099,-3.35],[114.218,-3.432],[114.356,-3.603],[114.505,-3.965],[114.494,-4.156],[114.581,-4.295],[114.712,-4.206],[114.986,-4.078],[115.568,-3.804],[115.806,-3.536],[115.863,-3.377],[115.956,-3.199],[116.202,-2.9],[116.248,-2.798],[116.245,-2.703],[116.041,-2.443],[116.349,-2.417],[116.273,-2.283],[116.246,-2.106],[116.046,-1.934],[116.384,-1.66],[116.579,-1.368],[117.046,-0.935],[117.255,-1.004],[117.37,-1.004],[117.43,-0.622],[117.378,-0.432],[117.318,-0.14],[117.339,-0.017],[117.375,0.197],[117.534,0.611],[117.708,0.821],[117.86,0.866],[118.218,0.758],[118.556,0.746],[118.765,0.823],[118.517,1.166],[118.247,1.387],[117.913,1.59],[117.73,1.799],[117.696,1.901],[117.848,2.225],[117.829,2.314],[117.588,2.651],[117.342,3.025],[117.236,3.075],[117.139,3.171],[117.215,3.272],[117.163,3.406],[117.074,3.507],[117.335,3.546],[117.58,3.565],[117.684,3.629],[117.541,3.94],[117.559,3.981],[117.477,4.021],[117.138,4.153],[116.938,4.17],[116.657,4.162],[116.363,4.199],[116.027,4.235],[115.818,4.227],[115.707,4.157],[115.536,3.87],[115.482,3.615],[115.53,3.171],[115.431,2.999],[115.14,2.889],[115.042,2.736],[115.076,2.399],[114.659,1.596],[114.485,1.461],[114.096,1.383],[113.887,1.305],[113.677,1.145],[113.547,1.132],[113.296,1.2],[113.06,1.3],[112.809,1.413],[112.616,1.463],[112.4,1.43],[112.161,1.231],[111.98,0.995],[111.742,0.841],[111.562,0.764],[111.318,0.813],[111.081,0.913],[110.966,0.913],[110.549,0.726],[110.348,0.852],[110.211,0.889],[109.761,1.331],[109.648,1.464],[109.518,1.821]]],[[[140.87,-2.795],[140.285,-2.613],[139.592,-2.379],[138.634,-1.955],[137.854,-1.614],[137.704,-1.633],[137.209,-1.908],[137.111,-1.984],[137.104,-2.213],[137.084,-2.251],[136.914,-2.315],[136.429,-2.411],[136.271,-2.418],[135.734,-3.252],[135.508,-3.449],[135.246,-3.539],[135.087,-3.514],[134.954,-3.463],[134.849,-3.381],[134.773,-3.305],[134.634,-2.822],[134.595,-2.759],[134.557,-2.708],[134.455,-3],[134.366,-2.943],[134.283,-2.855],[134.186,-2.62],[134.134,-2.404],[134.083,-2.181],[133.983,-2.01],[134.014,-1.838],[134.141,-1.501],[134.079,-1.323],[133.907,-1.006],[133.496,-0.937],[133.265,-0.861],[132.592,-0.57],[132.412,-0.539],[132.254,-0.527],[132.054,-0.654],[131.834,-0.826],[131.42,-1.011],[131.211,-1.025],[131.21,-1.292],[131.183,-1.406],[131.064,-1.54],[131.627,-1.596],[131.816,-1.665],[131.906,-1.817],[131.973,-2.116],[132.034,-2.205],[132.219,-2.344],[132.681,-2.381],[133.025,-2.362],[133.321,-2.38],[133.593,-2.348],[133.748,-2.258],[133.855,-2.245],[133.884,-2.43],[133.843,-2.665],[133.781,-2.722],[133.321,-2.742],[133.187,-2.622],[133.121,-2.597],[132.884,-2.781],[132.719,-2.934],[132.647,-2.947],[132.376,-2.84],[132.202,-2.802],[132.016,-2.821],[131.999,-2.923],[132.025,-3.018],[132.177,-3.043],[132.495,-3.221],[132.749,-3.398],[132.827,-3.506],[132.896,-3.696],[132.723,-3.818],[132.713,-3.888],[132.862,-4.192],[132.932,-4.268],[133.245,-4.109],[133.395,-3.988],[133.508,-3.714],[133.563,-3.415],[133.669,-3.237],[133.753,-3.186],[133.823,-3.288],[133.763,-3.51],[133.857,-3.771],[134.041,-3.948],[134.226,-4.037],[134.401,-4.068],[134.679,-4.023],[134.766,-4.036],[134.81,-4.156],[134.777,-4.309],[135.061,-4.454],[135.378,-4.562],[135.654,-4.593],[136.221,-4.763],[137.113,-5.035],[137.385,-5.123],[137.595,-5.25],[137.824,-5.427],[138.297,-6.189],[138.421,-6.481],[138.551,-6.652],[138.818,-6.836],[139.028,-7.02],[138.968,-7.071],[138.861,-7.09],[138.662,-7.04],[138.65,-7.141],[138.904,-7.491],[139.156,-7.725],[139.154,-7.852],[138.958,-8.145],[138.917,-8.317],[139.112,-8.323],[139.445,-8.258],[139.794,-8.213],[139.977,-8.238],[140.299,-8.644],[140.716,-9.044],[140.948,-9.274],[140.962,-7.727],[140.941,-7.365],[140.747,-6.749],[140.945,-6.379],[140.87,-2.795]]],[[[130.784,-3.879],[130.806,-3.765],[130.725,-3.485],[130.593,-3.307],[130.369,-3.13],[129.983,-3.035],[129.743,-2.979],[129.556,-2.986],[129.311,-3.132],[129.168,-3.139],[128.909,-3],[128.412,-2.982],[128.289,-2.957],[128.153,-2.97],[128.042,-3.059],[128.152,-3.262],[128.292,-3.465],[128.376,-3.547],[128.523,-3.464],[128.653,-3.343],[128.915,-3.254],[129.031,-3.413],[129.487,-3.596],[129.579,-3.583],[129.568,-3.38],[129.595,-3.335],[129.781,-3.322],[129.914,-3.385],[130.297,-3.677],[130.609,-3.848],[130.784,-3.879]]],[[[126.66,-3.875],[127.056,-3.747],[127.112,-3.722],[127.142,-3.62],[127.094,-3.518],[126.952,-3.43],[126.837,-3.29],[126.727,-3.233],[126.382,-3.253],[126.111,-3.298],[126.046,-3.425],[126.15,-3.628],[126.472,-3.85],[126.66,-3.875]]],[[[138.176,-8.554],[138.297,-8.541],[138.584,-8.228],[138.699,-8.152],[138.845,-7.866],[138.895,-7.783],[138.805,-7.675],[138.568,-7.523],[138.376,-7.555],[138.193,-7.676],[137.941,-7.995],[137.676,-8.459],[138.176,-8.554]]],[[[122.949,-8.377],[122.943,-8.241],[122.863,-8.141],[122.764,-8.099],[122.692,-8.094],[122.64,-8.183],[122.723,-8.172],[122.757,-8.225],[122.715,-8.293],[122.533,-8.398],[122.344,-8.482],[122.376,-8.582],[122.166,-8.634],[121.98,-8.55],[121.787,-8.583],[121.578,-8.589],[121.431,-8.723],[121.279,-8.717],[121.079,-8.571],[120.565,-8.388],[120.328,-8.395],[120.025,-8.485],[119.853,-8.574],[119.84,-8.682],[119.935,-8.936],[120.078,-8.917],[120.549,-8.935],[120.809,-9.023],[120.971,-9.055],[121.106,-9.029],[121.276,-8.914],[121.468,-8.965],[121.694,-8.996],[121.899,-8.849],[122.051,-8.868],[122.313,-8.744],[122.711,-8.598],[122.696,-8.493],[122.949,-8.377]]],[[[117.938,-8.54],[118.056,-8.608],[118.033,-8.692],[117.902,-8.697],[117.817,-8.814],[117.685,-8.788],[117.554,-8.739],[117.514,-8.613],[117.334,-8.567],[117.059,-8.561],[116.958,-8.529],[116.853,-8.6],[116.75,-8.651],[116.663,-8.702],[116.699,-8.816],[116.634,-8.933],[116.663,-9.059],[116.754,-9.115],[116.8,-9.146],[116.976,-9.178],[117.116,-9.122],[117.277,-9.145],[117.557,-9.056],[117.841,-8.954],[117.974,-8.975],[118.077,-8.86],[118.216,-8.739],[118.254,-8.765],[118.211,-8.886],[118.275,-8.927],[118.658,-8.856],[118.625,-8.786],[118.689,-8.76],[118.828,-8.786],[118.971,-8.881],[118.982,-8.702],[118.954,-8.655],[118.873,-8.671],[118.863,-8.481],[118.761,-8.379],[118.618,-8.392],[118.544,-8.529],[118.462,-8.596],[118.467,-8.393],[118.42,-8.325],[118.267,-8.277],[118.13,-8.343],[118.048,-8.298],[118.025,-8.203],[117.948,-8.162],[117.806,-8.178],[117.691,-8.267],[117.677,-8.363],[117.705,-8.439],[117.797,-8.496],[117.938,-8.54]]],[[[115.072,-8.781],[115.244,-8.59],[115.348,-8.546],[115.5,-8.469],[115.084,-8.235],[114.876,-8.248],[114.645,-8.331],[114.458,-8.331],[114.511,-8.452],[114.896,-8.655],[115.072,-8.781]]],[[[103.714,-0.017],[103.722,0.015],[103.463,0.288],[103.24,0.459],[103.047,0.528],[102.702,0.566],[102.472,0.623],[102.278,0.743],[102.136,0.94],[102.01,1.27],[101.868,1.435],[101.675,1.523],[101.474,1.548],[101.276,1.719],[101.06,2.081],[100.832,2.176],[100.801,2.068],[100.856,1.966],[100.854,1.877],[100.732,1.871],[100.456,2.118],[100.121,2.543],[99.863,2.568],[99.872,2.638],[99.858,2.904],[99.796,2.981],[99.491,3.126],[98.962,3.436],[98.625,3.658],[98.146,4.07],[98.199,4.311],[98.174,4.381],[97.943,4.521],[97.529,5.041],[97.384,5.18],[97.204,5.173],[96.999,5.109],[96.753,5.064],[96.602,5.077],[96.187,5.146],[96.025,5.215],[95.74,5.469],[95.628,5.526],[95.464,5.57],[95.283,5.55],[95.216,5.5],[95.191,5.41],[95.205,5.245],[95.308,4.96],[95.561,4.534],[95.828,4.224],[96.118,3.951],[96.394,3.647],[96.72,3.705],[96.886,3.514],[97.254,3.14],[97.428,2.925],[97.509,2.74],[97.543,2.41],[97.597,2.251],[97.74,2.207],[97.983,2.112],[98.303,1.935],[98.601,1.707],[98.671,1.618],[98.719,1.479],[98.689,1.37],[98.999,0.558],[99.113,0.221],[99.401,0.088],[99.53,-0.017],[99.697,-0.152],[99.972,-0.501],[100.272,-0.971],[100.65,-1.631],[100.796,-2.025],[100.779,-2.177],[100.812,-2.336],[101.345,-3.015],[101.66,-3.319],[102.111,-3.604],[102.197,-3.757],[102.287,-3.979],[102.462,-4.182],[103.069,-4.613],[103.523,-4.999],[103.873,-5.342],[104.477,-5.982],[104.568,-6.071],[104.642,-5.976],[104.465,-5.639],[104.563,-5.601],[105.033,-5.879],[105.069,-5.759],[105.187,-5.542],[105.304,-5.58],[105.476,-5.815],[105.641,-5.929],[105.689,-5.897],[105.728,-5.827],[105.796,-5.35],[105.796,-5.23],[105.787,-4.931],[105.797,-4.734],[105.693,-4.308],[105.711,-4.105],[105.943,-3.215],[105.629,-2.91],[105.564,-2.713],[105.445,-2.599],[105.365,-2.58],[104.995,-2.467],[104.678,-2.671],[104.61,-2.576],[104.813,-2.156],[104.568,-2.137],[104.472,-2.08],[104.352,-1.89],[104.355,-1.706],[104.298,-1.363],[104.23,-1.191],[104.121,-1.141],[103.747,-1.116],[103.384,-0.894],[103.311,-0.818],[103.238,-0.659],[103.409,-0.5],[103.501,-0.316],[103.687,-0.118],[103.714,-0.017]]],[[[127.631,-0.017],[127.635,-0.13],[127.636,-0.308],[127.884,-0.638],[128.183,-0.93],[128.299,-1.025],[128.37,-0.929],[128.282,-0.802],[128.099,-0.606],[127.946,-0.326],[127.887,-0.017],[127.865,0.099],[127.901,0.296],[128.037,0.367],[128.203,0.348],[128.397,0.278],[128.706,0.209],[128.634,0.368],[128.642,0.431],[128.462,0.526],[128.261,0.583],[128.19,0.627],[128.263,0.767],[128.473,0.927],[128.632,1.022],[128.585,1.27],[128.609,1.384],[128.545,1.448],[128.182,1.263],[128.102,1.199],[128.042,0.964],[127.846,0.779],[127.802,0.716],[127.716,0.779],[127.689,0.925],[127.852,1.268],[127.963,1.447],[127.987,1.574],[127.918,1.732],[127.8,1.897],[127.569,1.528],[127.44,1.128],[127.424,0.982],[127.487,0.848],[127.522,0.785],[127.441,0.537],[127.627,0.061],[127.631,-0.017]]],[[[106.553,-3.175],[106.471,-2.921],[106.523,-2.794],[106.643,-2.711],[106.329,-2.572],[106.037,-2.204],[105.896,-1.804],[105.863,-1.626],[105.722,-1.747],[105.656,-1.957],[105.427,-1.71],[105.321,-1.818],[105.2,-2.11],[105.252,-2.174],[105.453,-2.161],[105.583,-2.205],[105.812,-2.382],[105.882,-2.56],[105.902,-2.725],[105.995,-2.89],[106.164,-2.998],[106.553,-3.175]]],[[[105.185,-6.866],[105.752,-6.92],[105.89,-6.933],[106.118,-6.996],[106.366,-7.04],[106.547,-7.16],[106.345,-7.37],[106.32,-7.434],[106.484,-7.503],[107.207,-7.534],[107.368,-7.565],[107.73,-7.787],[108.16,-7.856],[108.361,-7.836],[108.61,-7.702],[109.037,-7.72],[109.544,-7.84],[110.038,-7.991],[110.415,-8.207],[110.778,-8.32],[111.439,-8.382],[112.093,-8.445],[112.414,-8.488],[112.571,-8.463],[112.836,-8.348],[113.074,-8.347],[113.475,-8.486],[113.744,-8.6],[114.105,-8.688],[114.329,-8.783],[114.069,-8.434],[114.138,-8.211],[114.252,-8.02],[114.231,-7.932],[113.948,-7.824],[113.761,-7.831],[113.559,-7.914],[113.263,-7.908],[113.073,-7.877],[112.678,-7.719],[112.625,-7.674],[112.501,-7.465],[112.537,-7.265],[112.405,-7.135],[112.275,-7.027],[111.917,-6.958],[111.568,-6.92],[111.33,-6.908],[111.045,-6.852],[110.915,-6.629],[110.815,-6.534],[110.613,-6.541],[110.492,-6.662],[110.396,-6.955],[110.243,-7.031],[110.027,-7.044],[109.382,-6.989],[109.161,-7.023],[108.953,-6.939],[108.556,-6.921],[108.475,-6.686],[108.309,-6.451],[108.173,-6.356],[107.97,-6.439],[107.769,-6.452],[107.677,-6.33],[107.525,-6.351],[107.34,-6.154],[107.061,-6.078],[106.945,-6.026],[106.935,-6.136],[106.864,-6.27],[106.628,-6.309],[106.521,-6.11],[106.308,-6.131],[106.024,-6.081],[105.933,-6.026],[105.891,-6.151],[105.792,-6.257],[105.811,-6.482],[105.672,-6.456],[105.664,-6.519],[105.633,-6.755],[105.467,-6.813],[105.286,-6.771],[105.144,-6.782],[105.185,-6.866]]],[[[123.492,-10.352],[123.708,-10.345],[123.956,-10.243],[124.154,-10.205],[124.448,-9.988],[124.939,-9.555],[125.212,-9.395],[125.532,-9.28],[126.148,-9.082],[126.873,-8.807],[127.035,-8.692],[127.141,-8.596],[127.097,-8.508],[127.044,-8.476],[126.653,-8.54],[126.409,-8.56],[126,-8.656],[125.29,-8.702],[125.08,-8.772],[124.918,-9.046],[124.62,-9.25],[123.969,-9.531],[123.665,-9.748],[123.615,-9.888],[123.604,-10.129],[123.492,-10.352]]],[[[120.28,-10.378],[120.414,-10.352],[120.525,-10.244],[120.581,-10.098],[120.462,-9.926],[119.946,-9.591],[119.789,-9.458],[119.563,-9.509],[119.116,-9.523],[118.949,-9.587],[118.9,-9.682],[119.032,-9.771],[119.254,-9.827],[119.41,-9.872],[119.77,-10.074],[120.182,-10.347],[120.28,-10.378]]],[[[119.692,-0.017],[119.578,-0.491],[119.597,-0.878],[119.396,-0.904],[119.244,-1.228],[119.205,-1.432],[119.207,-1.546],[119.247,-1.959],[119.175,-2.176],[118.964,-2.526],[118.743,-2.761],[118.684,-2.901],[118.796,-3.479],[118.791,-3.663],[119.05,-3.65],[119.226,-3.574],[119.365,-3.63],[119.461,-3.808],[119.448,-3.961],[119.504,-4.189],[119.477,-4.672],[119.446,-5.067],[119.365,-5.277],[119.295,-5.423],[119.367,-5.658],[119.477,-5.804],[119.691,-5.772],[119.922,-5.663],[120.248,-5.586],[120.124,-5.332],[120.133,-5.23],[120.302,-4.944],[120.307,-4.804],[120.143,-4.398],[120.25,-3.883],[120.28,-3.654],[120.216,-3.235],[120.144,-3.076],[120.367,-2.897],[120.593,-2.802],[120.925,-2.826],[120.999,-3.049],[120.946,-3.309],[120.818,-3.487],[120.802,-3.596],[120.881,-3.716],[121.068,-3.856],[121.508,-4.236],[121.416,-4.497],[121.393,-4.789],[121.441,-4.865],[121.649,-4.947],[121.873,-4.96],[121.974,-4.648],[122.159,-4.514],[122.452,-4.488],[122.648,-4.513],[122.669,-4.386],[122.641,-4.284],[122.391,-4.088],[122.19,-3.847],[122.144,-3.663],[122.215,-3.357],[122.258,-3.211],[121.874,-2.653],[121.664,-2.418],[121.36,-2.158],[121.265,-2.101],[121.253,-1.961],[121.267,-1.936],[121.477,-1.993],[121.586,-2.011],[121.65,-1.999],[121.746,-1.852],[122.223,-1.654],[122.42,-1.463],[122.594,-1.228],[122.757,-1.094],[123.002,-1.112],[123.213,-1.233],[123.25,-0.902],[123.191,-0.807],[122.981,-0.718],[122.86,-0.744],[122.739,-0.878],[122.46,-0.942],[122.159,-1.012],[121.995,-1.114],[121.772,-1.096],[121.634,-1.014],[121.461,-0.989],[121.168,-1.428],[121.055,-1.549],[120.688,-1.537],[120.587,-1.518],[120.507,-1.448],[120.407,-1.175],[120.291,-1.086],[120.109,-0.985],[120.022,-0.903],[119.904,-0.681],[119.873,-0.465],[119.957,-0.14],[120.026,-0.017],[120.143,0.191],[120.337,0.356],[120.524,0.401],[120.826,0.414],[121.085,0.377],[121.552,0.397],[121.948,0.379],[122.466,0.405],[122.983,0.375],[123.249,0.185],[123.472,0.153],[124.025,0.256],[124.234,0.301],[124.421,0.479],[124.857,1.046],[124.894,1.103],[124.931,1.16],[124.983,1.3],[125.016,1.542],[124.982,1.65],[124.852,1.624],[124.72,1.44],[124.545,1.331],[124.457,1.204],[124.527,1.083],[124.432,0.956],[124.15,0.797],[123.826,0.739],[122.992,0.775],[122.733,0.673],[122.396,0.793],[122.181,0.869],[121.792,0.849],[121.591,0.861],[121.263,1.102],[120.991,1.165],[120.767,1.139],[120.636,0.922],[120.562,0.776],[120.432,0.636],[120.239,0.788],[120.109,0.724],[119.914,0.54],[119.697,0.005],[119.692,-0.017]]]]},"properties":{"NAME":"Dutch East Indies","SUBJECTO":"Netherlands","PARTOF":"Dutch East Indies","ABBREVN":"East Indies","BORDERPRECISION":3,"fid":16}},
{"type":"Feature","geometry":{"type":"MultiPolygon","coordinates":[[[[-26.787,71.558],[-26.355,71.606],[-26.12,71.669],[-25.628,71.631],[-25.291,71.569],[-24.913,71.437],[-24.386,71.183],[-24.227,71.059],[-24.04,70.774],[-23.754,70.59],[-23.084,70.468],[-22.616,70.484],[-22.203,70.485],[-21.957,70.432],[-21.714,70.386],[-21.547,70.44],[-21.471,70.532],[-21.56,71.056],[-21.592,71.211],[-21.726,71.405],[-21.904,71.497],[-22.03,71.435],[-22.431,71.341],[-22.649,71.745],[-22.818,71.87],[-23.381,72.041],[-23.92,72.188],[-24.137,72.29],[-24.478,72.392],[-25.073,72.634],[-25.778,72.609],[-26.46,72.726],[-27.038,72.749],[-27.357,72.859],[-27.516,73.096],[-27.519,73.16],[-27.441,73.287],[-27.263,73.343],[-26.827,73.408],[-26.416,73.368],[-25.763,73.354],[-25.498,73.434],[-25.01,73.475],[-24.569,73.627],[-24.076,73.756],[-23.909,73.724],[-23.494,73.509],[-22.82,73.327],[-22.269,73.265],[-21.709,73.274],[-21.44,73.394],[-20.88,73.443],[-20.388,73.422],[-20.33,73.42],[-20.314,73.667],[-20.354,73.811],[-20.679,73.922],[-21.153,73.993],[-21.781,74.016],[-22.029,74.104],[-21.762,74.305],[-21.032,74.267],[-20.502,74.227],[-19.716,74.213],[-19.425,74.27],[-19.051,74.335],[-18.899,74.44],[-19.071,74.609],[-19.409,74.681],[-19.821,74.745],[-20.146,74.842],[-20.424,74.882],[-20.616,74.954],[-20.669,75.061],[-20.679,75.308],[-20.512,75.358],[-20.143,75.309],[-19.562,75.228],[-19.389,75.261],[-19.194,75.444],[-19.2,75.693],[-19.322,75.893],[-19.57,76.11],[-19.884,76.177],[-20.633,76.209],[-21.217,76.267],[-21.751,76.367],[-22.378,76.636],[-22.25,76.806],[-21.773,76.824],[-21.553,76.756],[-21.183,76.697],[-20.561,76.911],[-19.978,76.946],[-19.627,76.913],[-18.883,76.889],[-18.057,76.805],[-17.942,76.865],[-17.92,77.061],[-18.016,77.206],[-18.253,77.3],[-19.064,77.239],[-19.315,77.298],[-20.105,77.382],[-20.235,77.511],[-20.174,77.598],[-19.944,77.641],[-19.641,77.633],[-19.086,77.6],[-19.059,77.695],[-19.177,77.824],[-19.336,77.867],[-20.391,77.987],[-20.777,77.969],[-21.111,77.803],[-21.382,77.587],[-21.564,77.629],[-21.768,77.767],[-21.7,77.923],[-21.256,78.413],[-20.879,78.818],[-20.545,78.836],[-20.068,78.802],[-19.763,78.873],[-19.551,79.193],[-19.481,79.46],[-19.385,79.55],[-19.177,79.613],[-18.102,79.669],[-17.768,79.777],[-17.769,79.967],[-18.605,80.012],[-19.316,79.991],[-20.193,79.854],[-20.267,79.999],[-20.045,80.24],[-19.716,80.337],[-19.045,80.426],[-18.049,80.409],[-17.333,80.43],[-16.92,80.411],[-16.441,80.451],[-15.734,80.698],[-15.013,80.858],[-14.762,80.988],[-14.202,81.21],[-13.531,81.272],[-12.644,81.386],[-12.563,81.509],[-12.705,81.621],[-13.203,81.672],[-13.714,81.774],[-14.253,81.835],[-14.746,81.855],[-15.499,81.906],[-16.465,81.904],[-16.973,81.798],[-17.29,81.653],[-17.963,81.518],[-18.589,81.547],[-19.317,81.597],[-20.065,81.523],[-20.414,81.431],[-21.182,81.287],[-21.817,81.114],[-22.612,80.872],[-23.339,80.623],[-23.553,80.603],[-23.912,80.563],[-24.055,80.631],[-24.11,80.769],[-23.533,81.1],[-23.095,81.252],[-22.053,81.54],[-21.798,81.757],[-22.064,81.965],[-22.948,81.9],[-23.639,81.774],[-24.387,81.679],[-24.877,81.595],[-25.178,81.636],[-25.975,81.831],[-26.393,81.862],[-26.842,81.85],[-27.89,81.848],[-28.891,81.794],[-30.651,81.811],[-31.267,81.778],[-32.415,81.652],[-32.749,81.765],[-32.598,81.974],[-32.003,82.069],[-31.803,82.123],[-31.135,82.198],[-30.613,82.21],[-29.743,82.222],[-29.016,82.235],[-28.391,82.31],[-27.392,82.281],[-26.118,82.251],[-25.457,82.221],[-24.902,82.243],[-24.384,82.298],[-23.347,82.353],[-22.59,82.419],[-22.369,82.505],[-22.232,82.56],[-22.432,82.743],[-23.6,82.85],[-24.103,82.926],[-24.708,82.891],[-25.324,83],[-26.421,83.342],[-27.174,83.386],[-27.942,83.406],[-28.818,83.472],[-29.065,83.426],[-29.344,83.471],[-29.936,83.503],[-30.757,83.479],[-31.594,83.579],[-32.513,83.577],[-33.578,83.484],[-34.427,83.403],[-35.322,83.469],[-36.487,83.511],[-37.397,83.475],[-38.587,83.382],[-38.452,83.17],[-38.587,82.828],[-39.489,82.891],[-40.195,82.967],[-41.194,83.186],[-41.881,83.263],[-42.479,83.228],[-43.812,83.08],[-44.894,83.078],[-45.213,82.967],[-44.684,82.727],[-44.102,82.576],[-43.955,82.491],[-44.323,81.823],[-44.683,81.729],[-45.525,81.821],[-46.37,81.944],[-47.319,82.089],[-47.897,82.215],[-49.136,82.383],[-49.648,82.478],[-50.439,82.487],[-50.772,82.497],[-50.905,82.368],[-50.503,82.188],[-50.136,81.946],[-49.846,81.811],[-49.938,81.676],[-50.626,81.789],[-51.462,81.975],[-52.364,82.12],[-52.816,82.13],[-53.01,81.68],[-53.253,81.535],[-53.664,81.463],[-53.768,82.245],[-54.247,82.297],[-54.575,82.328],[-55.709,82.24],[-56.543,82.143],[-57.068,82.089],[-58.058,82.034],[-58.133,82.013],[-57.82,81.784],[-57.074,81.548],[-57.444,81.424],[-57.805,81.505],[-58.389,81.607],[-59.352,81.791],[-60.039,81.883],[-60.887,81.861],[-61.122,81.798],[-61.112,81.704],[-60.952,81.365],[-60.957,81.264],[-61.112,81.182],[-61.705,81.151],[-62.251,81.119],[-62.775,81.159],[-63.725,81.086],[-64.608,80.974],[-65.241,80.873],[-66.522,80.711],[-67.143,80.562],[-67.41,80.211],[-66.851,80.039],[-66.419,79.982],[-65.9,80.069],[-65.024,80.052],[-64.623,79.949],[-64.675,79.904],[-64.8,79.678],[-64.891,79.382],[-65.164,79.31],[-65.304,79.221],[-65.485,79.158],[-66.359,79.174],[-66.854,79.129],[-67.969,79.127],[-68.349,79.09],[-68.839,78.974],[-69.266,78.796],[-69.847,78.76],[-70.78,78.687],[-71.463,78.624],[-72.019,78.579],[-72.383,78.526],[-72.545,78.324],[-72.525,78.166],[-71.888,77.949],[-71.669,77.915],[-71.343,77.942],[-71.045,77.916],[-70.678,77.83],[-70.38,77.666],[-69.994,77.58],[-69.688,77.555],[-69.292,77.599],[-68.953,77.634],[-68.441,77.583],[-67.852,77.593],[-67.352,77.706],[-66.805,77.777],[-66.436,77.682],[-66.153,77.553],[-66.178,77.398],[-66.309,77.355],[-66.784,77.259],[-67.736,77.189],[-68.341,77.196],[-69.252,77.212],[-70.618,77.278],[-71.184,77.26],[-71.448,77.122],[-71.057,77.028],[-70.5,76.833],[-70.217,76.825],[-69.851,76.792],[-68.856,76.785],[-68.376,76.778],[-68.186,76.702],[-68.144,76.6],[-68.353,76.549],[-69.045,76.294],[-67.619,76.019],[-67.037,75.936],[-66.563,75.929],[-66.54,75.971],[-66.684,76.307],[-66.027,76.173],[-65.475,76.099],[-64.836,76.167],[-64.473,76.252],[-64.004,76.295],[-63.651,76.38],[-62.916,76.364],[-62.468,76.34],[-61.507,76.258],[-60.651,76.108],[-59.783,75.916],[-59.068,75.843],[-58.636,75.793],[-58.229,75.611],[-58.205,75.295],[-58.075,75.205],[-57.774,75.09],[-56.939,74.919],[-56.679,74.701],[-56.182,74.121],[-55.779,73.704],[-55.353,73.346],[-55.15,73.283],[-54.73,73.038],[-54.558,72.872],[-54.626,72.721],[-54.793,72.666],[-55.104,72.752],[-55.366,72.728],[-55.298,72.161],[-55.43,71.871],[-55.626,71.73],[-55.614,71.598],[-55.477,71.489],[-55.012,71.335],[-54.382,71.305],[-53.988,71.414],[-53.865,71.547],[-53.719,71.617],[-53.323,71.891],[-52.813,71.743],[-52.532,71.705],[-52.037,71.698],[-51.72,71.59],[-51.791,71.543],[-52.036,71.48],[-52.198,71.355],[-51.893,71.247],[-51.675,71.224],[-51.404,71.024],[-51.326,70.823],[-50.939,70.577],[-50.799,70.385],[-50.824,70.247],[-51.153,70.323],[-51.806,70.529],[-52.367,70.667],[-52.69,70.682],[-53.628,70.819],[-53.885,70.81],[-54.158,70.81],[-54.303,70.74],[-54.374,70.725],[-54.008,70.51],[-53.666,70.357],[-53.26,70.335],[-52.909,70.289],[-52.167,70.069],[-51.637,69.94],[-51.117,69.941],[-50.573,69.866],[-50.457,69.738],[-50.694,69.533],[-50.767,69.336],[-50.366,69.194],[-50.279,69.111],[-50.266,68.953],[-50.369,68.908],[-50.607,68.96],[-50.874,68.945],[-50.914,68.809],[-50.954,68.539],[-51.005,68.509],[-51.214,68.479],[-51.679,68.5],[-52.337,68.664],[-52.691,68.663],[-52.842,68.506],[-52.683,68.454],[-51.967,68.306],[-51.56,68.232],[-50.95,68.091],[-50.491,67.973],[-50.357,67.891],[-50.491,67.645],[-50.477,67.482],[-50.939,67.526],[-51.357,67.592],[-51.527,67.651],[-51.876,67.665],[-52.26,67.739],[-52.808,67.775],[-53.18,67.663],[-53.319,67.618],[-53.436,67.618],[-53.468,67.558],[-53.494,67.473],[-53.395,67.362],[-53.147,67.395],[-52.978,67.31],[-53.17,67.286],[-53.251,67.214],[-53.349,67.21],[-53.45,67.084],[-53.397,66.996],[-53.267,66.922],[-53.104,66.908],[-52.847,66.931],[-52.303,66.909],[-52.448,66.607],[-52.653,66.568],[-52.917,66.544],[-53.222,66.531],[-53.394,66.452],[-53.348,66.324],[-52.86,66.353],[-52.611,66.268],[-52.73,66.276],[-53.108,66.034],[-53.103,65.873],[-52.835,65.655],[-52.536,65.495],[-52.414,65.481],[-52.187,65.518],[-52.078,65.372],[-52.084,65.213],[-51.992,65.01],[-51.94,64.657],[-51.957,64.377],[-51.805,64.233],[-51.521,64.37],[-51.28,64.428],[-50.994,64.615],[-50.772,64.659],[-50.357,64.696],[-50.144,64.739],[-50.02,64.61],[-50.043,64.438],[-50.257,64.38],[-50.439,64.243],[-50.988,64.092],[-51.266,63.926],[-51.355,63.812],[-51.366,63.726],[-51.101,63.47],[-50.823,63.491],[-50.617,63.435],[-50.591,63.15],[-50.466,63.051],[-50.222,63.008],[-49.974,62.995],[-49.857,62.967],[-49.889,62.846],[-50.096,62.668],[-50.159,62.462],[-50.097,62.356],[-50.048,62.314],[-49.611,62.195],[-49.401,62.216],[-49.206,62.174],[-49.116,62.104],[-49.148,61.772],[-48.915,61.421],[-48.568,61.246],[-48.2,61.142],[-47.969,61.037],[-47.869,60.939],[-47.822,60.778],[-47.63,60.597],[-47.416,60.723],[-47.159,60.856],[-46.972,60.864],[-46.531,60.893],[-46.331,60.872],[-46.196,60.935],[-46.072,60.942],[-45.771,61.104],[-45.606,61.02],[-45.46,60.895],[-45.49,60.797],[-45.604,60.685],[-45.622,60.601],[-45.362,60.461],[-44.856,60.379],[-44.682,60.288],[-44.753,60.031],[-44.467,59.761],[-44.276,60.032],[-44.052,60.164],[-43.579,59.936],[-43.144,59.819],[-43.015,59.833],[-42.962,60.034],[-43.154,60.305],[-43.497,60.479],[-43.15,60.515],[-42.927,60.501],[-42.785,60.529],[-42.754,60.697],[-42.824,60.802],[-42.817,61.026],[-43.037,61.292],[-42.67,61.264],[-42.478,61.307],[-42.306,61.729],[-42.271,62.194],[-42.42,62.286],[-42.919,62.462],[-43.226,62.681],[-42.74,62.689],[-42.299,62.739],[-42.259,62.732],[-41.964,62.69],[-41.834,62.691],[-41.789,62.847],[-41.904,63.053],[-41.916,63.124],[-41.653,63.096],[-41.434,63.039],[-41.227,63.253],[-41.223,63.31],[-41.378,63.523],[-41.163,63.567],[-40.894,63.524],[-40.766,63.575],[-40.516,63.782],[-40.691,63.932],[-40.893,64.032],[-41.104,64.089],[-41.484,64.274],[-41.011,64.332],[-40.472,64.348],[-40.355,64.427],[-40.351,64.528],[-40.484,64.685],[-40.828,64.894],[-41.06,65.037],[-40.254,64.967],[-40.042,64.981],[-39.898,64.953],[-39.727,64.997],[-39.686,65.171],[-39.782,65.352],[-39.992,65.533],[-39.427,65.571],[-38.989,65.572],[-38.467,65.645],[-38.11,65.821],[-37.937,66.004],[-37.925,66.209],[-38.042,66.399],[-37.567,66.319],[-37.209,66.313],[-37.155,66.32],[-37.579,65.545],[-37.048,65.743],[-36.771,65.765],[-36.324,65.722],[-35.972,65.847],[-35.774,66.103],[-35.708,66.352],[-35.248,66.229],[-34.782,66.266],[-34.433,66.384],[-33.96,66.767],[-33.664,67.062],[-33.214,67.47],[-32.956,67.641],[-32.578,67.753],[-32.268,67.865],[-32.124,67.873],[-32.037,67.985],[-32.355,68.454],[-32.359,68.544],[-32.31,68.544],[-32.019,68.447],[-31.635,68.254],[-31.355,68.046],[-31.02,67.957],[-30.736,67.928],[-30.305,67.98],[-29.994,68.391],[-29.825,68.414],[-29.4,68.228],[-29.162,68.251],[-28.863,68.326],[-28.421,68.417],[-28.195,68.417],[-27.959,68.477],[-26.964,68.502],[-26.869,68.527],[-26.362,68.66],[-25.802,68.864],[-25.324,69.09],[-24.897,69.392],[-24.584,69.34],[-24.333,69.333],[-23.444,69.568],[-22.732,69.774],[-22.158,70.056],[-22.434,70.079],[-23.009,70.093],[-23.459,70.092],[-23.587,70.084],[-23.775,70.145],[-24.195,70.243],[-24.585,70.304],[-25.453,70.287],[-26.252,70.178],[-26.523,70.178],[-27.475,70.207],[-27.912,70.282],[-28.384,70.458],[-28.222,70.627],[-28.084,70.897],[-27.916,70.998],[-27.606,71.068],[-27.084,71.085],[-26.329,71.132],[-26.086,71.195],[-25.695,71.273],[-25.85,71.436],[-26.787,71.558]]],[[[-22.146,72.027],[-21.906,72.051],[-21.809,72.145],[-21.882,72.365],[-22.251,72.498],[-22.729,72.615],[-23.131,72.678],[-23.798,72.66],[-23.657,72.472],[-23.585,72.44],[-23.265,72.37],[-22.833,72.269],[-22.146,72.027]]],[[[-53.551,69.278],[-53.322,69.324],[-52.867,69.393],[-52.521,69.477],[-52.173,69.492],[-51.928,69.515],[-51.877,69.531],[-51.813,69.622],[-52.084,69.772],[-52.434,69.87],[-52.701,69.915],[-53.037,70.037],[-53.617,70.158],[-54.137,70.187],[-54.428,70.248],[-54.594,70.24],[-54.723,70.087],[-54.687,69.707],[-54.574,69.609],[-54.486,69.564],[-54.125,69.481],[-53.807,69.338],[-53.551,69.278]]]]},"properties":{"BORDERPRECISION":3,"fid":17}},
{"type":"Feature","geometry":{"type":"MultiPolygon","coordinates":[[[[-73.112,-72.749],[-71.566,-72.749],[-70.021,-72.672],[-69.325,-72.286],[-68.63,-72.054],[-68.398,-71.127],[-68.862,-70.509],[-69.48,-69.968],[-69.943,-69.35],[-70.33,-68.963],[-70.716,-68.809],[-71.412,-68.886],[-71.952,-69.041],[-72.394,-69.261],[-71.798,-69.736],[-71.798,-70.354],[-72.184,-70.586],[-72.107,-71.05],[-72.725,-71.281],[-74.116,-71.359],[-74.657,-71.436],[-75.275,-71.668],[-75.043,-72.054],[-74.348,-72.209],[-73.421,-71.977],[-72.03,-71.822],[-71.952,-72.209],[-72.493,-72.44],[-72.88,-72.44],[-73.112,-72.749]]],[[[-102.551,-72.131],[-101.16,-72.363],[-98.834,-72.521],[-97.142,-72.672],[-95.906,-72.363],[-97.22,-71.822],[-99.692,-71.822],[-101.16,-71.822],[-102.551,-72.131]]],[[[-150.951,-76.949],[-150.325,-77.098],[-149.429,-77.098],[-149.787,-76.889],[-150.414,-76.83],[-150.951,-76.949]]],[[[-55.185,-80.94],[-50.162,-80.786],[-44.831,-80.322],[-43.904,-79.781],[-43.904,-79.24],[-44.213,-78.39],[-45.758,-78.081],[-46.84,-78.081],[-48.849,-78.081],[-50.24,-78.39],[-50.858,-78.699],[-51.012,-79.395],[-51.708,-79.781],[-52.635,-79.858],[-53.871,-79.936],[-54.953,-80.399],[-55.185,-80.94]]],[[[-164.058,-79.356],[-162.358,-79.742],[-160.426,-79.974],[-159.203,-79.882],[-158.804,-79.665],[-160.735,-79.047],[-162.59,-78.815],[-163.517,-78.97],[-164.058,-79.356]]],[[[169.769,-83.418],[168.874,-83.343],[167.885,-83.475],[167.358,-83.435],[167.569,-83.317],[168.321,-83.198],[168.386,-83.092],[167.93,-83.016],[167.275,-82.988],[164.957,-82.447],[163.309,-82.087],[162.015,-81.66],[160.577,-81.534],[160.483,-81.308],[160.433,-80.906],[160.243,-80.824],[160.019,-80.743],[159.943,-80.58],[159.579,-80.442],[159.341,-80.442],[158.348,-80.492],[158.135,-80.316],[159.315,-80.027],[159.818,-79.688],[160.119,-79.6],[160.345,-79.4],[159.843,-79.161],[160.089,-78.97],[160.686,-79.114],[161.411,-78.961],[161.773,-78.866],[162.594,-78.904],[163.643,-78.661],[164.902,-78.599],[166.753,-78.599],[165.551,-78.351],[165.399,-78.198],[164.483,-78.064],[164.107,-77.656],[163.529,-77.74],[163.452,-77.416],[163.3,-77.187],[162.956,-77.072],[162.613,-77.072],[162.327,-76.958],[162.67,-76.767],[162.632,-76.423],[162.384,-76.214],[162.594,-76.004],[162.765,-75.966],[162.823,-75.622],[162.407,-75.338],[162.346,-75.107],[163.414,-75.031],[163.433,-74.744],[163.777,-74.649],[164.33,-74.763],[165.189,-74.668],[164.616,-74.172],[165.799,-73.828],[166.768,-73.637],[167.575,-73.476],[168.178,-73.583],[168.899,-73.54],[168.975,-73.239],[169.222,-73.11],[169.459,-73.056],[169.728,-72.776],[169.868,-72.744],[169.911,-72.615],[170.105,-72.636],[170.116,-72.335],[169.868,-72.356],[169.793,-72.238],[169.89,-72.076],[170.395,-72.001],[170.729,-71.904],[170.525,-71.603],[170.277,-71.517],[170.083,-71.667],[168.743,-71.243],[167.963,-71.097],[167.635,-70.865],[164.957,-70.625],[164.319,-70.518],[163.651,-70.539],[163.439,-70.539],[163.376,-70.656],[163.132,-70.624],[162.888,-70.571],[162.485,-70.306],[162.136,-70.285],[161.796,-70.306],[161.557,-70.315],[161.33,-70.232],[160.599,-70.221],[159.846,-69.829],[159.114,-69.606],[157.307,-69.156],[156.148,-69.311],[154.945,-69.077],[154.435,-68.95],[154.286,-68.63],[153.924,-68.439],[153.605,-68.481],[153.752,-68.925],[152.306,-68.843],[151.093,-68.886],[150.838,-68.779],[150.893,-68.538],[148.73,-68.306],[148.263,-68.205],[148.093,-67.937],[146.875,-67.997],[146.39,-67.779],[145.454,-67.63],[145.322,-67.575],[145.39,-67.417],[145.586,-67.223],[145.262,-67.098],[144.38,-67.173],[143.388,-66.972],[142.76,-67.048],[142.183,-66.985],[141.157,-66.722],[138.685,-66.568],[136.317,-66.399],[135.053,-66.182],[134.691,-66.083],[134.982,-65.597],[134.59,-65.022],[134.035,-65.185],[134.011,-65.549],[134.205,-66.18],[133.307,-66.132],[132.967,-66.259],[130.272,-66.253],[129.422,-66.52],[129.01,-67.03],[126.8,-66.884],[126.412,-66.374],[125.441,-66.447],[125.125,-66.787],[123.54,-66.645],[122.458,-66.645],[121.454,-66.8],[119.599,-66.916],[118.286,-67.07],[116.972,-66.838],[116.122,-66.529],[115.679,-66.414],[115.264,-66.434],[114.436,-66.493],[114.268,-66.297],[113.959,-65.988],[113.015,-65.763],[112.027,-65.988],[111.673,-65.96],[111.259,-66],[110.607,-66.059],[110.481,-66.297],[110.568,-66.395],[109.976,-66.592],[109.404,-66.71],[108.437,-66.75],[108.101,-66.71],[107.622,-66.452],[107.159,-66.452],[105.459,-66.297],[103.836,-65.988],[103.311,-66.066],[102.631,-65.926],[102.281,-65.952],[102.014,-65.964],[101.715,-65.977],[100.875,-66.079],[99.654,-66.549],[99.12,-66.893],[98.662,-66.626],[98.064,-66.588],[97.114,-66.684],[95.723,-66.529],[93.482,-66.607],[90,-66.607],[88.654,-66.764],[88.517,-66.415],[88.305,-66.066],[88.084,-66.111],[87.841,-66.452],[87.765,-66.749],[87.223,-66.993],[85.523,-66.916],[82.742,-67.225],[81.814,-67.302],[80.887,-67.611],[79.805,-67.92],[78.26,-68.384],[77.796,-68.847],[76.869,-69.311],[75.401,-69.466],[74.396,-69.775],[72.542,-70.238],[71.924,-70.547],[71.151,-71.32],[70.301,-72.015],[69.528,-72.402],[68.215,-72.402],[67.365,-72.093],[67.365,-71.706],[68.138,-71.088],[68.684,-71.06],[69.074,-70.588],[68.889,-70.423],[68.458,-70.69],[68.191,-70.67],[67.513,-70.464],[67.841,-70.033],[68.215,-69.852],[68.622,-70.033],[68.951,-69.889],[69.142,-69.388],[69.444,-69.19],[69.773,-68.636],[69.683,-68.152],[69.374,-67.843],[66.979,-67.843],[63.579,-67.534],[62.806,-67.611],[62.111,-67.534],[59.603,-67.33],[57.402,-67.039],[56.627,-66.942],[56.702,-66.738],[57.111,-66.695],[57.101,-66.523],[56.767,-66.458],[56.175,-66.447],[55.142,-65.963],[53.765,-65.911],[52.452,-65.988],[50.52,-66.375],[50.14,-66.484],[50.006,-66.588],[50.006,-66.84],[50.243,-66.988],[50.273,-67.137],[49.962,-67.196],[49.67,-67.07],[48.967,-66.973],[48.314,-67.018],[48.27,-67.181],[48.522,-67.3],[48.848,-67.434],[48.279,-67.534],[47.305,-67.775],[47.008,-67.671],[46.919,-67.404],[46.37,-67.33],[46.058,-67.434],[46.133,-67.567],[46.038,-67.688],[44.797,-67.745],[44.184,-68.036],[42.561,-68.113],[41.943,-68.422],[39.647,-68.934],[39.459,-69.701],[38.598,-69.951],[38.332,-70.029],[38.332,-69.795],[38.41,-69.638],[38.269,-69.544],[38.129,-69.716],[37.956,-69.889],[37.596,-69.763],[37.299,-69.654],[37.674,-69.513],[37.581,-69.278],[36.986,-69.356],[36.532,-69.654],[36.078,-69.591],[35.298,-69.118],[34.716,-68.934],[34.293,-68.5],[33.541,-68.542],[33.025,-68.918],[32.748,-69.35],[31.744,-69.504],[30.662,-69.736],[28.344,-70.045],[25.639,-70.354],[23.707,-70.586],[22.548,-70.586],[19.535,-70.161],[17.603,-70.084],[16.058,-70.161],[12.658,-70.315],[11.962,-70.702],[11.113,-70.856],[10.34,-70.702],[9.413,-70.084],[8.485,-70.084],[6.554,-70.47],[3.308,-70.934],[0.681,-71.32],[-0.092,-71.552],[-0.787,-71.706],[-1.251,-71.32],[-2.719,-71.397],[-4.882,-71.281],[-6.318,-71.425],[-6.255,-71.154],[-5.732,-70.895],[-6.35,-70.663],[-7.2,-70.895],[-7.633,-71.258],[-7.741,-71.668],[-8.823,-71.822],[-9.364,-71.127],[-9.75,-71.05],[-10.214,-71.204],[-11.141,-71.59],[-11.599,-71.634],[-11.808,-71.3],[-12.371,-71.404],[-12.329,-71.675],[-11.557,-72.072],[-11.828,-72.323],[-12.538,-72.51],[-14.271,-72.844],[-14.584,-73.178],[-15.7,-73.29],[-16.396,-73.445],[-17.091,-73.909],[-16.164,-74.063],[-15.005,-73.831],[-14.451,-74.065],[-17.168,-74.758],[-18.405,-75.686],[-20.645,-75.918],[-23.582,-75.918],[-25.977,-76.304],[-30.227,-76.845],[-32.081,-77.308],[-33.163,-77.386],[-34.94,-77.927],[-36.408,-78.622],[-36.408,-79.163],[-35.018,-79.163],[-32.854,-79.317],[-31.849,-79.24],[-29.568,-79.224],[-29.035,-79.377],[-28.913,-79.858],[-28.372,-80.09],[-28.913,-80.476],[-32.931,-80.863],[-38.031,-80.94],[-41.817,-81.404],[-42.976,-81.945],[-43.826,-81.79],[-48.231,-81.945],[-51.144,-81.992],[-52.249,-82.022],[-55.185,-82.331],[-57.58,-83.026],[-58.971,-83.181],[-59.28,-82.717],[-60.207,-82.331],[-63.144,-82.099],[-67.934,-81.481],[-71.798,-81.095],[-74.889,-80.708],[-76.048,-80.399],[-76.643,-80.215],[-78.289,-80.322],[-80.003,-79.93],[-78.829,-80.013],[-77.361,-79.936],[-76.434,-79.858],[-76.416,-79.588],[-76.589,-79.395],[-77.98,-79.086],[-80.22,-79.317],[-81.302,-79.317],[-81.92,-79.163],[-82.461,-79.24],[-82.925,-79.163],[-84.104,-78.649],[-84.161,-78.236],[-83.079,-78.236],[-82.075,-78.777],[-81.457,-78.854],[-79.139,-78.931],[-78.134,-78.699],[-77.782,-78.649],[-77.67,-78.467],[-78.289,-78.313],[-79.293,-78.313],[-80.761,-78.236],[-81.285,-77.994],[-81.655,-77.68],[-80.687,-77.566],[-79.293,-77.695],[-77.052,-77.927],[-74.502,-78.081],[-73.027,-77.823],[-73.568,-77.481],[-75.816,-77.463],[-77.67,-76.922],[-78.598,-76.613],[-78.829,-76.227],[-78.443,-75.995],[-77.825,-75.995],[-77.052,-76.149],[-76.28,-76.304],[-75.932,-76.484],[-73.881,-76.627],[-70.562,-76.69],[-69.248,-76.381],[-68.166,-76.227],[-65.925,-75.84],[-64.457,-75.686],[-63.685,-75.222],[-63.221,-74.836],[-62.68,-74.758],[-61.367,-73.909],[-60.98,-73.136],[-60.826,-72.749],[-60.98,-72.054],[-61.367,-71.436],[-61.676,-70.818],[-62.139,-70.509],[-62.448,-70.122],[-63.144,-69.427],[-63.453,-68.886],[-63.839,-68.654],[-64.535,-68.654],[-65.153,-68.5],[-65.462,-68.191],[-65.694,-67.881],[-65.385,-67.341],[-64.921,-67.031],[-64.38,-66.722],[-63.839,-66.491],[-63.376,-66.491],[-62.757,-66.645],[-62.448,-66.336],[-62.371,-65.795],[-61.598,-65.177],[-61.135,-64.868],[-59.821,-64.327],[-59.28,-64.327],[-58.894,-64.327],[-58.353,-64.095],[-57.889,-63.941],[-57.271,-63.709],[-57.426,-63.245],[-58.121,-63.4],[-59.126,-63.863],[-60.207,-63.941],[-61.289,-64.482],[-62.912,-64.713],[-64.225,-65.254],[-64.689,-65.563],[-65.075,-65.95],[-65.771,-66.182],[-66.853,-66.8],[-67.703,-66.877],[-67.857,-67.572],[-67.316,-67.804],[-67.239,-68.268],[-67.084,-68.654],[-67.471,-69.195],[-68.244,-69.35],[-68.784,-69.813],[-68.63,-70.277],[-68.089,-70.586],[-67.703,-71.281],[-67.084,-71.822],[-67.084,-72.44],[-67.625,-72.749],[-69.016,-72.981],[-71.489,-73.368],[-73.73,-73.599],[-75.584,-73.754],[-77.13,-73.638],[-78.52,-73.715],[-79.293,-73.406],[-79.757,-73.174],[-80.993,-73.252],[-81.302,-73.793],[-81.766,-74.024],[-82.693,-73.947],[-84.393,-73.793],[-85.938,-73.484],[-86.325,-73.252],[-87.406,-73.406],[-88.565,-73.252],[-88.72,-72.788],[-89.261,-72.788],[-89.57,-73.097],[-90,-73.329],[-91.965,-73.252],[-93.974,-73.174],[-95.442,-73.252],[-96.524,-73.329],[-99.788,-72.998],[-102.174,-73.09],[-102.551,-72.788],[-103.587,-72.741],[-103.587,-73.108],[-103.293,-73.328],[-102.944,-73.365],[-100.229,-73.438],[-99.678,-73.658],[-101.421,-73.768],[-103.247,-73.561],[-103.165,-73.86],[-102.86,-73.947],[-101.88,-74.099],[-101.495,-74.539],[-101.183,-74.521],[-100.559,-74.466],[-100.394,-74.576],[-100.412,-74.759],[-100.999,-74.888],[-100.008,-74.943],[-99.733,-75.071],[-100.045,-75.31],[-100.697,-75.261],[-101.752,-75.255],[-103.942,-75.106],[-105.642,-75.068],[-106.801,-75.377],[-108.347,-75.299],[-109.196,-75.145],[-110.557,-75.303],[-110.791,-74.951],[-110.337,-74.761],[-110.433,-74.295],[-111.099,-74.175],[-111.746,-74.295],[-111.744,-74.717],[-112.365,-74.836],[-113.428,-74.688],[-113.238,-74.321],[-113.502,-74.072],[-114.146,-73.926],[-114.937,-74.058],[-114.992,-74.449],[-117.387,-74.527],[-118.083,-74.295],[-118.778,-74.604],[-120.169,-74.527],[-123.569,-74.836],[-127.123,-74.681],[-128.978,-74.913],[-130.987,-74.797],[-133.536,-74.797],[-134.773,-74.643],[-136.782,-74.874],[-138.559,-75.106],[-140.568,-75.261],[-143.118,-75.57],[-144.509,-75.724],[-145.9,-75.956],[-146.672,-76.111],[-148.527,-76.033],[-149.609,-76.343],[-148.45,-76.497],[-147.131,-76.531],[-146.116,-76.86],[-146.146,-77.128],[-146.146,-77.457],[-147.986,-77.347],[-149.995,-77.733],[-150.613,-77.656],[-152.086,-77.337],[-154.167,-77.115],[-156.408,-77.115],[-157.151,-77.238],[-158.031,-77.27],[-158.185,-77.811],[-157.336,-78.197],[-156.563,-78.352],[-156.022,-78.352],[-154.708,-78.12],[-154.132,-78.352],[-154.708,-78.506],[-155.867,-78.738],[-154.554,-79.124],[-153.24,-79.124],[-151.772,-79.201],[-150.58,-79.483],[-148.604,-79.665],[-146.904,-80.051],[-145.668,-80.515],[-146.75,-80.824],[-148.836,-81.365],[-149.995,-81.21],[-151.54,-81.21],[-154.477,-81.056],[-155.713,-81.056],[-156.999,-81.196],[-156.952,-81.314],[-155.569,-81.407],[-154.267,-81.677],[-154.983,-81.911],[-154.554,-82.138],[-153.549,-82.292],[-152.081,-82.601],[-152.931,-82.91],[-153.24,-83.297],[-153.31,-83.942],[-153.086,-84.147],[-152.39,-84.301],[-152.004,-84.379],[-150.613,-84.456],[-149.609,-84.456],[-145.281,-84.765],[-138.817,-85.013],[-139.331,-85.223],[-141.418,-85.229],[-148.759,-85.074],[-150.381,-85.46],[-151.463,-85.306],[-154.399,-85.383],[-156.563,-85.46],[-160.504,-85.383],[-163.363,-85.151],[-167.226,-84.765],[-170.317,-84.688],[-173.871,-84.456],[-178.43,-84.456],[-180,-84.322],[-180,-85.322],[-180,-86.322],[-180,-87.322],[-180,-88.322],[-180,-89.322],[-180,-90],[-179.204,-90],[-178.204,-90],[-177.204,-90],[-176.204,-90],[-175.204,-90],[-174.204,-90],[-173.204,-90],[-172.204,-90],[-171.204,-90],[-170.204,-90],[-169.204,-90],[-168.204,-90],[-167.204,-90],[-166.204,-90],[-165.204,-90],[-164.204,-90],[-163.204,-90],[-162.204,-90],[-161.204,-90],[-160.204,-90],[-159.204,-90],[-158.204,-90],[-157.204,-90],[-156.204,-90],[-155.204,-90],[-154.204,-90],[-153.204,-90],[-152.204,-90],[-151.204,-90],[-150.204,-90],[-149.204,-90],[-148.204,-90],[-147.204,-90],[-146.204,-90],[-145.204,-90],[-144.204,-90],[-143.204,-90],[-142.204,-90],[-141.204,-90],[-140.204,-90],[-139.204,-90],[-138.204,-90],[-137.204,-90],[-136.204,-90],[-135.204,-90],[-134.204,-90],[-133.204,-90],[-132.204,-90],[-131.204,-90],[-130.204,-90],[-129.204,-90],[-128.204,-90],[-127.204,-90],[-126.204,-90],[-125.204,-90],[-124.204,-90],[-123.204,-90],[-122.204,-90],[-121.204,-90],[-120.204,-90],[-119.204,-90],[-118.204,-90],[-117.204,-90],[-116.204,-90],[-115.204,-90],[-114.204,-90],[-113.204,-90],[-112.204,-90],[-111.204,-90],[-110.204,-90],[-109.204,-90],[-108.204,-90],[-107.204,-90],[-106.204,-90],[-105.204,-90],[-104.204,-90],[-103.204,-90],[-102.204,-90],[-101.204,-90],[-100.204,-90],[-99.204,-90],[-98.204,-90],[-97.204,-90],[-96.204,-90],[-95.204,-90],[-94.204,-90],[-93.204,-90],[-92.204,-90],[-91.204,-90],[-90,-90],[-89.204,-90],[-88.204,-90],[-87.204,-90],[-86.204,-90],[-85.204,-90],[-84.204,-90],[-83.204,-90],[-82.204,-90],[-81.204,-90],[-80.204,-90],[-79.204,-90],[-78.204,-90],[-77.204,-90],[-76.204,-90],[-75.204,-90],[-74.204,-90],[-73.204,-90],[-72.204,-90],[-71.204,-90],[-70.204,-90],[-69.204,-90],[-68.204,-90],[-67.204,-90],[-66.204,-90],[-65.204,-90],[-64.204,-90],[-63.204,-90],[-62.204,-90],[-61.204,-90],[-60.204,-90],[-59.204,-90],[-58.204,-90],[-57.204,-90],[-56.204,-90],[-55.204,-90],[-54.204,-90],[-53.204,-90],[-52.204,-90],[-51.204,-90],[-50.204,-90],[-49.204,-90],[-48.204,-90],[-47.204,-90],[-46.204,-90],[-45.204,-90],[-44.204,-90],[-43.204,-90],[-42.204,-90],[-41.204,-90],[-40.204,-90],[-39.204,-90],[-38.204,-90],[-37.204,-90],[-36.204,-90],[-35.204,-90],[-34.204,-90],[-33.204,-90],[-32.204,-90],[-31.204,-90],[-30.204,-90],[-29.204,-90],[-28.204,-90],[-27.204,-90],[-26.204,-90],[-25.204,-90],[-24.204,-90],[-23.204,-90],[-22.204,-90],[-21.204,-90],[-20.204,-90],[-19.204,-90],[-18.204,-90],[-17.204,-90],[-16.204,-90],[-15.204,-90],[-14.204,-90],[-13.204,-90],[-12.204,-90],[-11.204,-90],[-10.204,-90],[-9.204,-90],[-8.204,-90],[-7.204,-90],[-6.204,-90],[-5.204,-90],[-4.204,-90],[-3.204,-90],[-2.204,-90],[-1.204,-90],[-0.204,-90],[0.778,-90],[1.778,-90],[2.778,-90],[3.778,-90],[4.778,-90],[5.778,-90],[6.778,-90],[7.778,-90],[8.778,-90],[9.778,-90],[10.778,-90],[11.778,-90],[12.778,-90],[13.778,-90],[14.778,-90],[15.778,-90],[16.778,-90],[17.778,-90],[18.778,-90],[19.778,-90],[20.778,-90],[21.778,-90],[22.778,-90],[23.778,-90],[24.778,-90],[25.778,-90],[26.778,-90],[27.778,-90],[28.778,-90],[29.778,-90],[30.778,-90],[31.778,-90],[32.778,-90],[33.778,-90],[34.778,-90],[35.778,-90],[36.778,-90],[37.778,-90],[38.778,-90],[39.778,-90],[40.778,-90],[41.778,-90],[42.778,-90],[43.778,-90],[44.778,-90],[45.778,-90],[46.778,-90],[47.778,-90],[48.778,-90],[49.778,-90],[50.778,-90],[51.778,-90],[52.778,-90],[53.778,-90],[54.778,-90],[55.778,-90],[56.778,-90],[57.778,-90],[58.778,-90],[59.778,-90],[60.778,-90],[61.778,-90],[62.778,-90],[63.778,-90],[64.778,-90],[65.778,-90],[66.778,-90],[67.778,-90],[68.778,-90],[69.778,-90],[70.778,-90],[71.778,-90],[72.778,-90],[73.778,-90],[74.778,-90],[75.778,-90],[76.778,-90],[77.778,-90],[78.778,-90],[79.778,-90],[80.778,-90],[81.778,-90],[82.778,-90],[83.778,-90],[84.778,-90],[85.778,-90],[86.778,-90],[87.778,-90],[88.778,-90],[89.778,-90],[89.796,-90],[90,-90],[91.778,-90],[92.778,-90],[93.778,-90],[94.778,-90],[95.778,-90],[96.778,-90],[97.778,-90],[98.778,-90],[99.778,-90],[100.778,-90],[101.778,-90],[102.778,-90],[103.778,-90],[104.778,-90],[105.778,-90],[106.778,-90],[107.778,-90],[108.778,-90],[109.778,-90],[110.778,-90],[111.778,-90],[112.778,-90],[113.778,-90],[114.778,-90],[115.778,-90],[116.778,-90],[117.778,-90],[118.778,-90],[119.778,-90],[120.778,-90],[121.778,-90],[122.778,-90],[123.778,-90],[124.778,-90],[125.778,-90],[126.778,-90],[127.778,-90],[128.778,-90],[129.778,-90],[130.778,-90],[131.778,-90],[132.778,-90],[133.778,-90],[134.778,-90],[135.778,-90],[136.778,-90],[137.778,-90],[138.778,-90],[139.778,-90],[140.778,-90],[141.778,-90],[142.778,-90],[143.778,-90],[144.778,-90],[145.778,-90],[146.778,-90],[147.778,-90],[148.778,-90],[149.778,-90],[150.778,-90],[151.778,-90],[152.778,-90],[153.778,-90],[154.778,-90],[155.778,-90],[156.778,-90],[157.778,-90],[158.778,-90],[159.778,-90],[160.778,-90],[161.778,-90],[162.778,-90],[163.778,-90],[164.778,-90],[165.778,-90],[166.778,-90],[167.778,-90],[168.778,-90],[169.778,-90],[170.778,-90],[171.778,-90],[172.778,-90],[173.778,-90],[174.778,-90],[175.778,-90],[176.778,-90],[177.778,-90],[178.778,-90],[180,-90],[180,-89.319],[180,-88.319],[180,-87.319],[180,-86.319],[180,-85.319],[180,-84.34],[179.161,-84.174],[178.818,-84.161],[178.304,-84.187],[176.933,-84.031],[174.585,-83.883],[173.629,-83.884],[172.58,-83.844],[172.04,-83.712],[171.895,-83.607],[171.49,-83.594],[169.769,-83.418]]]]},"properties":{"BORDERPRECISION":3,"fid":18}},
{"type":"Feature","geometry":{"type":"Polygon","coordinates":[[[11.075,14.351],[7.16,16.039],[5.178,15.649],[4.825,12.582],[5.768,11.167],[7.183,11.049],[8.717,9.044],[9.424,9.044],[10.368,9.516],[10.84,10.577],[10.25,11.639],[10.25,12.7],[11.075,14.351]]]},"properties":{"NAME":"Hausa States","SUBJECTO":"Hausa States","PARTOF":"Hausa States","ABBREVN":"Hausa States","BORDERPRECISION":3,"fid":21}},
{"type":"Feature","geometry":{"type":"Polygon","coordinates":[[[94.465,17.643],[95.164,17.643],[95.362,18.038],[94.702,20.016],[93.318,21.73],[93.128,22.203],[93.005,22.037],[92.892,21.979],[92.778,22.042],[92.51,22.11],[92.598,21.387],[92.237,21.15],[92.124,20.996],[92.176,20.887],[92.403,20.614],[92.663,20.405],[92.827,20.424],[92.921,20.374],[92.933,20.31],[92.894,20.113],[93.066,19.993],[93.248,20.038],[93.334,20.025],[93.416,19.943],[93.724,19.594],[93.748,19.473],[93.815,19.258],[93.675,19.251],[93.458,19.174],[93.695,19.01],[93.839,18.953],[93.966,19.194],[94.054,19.061],[94.247,18.579],[94.42,18.141],[94.465,17.664],[94.465,17.643]]]},"properties":{"NAME":"Arakan","SUBJECTO":"Arakan","PARTOF":"Arakan","ABBREVN":"Arakan","BORDERPRECISION":3,"fid":22}},
{"type":"Feature","geometry":{"type":"Polygon","coordinates":[[[9.572,44.437],[9.596,44.573],[9.745,44.606],[9.895,44.556],[9.978,44.407],[10.056,44.38],[10.127,44.357],[10.193,44.49],[10.243,44.49],[10.36,44.689],[10.276,44.905],[10.393,45.026],[10.293,45.021],[9.662,45.22],[9.131,45.121],[9.131,44.789],[9.23,44.772],[9.297,44.54],[9.363,44.556],[9.396,44.44],[9.479,44.473],[9.572,44.437]]]},"properties":{"NAME":"Parma","SUBJECTO":"Parma","PARTOF":"Parma","ABBREVN":"Parma","BORDERPRECISION":3,"fid":23}},
{"type":"Feature","geometry":{"type":"Polygon","coordinates":[[[12.378,44.732],[12.136,45.104],[12.037,45.137],[12.053,45.021],[11.97,45.038],[11.887,45.087],[11.771,45.071],[11.605,44.905],[11.24,45.071],[11.17,45.067],[11.339,44.855],[11.256,44.789],[11.173,44.606],[11.289,44.456],[11.289,44.373],[11.14,44.34],[11.202,44.143],[11.323,44.158],[11.289,44.224],[11.455,44.274],[11.572,44.224],[11.555,44.191],[11.704,44.224],[11.688,44.257],[11.738,44.357],[11.804,44.34],[11.854,44.357],[11.904,44.324],[11.887,44.257],[11.937,44.091],[12.02,44.174],[12.086,44.174],[12.053,44.108],[12.053,44.075],[12.037,43.925],[12.086,43.842],[12.169,43.892],[12.219,43.892],[12.12,43.743],[12.103,43.61],[12.12,43.477],[12.219,43.344],[12.302,43.344],[12.302,43.278],[12.219,43.228],[12.153,43.062],[12.169,42.912],[12.186,42.912],[12.153,42.696],[12.169,42.63],[12.13,42.596],[12.053,42.53],[12.07,42.298],[12.003,42.248],[12.02,42.099],[11.96,42.007],[11.963,42.005],[12.395,41.73],[12.642,41.531],[12.977,41.371],[13.271,41.314],[13.498,41.302],[13.761,41.207],[13.813,41.318],[13.979,41.335],[13.996,41.352],[14.029,41.401],[13.963,41.468],[13.963,41.518],[13.929,41.634],[13.88,41.634],[13.88,41.667],[13.929,41.75],[13.863,41.783],[13.863,41.75],[13.647,41.8],[13.647,41.75],[13.597,41.8],[13.564,41.866],[13.631,41.933],[13.631,42.016],[13.581,42.049],[13.581,42.099],[13.415,42.198],[13.465,42.232],[13.415,42.364],[13.548,42.431],[13.631,42.53],[13.714,42.398],[13.763,42.464],[13.83,42.481],[13.83,42.564],[13.929,42.53],[13.996,42.613],[14.076,42.634],[13.915,42.873],[13.792,43.123],[13.732,43.374],[13.601,43.535],[12.697,43.935],[12.508,44.131],[12.345,44.301],[12.281,44.55],[12.274,44.673],[12.378,44.732]]]},"properties":{"NAME":"Papal States","SUBJECTO":"Papal States","PARTOF":"Papal States","ABBREVN":"Papal States","BORDERPRECISION":3,"fid":24}},
{"type":"Feature","geometry":{"type":"Polygon","coordinates":[[[9.572,44.437],[9.778,44.357],[9.828,44.29],[9.878,44.29],[9.892,44.343],[9.954,44.333],[9.978,44.407],[9.895,44.556],[9.745,44.606],[9.596,44.573],[9.572,44.437]]]},"properties":{"NAME":"Pontremoli","SUBJECTO":"Pontremoli","PARTOF":"Pontremoli","ABBREVN":"Pontremoli","BORDERPRECISION":3,"fid":25}},
{"type":"Feature","geometry":{"type":"Polygon","coordinates":[[[10.056,44.38],[10.037,44.292],[10.141,44.219],[10.172,44.312],[10.127,44.357],[10.056,44.38]]]},"properties":{"NAME":"Fivizzano","SUBJECTO":"Fivizzano","PARTOF":"Fivizzano","ABBREVN":"Fivizzano","BORDERPRECISION":3,"fid":26}},
{"type":"Feature","geometry":{"type":"Polygon","coordinates":[[[10.338,43.596],[10.503,43.609],[10.596,43.578],[10.751,43.63],[10.689,43.867],[10.73,43.981],[10.692,44.091],[10.592,44.141],[10.542,44.091],[10.509,44.091],[10.41,43.937],[10.36,43.859],[10.326,43.892],[10.261,43.745],[10.292,43.705],[10.338,43.596]]]},"properties":{"NAME":"Lucca","SUBJECTO":"Lucca","PARTOF":"Lucca","ABBREVN":"Lucca","BORDERPRECISION":3,"fid":27}},
{"type":"Feature","geometry":{"type":"Polygon","coordinates":[[[11.202,44.143],[11.057,44.124],[11.057,44.158],[10.957,44.158],[10.824,44.207],[10.708,44.174],[10.692,44.091],[10.73,43.981],[10.689,43.867],[10.751,43.63],[10.596,43.578],[10.503,43.609],[10.338,43.596],[10.488,43.236],[10.743,42.851],[11.105,42.549],[11.497,42.376],[11.96,42.007],[12.02,42.099],[12.003,42.248],[12.07,42.298],[12.053,42.53],[12.13,42.596],[12.169,42.63],[12.153,42.696],[12.186,42.912],[12.169,42.912],[12.153,43.062],[12.219,43.228],[12.302,43.278],[12.302,43.344],[12.219,43.344],[12.12,43.477],[12.103,43.61],[12.12,43.743],[12.219,43.892],[12.169,43.892],[12.086,43.842],[12.037,43.925],[12.053,44.075],[12.053,44.108],[12.086,44.174],[12.02,44.174],[11.937,44.091],[11.887,44.257],[11.904,44.324],[11.854,44.357],[11.804,44.34],[11.738,44.357],[11.688,44.257],[11.704,44.224],[11.555,44.191],[11.572,44.224],[11.455,44.274],[11.289,44.224],[11.323,44.158],[11.202,44.143]]]},"properties":{"NAME":"Tuscany","SUBJECTO":"Tuscany","PARTOF":"Tuscany","ABBREVN":"Tuscany","BORDERPRECISION":3,"fid":28}},
{"type":"Feature","geometry":{"type":"Polygon","coordinates":[[[10.127,44.357],[10.172,44.312],[10.141,44.219],[10.037,44.292],[10.056,44.38],[9.978,44.407],[9.954,44.333],[9.892,44.343],[9.878,44.29],[9.825,44.153],[9.909,44.11],[10.137,43.905],[10.155,43.881],[10.286,43.981],[10.41,43.937],[10.509,44.091],[10.542,44.091],[10.592,44.141],[10.692,44.091],[10.708,44.174],[10.824,44.207],[10.957,44.158],[11.057,44.158],[11.057,44.124],[11.202,44.143],[11.14,44.34],[11.289,44.373],[11.289,44.456],[11.173,44.606],[11.256,44.789],[11.339,44.855],[11.17,45.067],[10.856,45.051],[10.393,45.026],[10.276,44.905],[10.36,44.689],[10.243,44.49],[10.193,44.49],[10.127,44.357]]]},"properties":{"NAME":"Modena","SUBJECTO":"Modena","PARTOF":"Modena","ABBREVN":"Modena","BORDERPRECISION":3,"fid":29}},
{"type":"Feature","geometry":{"type":"Polygon","coordinates":[[[10.41,43.937],[10.286,43.981],[10.155,43.881],[10.261,43.745],[10.326,43.892],[10.36,43.859],[10.41,43.937]]]},"properties":{"NAME":"Massa","SUBJECTO":"Massa","PARTOF":"Massa","ABBREVN":"Massa","BORDERPRECISION":3,"fid":30}},
{"type":"Feature","geometry":{"type":"Polygon","coordinates":[[[32.945,-25.54],[32.627,-25.368],[32.094,-25.604],[32.094,-26.255],[32.568,-26.61],[32.887,-26.715],[32.916,-26.518],[32.896,-26.372],[32.631,-26.22],[32.5,-26.068],[32.651,-25.839],[32.945,-25.54]]]},"properties":{"NAME":"Delagoa Bay","SUBJECTO":"Delagoa Bay","PARTOF":"Delagoa Bay","ABBREVN":"Delagoa Bay","BORDERPRECISION":3,"fid":31}},
{"type":"Feature","geometry":{"type":"Polygon","coordinates":[[[48.015,-17.023],[47.482,-16.904],[46.654,-17.733],[45.292,-22.645],[45.529,-23.592],[46.002,-23.592],[47.186,-23.119],[48.488,-20.041],[48.488,-19.449],[48.015,-17.023]]]},"properties":{"NAME":"Expansionist Kingdom of Merina","SUBJECTO":"Expansionist Kingdom of Merina","PARTOF":"Expansionist Kingdom of Merina","ABBREVN":"Merina","BORDERPRECISION":3,"fid":32}},
{"type":"Feature","geometry":{"type":"Polygon","coordinates":[[[-16.87,14.364],[-16.051,15.069],[-15.755,16.253],[-16.45,16.118],[-16.6,15.749],[-16.865,15.298],[-17.19,14.96],[-17.433,14.807],[-17.221,14.725],[-17.05,14.586],[-16.87,14.364]]]},"properties":{"NAME":"Senegal","SUBJECTO":"Senegal","PARTOF":"Senegal","ABBREVN":"Senegal","BORDERPRECISION":3,"fid":33}},
{"type":"Feature","geometry":{"type":"Polygon","coordinates":[[[-15.158,11.876],[-15.459,12.48],[-16.567,12.31],[-16.425,12.248],[-16.279,12.21],[-16.248,12.103],[-16.086,11.969],[-15.809,11.843],[-15.736,11.843],[-15.55,11.92],[-15.325,11.927],[-15.158,11.876]]]},"properties":{"NAME":"Portuguese Guinea","SUBJECTO":"Portuguese Guinea","PARTOF":"Portuguese Guinea","ABBREVN":"Port. Guinea","BORDERPRECISION":3,"fid":34}},
{"type":"Feature","geometry":{"type":"Polygon","coordinates":[[[10.84,10.577],[12.019,9.87],[14.967,9.988],[16.619,11.049],[16.632,11.104],[14.993,12.097],[14.603,12.991],[14.62,12.992],[14.661,12.982],[14.686,12.993],[14.694,13.024],[14.716,13.047],[14.743,13.062],[14.742,13.078],[14.728,13.102],[16.905,13.434],[16.843,14.328],[16.844,14.351],[16.845,14.366],[16.71,14.68],[16.265,16.121],[13.552,16.121],[12.255,15.177],[11.075,14.351],[10.25,12.7],[10.25,11.639],[10.84,10.577]]]},"properties":{"NAME":"Bornu-Kanem","SUBJECTO":"Bornu-Kanem","PARTOF":"Bornu-Kanem","ABBREVN":"Bornu","BORDERPRECISION":3,"fid":35}},
{"type":"Feature","geometry":{"type":"Polygon","coordinates":[[[1.201,15.619],[-0.097,15.294],[-0.421,14.159],[0.649,13.155],[0.958,12.536],[2.499,12.699],[3.148,13.266],[3.066,15.051],[1.201,15.619]]]},"properties":{"NAME":"Songhai","SUBJECTO":"Songhai","PARTOF":"Songhai","ABBREVN":"Songhai","BORDERPRECISION":3,"fid":36}},
{"type":"Feature","geometry":{"type":"Polygon","coordinates":[[[-2.774,12.536],[-2.692,10.103],[-1.557,9.86],[-0.502,10.265],[-0.097,12.374],[-0.837,13.408],[-2.044,13.429],[-2.774,12.536]]]},"properties":{"NAME":"Mossi States","SUBJECTO":"Mossi States","PARTOF":"Mossi States","ABBREVN":"Mossi States","BORDERPRECISION":3,"fid":37}},
{"type":"Feature","geometry":{"type":"Polygon","coordinates":[[[20.025,12.637],[22.629,13.215],[22.81,13.759],[22.327,15.329],[21.542,16.597],[20.515,16.476],[19.791,14.967],[19.368,13.397],[19.463,13.259],[19.845,13.223],[20.025,12.637]]]},"properties":{"NAME":"Wadai","SUBJECTO":"Wadai","PARTOF":"Wadai","ABBREVN":"Wadai","BORDERPRECISION":3,"fid":38}},
{"type":"Feature","geometry":{"type":"Polygon","coordinates":[[[22.689,15.329],[23.172,13.578],[24.32,12.793],[29.09,13.155],[29.996,14.242],[29.15,17.926],[27.46,18.167],[23.112,16.597],[22.689,15.329]]]},"properties":{"NAME":"Darfur","SUBJECTO":"Darfur","PARTOF":"Darfur","ABBREVN":"Darfur","BORDERPRECISION":3,"fid":39}},
{"type":"Feature","geometry":{"type":"Polygon","coordinates":[[[23.504,-10.335],[23.263,-9.671],[23.625,-6.772],[21.331,-6.712],[17.889,-7.376],[17.466,-8.161],[18.251,-11.12],[23.021,-10.818],[23.504,-10.335]]]},"properties":{"NAME":"Lunda","SUBJECTO":"Lunda","PARTOF":"Lunda","ABBREVN":"Lunda","BORDERPRECISION":3,"fid":40}},
{"type":"Feature","geometry":{"type":"Polygon","coordinates":[[[23.504,-10.335],[25.467,-10.395],[25.648,-9.972],[26.373,-10.274],[27.339,-9.61],[28.003,-9.791],[28.728,-9.731],[29.271,-9.187],[30.358,-9.248],[31.083,-8.704],[29.332,-5.323],[25.98,-5.142],[25.316,-6.531],[23.625,-6.772],[23.263,-9.671],[23.504,-10.335]]]},"properties":{"NAME":"Luba","SUBJECTO":"Luba","PARTOF":"Luba","ABBREVN":"Luba","BORDERPRECISION":3,"fid":41}},
{"type":"Feature","geometry":{"type":"Polygon","coordinates":[[[12.372,-6.258],[12.671,-6.696],[12.796,-6.861],[12.877,-7.051],[12.969,-7.515],[13.023,-7.605],[13.167,-7.845],[13.387,-8.156],[13.477,-8.416],[13.48,-8.632],[13.431,-8.823],[13.36,-8.893],[13.146,-9.065],[13.084,-9.287],[14.329,-9.368],[14.267,-8.939],[14.325,-8.234],[14.09,-7.706],[14.103,-7.376],[14.399,-7.198],[14.872,-7.376],[14.99,-7.198],[15.05,-6.015],[14.576,-4.772],[14.103,-4.949],[13.274,-5.778],[13.215,-6.133],[12.801,-5.956],[12.372,-6.258]]]},"properties":{"NAME":"Congo","SUBJECTO":"Congo","PARTOF":"Congo","ABBREVN":"Congo","BORDERPRECISION":3,"fid":42}},
{"type":"Feature","geometry":{"type":"Polygon","coordinates":[[[26.946,-18.668],[26.282,-20.661],[26.886,-21.929],[29.905,-22.05],[30.69,-20.057],[30.147,-18.547],[27.671,-18.004],[26.946,-18.668]]]},"properties":{"NAME":"Rozwi","SUBJECTO":"Rozwi","PARTOF":"Rozwi","ABBREVN":"Rozwi","BORDERPRECISION":3,"fid":43}},
{"type":"Feature","geometry":{"type":"Polygon","coordinates":[[[37.275,-17.713],[36.386,-16.966],[35.546,-16.966],[34.287,-15.916],[33.343,-15.707],[33.972,-16.651],[34.812,-17.595],[34.917,-18.33],[35.378,-19.427],[35.915,-19.032],[36.314,-18.649],[36.892,-18],[37.275,-17.713]]]},"properties":{"NAME":"Portuguese East Africa","SUBJECTO":"Portuguese East Africa","PARTOF":"Portuguese East Africa","ABBREVN":"Port E Afric","BORDERPRECISION":3,"fid":44}},
{"type":"Feature","geometry":{"type":"Polygon","coordinates":[[[39.636,14.149],[39.391,10.595],[40.371,10.473],[40.494,9.86],[42.669,11.511],[42.555,11.568],[42.81,11.778],[43.062,11.919],[43.259,11.964],[43.422,12.047],[43.475,12.098],[43.459,12.225],[43.33,12.434],[43.048,12.702],[42.636,13.093],[42.408,13.175],[42.355,13.271],[42.366,13.36],[42.357,13.468],[42.079,13.861],[41.761,13.886],[41.705,13.93],[41.341,14.342],[40.739,14.919],[40.631,14.925],[40.39,14.906],[39.636,14.149]]]},"properties":{"NAME":"Awsa","SUBJECTO":"Awsa","PARTOF":"Awsa","ABBREVN":"Awsa","BORDERPRECISION":3,"fid":45}},
{"type":"Feature","geometry":{"type":"Polygon","coordinates":[[[38.043,16.232],[36.083,16.109],[35.96,14.762],[36.462,8.547],[37.308,7.899],[38.184,8.318],[39.218,8.433],[39.562,9.122],[39.391,10.595],[39.636,14.149],[38.778,14.394],[38.043,15.007],[38.043,16.232]]]},"properties":{"NAME":"Ethiopia","SUBJECTO":"Ethiopia","PARTOF":"Ethiopia","ABBREVN":"Ethiopia","BORDERPRECISION":3,"fid":46}},
{"type":"Feature","geometry":{"type":"Polygon","coordinates":[[[39.391,10.595],[39.562,9.122],[39.218,8.433],[38.184,8.318],[37.308,7.899],[36.462,8.547],[35.102,8.39],[34.98,7.287],[38.043,6.797],[38.043,5.694],[36.083,5.694],[36.45,2.63],[38.411,1.037],[42.332,1.773],[43.802,2.875],[43.435,3.856],[42.822,4.591],[41.719,4.713],[42.577,5.816],[42.945,6.919],[41.842,8.757],[40.494,9.86],[40.371,10.473],[39.391,10.595]]]},"properties":{"NAME":"Oromo","SUBJECTO":"Oromo","PARTOF":"Oromo","ABBREVN":"Oromo","BORDERPRECISION":3,"fid":47}},
{"type":"Feature","geometry":{"type":"Polygon","coordinates":[[[19.57,54.255],[19.683,53.858],[19.925,53.918],[20.076,53.585],[20.409,53.434],[20.56,53.827],[21.014,54.1],[20.47,54.342],[20.046,54.19],[19.915,54.395],[19.733,54.31],[19.57,54.255]]]},"properties":{"NAME":"Austrian Empire","SUBJECTO":"Austrian Empire","PARTOF":"Austrian Empire","ABBREVN":"Austria-Hung","BORDERPRECISION":3,"fid":48}},
{"type":"Feature","geometry":{"type":"Polygon","coordinates":[[[19.57,54.255],[19.457,54.217],[19.328,54.161],[19.23,54.167],[19.232,54.222],[19.318,54.272],[19.758,54.459],[19.734,54.461],[19.255,54.277],[18.965,54.228],[18.987,53.858],[18.806,53.737],[18.927,53.495],[19.804,53.525],[20.011,53.044],[20.097,53.182],[20.477,53.131],[20.702,53.321],[21.117,53.269],[22.807,53.808],[22.74,53.95],[22.699,54.415],[22.67,54.494],[22.662,54.571],[22.724,54.733],[22.824,54.787],[22.794,54.902],[22.632,54.949],[22.584,55.009],[21.684,55.353],[21.276,55.861],[20.945,56.07],[20.996,56.024],[21.015,55.697],[21.018,55.634],[21.216,55.344],[21.201,55.261],[21.143,55.256],[21.162,55.221],[21.193,55.166],[21.224,55.111],[21.113,55.089],[21.192,54.96],[21.137,54.845],[20.985,54.812],[20.797,54.818],[20.127,54.846],[19.943,54.85],[19.863,54.752],[19.833,54.531],[19.882,54.525],[19.938,54.608],[20.006,54.547],[20.194,54.575],[20.327,54.564],[20.189,54.522],[19.978,54.424],[19.915,54.395],[20.046,54.19],[20.47,54.342],[21.014,54.1],[20.56,53.827],[20.409,53.434],[20.076,53.585],[19.925,53.918],[19.683,53.858],[19.57,54.255]]]},"properties":{"NAME":"Prussia","SUBJECTO":"Prussia","PARTOF":"Prussia","ABBREVN":"Prussia","BORDERPRECISION":3,"fid":49}},
{"type":"Feature","geometry":{"type":"Polygon","coordinates":[[[10.856,45.051],[10.824,45.353],[10.675,45.353],[10.377,45.374],[10.393,45.026],[10.856,45.051]]]},"properties":{"NAME":"Lombardy","SUBJECTO":"Lombardy","PARTOF":"Lombardy","ABBREVN":"Lombardy","BORDERPRECISION":3,"fid":50}},
{"type":"Feature","geometry":{"type":"Polygon","coordinates":[[[9.131,44.789],[8.764,44.864],[8.7,44.816],[8.556,44.864],[8.491,44.8],[8.395,44.8],[8.363,44.72],[8.251,44.736],[8.219,44.672],[7.914,44.415],[7.849,44.463],[7.769,44.367],[7.962,44.222],[8.09,44.051],[8.186,44.126],[8.672,44.417],[8.897,44.437],[9.157,44.373],[9.692,44.22],[9.825,44.153],[9.878,44.29],[9.828,44.29],[9.778,44.357],[9.572,44.437],[9.479,44.473],[9.396,44.44],[9.363,44.556],[9.297,44.54],[9.23,44.772],[9.131,44.789]]]},"properties":{"NAME":"Genoa","SUBJECTO":"Genoa","PARTOF":"Genoa","ABBREVN":"Genoa","BORDERPRECISION":3,"fid":51}},
{"type":"Feature","geometry":{"type":"Polygon","coordinates":[[[7.98,43.965],[7.897,44.094],[7.689,44.238],[7.705,44.062],[7.673,43.981],[7.634,44.036],[7.467,43.92],[7.468,43.811],[7.553,43.867],[7.689,43.887],[7.98,43.965]]]},"properties":{"BORDERPRECISION":3,"fid":52}},
{"type":"Feature","geometry":{"type":"Polygon","coordinates":[[[8.82,38.977],[8.931,39.054],[8.999,39.175],[9.063,39.22],[9.296,39.233],[9.479,39.144],[9.648,39.457],[9.698,39.693],[9.631,40.096],[9.696,40.314],[9.788,40.442],[9.794,40.564],[9.591,40.903],[9.306,41.184],[8.918,40.94],[8.766,40.863],[8.406,40.862],[8.241,40.855],[8.159,40.785],[8.202,40.663],[8.428,40.465],[8.488,40.209],[8.508,39.946],[8.465,39.64],[8.374,39.308],[8.417,39.212],[8.582,39.066],[8.696,38.996],[8.82,38.977]]]},"properties":{"NAME":"Sardinia","SUBJECTO":"Spanish Habsburg","PARTOF":"Spanish Habsburg","ABBREVN":"Sardinia","BORDERPRECISION":3,"fid":53}},
{"type":"Feature","geometry":{"type":"Polygon","coordinates":[[[13.761,41.207],[13.797,41.193],[13.853,41.091],[13.942,40.998],[14.051,40.768],[14.24,40.853],[14.37,40.851],[14.495,40.73],[14.35,40.643],[14.334,40.594],[14.743,40.705],[14.951,40.551],[14.992,40.372],[14.899,40.241],[15.027,40.212],[15.432,39.989],[15.516,40.066],[15.666,40.092],[15.757,39.934],[15.825,39.661],[15.99,39.428],[16.083,39.012],[16.177,38.931],[16.212,38.778],[16.152,38.701],[15.99,38.735],[15.827,38.623],[15.933,38.54],[15.791,38.296],[15.627,38.233],[15.627,38.004],[15.71,37.941],[15.785,37.91],[16.053,37.931],[16.331,38.321],[16.572,38.457],[16.522,38.725],[16.613,38.827],[16.798,38.926],[17.095,38.915],[17.181,39.022],[17.121,39.086],[17.107,39.28],[17.149,39.422],[16.874,39.544],[16.532,39.698],[16.535,39.832],[16.624,39.968],[16.604,40.09],[16.728,40.184],[16.844,40.363],[16.949,40.481],[17.084,40.525],[17.243,40.496],[17.204,40.398],[17.402,40.292],[17.619,40.288],[17.85,40.243],[17.968,40.167],[18.017,39.948],[18.16,39.873],[18.365,39.747],[18.434,39.898],[18.523,40.094],[18.384,40.308],[18.06,40.514],[18.034,40.597],[17.319,40.929],[16.946,41.094],[16.42,41.279],[15.991,41.406],[15.873,41.502],[15.989,41.635],[16.198,41.746],[16.187,41.841],[16.013,41.904],[15.449,41.857],[14.922,41.972],[14.739,42.047],[14.72,42.142],[14.519,42.23],[14.405,42.353],[14.093,42.61],[14.076,42.634],[13.996,42.613],[13.929,42.53],[13.83,42.564],[13.83,42.481],[13.763,42.464],[13.714,42.398],[13.631,42.53],[13.548,42.431],[13.415,42.364],[13.465,42.232],[13.415,42.198],[13.581,42.099],[13.581,42.049],[13.631,42.016],[13.631,41.933],[13.564,41.866],[13.597,41.8],[13.647,41.75],[13.647,41.8],[13.863,41.75],[13.863,41.783],[13.929,41.75],[13.88,41.667],[13.88,41.634],[13.929,41.634],[13.963,41.518],[13.963,41.468],[14.029,41.401],[13.996,41.352],[13.979,41.335],[13.813,41.318],[13.761,41.207]]]},"properties":{"NAME":"Naples","SUBJECTO":"Spanish Habsburg","PARTOF":"Spanish Habsburg","ABBREVN":"Naples","BORDERPRECISION":3,"fid":54}},
{"type":"Feature","geometry":{"type":"Polygon","coordinates":[[[14.942,36.739],[15.027,36.745],[15.221,37],[15.301,37.058],[15.116,37.287],[15.112,37.459],[15.181,37.682],[15.423,38.053],[15.473,38.11],[15.454,38.167],[15.387,38.206],[14.766,38.058],[14.134,37.973],[13.81,37.966],[13.628,38.03],[13.322,38.221],[13.066,38.067],[12.783,38.117],[12.664,38.072],[12.517,37.919],[12.454,37.766],[12.532,37.639],[12.637,37.582],[13.012,37.525],[13.868,37.157],[14.216,37.049],[14.622,36.776],[14.942,36.739]]]},"properties":{"NAME":"Sicily","SUBJECTO":"Spanish Habsburg","PARTOF":"Spanish Habsburg","ABBREVN":"Sicily","BORDERPRECISION":3,"fid":55}},
{"type":"Feature","geometry":{"type":"Polygon","coordinates":[[[101.968,22.534],[102.171,22.198],[102.446,21.94],[102.691,21.668],[102.843,21.25],[102.993,20.94],[103.266,20.744],[103.478,20.657],[103.607,20.683],[103.836,20.9],[104.011,20.977],[104.129,20.94],[104.324,20.636],[104.716,20.2],[104.72,19.972],[104.605,19.825],[104.488,19.742],[104.358,19.716],[104.145,19.746],[104.005,19.701],[103.88,19.535],[103.899,19.313],[103.972,19.269],[104.528,18.936],[104.812,18.722],[105.099,18.431],[105.413,18.084],[106.17,17.129],[106.426,16.718],[106.638,16.484],[106.946,16.308],[107.108,16.17],[107.169,15.992],[107.067,15.795],[107.1,15.668],[107.338,15.453],[107.434,15.257],[107.463,14.997],[107.393,14.584],[107.297,14.176],[107.31,13.878],[107.515,13.422],[107.48,13.257],[107.458,13.066],[107.482,12.583],[107.385,12.354],[106.854,10.576],[107.036,10.436],[107.266,10.348],[107.412,10.367],[107.673,10.527],[107.939,10.807],[108.164,10.966],[108.353,11.043],[108.582,11.088],[108.696,11.145],[108.897,11.343],[109.061,11.591],[109.073,11.635],[109.048,11.934],[109.091,12.118],[109.068,12.487],[109.175,12.709],[109.307,12.906],[109.071,14.17],[108.918,14.792],[108.786,15.091],[108.499,15.363],[108.363,15.623],[108.236,16.08],[108.095,16.252],[107.809,16.283],[107.692,16.371],[107.115,16.955],[106.622,17.328],[106.433,17.55],[106.394,17.665],[106.375,17.9],[106.364,18.007],[105.864,18.489],[105.653,18.743],[105.533,18.844],[105.707,19.283],[105.843,19.702],[105.965,19.881],[106.042,19.938],[106.281,20.046],[106.381,20.11],[106.644,20.466],[106.772,20.638],[106.746,20.816],[106.807,20.905],[107.374,20.881],[107.466,20.976],[107.418,21.186],[107.79,21.403],[107.876,21.462],[107.787,21.526],[107.378,21.575],[107.098,21.649],[106.673,21.926],[106.551,22.091],[106.507,22.325],[106.72,22.663],[106.695,22.834],[106.588,22.929],[106.238,22.908],[105.941,22.931],[105.594,23.037],[105.313,23.296],[105.179,23.251],[104.945,23.103],[104.631,22.854],[104.478,22.783],[104.115,22.73],[103.397,22.707],[103.248,22.655],[102.985,22.47],[102.839,22.513],[102.57,22.69],[102.417,22.695],[102.185,22.637],[101.968,22.534]]]},"properties":{"NAME":"Đại Việt","SUBJECTO":"Đại Việt","PARTOF":"Đại Việt","ABBREVN":"Đại Việt","BORDERPRECISION":3,"fid":56}},
{"type":"Feature","geometry":{"type":"Polygon","coordinates":[[[107.48,13.257],[106.061,13.343],[105.016,13.406],[103.657,12.846],[102.736,12.117],[102.671,12.038],[102.963,11.368],[103.04,10.898],[103.192,10.905],[103.4,11.039],[103.525,11.058],[103.652,10.88],[103.67,10.766],[103.588,10.664],[103.525,10.524],[103.607,10.474],[103.739,10.493],[103.831,10.474],[104.003,10.538],[104.16,10.519],[104.272,10.399],[104.387,10.314],[104.428,10.285],[104.765,10.177],[104.979,9.981],[104.987,9.822],[104.89,9.695],[104.822,9.472],[104.778,8.881],[104.742,8.494],[104.907,8.475],[105.026,8.52],[105.208,8.654],[105.297,8.774],[105.503,9.029],[105.691,9.125],[105.927,9.189],[106.118,9.335],[106.229,9.552],[106.335,9.52],[106.482,9.552],[106.656,9.743],[106.749,10.067],[106.727,10.226],[106.704,10.448],[106.773,10.639],[106.854,10.576],[107.385,12.354],[107.482,12.583],[107.458,13.066],[107.48,13.257]]]},"properties":{"NAME":"Cambodia","SUBJECTO":"Cambodia","PARTOF":"Cambodia","ABBREVN":"Cambodia","BORDERPRECISION":3,"fid":57}},
{"type":"Feature","geometry":{"type":"Polygon","coordinates":[[[101.968,22.534],[101.662,22.392],[101.554,22.284],[101.535,22.138],[101.597,21.871],[101.699,21.707],[101.753,21.472],[101.704,21.319],[101.584,21.224],[101.238,21.26],[101.094,21.354],[101.014,21.442],[100.788,21.282],[100.549,21.008],[100.35,20.746],[100.088,20.542],[100.001,20.459],[100.245,20.384],[100.377,20.302],[100.431,20.226],[100.435,20.036],[100.387,19.674],[100.417,19.509],[100.5,19.439],[100.691,19.44],[100.911,19.531],[101.097,19.551],[101.118,19.5],[101.229,18.91],[101.192,18.726],[100.954,18.02],[100.901,17.822],[100.888,17.6],[100.913,17.545],[100.954,17.454],[101.17,17.392],[101.337,17.577],[101.865,18.107],[102.02,18.121],[102.396,17.964],[102.661,17.845],[102.761,17.878],[103.006,17.993],[103.096,18.235],[103.225,18.439],[103.406,18.434],[103.808,18.347],[103.928,18.278],[103.95,18.151],[104.079,17.911],[104.389,17.614],[104.584,17.33],[104.61,16.644],[104.659,16.479],[104.773,16.27],[105.214,15.695],[105.403,15.378],[105.473,15.15],[105.968,14.334],[106.016,14.201],[106.1,14.119],[106.146,14.024],[106.104,13.915],[106.061,13.343],[107.48,13.257],[107.515,13.422],[107.31,13.878],[107.297,14.176],[107.393,14.584],[107.463,14.997],[107.434,15.257],[107.338,15.453],[107.1,15.668],[107.067,15.795],[107.169,15.992],[107.108,16.17],[106.946,16.308],[106.638,16.484],[106.426,16.718],[106.17,17.129],[105.413,18.084],[105.099,18.431],[104.812,18.722],[104.528,18.936],[103.972,19.269],[103.899,19.313],[103.88,19.535],[104.005,19.701],[104.145,19.746],[104.358,19.716],[104.488,19.742],[104.605,19.825],[104.72,19.972],[104.716,20.2],[104.324,20.636],[104.129,20.94],[104.011,20.977],[103.836,20.9],[103.607,20.683],[103.478,20.657],[103.266,20.744],[102.993,20.94],[102.843,21.25],[102.691,21.668],[102.446,21.94],[102.171,22.198],[101.968,22.534]]]},"properties":{"NAME":"Laotian states","SUBJECTO":"Laotian states","PARTOF":"Laotian states","ABBREVN":"Laotian states","BORDERPRECISION":3,"fid":58}},
{"type":"Feature","geometry":{"type":"Polygon","coordinates":[[[102.074,6.154],[101.978,6.219],[101.68,6.464],[101.56,6.74],[101.428,6.828],[101.217,6.802],[100.975,6.853],[100.615,6.979],[100.54,7.049],[100.345,7.44],[100.287,7.772],[100.302,7.887],[100.208,8.325],[100.132,8.532],[100.009,8.49],[99.929,8.585],[99.866,8.712],[99.902,8.922],[99.898,9.068],[99.837,9.226],[99.724,9.258],[99.546,9.194],[99.298,9.162],[99.196,9.238],[99.119,9.371],[99.071,9.898],[99.186,10.489],[99.501,11.246],[99.763,11.78],[99.895,12.079],[99.871,12.263],[99.834,12.524],[99.977,12.842],[100.023,12.994],[99.93,13.261],[100.04,13.395],[100.24,13.49],[100.474,13.51],[100.585,13.472],[100.909,13.447],[100.957,13.365],[100.871,12.806],[100.872,12.679],[101.023,12.673],[101.154,12.609],[101.329,12.559],[101.587,12.661],[101.724,12.655],[101.919,12.585],[102.324,12.186],[102.53,12.148],[102.658,12.066],[102.671,12.038],[102.736,12.117],[103.657,12.846],[105.016,13.406],[106.061,13.343],[106.104,13.915],[106.146,14.024],[106.1,14.119],[106.016,14.201],[105.968,14.334],[105.473,15.15],[105.403,15.378],[105.214,15.695],[104.773,16.27],[104.659,16.479],[104.61,16.644],[104.584,17.33],[104.389,17.614],[104.079,17.911],[103.95,18.151],[103.928,18.278],[103.808,18.347],[103.406,18.434],[103.225,18.439],[103.096,18.235],[103.006,17.993],[102.761,17.878],[102.661,17.845],[102.396,17.964],[102.02,18.121],[101.865,18.107],[101.337,17.577],[101.17,17.392],[100.954,17.454],[100.913,17.545],[99.717,16.841],[98.638,16.65],[98.75,16.47],[98.824,16.318],[98.736,16.209],[98.533,16.106],[98.476,16.005],[98.58,15.472],[98.503,15.382],[98.137,15.19],[98.217,15.019],[98.487,14.372],[98.73,14.158],[99.003,13.886],[99.094,13.671],[99.134,13.372],[99.095,13.086],[99.098,12.972],[99.317,12.44],[99.581,11.889],[99.547,11.755],[99.092,11.054],[98.637,10.289],[98.593,10.12],[98.633,10.101],[98.502,9.719],[98.251,8.937],[98.177,8.6],[98.195,8.327],[98.292,8.156],[98.39,8.219],[98.545,8.264],[98.75,8.087],[98.889,8.017],[99.025,7.871],[99.119,7.643],[99.294,7.319],[99.468,7.339],[99.572,7.263],[99.64,7.066],[99.611,6.939],[99.663,6.71],[99.834,6.539],[99.969,6.507],[100.154,6.603],[100.222,6.521],[100.164,6.387],[100.159,6.34],[100.36,6.417],[100.617,6.422],[100.665,6.212],[100.867,6.159],[100.984,6.052],[101.008,5.95],[101.027,5.856],[100.931,5.677],[100.984,5.569],[101.076,5.531],[101.186,5.709],[101.312,5.835],[101.451,5.761],[101.473,5.546],[101.763,5.586],[101.812,5.845],[102.035,6.002],[102.074,6.154]]]},"properties":{"NAME":"Ayutthaya","SUBJECTO":"Ayutthaya","PARTOF":"Ayutthaya","ABBREVN":"Ayutthaya","BORDERPRECISION":3,"fid":59}},
{"type":"Feature","geometry":{"type":"Polygon","coordinates":[[[98.637,27.479],[98.572,27.542],[98.345,27.528],[98.216,27.546],[98.118,27.685],[98.009,28.091],[97.83,28.286],[97.603,28.412],[97.478,28.392],[97.341,28.239],[97.34,28.182],[95.478,27.909],[94.837,27.567],[94.324,26.883],[92.401,26.584],[91.547,26.285],[90,26.36],[90,25.966],[91.434,26.098],[91.566,26.054],[91.434,25.791],[91.566,25.704],[91.478,25.485],[91.434,25.266],[91.741,25.003],[91.522,25.003],[91.566,24.346],[91.303,24.346],[91.259,24.128],[91.478,24.084],[91.828,23.734],[91.828,23.558],[91.916,23.515],[92.047,23.69],[94.383,24.199],[95.342,24.119],[95.742,24.039],[96.621,21.321],[97.261,20.921],[99.1,21.241],[100.04,21.621],[99.887,21.957],[99.755,22.127],[99.539,22.107],[99.311,22.106],[99.209,22.149],[99.156,22.308],[99.484,23.021],[99.469,23.141],[99.234,23.185],[98.985,23.151],[98.894,23.297],[98.769,24.09],[98.699,24.146],[98.483,24.139],[98.137,24.099],[97.768,23.9],[97.628,23.861],[97.531,23.892],[97.531,24.013],[97.631,24.274],[97.558,24.591],[97.524,24.8],[97.802,25.183],[97.888,25.272],[98.107,25.394],[98.382,25.63],[98.575,25.955],[98.734,26.343],[98.725,26.737],[98.637,27.479]]]},"properties":{"NAME":"Shan states","SUBJECTO":"Shan states","PARTOF":"Shan states","ABBREVN":"Shan states","BORDERPRECISION":3,"fid":60}},
{"type":"Feature","geometry":{"type":"Polygon","coordinates":[[[94.465,17.643],[94.465,17.264],[94.392,16.908],[94.143,16.215],[94.144,16.006],[94.304,15.949],[94.416,16.076],[94.54,16.134],[94.819,16.21],[94.82,16.16],[94.753,15.937],[94.828,15.842],[94.973,15.836],[95.125,15.995],[95.22,16.002],[95.223,15.805],[95.33,15.678],[95.418,15.742],[95.552,15.875],[95.714,16.155],[96.204,16.385],[96.469,16.513],[96.663,16.697],[96.734,16.888],[96.77,17.333],[96.882,17.346],[96.983,17.244],[97.215,16.94],[97.352,16.527],[97.418,16.483],[97.573,16.445],[97.596,16.35],[97.611,16.096],[97.664,15.791],[97.742,15.01],[97.823,14.616],[97.979,14.235],[98.199,13.645],[98.486,13.112],[98.597,12.737],[98.677,12.051],[98.588,11.822],[98.59,11.695],[98.637,11.657],[98.867,11.645],[98.738,11.435],[98.684,11.086],[98.605,10.863],[98.398,10.564],[98.432,10.202],[98.593,10.12],[98.637,10.289],[99.092,11.054],[99.547,11.755],[99.581,11.889],[99.317,12.44],[99.098,12.972],[99.095,13.086],[99.134,13.372],[99.094,13.671],[99.003,13.886],[98.73,14.158],[98.487,14.372],[98.217,15.019],[98.137,15.19],[98.503,15.382],[98.58,15.472],[98.476,16.005],[98.533,16.106],[98.736,16.209],[98.824,16.318],[98.75,16.47],[98.638,16.65],[98.46,16.938],[98.393,17.084],[97.902,17.513],[97.788,17.575],[97.737,17.969],[97.706,18.051],[97.373,18.449],[97.638,18.508],[97.711,18.509],[97.75,18.617],[97.721,18.801],[97.772,19.03],[97.789,19.398],[97.853,19.563],[98.016,19.749],[98.229,19.712],[98.508,19.72],[98.993,19.862],[99.17,20.13],[99.408,20.284],[99.604,20.361],[99.894,20.388],[99.965,20.42],[100.001,20.459],[100.088,20.542],[100.35,20.746],[100.549,21.008],[100.788,21.282],[101.014,21.442],[100.945,21.55],[100.895,21.721],[100.612,21.535],[100.321,21.464],[100.21,21.501],[100.04,21.621],[99.1,21.241],[97.261,20.921],[96.621,21.321],[95.742,24.039],[95.342,24.119],[94.383,24.199],[92.047,23.69],[92.179,23.427],[92.266,22.945],[92.529,22.595],[92.51,22.11],[92.778,22.042],[92.892,21.979],[93.005,22.037],[93.128,22.203],[93.318,21.73],[94.702,20.016],[95.362,18.038],[95.164,17.643],[94.465,17.643]]]},"properties":{"NAME":"Ava","SUBJECTO":"Ava","PARTOF":"Ava","ABBREVN":"Ava","BORDERPRECISION":3,"fid":61}},
{"type":"Feature","geometry":{"type":"Polygon","coordinates":[[[6.531,16.709],[7.781,16.584],[8.405,17.208],[8.155,18.208],[7.156,18.458],[6.531,17.958],[6.531,16.709]]]},"properties":{"BORDERPRECISION":3,"fid":62}},
{"type":"Feature","geometry":{"type":"Polygon","coordinates":[[[-10.832,14.46],[-11.331,15.085],[-13.954,15.834],[-14.704,15.585],[-14.954,15.085],[-12.58,12.836],[-11.456,12.961],[-10.832,14.46]]]},"properties":{"BORDERPRECISION":3,"fid":63}},
{"type":"Feature","geometry":{"type":"Polygon","coordinates":[[[57.396,23.837],[57.621,22.705],[58.18,21.849],[58.774,20.941],[58.861,21.114],[59.259,21.477],[59.536,21.802],[59.837,22.279],[59.826,22.374],[59.461,22.539],[59.254,22.729],[59.022,23.021],[58.628,23.458],[58.465,23.509],[58.205,23.496],[58.081,23.502],[57.904,23.571],[57.451,23.805],[57.396,23.837]]]},"properties":{"NAME":"Oman","SUBJECTO":"Oman","PARTOF":"Oman","ABBREVN":"Oman","BORDERPRECISION":3,"fid":64}},
{"type":"Feature","geometry":{"type":"Polygon","coordinates":[[[47.493,43.583],[47.538,43.673],[47.565,43.844],[47.439,44.033],[47.332,44.186],[47.224,44.204],[47.143,44.339],[46.999,44.356],[46.846,44.446],[46.81,44.536],[46.873,44.68],[44.755,44.439],[43.88,44.814],[43.381,46.188],[42.257,46.813],[40.633,46.688],[40.383,45.439],[39.633,45.689],[37.474,44.692],[37.622,44.673],[37.774,44.745],[37.88,44.719],[38.109,44.494],[38.277,44.423],[38.556,44.385],[38.924,44.212],[39.459,43.833],[40.098,43.378],[40.252,43.268],[40.557,43.147],[40.969,43.077],[41.123,43.019],[41.41,42.788],[41.503,42.608],[41.652,42.121],[41.68,41.793],[41.666,41.729],[41.521,41.466],[41.484,41.437],[42.029,41.4],[42.25,41.369],[42.352,41.402],[42.694,41.564],[42.878,41.546],[43.957,42.591],[44.053,42.559],[44.17,42.612],[44.297,42.612],[44.372,42.687],[44.414,42.729],[44.51,42.761],[44.669,42.761],[44.786,42.729],[44.872,42.666],[44.935,42.74],[44.978,42.772],[45.031,42.772],[45.138,42.719],[45.201,42.676],[45.297,42.676],[45.382,42.623],[45.478,42.549],[45.648,42.549],[45.808,42.538],[45.861,42.474],[45.808,42.389],[45.754,42.251],[45.914,42.123],[46.042,42.049],[46.159,42.006],[46.286,41.985],[46.393,41.995],[46.499,41.964],[46.556,41.878],[46.659,41.889],[46.669,41.815],[46.765,41.836],[46.85,41.836],[46.914,41.751],[47.127,41.623],[47.169,41.57],[47.222,41.57],[47.35,41.442],[47.35,41.304],[47.616,41.261],[47.818,41.198],[47.988,41.219],[48.063,41.315],[48.201,41.464],[48.224,41.471],[47.249,42.785],[47.195,43.376],[47.493,43.583]]]},"properties":{"BORDERPRECISION":3,"fid":65}},
{"type":"Feature","geometry":{"type":"Polygon","coordinates":[[[-87.383,30.442],[-87.089,30.359],[-86.615,30.411],[-86.389,30.473],[-86.29,30.368],[-86.058,30.235],[-85.719,30.203],[-85.6,30.153],[-85.487,30.039],[-85.428,29.76],[-85.305,29.664],[-84.764,29.799],[-84.559,29.958],[-84.317,30.092],[-84.124,30.124],[-83.886,30.048],[-83.492,29.687],[-83.118,29.242],[-82.895,29.186],[-82.779,29.11],[-82.647,28.907],[-82.718,28.437],[-82.784,28.096],[-82.841,27.838],[-82.717,27.745],[-82.505,27.928],[-82.429,27.826],[-82.451,27.724],[-82.62,27.528],[-82.753,27.528],[-82.584,27.311],[-82.31,26.825],[-82.142,26.867],[-82.078,26.551],[-81.887,26.448],[-81.837,26.079],[-81.745,25.921],[-81.401,25.859],[-81.146,25.378],[-81.152,25.273],[-81.098,25.125],[-80.869,25.187],[-80.738,25.13],[-80.567,25.192],[-80.452,25.208],[-80.44,25.146],[-80.498,25.037],[-80.491,24.996],[-80.314,25.244],[-80.305,25.358],[-80.354,25.548],[-80.214,25.735],[-80.185,25.86],[-80.05,26.551],[-80.078,26.923],[-80.133,27.073],[-80.262,27.197],[-80.229,27.238],[-80.447,27.776],[-80.605,28.561],[-81.026,29.264],[-81.231,29.656],[-81.405,30.073],[-81.512,30.727],[-81.305,31.289],[-81.199,31.591],[-83.247,31.374],[-85.78,31.449],[-87.528,31.324],[-87.383,30.442]]]},"properties":{"NAME":"Florida","SUBJECTO":"Spanish Habsburg","PARTOF":"Florida","ABBREVN":"Florida","BORDERPRECISION":3,"fid":66}},
{"type":"Feature","geometry":{"type":"Polygon","coordinates":[[[-78.253,33.888],[-78.35,34.272],[-79.25,34.371],[-79.749,33.872],[-79.305,33.269],[-79.204,33.46],[-78.899,33.702],[-78.621,33.811],[-78.384,33.868],[-78.253,33.888]]]},"properties":{"NAME":"South Carolina","SUBJECTO":"South Carolina","PARTOF":"South Carolina","ABBREVN":"S Carolina","BORDERPRECISION":3,"fid":67}},
{"type":"Feature","geometry":{"type":"MultiPolygon","coordinates":[[[[8.251,44.736],[8.273,44.904],[8.067,44.904],[8.052,45.007],[8.229,45.051],[8.259,45.184],[8.111,45.788],[7.979,45.847],[7.831,45.817],[7.79,45.927],[7.565,45.987],[7.196,45.861],[7.049,45.924],[7.041,45.93],[6.955,45.939],[6.939,46.007],[6.876,46.054],[6.903,46.125],[6.804,46.137],[6.855,46.27],[6.839,46.312],[6.776,46.362],[6.809,46.38],[6.809,46.389],[6.807,46.394],[6.726,46.408],[6.637,46.407],[6.545,46.395],[6.515,46.405],[6.484,46.393],[6.477,46.376],[6.414,46.36],[6.389,46.34],[6.384,46.342],[6.108,46.126],[5.941,46.176],[5.829,46.213],[5.676,46.182],[5.646,46.457],[5.416,46.524],[5.268,46.318],[5.533,46.097],[5.533,46.009],[5.357,46.053],[5.357,45.876],[5.607,45.847],[5.823,45.396],[5.935,45.322],[5.947,45.26],[6.058,45.223],[6.033,45.334],[6.083,45.372],[6.145,45.322],[6.219,45.347],[6.268,45.322],[6.243,45.297],[6.28,45.199],[6.507,45.116],[6.665,44.955],[6.943,44.869],[7.003,44.72],[6.925,44.715],[6.783,44.548],[6.87,44.349],[6.787,44.297],[6.787,44.198],[6.836,44.112],[6.886,44.149],[6.935,44.136],[6.972,44.062],[6.997,44.05],[6.923,43.976],[6.96,43.914],[6.886,43.902],[6.923,43.815],[7.355,43.902],[7.397,43.764],[7.468,43.811],[7.467,43.92],[7.634,44.036],[7.673,43.981],[7.705,44.062],[7.689,44.238],[7.897,44.094],[7.98,43.965],[8.09,44.051],[7.962,44.222],[7.769,44.367],[7.849,44.463],[7.914,44.415],[8.219,44.672],[8.251,44.736]]],[[[6.777,46.473],[6.769,46.493],[6.746,46.487],[6.776,46.473],[6.777,46.473]]]]},"properties":{"NAME":"Sardinia-Piedmont","SUBJECTO":"Sardinia-Piedmont","PARTOF":"Sardinia-Piedmont","ABBREVN":"Sardinia","BORDERPRECISION":3,"fid":68}},
{"type":"Feature","geometry":{"type":"MultiPolygon","coordinates":[[[[10.393,45.026],[10.377,45.374],[9.998,45.401],[9.922,45.666],[9.846,45.704],[9.506,45.515],[9.695,45.78],[9.582,45.893],[9.545,46.312],[9.441,46.375],[9.377,46.534],[9.21,46.498],[9.218,46.348],[9.027,46.175],[9.019,45.934],[8.891,45.866],[8.718,46.007],[8.762,46.089],[8.637,46.117],[8.622,46.121],[8.382,46.284],[8.375,46.471],[8.273,46.418],[8.314,46.396],[8.243,46.356],[8.089,46.268],[8.154,46.146],[7.873,45.921],[7.807,45.937],[7.79,45.927],[7.831,45.817],[7.979,45.847],[8.111,45.788],[8.259,45.184],[8.229,45.051],[8.052,45.007],[8.067,44.904],[8.273,44.904],[8.251,44.736],[8.363,44.72],[8.395,44.8],[8.491,44.8],[8.556,44.864],[8.7,44.816],[8.764,44.864],[9.131,44.789],[9.131,45.121],[9.662,45.22],[10.293,45.021],[10.393,45.026]]],[[[9.405,42.581],[9.432,42.794],[9.414,42.91],[9.367,42.988],[9.303,42.983],[9.271,42.883],[9.28,42.728],[9.238,42.664],[9.149,42.711],[9.018,42.691],[9,42.635],[8.879,42.625],[8.609,42.487],[8.5,42.36],[8.628,42.262],[8.517,42.208],[8.511,42.134],[8.626,42.097],[8.668,42.029],[8.59,41.958],[8.538,41.948],[8.562,41.882],[8.693,41.913],[8.742,41.882],[8.627,41.732],[8.823,41.688],[8.855,41.654],[8.727,41.561],[8.829,41.492],[9.013,41.458],[9.039,41.369],[9.173,41.35],[9.305,41.575],[9.357,41.901],[9.453,42.048],[9.487,42.406],[9.459,42.556],[9.405,42.581]]]]},"properties":{"NAME":"Milan","SUBJECTO":"Spanish Habsburg","PARTOF":"Milan","ABBREVN":"Milan","BORDERPRECISION":3,"fid":69}},
{"type":"Feature","geometry":{"type":"Polygon","coordinates":[[[5.941,46.176],[6.049,46.277],[6.055,46.422],[6.019,46.484],[6.058,46.616],[6.382,46.804],[6.364,46.946],[6.623,47.054],[6.629,47.088],[6.866,47.31],[6.944,47.326],[6.892,47.366],[6.823,47.378],[6.628,47.512],[6.781,47.679],[6.697,47.762],[6.795,47.86],[6.641,47.985],[6.252,47.957],[6.099,48.027],[6.057,47.957],[5.96,47.985],[5.96,47.804],[5.82,47.735],[5.918,47.595],[5.793,47.512],[5.779,47.359],[5.737,47.234],[5.667,47.108],[5.794,46.997],[5.757,46.887],[5.646,46.85],[5.626,46.649],[5.74,46.598],[5.725,46.48],[5.646,46.457],[5.676,46.182],[5.829,46.213],[5.941,46.176]]]},"properties":{"NAME":"Franche-Comté","SUBJECTO":"Spanish Habsburg","PARTOF":"Franche-Comté","ABBREVN":"Franche-Comté","BORDERPRECISION":3,"fid":70}},
{"type":"Feature","geometry":{"type":"MultiPolygon","coordinates":[[[[6.384,46.342],[6.361,46.348],[6.344,46.37],[6.304,46.366],[6.278,46.35],[6.235,46.289],[6.199,46.264],[6.194,46.238],[6.172,46.212],[6.148,46.207],[6.171,46.296],[6.248,46.386],[6.259,46.393],[6.274,46.39],[6.291,46.423],[6.347,46.461],[6.385,46.464],[6.399,46.459],[6.449,46.474],[6.511,46.516],[6.559,46.507],[6.592,46.518],[6.689,46.5],[6.721,46.486],[6.743,46.489],[6.746,46.487],[6.769,46.493],[6.777,46.473],[6.832,46.467],[6.858,46.449],[6.901,46.44],[6.931,46.408],[6.919,46.395],[6.861,46.396],[6.858,46.388],[6.864,46.388],[6.864,46.395],[6.867,46.396],[6.872,46.393],[6.878,46.394],[7.033,46.184],[7.221,46.327],[7.5,46.373],[7.547,46.387],[7.547,46.388],[7.535,46.409],[7.61,46.443],[7.694,46.426],[7.705,46.381],[7.709,46.364],[7.752,46.363],[7.75,46.321],[7.907,46.302],[7.999,46.323],[8.065,46.364],[8.176,46.433],[8.176,46.471],[8.273,46.418],[8.375,46.471],[8.382,46.284],[8.622,46.121],[8.637,46.117],[8.762,46.089],[8.718,46.007],[8.891,45.866],[9.019,45.934],[9.027,46.175],[9.218,46.348],[9.21,46.498],[9.377,46.534],[9.441,46.375],[9.545,46.312],[9.642,46.325],[9.674,46.38],[9.885,46.403],[9.995,46.252],[10.097,46.439],[9.987,46.498],[10.024,46.621],[10.151,46.662],[10.23,46.589],[10.372,46.566],[10.389,46.653],[10.339,46.748],[10.396,46.887],[10.409,46.965],[10.312,47.017],[10.052,46.868],[9.804,46.977],[9.801,47.042],[9.521,47.069],[9.561,47.156],[9.465,47.286],[9.584,47.409],[9.539,47.487],[9.53,47.481],[9.482,47.482],[9.466,47.496],[9.436,47.507],[9.437,47.519],[9.387,47.544],[9.382,47.571],[9.3,47.611],[9.191,47.648],[9.178,47.664],[9.096,47.666],[9.09,47.673],[9.066,47.674],[8.983,47.67],[8.961,47.657],[8.907,47.645],[8.86,47.657],[8.894,47.652],[8.936,47.659],[8.983,47.68],[8.815,47.681],[8.748,47.721],[8.659,47.715],[8.635,47.779],[8.332,47.693],[8.412,47.604],[8.253,47.594],[8.128,47.644],[7.873,47.573],[7.751,47.616],[7.628,47.564],[7.507,47.604],[7.333,47.465],[7.121,47.468],[7.123,47.511],[6.922,47.514],[6.881,47.458],[6.823,47.378],[6.892,47.366],[6.944,47.326],[6.866,47.31],[6.629,47.088],[6.623,47.054],[6.364,46.946],[6.382,46.804],[6.058,46.616],[6.019,46.484],[6.055,46.422],[6.049,46.277],[5.941,46.176],[6.108,46.126],[6.384,46.342]]],[[[6.809,46.389],[6.809,46.394],[6.807,46.394],[6.809,46.389]]],[[[6.855,46.27],[6.864,46.292],[6.839,46.312],[6.855,46.27]]],[[[7.041,45.93],[6.939,46.007],[6.955,45.939],[7.041,45.93]]],[[[7.79,45.927],[7.807,45.937],[7.577,45.991],[7.565,45.987],[7.79,45.927]]],[[[9.216,47.671],[9.199,47.678],[9.118,47.679],[9.124,47.671],[9.218,47.666],[9.216,47.671]]]]},"properties":{"NAME":"Swiss Confederation","SUBJECTO":"Swiss Confederation","PARTOF":"Swiss Confederation","ABBREVN":"Swiss Confederation","BORDERPRECISION":3,"fid":71}},
{"type":"Feature","geometry":{"type":"Polygon","coordinates":[[[3.775,51.388],[3.681,51.321],[3.472,51.314],[3.214,51.354],[2.995,51.313],[2.522,51.091],[2.443,51.048],[2.03,51.007],[1.824,50.935],[1.796,50.921],[1.826,50.243],[1.987,50.22],[1.987,50.082],[2.148,50.059],[2.401,50.197],[2.677,50.151],[2.907,49.943],[3.483,49.92],[3.82,50.039],[4.255,49.887],[5.361,49.697],[5.909,49.201],[6.126,49.405],[6.451,49.387],[6.451,49.126],[6.799,49.104],[7.06,49.952],[6.647,49.931],[6.408,50.257],[6.756,51.605],[6.381,51.82],[6.211,51.88],[6.133,51.838],[5.979,51.804],[5.948,51.722],[6.117,51.64],[6.154,51.521],[6.222,51.389],[6.18,51.322],[6.089,51.198],[6.176,51.144],[6.07,51.084],[5.964,51.024],[5.928,50.981],[6.01,50.964],[6.074,50.867],[6,50.742],[5.697,50.731],[5.697,50.883],[5.774,50.926],[5.824,51.117],[5.484,51.286],[5.244,51.237],[5.113,51.405],[5.01,51.433],[4.932,51.378],[4.791,51.487],[4.671,51.405],[4.533,51.405],[4.395,51.411],[4.407,51.34],[4.173,51.325],[3.99,51.344],[3.775,51.388]]]},"properties":{"NAME":"Luxembourg","SUBJECTO":"Luxembourg","PARTOF":"Luxembourg","ABBREVN":"Luxembourg","BORDERPRECISION":3,"fid":72}},
{"type":"Feature","geometry":{"type":"Polygon","coordinates":[[[12.378,44.732],[12.476,44.787],[12.523,44.883],[12.409,44.989],[12.322,45.042],[12.313,45.178],[12.176,45.214],[12.18,45.27],[12.251,45.29],[12.28,45.402],[12.483,45.462],[12.448,45.394],[12.899,45.558],[13.105,45.582],[13.156,45.727],[13.368,45.694],[13.5,45.94],[13.606,46.132],[13.621,46.421],[13.725,46.646],[13.709,46.839],[13.581,46.839],[13.521,46.989],[13.516,47],[13.292,47.064],[12.698,46.951],[12.407,46.964],[12.328,46.967],[12.218,46.884],[12.075,46.928],[11.74,46.752],[11.908,46.414],[11.571,46.245],[11.571,45.975],[11.335,46.009],[11.233,46.009],[11.166,45.739],[10.93,45.84],[10.795,45.638],[10.66,45.807],[10.525,45.739],[10.457,46.212],[10.558,46.313],[10.558,46.718],[10.396,46.887],[10.339,46.748],[10.389,46.653],[10.372,46.566],[10.23,46.589],[10.151,46.662],[10.024,46.621],[9.987,46.498],[10.097,46.439],[9.995,46.252],[9.885,46.403],[9.674,46.38],[9.642,46.325],[9.545,46.312],[9.582,45.893],[9.695,45.78],[9.506,45.515],[9.846,45.704],[9.922,45.666],[9.998,45.401],[10.377,45.374],[10.675,45.353],[10.824,45.353],[10.856,45.051],[11.17,45.067],[11.24,45.071],[11.605,44.905],[11.771,45.071],[11.887,45.087],[11.97,45.038],[12.053,45.021],[12.037,45.137],[12.136,45.104],[12.378,44.732]]]},"properties":{"NAME":"Venice","SUBJECTO":"Venice","PARTOF":"Venice","ABBREVN":"Venice","BORDERPRECISION":3,"fid":73}},
{"type":"Feature","geometry":{"type":"Polygon","coordinates":[[[-48.852,-28.563],[-48.728,-28.367],[-48.639,-28.087],[-48.589,-27.82],[-48.564,-27.681],[-48.586,-27.211],[-48.603,-26.677],[-48.775,-26.385],[-48.737,-26.315],[-48.611,-26.245],[-48.566,-26.118],[-48.516,-25.876],[-48.57,-25.635],[-48.722,-25.534],[-48.725,-25.426],[-48.599,-25.432],[-48.344,-25.399],[-48.125,-25.291],[-47.886,-24.985],[-47.609,-24.788],[-47.283,-24.616],[-47.045,-24.437],[-46.206,-23.883],[-45.953,-23.768],[-45.795,-23.736],[-45.459,-23.856],[-45.364,-23.697],[-45.148,-23.493],[-44.79,-23.352],[-44.658,-23.263],[-44.561,-22.99],[-44.23,-22.989],[-43.815,-22.957],[-43.606,-23.007],[-43.262,-23.032],[-42.967,-23.031],[-42.527,-22.954],[-42.138,-22.972],[-41.958,-22.921],[-41.967,-22.756],[-41.929,-22.546],[-41.77,-22.38],[-41.525,-22.253],[-40.984,-22.086],[-41.048,-21.661],[-41.023,-21.521],[-40.933,-21.279],[-40.478,-20.649],[-40.14,-19.975],[-39.835,-19.701],[-39.739,-19.574],[-39.691,-19.409],[-39.801,-18.748],[-39.783,-18.583],[-39.666,-18.227],[-39.484,-17.998],[-39.142,-17.775],[-39.162,-17.737],[-39.225,-17.445],[-39.208,-17.146],[-38.948,-16.002],[-38.983,-15.557],[-39.126,-14.325],[-39.092,-14.051],[-39.07,-13.721],[-38.828,-12.983],[-38.799,-12.627],[-38.634,-12.665],[-38.509,-12.798],[-38.473,-12.989],[-38.386,-12.982],[-38.266,-12.887],[-37.906,-12.39],[-37.637,-11.951],[-37.41,-11.468],[-37.404,-11.309],[-37.362,-11.131],[-37.187,-10.845],[-37.027,-10.825],[-36.829,-10.736],[-36.205,-10.156],[-35.599,-9.628],[-35.366,-9.246],[-35.114,-8.661],[-35.005,-8.279],[-34.925,-7.872],[-34.891,-7.612],[-34.918,-7.167],[-35.039,-6.653],[-35.306,-5.751],[-35.345,-5.478],[-35.464,-5.268],[-35.665,-5.18],[-36.075,-5.162],[-36.636,-5.118],[-36.966,-5.043],[-37.181,-4.954],[-37.365,-4.802],[-37.735,-4.53],[-38.068,-4.232],[-38.786,-3.604],[-39.05,-3.408],[-39.393,-3.193],[-39.722,-3.009],[-40.231,-2.851],[-40.418,-2.858],[-40.678,-2.935],[-40.894,-2.948],[-41.103,-2.974],[-41.606,-2.937],[-42.108,-2.862],[-42.316,-2.818],[-42.724,-2.621],[-43.068,-2.451],[-43.233,-2.419],[-43.334,-2.432],[-43.782,-2.637],[-44.056,-2.707],[-44.222,-2.777],[-44.593,-3.147],[-44.67,-2.969],[-44.711,-2.759],[-44.659,-2.569],[-44.52,-2.384],[-44.462,-2.269],[-44.554,-2.092],[-44.796,-1.736],[-44.932,-1.622],[-45.076,-1.604],[-45.256,-1.763],[-45.335,-1.769],[-45.371,-1.757],[-46.358,-3.194],[-45.11,-4.555],[-44.202,-4.895],[-41.707,-4.328],[-40.005,-4.555],[-38.077,-6.257],[-36.375,-6.937],[-36.148,-7.618],[-37.85,-9.887],[-40.686,-12.609],[-40.572,-15.445],[-41.139,-19.529],[-42.614,-21.457],[-48.735,-23.206],[-48.967,-23.272],[-50.179,-24.638],[-50.054,-27.76],[-48.852,-28.563]]]},"properties":{"NAME":"Portuguese Brazil","SUBJECTO":"Portugal","PARTOF":"Portuguese Brazil","ABBREVN":"Port. Brazil","BORDERPRECISION":3,"fid":74}},
{"type":"Feature","geometry":{"type":"Polygon","coordinates":[[[-71.437,12.422],[-71.698,12.428],[-71.909,12.351],[-72.059,12.237],[-72.184,11.988],[-72.38,11.81],[-72.761,11.695],[-72.975,11.561],[-73.082,11.446],[-73.362,11.325],[-73.615,11.324],[-74,11.343],[-74.12,11.4],[-74.219,11.368],[-74.309,11.12],[-74.323,10.922],[-74.449,10.77],[-74.548,10.969],[-74.716,11.061],[-74.767,11.061],[-75.033,10.953],[-75.226,10.825],[-75.45,10.628],[-75.543,10.411],[-75.573,10.119],[-75.652,9.769],[-75.605,9.598],[-75.703,9.426],[-76.01,9.381],[-76.158,9.311],[-76.383,8.98],[-76.563,8.846],[-76.764,8.693],[-76.842,8.559],[-76.851,8.464],[-76.702,8.115],[-76.769,8.006],[-76.858,7.93],[-76.964,8.019],[-77.063,8.247],[-77.242,8.476],[-77.431,8.628],[-77.495,8.661],[-77.678,8.961],[-77.967,9.215],[-78.266,9.386],[-78.612,9.48],[-78.967,9.473],[-78.998,9.543],[-79.333,9.574],[-79.5,9.638],[-80.124,9.224],[-80.356,9.203],[-80.962,8.865],[-81.168,8.828],[-81.495,8.865],[-81.674,9.058],[-81.784,8.966],[-82.066,8.977],[-82.23,9.047],[-82.238,9.215],[-82.326,9.445],[-82.56,9.583],[-82.593,9.528],[-82.808,9.611],[-82.907,9.519],[-82.913,9.374],[-82.913,9.113],[-82.684,8.975],[-82.863,8.809],[-82.807,8.57],[-82.975,8.404],[-82.866,8.321],[-82.957,8.047],[-82.795,8.27],[-82.654,8.321],[-82.384,8.321],[-82.189,8.201],[-81.757,8.146],[-81.664,8.165],[-81.562,7.824],[-81.197,7.64],[-81.117,7.943],[-81.007,7.784],[-80.85,7.409],[-80.899,7.336],[-80.814,7.27],[-80.661,7.251],[-80.406,7.299],[-80.212,7.475],[-80.103,7.456],[-79.976,7.492],[-79.971,7.558],[-80.051,7.732],[-80.26,7.925],[-80.403,8.059],[-80.425,8.192],[-80.269,8.377],[-80.119,8.39],[-79.95,8.473],[-79.712,8.616],[-79.749,8.721],[-79.717,8.883],[-79.545,8.932],[-79.321,9.04],[-79.068,9.034],[-78.862,8.948],[-78.803,8.828],[-78.754,8.874],[-78.652,8.745],[-78.592,8.813],[-78.506,8.686],[-78.491,8.565],[-78.381,8.395],[-78.184,8.413],[-78.045,8.552],[-78.002,8.34],[-77.946,8.266],[-77.794,8.179],[-78.148,8.235],[-78.247,8.197],[-78.327,8.089],[-78.265,7.886],[-78.067,7.543],[-77.897,7.172],[-77.733,6.994],[-77.4,6.67],[-77.322,6.544],[-77.338,6.429],[-77.447,6.283],[-77.494,6.194],[-77.475,6.092],[-77.22,5.876],[-77.181,5.788],[-77.241,5.692],[-77.462,5.628],[-77.5,5.514],[-77.334,5.126],[-77.267,4.739],[-77.307,4.504],[-77.445,4.179],[-77.412,4.097],[-77.161,3.913],[-77.106,3.792],[-77.399,3.315],[-77.602,2.882],[-77.802,2.577],[-77.987,2.475],[-78.073,2.494],[-78.468,2.467],[-78.61,2.365],[-78.648,2.175],[-78.492,1.921],[-78.575,1.774],[-78.785,1.825],[-79.014,1.774],[-79.062,1.678],[-78.981,1.551],[-78.929,1.411],[-78.943,1.381],[-78.984,1.297],[-79.198,1.125],[-79.376,1.017],[-79.777,0.863],[-80.086,0.818],[-80.135,0.716],[-80.098,0.634],[-80.046,0.43],[-80.109,0.049],[-80.18,-0.017],[-80.403,-0.225],[-80.482,-0.384],[-80.482,-0.486],[-80.339,-0.663],[-80.663,-0.867],[-80.879,-0.957],[-80.966,-1.033],[-80.803,-1.325],[-80.754,-1.452],[-80.814,-1.662],[-80.816,-1.859],[-80.741,-2.119],[-80.786,-2.227],[-80.961,-2.355],[-80.778,-2.539],[-80.507,-2.684],[-80.357,-2.728],[-80.028,-2.448],[-79.813,-2.17],[-79.839,-2.346],[-79.745,-2.676],[-79.762,-2.797],[-80.025,-3.274],[-80.144,-3.414],[-80.229,-3.471],[-80.372,-3.567],[-80.583,-3.657],[-81.042,-4.052],[-81.304,-4.332],[-81.413,-4.567],[-81.418,-4.675],[-81.301,-4.999],[-81.143,-5.196],[-80.876,-5.589],[-80.823,-5.716],[-80.888,-5.9],[-81.162,-5.914],[-81.244,-5.965],[-81.297,-6.041],[-81.023,-6.206],[-80.612,-6.37],[-80.274,-6.566],[-80.066,-6.756],[-79.797,-7.194],[-79.675,-7.353],[-79.06,-8.216],[-78.751,-8.787],[-78.302,-9.669],[-77.759,-10.659],[-77.692,-10.837],[-77.683,-11.015],[-77.707,-11.256],[-77.674,-11.294],[-77.464,-11.389],[-77.336,-11.509],[-76.711,-12.76],[-76.359,-13.229],[-76.238,-13.502],[-76.238,-13.909],[-76.242,-14.106],[-76.053,-14.41],[-75.785,-14.727],[-75.231,-15.222],[-74.621,-15.665],[-74.05,-16.045],[-73.673,-16.197],[-73.283,-16.367],[-72.98,-16.532],[-72.587,-16.741],[-72.31,-16.88],[-72.09,-16.994],[-71.863,-17.12],[-71.612,-17.221],[-71.47,-17.393],[-71.365,-17.697],[-71.224,-17.805],[-70.584,-18.083],[-70.454,-18.223],[-70.364,-18.455],[-70.296,-18.629],[-70.209,-19.067],[-70.19,-19.76],[-70.112,-20.693],[-70.111,-21.748],[-70.192,-22.161],[-70.201,-22.217],[-70.234,-22.428],[-70.23,-22.796],[-70.292,-22.987],[-70.473,-23.076],[-70.573,-23.166],[-70.553,-23.343],[-70.58,-23.49],[-70.415,-23.527],[-70.359,-23.661],[-70.463,-23.934],[-70.453,-24.347],[-70.519,-24.455],[-70.498,-24.83],[-70.398,-25.249],[-70.493,-25.471],[-70.683,-25.77],[-70.655,-26.259],[-70.691,-26.514],[-70.748,-26.876],[-70.849,-27.281],[-70.857,-27.314],[-70.935,-27.727],[-71.142,-27.995],[-71.199,-28.245],[-71.297,-28.668],[-71.43,-29.1],[-71.386,-29.285],[-71.234,-29.519],[-71.237,-29.85],[-71.33,-30.104],[-71.496,-30.346],[-71.682,-30.6],[-71.695,-30.854],[-71.652,-31.241],[-71.52,-32.181],[-71.445,-32.543],[-71.403,-32.645],[-71.416,-32.753],[-71.509,-32.905],[-71.713,-33.109],[-71.75,-33.191],[-71.61,-33.572],[-71.616,-33.706],[-71.739,-33.877],[-71.823,-33.935],[-71.963,-34.246],[-72.076,-34.672],[-72.167,-34.958],[-72.33,-35.283],[-72.629,-35.646],[-72.71,-35.939],[-72.846,-36.359],[-72.96,-36.576],[-73.144,-37.156],[-73.188,-37.22],[-73.278,-37.283],[-73.36,-37.322],[-73.584,-37.278],[-73.69,-37.367],[-73.673,-37.501],[-73.435,-37.902],[-73.401,-38.099],[-73.44,-38.354],[-73.441,-38.628],[-73.196,-39.419],[-73.194,-39.565],[-73.434,-39.91],[-73.759,-40.243],[-73.821,-40.429],[-73.905,-40.839],[-73.845,-41.153],[-73.666,-41.479],[-73.594,-41.697],[-73.464,-41.787],[-73.424,-41.787],[-73.178,-41.761],[-72.963,-41.574],[-72.891,-41.529],[-72.767,-41.535],[-72.587,-41.618],[-71.805,-41.574],[-71.86,-40.748],[-71.815,-40.582],[-71.799,-40.553],[-71.673,-40.338],[-71.551,-39.758],[-71.443,-39.246],[-71.42,-39.106],[-71.363,-39.029],[-70.935,-38.791],[-70.844,-38.727],[-71.041,-38.307],[-71.153,-37.811],[-71.159,-37.289],[-71.149,-37.216],[-71.095,-36.805],[-70.991,-36.665],[-70.391,-36.165],[-70.356,-36.019],[-70.441,-35.542],[-70.48,-35.358],[-70.337,-35.09],[-69.849,-34.256],[-69.815,-34.072],[-69.367,-33.093],[-69.041,-32.382],[-67.792,-31.633],[-67.534,-31.618],[-67.365,-31.608],[-66.436,-31.553],[-61.445,-32.348],[-58.836,-32.348],[-58.609,-31.213],[-59.176,-30.646],[-59.031,-29.777],[-58.723,-27.923],[-53.802,-28.01],[-53.177,-27.511],[-53.677,-26.386],[-53.302,-23.513],[-52.053,-21.89],[-52.053,-19.266],[-53.677,-18.517],[-55.051,-19.516],[-56.175,-19.516],[-58.424,-17.393],[-60.797,-16.268],[-61.671,-17.393],[-60.797,-19.141],[-61.047,-20.141],[-61.047,-26.012],[-65.793,-27.011],[-67.544,-26.393],[-67.917,-26.261],[-67.667,-23.763],[-67.917,-22.014],[-66.543,-19.766],[-66.543,-18.267],[-66.693,-17.206],[-67.004,-15.785],[-69.272,-15.218],[-69.602,-14.23],[-70.52,-13.744],[-74.288,-12.646],[-77.885,-6.977],[-76.656,-6.977],[-74.32,-7.961],[-73.214,-6.731],[-70.879,-6.363],[-69.961,-6.179],[-69.649,-6.117],[-69.281,-4.519],[-69.526,-4.256],[-69.786,-3.977],[-71.001,-2.675],[-76.041,-2.798],[-76.415,-1.634],[-76.306,2.138],[-74.944,5.881],[-72.723,6.675],[-73.127,8.829],[-72.723,10.983],[-71.437,12.422]],[[-77.254,-2.759],[-77.9,-3.113],[-78.392,-2.913],[-78.562,-2.129],[-77.854,-1.667],[-77.254,-2.098],[-77.254,-2.759]]]},"properties":{"NAME":"Vice Royalty of Peru","SUBJECTO":"Spanish Habsburg","PARTOF":"Vice Royalty of Peru","ABBREVN":"Peru","BORDERPRECISION":3,"fid":75}},
{"type":"Feature","geometry":{"type":"Polygon","coordinates":[[[-57.233,6.129],[-57.414,6.351],[-57.732,6.599],[-57.96,6.732],[-58.006,6.789],[-58.275,6.871],[-58.375,6.826],[-58.509,6.559],[-58.575,6.984],[-58.559,7.315],[-58.617,7.499],[-58.881,7.797],[-59.194,8.032],[-59.404,8.16],[-59.579,8.266],[-59.802,8.418],[-59.834,8.44],[-59.973,6.095],[-59.63,5.428],[-58.836,5.201],[-57.588,5.428],[-57.233,6.129]]]},"properties":{"NAME":"Essequibo","SUBJECTO":"Essequibo","PARTOF":"Essequibo","ABBREVN":"Essequibo","BORDERPRECISION":3,"fid":76}},
{"type":"Feature","geometry":{"type":"MultiPolygon","coordinates":[[[[-72.723,6.675],[-74.944,5.881],[-76.306,2.138],[-76.415,-1.634],[-76.041,-2.798],[-71.001,-2.675],[-69.786,-3.977],[-69.526,-4.256],[-66.408,3.042],[-62.659,4.153],[-58.558,3.978],[-55.862,1.696],[-55.804,0.876],[-57.972,-0.589],[-58.44,-2.288],[-58.422,-2.306],[-52.678,-0.03],[-50.555,1.969],[-50.688,2.216],[-50.9,2.838],[-50.949,3.112],[-51.135,3.715],[-51.209,4.071],[-51.315,4.261],[-51.439,4.324],[-51.623,4.216],[-51.71,4.228],[-51.853,4.438],[-52.098,4.692],[-52.224,4.8],[-52.723,4.507],[-53.198,4.771],[-53.227,5.498],[-53.274,5.515],[-53.739,5.648],[-53.837,5.689],[-54.286,5.882],[-54.57,5.219],[-55.124,5.035],[-55.625,5.167],[-55.911,5.776],[-56.12,5.795],[-56.746,6.003],[-56.918,5.978],[-57.065,5.837],[-57.233,6.129],[-57.588,5.428],[-58.836,5.201],[-59.63,5.428],[-59.973,6.095],[-59.834,8.44],[-65.317,8.021],[-66.26,7.348],[-67.798,5.201],[-68.592,5.201],[-71.511,6.54],[-72.723,6.675]]],[[[-48.852,-28.563],[-48.937,-28.698],[-49.192,-28.921],[-49.546,-29.157],[-49.936,-29.627],[-50.03,-29.805],[-50.244,-30.32],[-50.469,-30.74],[-50.806,-31.192],[-51.117,-31.472],[-51.477,-31.823],[-51.117,-31.472],[-50.806,-31.192],[-50.469,-30.74],[-50.244,-30.32],[-50.03,-29.805],[-49.936,-29.627],[-49.546,-29.157],[-49.192,-28.921],[-48.937,-28.698],[-48.852,-28.563]]],[[[-46.358,-3.194],[-47.152,-2.967],[-48.74,-3.421],[-50.101,-3.194],[-53.052,-2.528],[-57.346,-3.35],[-56.331,-4.335],[-54.163,-4.627],[-49.066,-4.744],[-46.281,-3.553],[-53.128,-14.265],[-53.123,-14.275],[-48.735,-23.206],[-42.614,-21.457],[-41.139,-19.529],[-40.572,-15.445],[-40.686,-12.609],[-37.85,-9.887],[-36.148,-7.618],[-36.375,-6.937],[-38.077,-6.257],[-40.005,-4.555],[-41.707,-4.328],[-44.202,-4.895],[-45.11,-4.555],[-46.358,-3.194]]],[[[-71.149,-37.216],[-71.027,-37.212],[-70.289,-36.474],[-69.367,-34.445],[-69.367,-33.093],[-69.815,-34.072],[-69.849,-34.256],[-70.337,-35.09],[-70.48,-35.358],[-70.441,-35.542],[-70.356,-36.019],[-70.391,-36.165],[-70.991,-36.665],[-71.095,-36.805],[-71.149,-37.216]]],[[[-67.544,-26.393],[-67.154,-25.222],[-65.494,-19.135],[-65.719,-18.084],[-64.662,-16.805],[-64.194,-14.695],[-69.045,-8.236],[-69.961,-6.179],[-70.879,-6.363],[-73.214,-6.731],[-74.32,-7.961],[-76.656,-6.977],[-77.885,-6.977],[-74.288,-12.646],[-70.52,-13.744],[-69.602,-14.23],[-69.272,-15.218],[-67.004,-15.785],[-66.693,-17.206],[-66.543,-18.267],[-66.543,-19.766],[-67.917,-22.014],[-67.667,-23.763],[-67.917,-26.261],[-67.544,-26.393]]],[[[-57.372,-36.149],[-57.419,-35.997],[-57.4,-35.818],[-57.237,-35.583],[-57.226,-35.436],[-57.237,-35.583],[-57.4,-35.818],[-57.419,-35.997],[-57.372,-36.149]]],[[[-65.135,-41.244],[-65.153,-40.975],[-65.049,-40.853],[-64.939,-40.827],[-64.277,-41.006],[-63.842,-41.158],[-63.476,-41.19],[-62.964,-41.137],[-62.731,-41.05],[-62.401,-40.925],[-62.353,-40.899],[-62.26,-40.803],[-62.289,-40.675],[-62.26,-40.803],[-62.353,-40.899],[-62.401,-40.925],[-62.731,-41.05],[-62.964,-41.137],[-63.476,-41.19],[-63.842,-41.158],[-64.277,-41.006],[-64.939,-40.827],[-65.049,-40.853],[-65.153,-40.975],[-65.135,-41.244]]],[[[-64.001,-42.853],[-64.118,-42.782],[-64.001,-42.853],[-63.799,-42.82],[-63.665,-42.775],[-63.6,-42.704],[-63.624,-42.57],[-63.729,-42.101],[-63.624,-42.57],[-63.6,-42.704],[-63.665,-42.775],[-63.799,-42.82],[-64.001,-42.853]]],[[[-65.627,-44.723],[-65.637,-44.626],[-65.27,-44.258],[-65.233,-44.142],[-65.306,-43.788],[-65.307,-43.601],[-65.047,-43.331],[-64.698,-43.201],[-64.309,-43.027],[-64.698,-43.201],[-65.047,-43.331],[-65.307,-43.601],[-65.306,-43.788],[-65.233,-44.142],[-65.27,-44.258],[-65.637,-44.626],[-65.627,-44.723]]],[[[-69.077,-51.499],[-69.167,-51.149],[-69.143,-50.918],[-69.041,-50.562],[-68.895,-50.384],[-68.706,-50.285],[-68.27,-50.173],[-67.833,-49.968],[-67.726,-49.824],[-67.65,-49.621],[-67.7,-49.386],[-67.658,-49.183],[-67.578,-49.059],[-67.257,-48.744],[-66.564,-48.378],[-66.078,-48.142],[-65.993,-48.077],[-65.839,-47.868],[-65.781,-47.712],[-65.713,-47.354],[-65.781,-47.712],[-65.839,-47.868],[-65.993,-48.077],[-66.078,-48.142],[-66.564,-48.378],[-67.257,-48.744],[-67.578,-49.059],[-67.658,-49.183],[-67.7,-49.386],[-67.65,-49.621],[-67.726,-49.824],[-67.833,-49.968],[-68.27,-50.173],[-68.706,-50.285],[-68.895,-50.384],[-69.041,-50.562],[-69.143,-50.918],[-69.167,-51.149],[-69.115,-51.352],[-69.077,-51.499]]],[[[-71.442,-53.882],[-71.872,-53.696],[-71.442,-53.882],[-71.202,-53.834],[-70.998,-53.821],[-70.951,-53.754],[-70.878,-53.474],[-70.905,-53.234],[-70.854,-53.081],[-70.734,-52.802],[-70.573,-52.708],[-70.416,-52.668],[-69.895,-52.627],[-69.671,-52.54],[-69.483,-52.361],[-69.343,-52.288],[-69.237,-52.294],[-68.995,-52.426],[-68.594,-52.465],[-68.456,-52.42],[-68.411,-52.405],[-68.456,-52.42],[-68.594,-52.465],[-68.995,-52.426],[-69.237,-52.294],[-69.343,-52.288],[-69.483,-52.361],[-69.671,-52.54],[-69.895,-52.627],[-70.416,-52.668],[-70.573,-52.708],[-70.734,-52.802],[-70.854,-53.081],[-70.905,-53.234],[-70.878,-53.474],[-70.951,-53.754],[-70.998,-53.821],[-71.202,-53.834],[-71.442,-53.882]]],[[[-72.751,-53.138],[-72.842,-52.985],[-72.751,-53.138],[-72.506,-53.064],[-72.051,-53.07],[-71.443,-52.829],[-71.32,-52.882],[-71.152,-52.962],[-71.32,-52.882],[-71.443,-52.829],[-72.051,-53.07],[-72.506,-53.064],[-72.751,-53.138]]],[[[-50.207,-0.191],[-50.422,-0.217],[-50.501,-0.262],[-50.595,-0.719],[-50.617,-0.891],[-50.574,-1.177],[-50.647,-1.266],[-50.611,-1.438],[-50.476,-1.679],[-50.225,-1.735],[-49.937,-1.659],[-49.584,-1.651],[-49.347,-1.645],[-49.138,-1.568],[-48.886,-1.421],[-48.756,-1.281],[-48.64,-1.058],[-48.553,-0.632],[-48.402,-0.391],[-48.546,-0.321],[-48.762,-0.283],[-48.977,-0.208],[-49.143,-0.195],[-49.358,-0.285],[-49.811,-0.235],[-50.207,-0.191]]],[[[-73.831,-42.564],[-73.765,-42.461],[-73.455,-42.262],[-73.475,-42.114],[-73.455,-42.262],[-73.765,-42.461],[-73.831,-42.564]]],[[[-74.236,-43.368],[-74.296,-43.265],[-74.236,-43.368],[-74.142,-43.445],[-73.948,-43.458],[-73.771,-43.509],[-73.696,-43.386],[-73.609,-42.911],[-73.696,-43.386],[-73.771,-43.509],[-73.948,-43.458],[-74.142,-43.445],[-74.236,-43.368]]]]},"properties":{"BORDERPRECISION":3,"fid":77}},
{"type":"Feature","geometry":{"type":"Polygon","coordinates":[[[-54.286,5.882],[-54.57,5.964],[-54.895,5.995],[-55.283,5.981],[-55.658,5.987],[-55.81,5.999],[-55.873,5.961],[-55.911,5.776],[-55.625,5.167],[-55.124,5.035],[-54.57,5.219],[-54.286,5.882]]]},"properties":{"NAME":"Surinam","SUBJECTO":"Surinam","PARTOF":"Surinam","ABBREVN":"Surinam","BORDERPRECISION":3,"fid":78}},
{"type":"Feature","geometry":{"type":"Polygon","coordinates":[[[-52.224,4.8],[-52.422,4.969],[-52.667,5.18],[-53.027,5.427],[-53.227,5.498],[-53.198,4.771],[-52.723,4.507],[-52.224,4.8]]]},"properties":{"NAME":"Cayenne","SUBJECTO":"Cayenne","PARTOF":"Cayenne","ABBREVN":"Cayenne","BORDERPRECISION":3,"fid":79}},
{"type":"Feature","geometry":{"type":"Polygon","coordinates":[[[-74.406,39.614],[-74.651,40.213],[-75.07,40.399],[-77.72,39.144],[-76.942,37.286],[-76.852,37.358],[-76.639,37.269],[-76.417,37.029],[-76.283,37.056],[-76.291,37.195],[-76.377,37.29],[-76.459,37.278],[-76.598,37.349],[-76.787,37.563],[-76.777,37.575],[-76.481,37.323],[-76.384,37.332],[-76.431,37.426],[-76.399,37.459],[-76.258,37.373],[-76.243,37.486],[-76.27,37.513],[-76.25,37.548],[-76.396,37.584],[-76.284,37.625],[-76.566,37.702],[-76.885,38.067],[-76.416,37.705],[-76.314,37.732],[-76.215,37.943],[-76.286,38.002],[-76.536,38.076],[-76.514,38.118],[-76.943,38.251],[-77.034,38.364],[-77.24,38.385],[-77.332,38.489],[-77.246,38.699],[-77.054,38.735],[-77.246,38.589],[-77.253,38.459],[-77.104,38.477],[-76.861,38.331],[-76.89,38.444],[-76.82,38.42],[-76.767,38.293],[-76.608,38.29],[-76.324,38.109],[-76.384,38.337],[-76.573,38.444],[-76.652,38.542],[-76.663,38.634],[-76.618,38.539],[-76.408,38.397],[-76.384,38.459],[-76.506,38.679],[-76.538,38.785],[-76.405,39.085],[-76.587,39.311],[-76.385,39.275],[-76.339,39.462],[-76.295,39.433],[-76.272,39.361],[-76.236,39.4],[-76.259,39.501],[-76.217,39.525],[-76.201,39.424],[-76.06,39.51],[-76.109,39.545],[-76.066,39.605],[-75.94,39.646],[-76.006,39.462],[-75.858,39.436],[-76.151,39.367],[-76.26,39.201],[-76.189,39.174],[-76.063,39.195],[-76.15,39.067],[-76.301,39.076],[-76.344,39.026],[-76.315,38.975],[-76.156,38.946],[-76.112,38.845],[-76.171,38.818],[-76.265,38.889],[-76.305,38.88],[-76.353,38.735],[-76.321,38.735],[-76.279,38.809],[-76.008,38.667],[-76.005,38.64],[-76.166,38.616],[-76.326,38.539],[-76.223,38.361],[-76.152,38.385],[-76.044,38.293],[-75.846,38.426],[-75.811,38.278],[-75.92,38.26],[-75.926,38.174],[-75.847,38.132],[-75.748,38.15],[-75.85,37.978],[-75.682,38.032],[-75.64,38.005],[-75.668,37.898],[-75.778,37.845],[-75.866,37.714],[-76.02,37.326],[-75.958,37.207],[-75.857,37.225],[-75.869,37.281],[-75.7,37.607],[-75.652,37.551],[-75.593,37.61],[-75.609,37.634],[-75.431,37.993],[-75.211,38.293],[-75.155,38.287],[-75.087,38.391],[-75.042,38.497],[-75.089,38.842],[-75.215,38.871],[-75.389,39.133],[-75.404,39.293],[-75.624,39.673],[-75.461,39.839],[-75.339,39.893],[-75.407,39.783],[-75.549,39.667],[-75.401,39.424],[-75.334,39.4],[-75.133,39.246],[-74.94,39.251],[-74.889,39.171],[-74.969,39.032],[-74.935,38.978],[-74.86,38.99],[-74.728,39.127],[-74.521,39.352],[-74.414,39.418],[-74.386,39.501],[-74.406,39.614]]]},"properties":{"NAME":"Virginia","SUBJECTO":"England","PARTOF":"Virginia","ABBREVN":"Virginia","BORDERPRECISION":3,"fid":80}},
{"type":"Feature","geometry":{"type":"Polygon","coordinates":[[[-73.386,41.139],[-72.854,41.294],[-72.092,41.365],[-71.449,41.425],[-71.41,41.724],[-71.373,41.837],[-71.304,41.771],[-71.104,41.825],[-71.194,41.676],[-71.173,41.527],[-71.041,41.544],[-70.967,41.562],[-70.895,41.682],[-70.848,41.634],[-70.835,41.676],[-70.761,41.694],[-70.712,41.795],[-70.656,41.765],[-70.642,41.592],[-69.922,41.724],[-69.936,41.915],[-70.034,42.076],[-70.138,42.136],[-70.226,42.136],[-70.222,42.106],[-70.178,42.088],[-70.064,41.963],[-70.001,41.951],[-69.991,41.867],[-70.302,41.759],[-70.482,41.807],[-70.506,41.986],[-70.776,42.303],[-70.903,42.345],[-71.054,42.357],[-71.024,42.429],[-70.848,42.56],[-70.871,42.602],[-70.625,42.65],[-70.57,42.716],[-70.646,42.722],[-70.684,42.686],[-70.759,42.71],[-70.79,42.806],[-70.868,42.871],[-70.686,43.099],[-70.536,43.404],[-70.378,43.452],[-70.306,43.62],[-70.187,43.638],[-70.216,43.8],[-69.922,43.913],[-69.969,43.812],[-69.826,43.752],[-69.68,43.884],[-69.754,43.955],[-69.608,44.069],[-69.662,43.931],[-69.507,43.896],[-69.395,44.093],[-69.249,43.991],[-69.095,44.141],[-68.945,44.393],[-68.782,44.627],[-70.07,44.694],[-70.994,44.307],[-71.681,42.46],[-72.132,42.374],[-72.559,42.445],[-73.386,41.139]]]},"properties":{"NAME":"Massachusetts Bay","SUBJECTO":"England","PARTOF":"Massachusetts Bay","ABBREVN":"Mass. Bay","BORDERPRECISION":3,"fid":81}},
{"type":"Feature","geometry":{"type":"Polygon","coordinates":[[[-69.254,48.12],[-69.747,47.767],[-70.224,47.342],[-70.534,47.126],[-70.702,47.068],[-71.039,46.736],[-70.806,47.172],[-70.599,47.433],[-70.411,47.557],[-70.192,47.811],[-69.802,48.191],[-73.449,47.064],[-73.683,45.657],[-71.631,46.009],[-69.52,46.302],[-69.254,48.12]]]},"properties":{"NAME":"New France","SUBJECTO":"France","PARTOF":"New France","ABBREVN":"New France","BORDERPRECISION":3,"fid":82}},
{"type":"Feature","geometry":{"type":"MultiPolygon","coordinates":[[[[-158.466,21.571],[-158.434,21.452],[-158.298,21.276],[-158.152,21.299],[-158.072,21.297],[-158.022,21.238],[-157.896,21.251],[-157.842,21.29],[-157.947,21.416],[-158.047,21.459],[-158.095,21.591],[-158.179,21.689],[-158.314,21.575],[-158.466,21.571]]],[[[-156.78,21.043],[-156.822,20.94],[-156.615,20.795],[-156.576,20.635],[-156.507,20.599],[-156.253,20.63],[-156.121,20.713],[-156.119,20.79],[-156.396,20.95],[-156.551,20.975],[-156.716,21.069],[-156.78,21.043]]],[[[-155.06,19.42],[-154.948,19.483],[-154.92,19.555],[-155.058,19.622],[-155.112,19.752],[-155.218,19.772],[-155.212,19.896],[-155.479,20.087],[-155.772,20.213],[-155.931,20.284],[-156.009,20.263],[-156.032,20.196],[-155.962,20.079],[-155.947,19.989],[-156.163,19.808],[-156.054,19.504],[-156.034,19.106],[-155.783,18.946],[-155.65,19.137],[-155.482,19.24],[-155.137,19.328],[-155.06,19.42]]]]},"properties":{"NAME":"Polynesians","SUBJECTO":"Polynesians","PARTOF":"Polynesians","ABBREVN":"Polynesians","BORDERPRECISION":3,"fid":83}},
{"type":"Feature","geometry":{"type":"Polygon","coordinates":[[[3.949,6.579],[5.338,8.724],[4.643,9.812],[4.04,10.265],[2.823,10.184],[2.418,9.048],[2.617,6.341],[2.767,6.348],[3.063,6.361],[3.414,6.379],[3.46,6.381],[3.611,6.413],[3.719,6.547],[3.949,6.579]]]},"properties":{"NAME":"Oyo","SUBJECTO":"Oyo","PARTOF":"Oyo","ABBREVN":"Oyo","BORDERPRECISION":3,"fid":84}},
{"type":"Feature","geometry":{"type":"Polygon","coordinates":[[[3.949,6.579],[4.072,6.44],[4.36,6.326],[4.634,6.212],[4.886,6.003],[5.095,5.756],[5.153,5.642],[5.383,5.61],[6.9,6.128],[7.365,6.94],[7.365,7.913],[6.879,8.643],[5.338,8.724],[3.949,6.579]]]},"properties":{"NAME":"Benin","SUBJECTO":"Benin","PARTOF":"Benin","ABBREVN":"Benin","BORDERPRECISION":3,"fid":85}},
{"type":"Feature","geometry":{"type":"Polygon","coordinates":[[[1.176,6.084],[0.552,8.237],[-0.016,8.643],[-0.746,8.481],[-1.881,7.913],[-2.449,7.021],[-2.287,6.21],[-1.719,5.966],[-0.502,5.966],[-0.301,5.478],[-0.204,5.529],[-0.119,5.573],[0.09,5.656],[0.536,5.72],[0.803,5.715],[0.939,5.759],[1.166,6.066],[1.176,6.084]]]},"properties":{"NAME":"Akan","SUBJECTO":"Akan","PARTOF":"Akan","ABBREVN":"Akan","BORDERPRECISION":3,"fid":86}},
{"type":"Feature","geometry":{"type":"Polygon","coordinates":[[[1.201,15.619],[0.065,20.08],[-1.07,21.783],[-1.151,24.46],[-0.421,25.433],[-0.34,26.406],[-1.344,29.042],[-1.714,30.059],[-1.234,31.989],[-1.081,32.454],[-1.113,32.549],[-1.341,32.694],[-1.61,33.048],[-1.681,33.258],[-1.674,33.83],[-1.664,34.205],[-1.738,34.605],[-1.823,34.7],[-2.077,34.826],[-2.193,35.054],[-2.326,35.054],[-2.356,35.054],[-2.715,35.098],[-2.83,35.142],[-3.009,35.39],[-3.206,35.269],[-3.441,35.166],[-4.028,35.133],[-4.295,35.152],[-4.593,35.151],[-5.11,35.379],[-5.172,35.424],[-5.479,35.805],[-5.565,35.862],[-5.808,35.785],[-5.929,35.728],[-6.302,34.861],[-6.472,34.531],[-6.511,34.454],[-6.753,34.123],[-7.004,33.875],[-7.333,33.696],[-7.902,33.485],[-8.314,33.338],[-8.64,33.122],[-9.219,32.58],[-9.251,32.421],[-9.222,32.256],[-9.318,31.964],[-9.635,31.575],[-9.813,31.289],[-9.858,31.06],[-9.817,30.755],[-9.625,30.406],[-9.603,30.184],[-9.663,29.955],[-9.87,29.643],[-10.339,29.146],[-8.37,27.704],[-3.504,17.727],[-3.747,15.619],[-3.26,14.97],[-0.746,15.375],[-0.097,15.294],[1.201,15.619]]]},"properties":{"NAME":"Morocco","SUBJECTO":"Morocco","PARTOF":"Morocco","ABBREVN":"Morocco","BORDERPRECISION":3,"fid":87}},
{"type":"Feature","geometry":{"type":"Polygon","coordinates":[[[18.965,54.228],[18.673,54.255],[18.513,54.316],[18.454,54.525],[18.338,54.603],[18.363,54.669],[18.76,54.536],[18.279,54.724],[17.658,54.685],[17.747,54.433],[17.111,54.13],[16.99,54.19],[16.688,54.039],[16.809,53.858],[16.809,53.464],[16.658,53.858],[16.204,53.706],[16.416,53.525],[16.204,53.343],[16.053,52.716],[15.844,52.71],[15.816,52.571],[15.76,52.571],[15.765,52.265],[15.894,52.21],[16.095,52.124],[16.506,52.004],[16.506,52.178],[16.855,51.917],[16.855,51.655],[17.204,51.611],[17.291,51.786],[17.553,51.655],[17.64,51.437],[18.14,50.988],[18.646,50.645],[18.746,50.266],[18.769,50.177],[18.796,49.713],[18.896,49.713],[18.927,49.622],[19.108,49.592],[19.138,49.713],[19.381,49.803],[19.562,49.713],[19.562,49.531],[19.713,49.531],[19.895,49.471],[20.016,49.803],[20.349,49.743],[20.53,49.803],[20.681,49.652],[20.893,49.743],[20.803,49.834],[20.893,49.834],[20.984,49.743],[21.135,49.834],[21.287,49.773],[21.317,49.864],[21.771,49.743],[21.771,49.592],[23.889,49.259],[24.161,48.987],[25.666,48.692],[26.163,48.941],[26.524,48.827],[26.989,48.681],[27.108,48.644],[27.108,48.833],[27.486,48.671],[27.486,48.752],[27.648,48.752],[29.316,48.286],[32.865,48.185],[34.163,47.811],[36.008,48.996],[36.399,49.036],[36.211,49.909],[35.704,50.416],[33.879,50.213],[33.879,51.125],[33.169,51.43],[31.344,50.923],[31.383,52.001],[31.297,52.956],[31.383,53.26],[32.468,53.086],[32.208,54.431],[31.557,54.301],[31.427,54.908],[31.731,54.952],[31.514,55.559],[31.253,55.602],[31.21,55.732],[31.861,55.993],[32.078,56.774],[31.557,57.034],[31.167,56.73],[30.386,57.294],[30.472,57.771],[29.995,58.205],[29.518,58.075],[28.091,56.748],[25.856,56.557],[25.79,56.583],[25.434,56.588],[24.38,56.719],[23.118,56.825],[23.211,56.988],[23.175,57.048],[23.071,57.261],[22.881,57.334],[22.585,57.509],[22.564,57.616],[22.433,57.616],[22.36,57.586],[22.285,57.565],[21.81,57.475],[21.677,57.464],[21.58,57.373],[21.46,57.25],[21.34,57.177],[21.324,56.854],[21.022,56.684],[20.965,56.609],[20.949,56.473],[20.916,56.097],[20.945,56.07],[21.276,55.861],[21.684,55.353],[22.584,55.009],[22.632,54.949],[22.794,54.902],[22.824,54.787],[22.724,54.733],[22.662,54.571],[22.67,54.494],[22.699,54.415],[22.74,53.95],[22.807,53.808],[21.117,53.269],[20.702,53.321],[20.477,53.131],[20.097,53.182],[20.011,53.044],[19.804,53.525],[18.927,53.495],[18.806,53.737],[18.987,53.858],[18.965,54.228]]]},"properties":{"NAME":"Polish–Lithuanian Commonwealth","SUBJECTO":"Polish–Lithuanian Commonwealth","PARTOF":"Polish–Lithuanian Commonwealth","ABBREVN":"Polish–Lithuanian Commonwealth","BORDERPRECISION":3,"fid":88}},
{"type":"Feature","geometry":{"type":"MultiPolygon","coordinates":[[[[107.876,21.462],[107.9,21.479],[108.117,21.499],[108.266,21.473],[108.387,21.531],[108.459,21.709],[108.467,21.785],[108.555,21.823],[108.813,21.494],[109.117,21.399],[109.322,21.431],[109.414,21.565],[109.516,21.597],[109.78,21.483],[109.787,21.407],[109.608,21.057],[109.603,20.879],[109.712,20.568],[109.928,20.245],[110.271,20.315],[110.434,20.436],[110.414,20.525],[110.293,20.582],[110.077,20.867],[110.072,20.918],[110.203,21.096],[110.234,21.255],[110.239,21.281],[110.363,21.243],[110.566,21.231],[110.75,21.377],[111.086,21.479],[111.434,21.461],[111.536,21.493],[111.734,21.709],[111.831,21.754],[112.04,21.659],[112.308,21.679],[112.473,21.73],[112.75,21.756],[112.815,21.826],[112.816,21.934],[112.871,22.061],[113.097,21.979],[113.284,22.03],[113.378,22.164],[113.399,22.475],[113.419,22.571],[113.377,22.647],[113.463,22.774],[113.536,22.704],[113.717,22.482],[113.845,22.463],[113.989,22.553],[114.304,22.649],[114.537,22.675],[114.559,22.465],[114.848,22.51],[115.044,22.599],[115.186,22.746],[115.309,22.771],[115.543,22.696],[115.707,22.639],[115.86,22.836],[116.085,22.887],[111.515,24.561],[108.03,28.046],[106.129,28.839],[103.753,28.363],[101.376,26.937],[98.575,25.955],[98.382,25.63],[98.107,25.394],[97.888,25.272],[97.802,25.183],[97.524,24.8],[97.558,24.591],[97.631,24.274],[97.531,24.013],[97.531,23.892],[97.628,23.861],[97.768,23.9],[98.137,24.099],[98.483,24.139],[98.699,24.146],[98.769,24.09],[98.894,23.297],[98.985,23.151],[99.234,23.185],[99.469,23.141],[99.484,23.021],[99.156,22.308],[99.209,22.149],[99.311,22.106],[99.539,22.107],[99.755,22.127],[99.887,21.957],[100.04,21.621],[100.21,21.501],[100.321,21.464],[100.612,21.535],[100.895,21.721],[100.945,21.55],[101.014,21.442],[101.094,21.354],[101.238,21.26],[101.584,21.224],[101.704,21.319],[101.753,21.472],[101.699,21.707],[101.597,21.871],[101.535,22.138],[101.554,22.284],[101.662,22.392],[101.968,22.534],[102.185,22.637],[102.417,22.695],[102.57,22.69],[102.839,22.513],[102.985,22.47],[103.248,22.655],[103.397,22.707],[104.115,22.73],[104.478,22.783],[104.631,22.854],[104.945,23.103],[105.179,23.251],[105.313,23.296],[105.594,23.037],[105.941,22.931],[106.238,22.908],[106.588,22.929],[106.695,22.834],[106.72,22.663],[106.507,22.325],[106.551,22.091],[106.673,21.926],[107.098,21.649],[107.378,21.575],[107.787,21.526],[107.876,21.462]]],[[[109.43,18.097],[109.669,18.415],[110.131,18.587],[110.263,18.626],[110.361,18.766],[110.299,18.899],[110.427,19.229],[110.613,19.471],[110.812,19.63],[110.885,19.707],[110.617,20.017],[110.258,19.94],[110.061,19.94],[109.916,19.8],[109.658,19.901],[109.55,19.914],[109.442,19.735],[109.42,19.659],[109.198,19.684],[108.874,19.404],[108.685,19.296],[108.577,19.187],[108.56,19.06],[108.652,18.482],[108.939,18.331],[109.43,18.097]]]]},"properties":{"NAME":"Post-Ming Warlords","SUBJECTO":"Post-Ming Warlords","PARTOF":"Post-Ming Warlords","ABBREVN":"Post-Ming Warlords","BORDERPRECISION":3,"fid":89}},
{"type":"Feature","geometry":{"type":"Polygon","coordinates":[[[98.575,25.955],[101.376,26.937],[103.753,28.363],[106.129,28.839],[108.03,28.046],[111.515,24.561],[116.085,22.887],[116.341,22.913],[116.4,22.983],[116.404,23.199],[116.452,23.25],[116.709,23.346],[116.963,23.556],[117.245,23.633],[117.406,23.69],[117.753,23.983],[117.849,24.047],[117.796,24.422],[117.861,24.511],[117.925,24.562],[118.124,24.53],[118.346,24.467],[118.531,24.69],[118.813,24.849],[118.945,25.135],[119.024,25.313],[119.096,25.441],[119.335,25.53],[119.429,25.651],[119.47,25.772],[119.436,26.038],[119.555,26.267],[119.429,26.591],[119.601,26.693],[119.857,26.706],[119.971,26.789],[120.084,26.986],[120.352,27.177],[120.409,27.31],[120.506,27.59],[120.687,27.87],[120.942,28.213],[121.009,28.277],[121.166,28.125],[121.26,28.182],[121.359,28.386],[121.346,28.544],[121.433,28.837],[121.567,29.173],[121.649,29.32],[121.558,29.358],[121.411,29.345],[121.362,29.414],[121.498,29.523],[121.67,29.625],[121.774,29.764],[121.77,29.834],[121.565,29.847],[121.391,29.922],[121.155,30.189],[121.083,30.214],[120.863,30.188],[120.438,29.997],[120.268,30.022],[119.944,30.116],[120.227,30.25],[120.609,30.346],[121.035,30.595],[121.328,30.691],[121.569,30.71],[121.632,30.793],[121.64,30.926],[121.499,31.281],[121.308,31.421],[121.268,31.452],[121.623,31.618],[121.645,31.688],[121.606,31.828],[121.484,31.948],[121.231,32.062],[121.051,32.328],[120.738,32.461],[120.661,32.543],[120.719,32.848],[120.641,33.045],[120.34,33.336],[120.149,33.894],[119.974,34.135],[119.62,34.369],[119.3,34.591],[119.021,34.692],[119.003,34.939],[119.06,35.041],[119.689,35.545],[119.907,35.768],[119.976,35.934],[119.914,36.143],[120.139,36.195],[120.196,36.157],[120.204,36.036],[120.27,35.985],[120.505,36.056],[120.537,36.387],[120.855,36.584],[121.61,36.834],[121.847,36.86],[121.98,36.822],[122.256,36.734],[122.281,36.982],[122.393,37.301],[122.269,37.3],[122.058,37.364],[121.895,37.376],[121.434,37.337],[121.19,37.425],[120.787,37.705],[120.658,37.736],[120.418,37.679],[120.169,37.576],[119.941,37.353],[119.599,37.117],[119.284,37.046],[118.955,37.077],[118.837,37.204],[118.812,37.446],[118.867,37.707],[118.875,37.949],[118.745,38.064],[118.2,38.044],[117.841,38.164],[117.589,38.284],[117.479,38.45],[117.44,38.603],[117.575,38.915],[117.753,39.203],[117.91,39.26],[118.07,39.254],[118.275,39],[118.412,39.051],[118.559,39.172],[118.781,39.166],[118.978,39.224],[119.091,39.339],[119.149,39.454],[119.211,39.639],[119.385,39.843],[119.548,39.933],[119.824,40.042],[120.113,40.081],[120.273,40.152],[120.788,40.684],[121.011,40.851],[121.085,40.857],[121.368,40.871],[121.427,40.864],[121.754,40.737],[122.082,40.488],[122.108,40.354],[122.037,40.264],[121.789,40.078],[121.668,39.905],[121.239,39.554],[121.213,39.484],[121.282,39.35],[121.449,39.382],[121.66,39.332],[121.512,39.172],[121.124,38.865],[121.065,38.75],[121.216,38.757],[121.488,38.879],[121.743,39.089],[122.027,39.256],[123.039,39.672],[123.366,39.749],[123.917,39.808],[124.104,39.885],[124.134,39.843],[124.304,40.081],[124.491,40.28],[124.725,40.428],[125.415,40.7],[125.879,40.945],[126.166,41.189],[126.474,41.652],[126.648,41.71],[126.849,41.718],[126.972,41.539],[127.194,41.425],[127.423,41.356],[127.861,41.378],[128.098,41.449],[128.078,41.5],[127.849,41.845],[127.861,41.998],[127.984,42.108],[128.16,42.134],[128.31,42.077],[128.514,42.053],[128.756,42.061],[129.035,42.177],[129.464,42.417],[129.568,42.737],[129.74,42.898],[129.854,42.957],[129.966,42.957],[130.226,42.651],[130.36,42.454],[130.435,42.277],[130.468,42.299],[131.065,42.749],[131.357,42.994],[131.584,43.213],[131.865,43.29],[131.675,43.027],[131.883,43.072],[132.182,43.195],[132.333,42.964],[132.485,42.88],[132.594,42.9],[132.827,42.862],[132.953,42.67],[133.312,42.779],[134.139,42.993],[134.569,43.212],[134.962,43.515],[135.156,43.721],[135.415,44.037],[135.693,44.224],[136.034,44.398],[136.179,44.547],[136.285,44.753],[136.494,44.966],[137.297,45.646],[137.721,45.997],[137.985,46.269],[138.243,46.711],[138.352,46.873],[138.685,47.134],[138.949,47.322],[139.047,47.615],[139.214,47.811],[140.081,48.503],[140.147,48.724],[140.328,49.358],[140.372,49.691],[140.457,50.104],[140.349,50.419],[140.323,50.518],[140.405,50.827],[140.73,51.441],[140.97,51.693],[141.126,51.872],[141.257,52.103],[141.161,52.209],[140.939,52.262],[141.091,52.587],[141.032,52.726],[140.828,52.825],[141.09,52.985],[141.121,53.052],[140.894,53.197],[140.702,53.277],[140.321,53.536],[140.102,53.802],[139.806,53.961],[139.378,54.08],[139.052,54.086],[138.76,54.086],[138.417,54.092],[138.409,53.805],[138.234,53.572],[137.979,53.465],[137.239,53.457],[136.161,53.021],[135.273,53.021],[134.681,52.947],[134.237,53.464],[133.424,52.651],[133.128,52.651],[132.388,52.355],[132.018,52.429],[131.13,53.908],[130.538,53.908],[130.908,55.24],[130.39,56.054],[129.207,56.868],[128.837,56.646],[128.171,56.72],[127.581,56.615],[120.387,46.423],[107.713,43.255],[103.556,39.9],[102.119,39.756],[100.538,40.331],[99.388,39.756],[99.245,38.75],[100.394,37.744],[101.688,36.307],[102.406,33.721],[100.682,28.691],[98.637,27.479],[98.725,26.737],[98.734,26.343],[98.575,25.955]]]},"properties":{"NAME":"Manchu Empire","SUBJECTO":"Manchu Empire","PARTOF":"Manchu Empire","ABBREVN":"Manchu China","BORDERPRECISION":3,"fid":90}},
{"type":"Feature","geometry":{"type":"Polygon","coordinates":[[[57.396,23.837],[57.146,23.982],[56.794,24.268],[56.611,24.477],[56.405,24.82],[56.405,24.919],[56.406,25.08],[56.406,25.309],[56.366,25.455],[56.282,25.462],[56.161,25.473],[56.215,25.543],[56.405,25.861],[56.367,26.236],[56.297,26.16],[56.157,25.966],[56.015,25.772],[55.633,25.453],[55.53,25.373],[55.457,25.42],[55.091,25.02],[54.771,24.733],[54.712,24.6],[54.592,24.377],[54.487,24.344],[54.347,24.154],[54.276,24.11],[54.108,24.103],[54.006,24.182],[54.017,24.05],[53.687,23.987],[53.076,24.087],[53.04,24.04],[52.939,24.024],[52.672,24.075],[52.481,24.056],[52.383,24.108],[52.301,24.082],[52.255,23.987],[51.946,23.945],[51.765,24.003],[51.586,24.003],[51.606,24.203],[51.523,24.161],[51.454,24.218],[51.291,24.281],[51.288,24.411],[51.412,24.606],[51.559,24.816],[51.606,24.987],[51.553,25.102],[51.539,25.42],[51.587,25.609],[51.534,25.756],[51.506,25.845],[51.389,25.887],[51.358,26.029],[51.217,26.066],[51.069,25.945],[50.989,25.672],[51.015,25.588],[50.931,25.539],[50.847,25.265],[50.896,24.91],[50.965,24.713],[50.968,24.436],[50.569,23.854],[49.704,24.41],[49.395,26.078],[48.469,26.695],[47.672,28.443],[47.589,28.551],[47.439,28.829],[47.255,28.854],[46.509,28.97],[46.744,29.225],[46.905,29.438],[45.87,29.856],[44.839,29.993],[44.083,30.337],[40.029,34.391],[39.342,34.597],[38.036,34.597],[37.212,33.566],[36.525,31.162],[36.593,29.787],[37.364,27.957],[37.421,27.834],[38.814,24.841],[40.648,24.153],[41.07,22.263],[41.812,21.713],[41.923,20.767],[43.066,18.654],[43.488,16.622],[44.509,14.097],[45.261,13.828],[46.335,14.097],[46.659,15.425],[47.838,16.422],[50.511,17.147],[53.955,19.73],[56.946,20.636],[58.18,21.849],[57.621,22.705],[57.396,23.837]]]},"properties":{"BORDERPRECISION":3,"fid":91}},
{"type":"Feature","geometry":{"type":"Polygon","coordinates":[[[46.335,14.097],[46.711,13.936],[46.878,13.474],[46.939,13.49],[47.37,13.669],[47.662,13.848],[48.036,14.045],[48.27,14.078],[48.537,14.046],[48.765,14.098],[48.96,14.219],[49.173,14.499],[49.334,14.633],[49.713,14.773],[50.291,14.959],[51.313,15.247],[51.599,15.379],[50.511,17.147],[47.838,16.422],[46.659,15.425],[46.335,14.097]]]},"properties":{"NAME":"Hadramaut","SUBJECTO":"Hadramaut","PARTOF":"Hadramaut","ABBREVN":"Hadramaut","BORDERPRECISION":3,"fid":92}},
{"type":"Feature","geometry":{"type":"Polygon","coordinates":[[[50.511,17.147],[51.599,15.379],[51.95,15.541],[52.135,15.687],[52.163,15.871],[52.238,16.1],[52.357,16.234],[52.652,16.489],[52.894,16.61],[53.021,16.654],[53.208,16.719],[53.336,16.763],[53.681,16.898],[54.084,17.019],[54.407,17.045],[54.756,16.951],[54.911,16.97],[55.195,17.149],[55.236,17.288],[55.234,17.447],[55.29,17.676],[55.389,17.81],[53.955,19.73],[50.511,17.147]]]},"properties":{"NAME":"Mahra","SUBJECTO":"Mahra","PARTOF":"Mahra","ABBREVN":"Mahra","BORDERPRECISION":3,"fid":93}},
{"type":"Feature","geometry":{"type":"Polygon","coordinates":[[[58.18,21.849],[56.946,20.636],[53.955,19.73],[55.389,17.81],[55.561,17.937],[55.708,17.95],[55.882,17.932],[56.013,17.932],[56.258,17.977],[56.458,18.092],[56.549,18.219],[56.609,18.467],[56.739,18.689],[56.904,18.817],[57.186,18.938],[57.657,18.971],[57.839,19.035],[57.778,19.314],[57.778,19.67],[57.806,20.172],[57.931,20.401],[58.044,20.433],[58.15,20.395],[58.403,20.357],[58.512,20.421],[58.774,20.941],[58.18,21.849]]]},"properties":{"NAME":"Gharra","SUBJECTO":"Gharra","PARTOF":"Gharra","ABBREVN":"Gharra","BORDERPRECISION":3,"fid":94}},
{"type":"Feature","geometry":{"type":"Polygon","coordinates":[[[86.844,20.875],[85.351,21.534],[85.209,22.383],[85.705,23.162],[85.634,23.87],[84.289,24.224],[82.377,23.658],[77.492,23.658],[77.067,22.808],[77.279,22.029],[76.996,21.109],[77.053,20.811],[78.573,20.438],[78.533,19.124],[78.752,19.191],[79.213,18.845],[78.867,18.27],[79.305,17.285],[79.417,17.285],[79.956,17.604],[80.636,17.431],[81.081,17.601],[83.227,18.418],[84.325,18.53],[84.659,18.933],[84.907,19.181],[85.113,19.442],[85.379,19.605],[85.715,19.698],[85.909,19.724],[86.119,19.807],[86.386,20.017],[86.632,20.204],[86.638,20.319],[86.775,20.469],[86.926,20.691],[86.844,20.875]]]},"properties":{"NAME":"Islamic and Hindu states","SUBJECTO":"Islamic and Hindu states","PARTOF":"Islamic and Hindu states","ABBREVN":"Islamic and Hindu states","BORDERPRECISION":3,"fid":95}},
{"type":"Feature","geometry":{"type":"Polygon","coordinates":[[[-11.286,10.585],[-10.949,9.406],[-9.938,8.563],[-7.917,8.563],[-6.906,9.911],[-6.906,11.09],[-8.085,11.764],[-9.938,11.595],[-11.286,10.585]]]},"properties":{"NAME":"Mali","SUBJECTO":"Mali","PARTOF":"Mali","ABBREVN":"Mali","BORDERPRECISION":3,"fid":96}},
{"type":"Feature","geometry":{"type":"MultiPolygon","coordinates":[[[[38.963,17.192],[38.686,18.003],[38.642,18.061],[38.527,18.161],[37.431,17.702],[36.45,18.07],[35.96,19.418],[36.695,20.398],[37.165,20.764],[37.128,21.227],[36.903,21.729],[36.8,21.915],[35.251,21.369],[32.662,21],[31.645,21.277],[31.617,21.295],[32.161,20.643],[33.877,19.663],[34.612,18.07],[33.632,15.742],[33.999,13.659],[33.142,11.576],[31.671,11.576],[31.426,13.291],[31.671,15.864],[30.691,16.845],[29.466,19.173],[29.466,20.766],[30.346,22.111],[29.426,22.664],[26.171,30.316],[22.429,31.265],[22.122,31.077],[21.197,31.077],[20.365,30.338],[20.281,30.331],[19.97,29.723],[18.859,29.562],[17.581,30.343],[15.649,30.523],[15.634,30.518],[15.145,25.097],[9.67,24.218],[9.457,25.184],[13.675,26.143],[13.877,31.059],[13.174,31.735],[13.078,31.826],[8.771,33.189],[8.021,33.02],[6.269,31.873],[0.873,31.986],[-1.066,32.45],[-1.081,32.454],[-1.234,31.989],[-1.714,30.059],[-1.344,29.042],[-0.34,26.406],[-0.421,25.433],[-1.151,24.46],[-1.07,21.783],[0.065,20.08],[1.201,15.619],[3.066,15.051],[3.148,13.266],[2.499,12.699],[0.958,12.536],[0.649,13.155],[-0.421,14.159],[-0.097,15.294],[-0.746,15.375],[-3.26,14.97],[-3.747,15.619],[-3.504,17.727],[-8.37,27.704],[-10.339,29.146],[-10.856,28.751],[-11.373,28.369],[-11.576,28.229],[-12.091,28.024],[-12.674,27.896],[-12.866,27.857],[-13.06,27.673],[-13.124,27.546],[-13.316,27.164],[-13.466,26.814],[-13.629,26.591],[-14.006,26.361],[-14.188,26.272],[-14.367,26.119],[-14.66,25.636],[-14.671,25.596],[-14.797,25.146],[-14.82,24.733],[-14.975,24.51],[-15.607,23.981],[-15.714,23.873],[-16.243,22.722],[-16.353,22.493],[-16.572,22.238],[-16.806,21.99],[-16.984,21.595],[-17.016,21.314],[-17.052,21.004],[-17.046,20.833],[-17.021,20.744],[-16.845,20.941],[-16.711,20.89],[-16.347,20.523],[-16.269,20.364],[-16.24,20.122],[-16.27,19.684],[-16.351,19.493],[-16.472,19.366],[-16.191,19.03],[-16.056,18.674],[-15.983,18.178],[-16.041,17.67],[-16.125,17.301],[-16.379,16.716],[-16.406,16.49],[-16.45,16.118],[-15.755,16.253],[-16.051,15.069],[-16.87,14.364],[-16.697,14.078],[-16.671,13.913],[-16.64,13.843],[-16.471,13.723],[-16.458,13.601],[-16.455,13.571],[-16.452,13.545],[-16.494,13.475],[-16.689,13.449],[-16.767,13.36],[-16.776,13.145],[-16.776,13.125],[-16.768,13.035],[-16.726,12.788],[-16.772,12.597],[-16.696,12.413],[-16.571,12.312],[-16.567,12.31],[-15.459,12.48],[-15.158,11.876],[-15.099,11.813],[-15.213,11.717],[-15.361,11.52],[-15.416,11.335],[-15.341,11.221],[-15.116,11.158],[-15.029,11.158],[-15.008,11.102],[-14.991,11.057],[-15.018,10.917],[-14.966,10.847],[-14.821,10.803],[-14.575,10.784],[-14.551,10.645],[-14.591,10.467],[-14.466,10.333],[-14.058,10.08],[-13.68,9.916],[-13.626,9.623],[-13.282,9.275],[-13.141,9.027],[-13.164,8.851],[-13.174,8.773],[-13.145,8.722],[-12.927,8.627],[-12.912,8.557],[-12.99,8.456],[-13.212,8.347],[-13.044,8.138],[-12.869,7.973],[-12.513,7.726],[-12.274,7.631],[-12.252,7.548],[-12.279,7.415],[-12.264,7.351],[-12.047,7.263],[-11.749,7.079],[-11.465,6.844],[-11.168,6.598],[-10.763,6.357],[-10.437,6.205],[-9.937,5.863],[-9.429,5.362],[-9.248,5.172],[-8.792,4.919],[-8.243,4.64],[-7.562,4.351],[-7.529,4.337],[-7.413,4.331],[-7.098,4.522],[-6.316,4.873],[-5.834,5.039],[-5.575,5.129],[-5,5.238],[-4.575,5.249],[-4.374,5.255],[-3.942,5.266],[-3.668,5.228],[-3.351,5.153],[-3.135,5.141],[-3.091,5.16],[-3.027,5.268],[-2.934,5.275],[-2.804,5.186],[-2.75,5.096],[-2.717,5.04],[-2.291,4.844],[-2.031,4.698],[-1.6,4.953],[-1.176,5.139],[-0.608,5.318],[-0.477,5.386],[-0.301,5.478],[-0.502,5.966],[-1.719,5.966],[-2.287,6.21],[-2.449,7.021],[-1.881,7.913],[-0.746,8.481],[-0.016,8.643],[0.552,8.237],[1.176,6.084],[1.342,6.18],[1.558,6.237],[1.761,6.253],[1.923,6.266],[2.062,6.277],[2.617,6.341],[2.418,9.048],[2.823,10.184],[4.04,10.265],[4.643,9.812],[5.338,8.724],[6.879,8.643],[7.365,7.913],[7.365,6.94],[6.9,6.128],[5.383,5.61],[5.448,5.477],[5.355,5.362],[5.333,5.248],[5.419,4.956],[5.607,4.632],[5.851,4.429],[6.089,4.328],[6.65,4.323],[6.844,4.292],[6.924,4.343],[7.046,4.508],[7.176,4.527],[7.449,4.407],[7.888,4.453],[8.14,4.466],[8.299,4.555],[8.328,4.613],[8.263,4.746],[8.328,4.841],[8.407,4.784],[8.508,4.765],[8.592,4.712],[8.637,4.683],[8.875,4.62],[8.925,4.525],[8.953,4.283],[9.032,4.138],[9.284,4.017],[9.543,4.043],[9.651,4.018],[9.78,3.853],[9.586,3.675],[9.765,3.383],[9.851,3.148],[9.923,2.824],[9.801,2.379],[9.894,2.138],[9.881,2.058],[9.851,1.877],[9.701,1.616],[9.5,1.381],[9.37,1.171],[9.557,1.127],[9.622,1.089],[9.644,0.955],[9.629,0.89],[9.566,0.612],[9.443,0.554],[9.35,0.535],[9.602,0.332],[9.854,0.174],[9.883,0.079],[9.66,0.085],[9.473,0.116],[9.434,-0.017],[9.303,-0.456],[9.203,-0.634],[8.959,-0.819],[8.815,-0.896],[8.981,-1.099],[9.112,-1.353],[9.321,-1.416],[9.465,-1.593],[9.415,-1.638],[9.243,-1.772],[9.656,-2.419],[9.894,-2.444],[10.06,-2.571],[9.931,-2.711],[10.525,-3.237],[10.641,-3.446],[10.88,-3.694],[11.134,-3.916],[11.151,-3.932],[11.773,-4.537],[11.949,-4.924],[12,-5.004],[12.227,-5.362],[12.263,-5.47],[12.2,-5.751],[12.194,-5.775],[12.339,-6.19],[12.372,-6.258],[12.801,-5.956],[13.215,-6.133],[13.274,-5.778],[14.103,-4.949],[14.576,-4.772],[15.05,-6.015],[14.99,-7.198],[14.872,-7.376],[14.399,-7.198],[14.103,-7.376],[14.09,-7.706],[14.325,-8.234],[14.267,-8.939],[14.329,-9.368],[13.084,-9.287],[13.204,-9.637],[13.418,-9.986],[13.639,-10.303],[13.73,-10.544],[13.816,-10.976],[13.837,-11.358],[13.813,-11.656],[13.649,-12.197],[13.459,-12.502],[13.339,-12.649],[13.051,-12.751],[12.93,-12.91],[12.848,-13.164],[12.585,-13.464],[12.441,-13.877],[12.333,-14.316],[12.301,-14.56],[12.251,-14.945],[12.177,-15.276],[12.06,-15.594],[11.961,-15.715],[11.782,-15.868],[11.795,-16.16],[11.803,-16.522],[11.781,-17.336],[11.775,-17.596],[11.795,-17.844],[11.85,-18.022],[12.08,-18.491],[12.524,-19.062],[12.929,-19.742],[13.308,-20.472],[13.804,-21.443],[13.958,-21.69],[14.415,-22.268],[14.533,-22.496],[14.577,-22.731],[14.57,-22.758],[14.524,-22.941],[14.396,-23.075],[14.409,-23.253],[14.444,-23.412],[14.668,-24.421],[14.909,-25.018],[14.91,-25.234],[14.843,-25.622],[14.947,-26.01],[15.153,-26.333],[15.13,-26.486],[15.076,-26.607],[15.137,-26.829],[15.292,-27.153],[15.454,-27.616],[15.66,-27.889],[16.128,-28.34],[16.334,-28.561],[16.53,-28.771],[16.788,-29.139],[17.079,-29.799],[17.354,-30.422],[17.432,-30.57],[17.567,-30.828],[17.904,-31.291],[18.179,-31.805],[18.262,-32.04],[18.336,-32.339],[18.309,-32.708],[18.232,-32.898],[17.945,-32.918],[17.868,-32.994],[17.928,-33.096],[18.073,-33.223],[18.459,-33.832],[18.413,-34.023],[18.293,-34.246],[18.346,-34.347],[18.487,-34.398],[18.503,-34.309],[18.57,-34.194],[18.724,-34.219],[18.84,-34.435],[18.966,-34.397],[19.181,-34.422],[19.279,-34.504],[19.321,-34.733],[19.884,-34.992],[20.256,-34.623],[20.515,-34.533],[20.847,-34.501],[21.147,-34.538],[21.346,-34.544],[21.669,-34.506],[21.997,-34.263],[22.262,-34.168],[22.549,-34.148],[22.589,-34.135],[22.682,-34.103],[22.972,-34.198],[23.189,-34.242],[23.36,-34.121],[23.499,-34.07],[23.743,-34.076],[24.085,-34.151],[24.43,-34.335],[24.592,-34.36],[24.693,-34.309],[24.816,-34.169],[24.929,-34.079],[25.065,-34.073],[25.314,-34.13],[25.516,-34.174],[25.565,-34.135],[25.559,-34.078],[25.619,-33.919],[25.866,-33.887],[26.307,-33.892],[26.659,-33.847],[26.963,-33.713],[27.408,-33.426],[27.656,-33.254],[28.277,-32.763],[28.922,-32.298],[29.086,-32.127],[29.295,-31.909],[29.832,-31.432],[30.295,-30.92],[30.391,-30.814],[30.487,-30.687],[30.675,-30.438],[31.297,-29.547],[31.327,-29.509],[31.563,-29.21],[31.978,-28.948],[32.235,-28.744],[32.346,-28.585],[32.393,-28.375],[32.303,-28.134],[32.345,-28.026],[32.527,-27.981],[32.609,-27.898],[32.767,-27.517],[32.849,-26.979],[32.887,-26.715],[32.568,-26.61],[32.094,-26.255],[32.094,-25.604],[32.627,-25.368],[32.945,-25.54],[33.347,-25.304],[33.657,-25.201],[34.015,-25.061],[34.585,-24.875],[34.884,-24.722],[35.198,-24.48],[35.43,-24.225],[35.501,-24.085],[35.512,-23.939],[35.444,-23.914],[35.297,-23.825],[35.425,-23.456],[35.531,-22.458],[35.512,-22.185],[35.448,-22.223],[35.371,-22.28],[35.261,-22.274],[35.234,-22.204],[35.202,-21.95],[34.994,-21.271],[35.033,-21.188],[35.107,-20.984],[35.023,-20.813],[34.699,-20.572],[34.673,-20.515],[34.71,-20.293],[34.726,-19.86],[34.847,-19.803],[35.378,-19.427],[34.917,-18.33],[34.812,-17.595],[33.972,-16.651],[33.343,-15.707],[34.287,-15.916],[35.546,-16.966],[36.386,-16.966],[37.275,-17.713],[37.864,-17.451],[38.193,-17.349],[38.859,-17.055],[39.471,-16.717],[39.795,-16.424],[40.025,-16.144],[40.386,-15.736],[40.574,-15.482],[40.61,-15.355],[40.527,-15.183],[40.781,-14.922],[40.855,-14.699],[40.849,-14.579],[40.701,-14.541],[40.618,-14.484],[40.599,-14.401],[40.601,-14.033],[40.603,-13.531],[40.534,-13.308],[40.366,-12.991],[40.482,-12.844],[40.527,-12.584],[40.445,-12.082],[40.45,-11.872],[40.393,-11.548],[40.311,-11.345],[40.4,-11.23],[40.536,-11.027],[40.62,-10.766],[40.524,-10.55],[40.466,-10.475],[40.387,-10.372],[40.209,-10.252],[39.838,-10.005],[39.658,-9.796],[39.577,-9.542],[39.392,-8.735],[39.4,-8.309],[39.478,-7.998],[39.424,-7.896],[39.287,-7.877],[39.27,-7.801],[39.437,-7.33],[39.555,-7.171],[39.566,-7.044],[39.221,-6.784],[38.922,-6.34],[38.872,-6.092],[38.934,-5.635],[39.122,-5.037],[39.229,-4.845],[39.267,-4.776],[39.417,-4.731],[39.53,-4.617],[39.681,-4.324],[39.64,-4.083],[40.074,-3.472],[40.234,-3.192],[40.232,-3.033],[40.271,-2.817],[40.449,-2.645],[40.75,-2.593],[40.877,-2.428],[40.915,-2.078],[41.089,-2.129],[41.339,-2.052],[41.61,-1.877],[41.652,-1.752],[41.607,-1.594],[41.884,-1.218],[42.44,-0.512],[42.915,-0.017],[42.941,0.011],[43.099,0.17],[43.724,0.8],[44.301,1.291],[44.567,1.463],[45.541,1.967],[46.225,2.552],[46.361,2.668],[47.384,3.795],[47.556,3.993],[48.078,4.667],[48.472,5.201],[48.792,5.704],[48.95,5.99],[49.046,6.416],[49.421,6.989],[49.823,7.695],[49.777,7.854],[49.832,7.994],[50.211,8.351],[50.779,9.368],[50.853,9.597],[50.874,9.972],[50.887,10.277],[51.056,10.506],[51.13,10.71],[51.07,10.989],[51.061,11.243],[51.247,11.657],[51.181,11.777],[51.145,11.784],[50.969,11.879],[50.697,11.948],[50.486,11.776],[50.081,11.476],[49.647,11.329],[49.304,11.246],[48.97,11.233],[48.663,11.321],[48.534,11.333],[48.443,11.296],[47.996,11.116],[47.807,11.097],[47.592,11.141],[47.391,11.159],[47.28,11.102],[46.929,10.847],[46.677,10.7],[46.43,10.668],[46.088,10.788],[45.909,10.832],[45.646,10.762],[45.27,10.57],[45.013,10.449],[44.845,10.417],[44.636,10.429],[44.448,10.429],[44.281,10.396],[44.162,10.492],[44.052,10.663],[43.789,10.942],[43.368,11.456],[43.298,11.476],[43.104,11.531],[42.959,11.537],[42.669,11.511],[40.494,9.86],[41.842,8.757],[42.945,6.919],[42.577,5.816],[41.719,4.713],[42.822,4.591],[43.435,3.856],[43.802,2.875],[42.332,1.773],[38.411,1.037],[36.45,2.63],[36.083,5.694],[38.043,5.694],[38.043,6.797],[34.98,7.287],[35.102,8.39],[36.462,8.547],[35.96,14.762],[36.083,16.109],[38.043,16.232],[38.963,17.192]],[[16.905,13.434],[17.158,13.472],[19.463,13.259],[19.368,13.397],[19.791,14.967],[20.515,16.476],[21.542,16.597],[22.327,15.329],[22.81,13.759],[22.629,13.215],[20.025,12.637],[20.206,12.047],[16.634,11.103],[16.632,11.104],[16.619,11.049],[14.967,9.988],[12.019,9.87],[10.84,10.577],[10.368,9.516],[9.424,9.044],[8.717,9.044],[7.183,11.049],[5.768,11.167],[4.825,12.582],[5.178,15.649],[7.16,16.039],[11.075,14.351],[12.255,15.177],[13.552,16.121],[16.265,16.121],[16.71,14.68],[16.845,14.366],[16.844,14.351],[16.843,14.328],[16.905,13.434]],[[-2.774,12.536],[-2.044,13.429],[-0.837,13.408],[-0.097,12.374],[-0.502,10.265],[-1.557,9.86],[-2.692,10.103],[-2.774,12.536]],[[22.689,15.329],[23.112,16.597],[27.46,18.167],[29.15,17.926],[29.996,14.242],[29.09,13.155],[24.32,12.793],[23.172,13.578],[22.689,15.329]],[[23.625,-6.772],[25.316,-6.531],[25.98,-5.142],[29.332,-5.323],[31.083,-8.704],[30.358,-9.248],[29.271,-9.187],[28.728,-9.731],[28.003,-9.791],[27.339,-9.61],[26.373,-10.274],[25.648,-9.972],[25.467,-10.395],[23.504,-10.335],[23.021,-10.818],[18.251,-11.12],[17.466,-8.161],[17.889,-7.376],[21.331,-6.712],[23.625,-6.772]],[[26.946,-18.668],[27.671,-18.004],[30.147,-18.547],[30.69,-20.057],[29.905,-22.05],[26.886,-21.929],[26.282,-20.661],[26.946,-18.668]],[[6.531,16.709],[6.531,17.958],[7.156,18.458],[8.155,18.208],[8.405,17.208],[7.781,16.584],[6.531,16.709]],[[-10.832,14.46],[-11.456,12.961],[-12.58,12.836],[-14.954,15.085],[-14.704,15.585],[-13.954,15.834],[-11.331,15.085],[-10.832,14.46]],[[-11.286,10.585],[-9.938,11.595],[-8.085,11.764],[-6.906,11.09],[-6.906,9.911],[-7.917,8.563],[-9.938,8.563],[-10.949,9.406],[-11.286,10.585]]],[[[8.336,3.187],[8.358,3.088],[8.576,3.067],[8.642,3.187],[8.718,3.339],[8.784,3.448],[8.871,3.525],[8.827,3.612],[8.729,3.634],[8.631,3.656],[8.554,3.601],[8.478,3.557],[8.478,3.427],[8.467,3.361],[8.358,3.317],[8.336,3.187]]]]},"properties":{"BORDERPRECISION":3,"fid":97}},
{"type":"Feature","geometry":{"type":"Polygon","coordinates":[[[-2.297,55.824],[-2.54,55.885],[-2.742,55.957],[-2.928,55.946],[-3.161,55.846],[-3.356,55.843],[-3.577,55.885],[-3.713,55.885],[-3.895,55.985],[-3.294,55.974],[-3.17,56.062],[-2.895,56.086],[-2.773,56.171],[-2.721,56.178],[-2.949,56.253],[-3.152,56.337],[-2.981,56.354],[-2.667,56.471],[-2.515,56.667],[-2.413,56.717],[-2.159,57.014],[-2.203,57.065],[-2.108,57.21],[-1.945,57.402],[-2.15,57.572],[-2.854,57.543],[-3.093,57.577],[-3.401,57.576],[-3.796,57.542],[-4.148,57.555],[-4.249,57.636],[-4.15,57.835],[-3.943,57.958],[-3.166,58.275],[-3.028,58.406],[-3.165,58.522],[-3.441,58.529],[-3.831,58.507],[-4.139,58.445],[-4.51,58.403],[-4.926,58.567],[-5.113,58.395],[-4.907,58.169],[-5.346,58.093],[-5.056,57.751],[-5.23,57.71],[-5.568,57.777],[-5.763,57.62],[-5.461,57.388],[-5.562,57.299],[-5.726,57.258],[-5.625,56.999],[-5.666,56.938],[-5.909,56.733],[-6.044,56.475],[-5.822,56.4],[-5.645,56.516],[-5.547,56.652],[-5.458,56.632],[-5.271,56.544],[-5.3,56.429],[-5.497,56.177],[-5.633,55.94],[-5.57,55.751],[-5.334,55.88],[-5.135,55.893],[-4.848,56.097],[-4.711,56.131],[-4.623,55.908],[-4.758,55.82],[-4.895,55.772],[-4.908,55.664],[-4.771,55.488],[-4.638,55.428],[-4.91,55.11],[-5.067,54.948],[-5.111,54.794],[-4.903,54.734],[-4.6,54.688],[-4.5,54.775],[-4.461,54.862],[-4.122,54.762],[-3.908,54.79],[-3.577,54.924],[-3.309,54.885],[-3.174,54.845],[-2.755,54.916],[-2.454,55.382],[-2.297,55.824]]]},"properties":{"NAME":"Scottalnd","SUBJECTO":"Scottalnd","PARTOF":"Scottalnd","ABBREVN":"Scottalnd","BORDERPRECISION":3,"fid":98}},
{"type":"Feature","geometry":{"type":"Polygon","coordinates":[[[-92.017,29.825],[-91.981,30.233],[-92.46,30.584],[-93.126,30.498],[-93.468,30.601],[-94.708,30.755],[-95.128,31.01],[-95.468,31.216],[-96.212,31.165],[-95.972,30.84],[-95.776,30.002],[-95.821,29.645],[-95.538,29.474],[-95.263,29.362],[-95.174,29.106],[-94.845,29.346],[-95.058,29.675],[-95.007,29.758],[-94.857,29.784],[-94.797,29.563],[-94.602,29.549],[-94.426,29.543],[-94.142,29.69],[-94.061,29.699],[-93.446,29.768],[-93.042,29.692],[-92.643,29.579],[-92.457,29.566],[-92.117,29.542],[-91.978,29.625],[-92.228,29.802],[-92.017,29.825]]]},"properties":{"NAME":"Atakapa","SUBJECTO":"Atakapa","PARTOF":"Atakapa","ABBREVN":"Atakapa","BORDERPRECISION":3,"fid":99}},
{"type":"Feature","geometry":{"type":"Polygon","coordinates":[[[-95.821,29.645],[-97.399,28.848],[-97.527,28.682],[-97.536,28.691],[-97.653,28.558],[-98.087,28.297],[-98.174,28.245],[-97.831,28.014],[-97.546,27.923],[-97.447,27.985],[-97.115,28.107],[-96.831,28.158],[-96.714,28.23],[-96.685,28.248],[-96.577,28.426],[-96.774,28.623],[-96.717,28.712],[-96.389,28.662],[-96.203,28.637],[-96.015,28.656],[-95.603,28.799],[-95.239,29.058],[-95.174,29.106],[-95.263,29.362],[-95.538,29.474],[-95.821,29.645]]]},"properties":{"NAME":"Atakapa","SUBJECTO":"Atakapa","PARTOF":"Atakapa","ABBREVN":"Atakapa","BORDERPRECISION":3,"fid":100}},
{"type":"Feature","geometry":{"type":"Polygon","coordinates":[[[-81.877,37.363],[-81.849,37.543],[-82.062,38.334],[-83.096,38.957],[-84.692,39.246],[-86.076,39.201],[-87.55,38.699],[-87.778,38.364],[-88.037,37.528],[-88.432,37.376],[-88.371,37.087],[-88.326,37.011],[-87.961,36.874],[-87.687,35.795],[-86.693,35.112],[-86.669,35.096],[-85.24,35.689],[-84.008,36.297],[-83.253,36.669],[-81.88,37.346],[-81.877,37.363]]]},"properties":{"NAME":"Shawnee","SUBJECTO":"Shawnee","PARTOF":"Shawnee","ABBREVN":"Shawnee","BORDERPRECISION":3,"fid":101}},
{"type":"Feature","geometry":{"type":"Polygon","coordinates":[[[-92.017,29.825],[-91.951,29.832],[-91.429,29.543],[-91.24,29.321],[-90,29.109],[-90,29.119],[-90,29.142],[-90,29.222],[-90,29.239],[-90,29.304],[-90,29.326],[-90,29.374],[-90,29.501],[-89.978,29.406],[-89.622,29.284],[-89.498,29.096],[-89.272,29.058],[-89.032,29.119],[-89.189,29.269],[-89.292,29.367],[-89.559,29.433],[-89.677,29.591],[-89.686,29.706],[-89.38,29.873],[-89.523,29.976],[-90.372,29.856],[-91.184,29.856],[-91.981,30.233],[-92.017,29.825]]]},"properties":{"NAME":"Chtimacha","SUBJECTO":"Chtimacha","PARTOF":"Chtimacha","ABBREVN":"Chtimacha","BORDERPRECISION":3,"fid":102}},
{"type":"Feature","geometry":{"type":"Polygon","coordinates":[[[-100.106,31.04],[-99.775,30.776],[-98.423,29.694],[-97.75,30.22],[-97.435,30.956],[-97.479,31.104],[-98.398,31.383],[-99.454,32.239],[-99.685,33.943],[-100.548,34.763],[-101.266,35.946],[-101.684,37.624],[-103.303,35.92],[-104.167,35.39],[-104.355,34.89],[-103.829,34.216],[-103.637,32.909],[-103.619,32.786],[-103.367,32.386],[-100.304,31.123],[-100.106,31.04]]]},"properties":{"NAME":"Comanche","SUBJECTO":"Comanche","PARTOF":"Comanche","ABBREVN":"Comanche","BORDERPRECISION":3,"fid":103}},
{"type":"Feature","geometry":{"type":"MultiPolygon","coordinates":[[[[-98.981,42.481],[-99.837,42.681],[-100.856,42.762],[-100.874,42.763],[-101.056,42.417],[-101.475,42.199],[-101.593,41.989],[-101.393,41.716],[-101.267,41.141],[-100.71,41.016],[-100.201,40.47],[-99.846,39.814],[-99.518,38.768],[-98.635,38.832],[-97.807,38.777],[-97.771,38.923],[-97.607,39.314],[-97.334,39.76],[-97.079,40.115],[-97.043,40.249],[-97.016,40.351],[-96.815,40.806],[-96.715,41.189],[-96.723,41.192],[-97.198,41.362],[-97.534,42.008],[-97.926,42.035],[-98.253,42.308],[-98.293,42.317],[-98.981,42.481]]],[[[-101.266,41.134],[-101.267,41.141],[-101.275,41.143],[-101.266,41.134]]]]},"properties":{"NAME":"Pawnee","SUBJECTO":"Pawnee","PARTOF":"Pawnee","ABBREVN":"Pawnee","BORDERPRECISION":3,"fid":104}},
{"type":"Feature","geometry":{"type":"Polygon","coordinates":[[[-103.479,42.611],[-102.953,42.985],[-102.884,43.266],[-102.229,44.165],[-102.313,44.485],[-102.755,44.896],[-103.22,45.194],[-103.699,45.3],[-104.225,45.239],[-104.553,45.072],[-104.903,44.714],[-105.116,44.432],[-105.436,43.754],[-105.977,43.312],[-105.429,42.901],[-104.834,42.238],[-104.164,41.971],[-103.479,42.611]]]},"properties":{"NAME":"Cheyenne","SUBJECTO":"Cheyenne","PARTOF":"Cheyenne","ABBREVN":"Cheyenne","BORDERPRECISION":3,"fid":105}},
{"type":"Feature","geometry":{"type":"Polygon","coordinates":[[[-87.162,32.953],[-87.202,32.658],[-87.154,32.418],[-87.282,32.106],[-87.322,31.867],[-85.827,31.859],[-85.668,32.114],[-85.644,32.402],[-85.668,32.762],[-86.107,32.913],[-87.162,32.953]]]},"properties":{"NAME":"Alabama","SUBJECTO":"Alabama","PARTOF":"Alabama","ABBREVN":"Alabama","BORDERPRECISION":3,"fid":106}},
{"type":"Feature","geometry":{"type":"Polygon","coordinates":[[[-91.626,32.957],[-91.626,31.939],[-91.22,31.976],[-90.409,32.05],[-90.396,32.51],[-89.974,32.572],[-89.974,32.58],[-89.951,32.958],[-89.949,32.982],[-90.763,32.97],[-91.626,32.957]]]},"properties":{"NAME":"Tunica","SUBJECTO":"Tunica","PARTOF":"Tunica","ABBREVN":"Tunica","BORDERPRECISION":3,"fid":107}},
{"type":"Feature","geometry":{"type":"Polygon","coordinates":[[[-104.553,45.072],[-104.349,45.21],[-104.698,46.17],[-104.537,47.134],[-103.995,47.636],[-104.596,47.71],[-105.007,47.761],[-105.803,47.858],[-106.189,47.906],[-106.285,47.918],[-107.812,47.194],[-110.162,46.792],[-110.176,46.78],[-111.549,45.507],[-110.963,45.067],[-110.279,44.748],[-109.026,44.49],[-107.75,44.042],[-107.309,43.977],[-107.18,43.958],[-107.035,43.86],[-106.823,43.715],[-105.977,43.312],[-105.436,43.754],[-105.116,44.432],[-104.903,44.714],[-104.553,45.072]]]},"properties":{"NAME":"Crow","SUBJECTO":"Crow","PARTOF":"Crow","ABBREVN":"Crow","BORDERPRECISION":3,"fid":108}},
{"type":"Feature","geometry":{"type":"Polygon","coordinates":[[[-97.479,31.104],[-97.303,31.455],[-96.952,31.941],[-96.828,32.354],[-96.601,32.715],[-96.146,33.325],[-95.764,33.49],[-95.392,33.614],[-95.354,34.014],[-95.351,34.048],[-95.454,35.132],[-96.002,35.194],[-96.776,34.874],[-97.51,34.884],[-98.955,34.998],[-99.451,34.771],[-99.685,33.943],[-99.454,32.239],[-98.398,31.383],[-97.479,31.104]]]},"properties":{"NAME":"Wichita","SUBJECTO":"Wichita","PARTOF":"Wichita","ABBREVN":"Wichita","BORDERPRECISION":3,"fid":109}},
{"type":"Feature","geometry":{"type":"Polygon","coordinates":[[[-82.374,43.047],[-82.465,43.195],[-82.564,43.584],[-82.658,43.84],[-82.748,43.962],[-82.836,44.035],[-82.92,44.057],[-83.118,43.995],[-83.395,43.696],[-83.577,43.551],[-83.724,43.627],[-83.744,43.621],[-83.875,43.685],[-83.917,43.784],[-83.872,43.92],[-83.781,44.003],[-83.646,44.034],[-83.569,44.099],[-83.548,44.199],[-83.487,44.27],[-83.386,44.313],[-83.319,44.429],[-83.286,44.619],[-83.28,44.756],[-83.301,44.841],[-83.348,44.913],[-83.421,44.974],[-83.438,45.023],[-83.398,45.059],[-83.369,45.068],[-83.35,45.051],[-83.322,45.036],[-83.286,45.026],[-83.286,45.036],[-83.268,45.036],[-83.316,45.108],[-83.431,45.275],[-83.636,45.392],[-83.933,45.459],[-84.115,45.528],[-84.182,45.599],[-84.355,45.674],[-84.634,45.751],[-84.692,45.805],[-84.982,45.647],[-84.946,45.45],[-84.996,45.425],[-84.952,45.408],[-85.027,45.367],[-85.189,45.329],[-85.208,45.319],[-85.361,44.832],[-85.469,44.832],[-85.492,44.798],[-85.538,44.751],[-85.564,44.758],[-85.551,44.819],[-85.5,44.934],[-85.505,44.936],[-85.564,44.824],[-85.609,44.789],[-85.638,44.829],[-85.631,44.899],[-85.587,44.998],[-85.578,45.067],[-85.591,45.088],[-85.812,44.963],[-86.139,44.664],[-86.358,44.096],[-86.423,43.601],[-86.139,42.99],[-86.161,42.415],[-85.441,41.672],[-83.745,42.626],[-82.374,43.047]]]},"properties":{"NAME":"Potawatomi","SUBJECTO":"Potawatomi","PARTOF":"Potawatomi","ABBREVN":"Potawatomi","BORDERPRECISION":3,"fid":110}},
{"type":"Feature","geometry":{"type":"Polygon","coordinates":[[[-87.778,38.364],[-87.775,39.36],[-87.745,40.337],[-87.375,41.625],[-87.382,41.638],[-87.477,41.685],[-87.554,41.766],[-87.605,41.877],[-87.682,42.023],[-87.783,42.204],[-87.815,42.416],[-87.777,42.66],[-87.791,42.829],[-88.826,42.942],[-89.105,42.891],[-89.225,42.868],[-89.832,42.676],[-91.041,43.843],[-91.134,43.935],[-91.135,43.934],[-91.816,43.12],[-92.453,42.691],[-91.416,42.172],[-91.411,42.131],[-91.368,42.108],[-91.327,41.536],[-91.683,41.203],[-92.038,40.87],[-92.796,40.337],[-92.837,40.307],[-92.216,40.085],[-91.786,39.286],[-91.626,38.469],[-91.624,38.457],[-90.528,37.939],[-90.807,37.175],[-90.809,37.169],[-89.104,36.948],[-89.092,36.947],[-88.855,37.139],[-88.371,37.087],[-88.432,37.376],[-88.037,37.528],[-87.778,38.364]]]},"properties":{"NAME":"Illinnois","SUBJECTO":"Illinnois","PARTOF":"Illinnois","ABBREVN":"Illinnois","BORDERPRECISION":3,"fid":111}},
{"type":"Feature","geometry":{"type":"Polygon","coordinates":[[[-86.161,42.415],[-86.317,42.116],[-86.918,41.601],[-87.375,41.625],[-87.745,40.337],[-87.763,38.91],[-87.648,38.882],[-87.348,39.154],[-87.004,39.468],[-86.317,40.027],[-85.516,40.399],[-85.172,40.642],[-85.101,40.928],[-85.315,41.286],[-85.441,41.672],[-86.161,42.415]]]},"properties":{"NAME":"Miami","SUBJECTO":"Miami","PARTOF":"Miami","ABBREVN":"Miami","BORDERPRECISION":3,"fid":112}},
{"type":"Feature","geometry":{"type":"Polygon","coordinates":[[[-85.441,41.672],[-85.315,41.286],[-85.101,40.928],[-85.172,40.642],[-84.278,40.707],[-82.965,40.588],[-80.746,40.677],[-79.921,40.419],[-79.145,38.598],[-79.144,38.599],[-78.29,39.086],[-77.842,39.623],[-77.799,39.937],[-78.79,40.66],[-78.134,42.403],[-79.006,42.61],[-79.613,42.365],[-80.073,42.153],[-80.566,41.97],[-80.632,41.951],[-81.174,41.732],[-81.662,41.413],[-82.276,41.441],[-82.368,41.414],[-82.568,41.404],[-82.73,41.452],[-82.845,41.462],[-82.911,41.434],[-82.972,41.428],[-83.027,41.444],[-82.969,41.473],[-82.877,41.496],[-83.422,41.672],[-83.398,41.704],[-83.443,41.702],[-83.45,41.754],[-83.393,41.86],[-83.336,41.921],[-83.281,41.937],[-83.263,41.958],[-83.284,41.985],[-83.264,42.002],[-83.203,42.011],[-83.178,42.03],[-83.187,42.06],[-83.131,42.052],[-82.372,43.044],[-82.374,43.047],[-83.745,42.626],[-85.441,41.672]]]},"properties":{"NAME":"Erie","SUBJECTO":"Erie","PARTOF":"Erie","ABBREVN":"Erie","BORDERPRECISION":3,"fid":113}},
{"type":"Feature","geometry":{"type":"Polygon","coordinates":[[[-87.791,42.829],[-87.792,42.841],[-87.862,42.961],[-87.901,43.077],[-87.908,43.192],[-87.86,43.358],[-87.756,43.575],[-87.707,43.748],[-87.715,43.876],[-87.667,44.003],[-87.564,44.13],[-87.52,44.226],[-87.537,44.292],[-87.487,44.442],[-87.371,44.676],[-87.343,44.818],[-87.403,44.868],[-87.469,44.882],[-87.704,44.711],[-87.718,44.695],[-87.824,44.617],[-87.848,44.606],[-87.856,44.6],[-87.974,44.37],[-87.924,44.35],[-88.136,44.052],[-88.218,43.89],[-89.172,43.026],[-89.105,42.891],[-88.826,42.942],[-87.791,42.829]]]},"properties":{"NAME":"Winebago","SUBJECTO":"Winebago","PARTOF":"Winebago","ABBREVN":"Winebago","BORDERPRECISION":3,"fid":114}},
{"type":"Feature","geometry":{"type":"Polygon","coordinates":[[[-100.71,41.016],[-101.266,41.134],[-103.197,41.607],[-104.164,41.971],[-104.834,42.238],[-105.429,42.901],[-105.977,43.312],[-106.823,43.715],[-106.526,42.122],[-106.252,41.802],[-105.255,41.028],[-105.174,40.929],[-105.088,40.86],[-105.117,40.861],[-104.258,39.822],[-104.162,37.779],[-102.875,37.602],[-102.875,36.38],[-101.684,37.624],[-100.189,38.39],[-99.562,38.535],[-99.518,38.768],[-99.846,39.814],[-100.201,40.47],[-100.71,41.016]]]},"properties":{"NAME":"Arapaho","SUBJECTO":"Arapaho","PARTOF":"Arapaho","ABBREVN":"Arapaho","BORDERPRECISION":3,"fid":115}},
{"type":"Feature","geometry":{"type":"Polygon","coordinates":[[[-99.685,33.943],[-99.451,34.771],[-98.955,34.998],[-97.51,34.884],[-97.406,35.576],[-96.747,36.686],[-96.586,37.248],[-97.052,38.214],[-97.16,38.294],[-97.807,38.777],[-98.635,38.832],[-99.518,38.768],[-99.562,38.535],[-100.189,38.39],[-101.684,37.624],[-101.266,35.946],[-100.548,34.763],[-99.685,33.943]]]},"properties":{"NAME":"Kiowa","SUBJECTO":"Kiowa","PARTOF":"Kiowa","ABBREVN":"Kiowa","BORDERPRECISION":3,"fid":116}},
{"type":"Feature","geometry":{"type":"Polygon","coordinates":[[[-95.468,31.216],[-95.561,31.67],[-95.527,32.008],[-95.226,32.275],[-94.518,32.508],[-94.602,32.665],[-95.002,33.425],[-95.234,33.537],[-95.392,33.614],[-96.146,33.325],[-96.828,32.354],[-96.952,31.941],[-97.303,31.455],[-97.479,31.104],[-97.435,30.956],[-97.75,30.22],[-98.423,29.694],[-97.536,28.691],[-97.527,28.682],[-97.399,28.848],[-95.821,29.645],[-95.776,30.002],[-95.972,30.84],[-96.212,31.165],[-95.468,31.216]]]},"properties":{"NAME":"Tonkawa","SUBJECTO":"Tonkawa","PARTOF":"Tonkawa","ABBREVN":"Tonkawa","BORDERPRECISION":3,"fid":117}},
{"type":"Feature","geometry":{"type":"Polygon","coordinates":[[[-117.852,46.347],[-117.571,46.024],[-117.711,45.636],[-117.395,44.792],[-117.004,44.747],[-116.303,44.714],[-116.124,44.706],[-114.211,45.528],[-114.212,45.528],[-114.205,45.531],[-114.466,45.995],[-114.473,46.369],[-115.057,46.678],[-116.043,46.664],[-116.432,46.8],[-116.627,46.868],[-117.102,46.776],[-117.134,46.77],[-117.317,46.411],[-117.852,46.347]]]},"properties":{"NAME":"Nez Perce","SUBJECTO":"Nez Perce","PARTOF":"Nez Perce","ABBREVN":"Nez Perce","BORDERPRECISION":3,"fid":118}},
{"type":"Feature","geometry":{"type":"Polygon","coordinates":[[[-101.272,46.346],[-100.999,45.551],[-101.143,44.715],[-99.979,44.788],[-100.212,46.354],[-101.272,46.346]]]},"properties":{"NAME":"Arikara","SUBJECTO":"Arikara","PARTOF":"Arikara","ABBREVN":"Arikara","BORDERPRECISION":3,"fid":119}},
{"type":"Feature","geometry":{"type":"Polygon","coordinates":[[[-117.316,48.925],[-117.991,48.365],[-117.891,48.284],[-117.414,47.896],[-117.358,47.896],[-116.282,47.885],[-116.146,47.829],[-115.253,47.462],[-115.602,48.291],[-115.626,48.298],[-115.794,48.346],[-115.987,48.401],[-116.979,48.685],[-117.286,48.903],[-117.316,48.925]]]},"properties":{"NAME":"Kalispel","SUBJECTO":"Kalispel","PARTOF":"Kalispel","ABBREVN":"Kalispel","BORDERPRECISION":3,"fid":120}},
{"type":"Feature","geometry":{"type":"Polygon","coordinates":[[[-121.381,47.014],[-121.391,47.016],[-121.511,46.748],[-120.597,45.713],[-120.588,45.715],[-120.175,45.795],[-118.951,46.033],[-119.048,46.748],[-120.071,46.944],[-120.357,46.999],[-120.414,46.958],[-120.602,46.822],[-121.381,47.014]]]},"properties":{"NAME":"Yakima","SUBJECTO":"Yakima","PARTOF":"Yakima","ABBREVN":"Yakima","BORDERPRECISION":3,"fid":121}},
{"type":"Feature","geometry":{"type":"Polygon","coordinates":[[[-87.514,46.689],[-88.667,46.134],[-87.867,44.885],[-87.787,44.944],[-87.681,44.968],[-87.64,45.005],[-87.62,45.025],[-87.607,45.107],[-87.465,45.29],[-87.195,45.57],[-87.038,45.761],[-86.995,45.864],[-86.972,45.853],[-86.969,45.729],[-86.96,45.716],[-86.814,45.868],[-85.554,46.06],[-85.551,46.062],[-85.53,46.063],[-85.367,46.088],[-85.043,46.1],[-84.692,45.986],[-84.633,46.029],[-84.563,45.988],[-84.442,45.97],[-83.917,45.997],[-83.934,46.039],[-83.927,46.087],[-83.895,46.134],[-83.863,46.151],[-83.83,46.137],[-83.807,46.172],[-83.794,46.257],[-83.742,46.26],[-84.22,46.505],[-84.562,46.536],[-84.564,46.523],[-84.492,46.475],[-84.6,46.46],[-84.888,46.477],[-85.015,46.558],[-84.982,46.701],[-85.1,46.749],[-85.37,46.7],[-85.668,46.675],[-85.752,46.674],[-86.284,46.602],[-86.522,46.475],[-86.734,46.441],[-86.915,46.503],[-87.094,46.527],[-87.273,46.512],[-87.419,46.574],[-87.514,46.689]]]},"properties":{"NAME":"Menomini","SUBJECTO":"Menomini","PARTOF":"Menomini","ABBREVN":"Menomini","BORDERPRECISION":3,"fid":122}},
{"type":"Feature","geometry":{"type":"Polygon","coordinates":[[[-97.967,42.718],[-97.272,42.903],[-96.345,42.475],[-96.098,41.937],[-95.753,41.97],[-95.735,41.972],[-94.657,42.094],[-94.353,42.278],[-94.109,42.427],[-94.026,42.629],[-93.994,43.251],[-94.666,43.784],[-94.585,44.212],[-95.813,44.513],[-95.826,44.512],[-97.283,44.397],[-99.655,44.516],[-99.82,44.525],[-99.862,44.328],[-99.889,44.2],[-99.449,43.992],[-98.012,42.757],[-97.967,42.718]]]},"properties":{"NAME":"Yankton","SUBJECTO":"Yankton","PARTOF":"Yankton","ABBREVN":"Yankton","BORDERPRECISION":3,"fid":123}},
{"type":"Feature","geometry":{"type":"MultiPolygon","coordinates":[[[[-61.687,17.024],[-61.683,17.027],[-61.668,17.041],[-61.666,17.046],[-61.669,17.085],[-61.67,17.09],[-61.674,17.094],[-61.744,17.137],[-61.784,17.158],[-61.794,17.163],[-61.826,17.167],[-61.833,17.164],[-61.884,17.11],[-61.887,17.105],[-61.891,17.094],[-61.887,17.033],[-61.886,17.028],[-61.884,17.024],[-61.881,17.02],[-61.876,17.017],[-61.829,16.997],[-61.738,16.99],[-61.687,17.024]]],[[[-61.729,17.609],[-61.732,17.625],[-61.738,17.645],[-61.74,17.649],[-61.743,17.653],[-61.784,17.697],[-61.787,17.701],[-61.839,17.725],[-61.846,17.725],[-61.85,17.723],[-61.873,17.704],[-61.875,17.699],[-61.874,17.689],[-61.857,17.592],[-61.853,17.583],[-61.848,17.581],[-61.843,17.583],[-61.839,17.587],[-61.835,17.589],[-61.816,17.584],[-61.752,17.549],[-61.739,17.541],[-61.733,17.541],[-61.731,17.547],[-61.729,17.609]]]]},"properties":{"BORDERPRECISION":3,"fid":124}},
{"type":"Feature","geometry":{"type":"MultiPolygon","coordinates":[[[[-14.51,28.05],[-13.881,28.199],[-13.784,28.879],[-13.421,29.091],[-13.518,29.428],[-13.808,29.049],[-14.147,28.391],[-14.51,28.05]]],[[[-15.574,28.178],[-15.913,27.901],[-15.574,27.729],[-15.211,27.901],[-15.405,28.199],[-15.574,28.178]]],[[[-17.291,28.285],[-17.34,28.029],[-16.638,28.05],[-16.227,28.37],[-16.082,28.54],[-16.88,28.327],[-17.291,28.285]]]]},"properties":{"NAME":"Guanches","SUBJECTO":"Guanches","PARTOF":"Guanches","ABBREVN":"Guanches","BORDERPRECISION":3,"fid":125}},
{"type":"Feature","geometry":{"type":"Polygon","coordinates":[[[-96.146,33.325],[-95.392,33.614],[-95.764,33.49],[-96.146,33.325]]]},"properties":{"BORDERPRECISION":3,"fid":127}},
{"type":"Feature","geometry":{"type":"Polygon","coordinates":[[[-96.828,32.354],[-96.146,33.325],[-96.601,32.715],[-96.828,32.354]]]},"properties":{"BORDERPRECISION":3,"fid":128}},
{"type":"Feature","geometry":{"type":"Polygon","coordinates":[[[-101.267,41.141],[-101.266,41.134],[-100.71,41.016],[-101.267,41.141]]]},"properties":{"BORDERPRECISION":3,"fid":130}},
{"type":"Feature","geometry":{"type":"Polygon","coordinates":[[[-127.212,50.004],[-126.961,50.057],[-126.522,49.822],[-126.665,49.69],[-126.563,49.572],[-126.233,49.534],[-126.112,49.527],[-125.892,49.377],[-125.967,49.174],[-125.78,49.089],[-125.645,49.056],[-125.46,49.168],[-124.999,49.169],[-125.169,48.959],[-125.196,48.874],[-125.098,48.795],[-124.493,48.6],[-123.902,48.471],[-123.719,48.477],[-123.593,48.635],[-123.645,48.818],[-123.861,49.158],[-124.004,49.249],[-124.718,49.491],[-124.881,49.576],[-125.076,49.765],[-125.267,50.054],[-125.545,50.291],[-125.719,50.409],[-126.516,50.5],[-126.957,50.592],[-127.848,50.861],[-128,50.881],[-128.433,50.827],[-128.442,50.774],[-128.343,50.668],[-127.769,50.28],[-127.385,50.05],[-127.212,50.004]]]},"properties":{"BORDERPRECISION":3,"fid":131}},
{"type":"Feature","geometry":{"type":"Polygon","coordinates":[[[-98.304,69.391],[-98.477,69.308],[-99.171,69.125],[-99.365,68.974],[-98.878,68.885],[-98.606,68.863],[-98.168,68.781],[-97.606,68.64],[-97.209,68.61],[-96.794,68.529],[-96.473,68.514],[-96.213,68.537],[-95.644,68.756],[-95.515,68.809],[-96.007,69.041],[-96.149,69.169],[-96.182,69.297],[-96.761,69.477],[-97.407,69.749],[-97.742,69.832],[-98.115,69.801],[-98.253,69.694],[-98.304,69.391]]]},"properties":{"BORDERPRECISION":3,"fid":132}},
{"type":"Feature","geometry":{"type":"Polygon","coordinates":[[[-84.087,63.672],[-83.496,63.744],[-83.439,63.787],[-83.517,64.052],[-83.426,64.174],[-83.189,64.182],[-82.731,64.075],[-82.493,63.939],[-82.198,63.69],[-82.001,63.633],[-81.403,63.577],[-81.123,63.52],[-80.696,63.5],[-80.489,63.621],[-80.368,63.679],[-80.179,63.722],[-80.638,63.914],[-80.953,63.978],[-81.373,63.999],[-81.63,63.97],[-81.872,63.991],[-81.831,64.407],[-81.911,64.522],[-82.11,64.644],[-83.085,64.865],[-83.347,64.98],[-83.76,65.211],[-84.122,65.341],[-84.424,65.392],[-84.605,65.181],[-84.842,65.202],[-85.198,65.376],[-85.058,65.609],[-85.558,65.864],[-85.707,65.652],[-85.821,65.36],[-86.016,65.105],[-86.195,64.73],[-86.243,64.542],[-86.197,64.356],[-86.061,64.141],[-86.801,63.888],[-87.053,63.752],[-87.101,63.545],[-86.032,63.675],[-85.601,63.748],[-85.432,63.598],[-85.463,63.206],[-85.157,63.185],[-84.655,63.314],[-84.39,63.45],[-84.087,63.672]]]},"properties":{"BORDERPRECISION":3,"fid":133}},
{"type":"Feature","geometry":{"type":"Polygon","coordinates":[[[-77.065,67.329],[-76.863,67.262],[-76.269,67.249],[-75.77,67.302],[-75.309,67.458],[-75.146,67.577],[-75.129,67.904],[-75.12,68.113],[-75.475,68.254],[-75.885,68.343],[-76.496,68.267],[-76.794,68.147],[-77.112,67.848],[-77.248,67.655],[-77.17,67.44],[-77.065,67.329]]]},"properties":{"BORDERPRECISION":3,"fid":134}},
{"type":"Feature","geometry":{"type":"Polygon","coordinates":[[[-94.974,74.104],[-95.069,74.064],[-94.985,73.936],[-94.798,73.816],[-94.758,73.744],[-95.323,73.759],[-95.493,73.614],[-95.615,73.319],[-95.641,73.144],[-95.548,72.882],[-95.124,72.519],[-95.058,72.283],[-94.542,72.19],[-94.109,72.222],[-93.724,72.388],[-93.639,72.53],[-94.266,72.853],[-93.695,72.878],[-92.624,72.808],[-92.001,72.841],[-91.32,73.255],[-90,73.591],[-90,73.784],[-90,73.864],[-90,73.904],[-90,74],[-91.051,74.047],[-91.524,74.055],[-92.116,73.989],[-92.693,74.012],[-93.352,74.124],[-93.899,74.163],[-94.868,74.137],[-94.974,74.104]]]},"properties":{"BORDERPRECISION":3,"fid":135}},
{"type":"Feature","geometry":{"type":"Polygon","coordinates":[[[-82.936,74.684],[-82.754,74.628],[-82.373,74.555],[-82.027,74.532],[-81.735,74.573],[-81.468,74.581],[-80.349,74.616],[-80.56,74.916],[-80.5,75.03],[-79.675,75.213],[-79.495,75.28],[-79.577,75.396],[-79.739,75.47],[-79.834,75.487],[-80.128,75.544],[-80.766,75.61],[-81.176,75.717],[-81.532,75.859],[-81.703,75.875],[-82.869,75.881],[-83.559,75.905],[-84.437,75.795],[-85.203,75.743],[-85.83,75.617],[-86.179,75.408],[-86.618,75.432],[-86.917,75.548],[-87.293,75.656],[-87.638,75.705],[-88.035,75.621],[-88.519,75.62],[-88.647,75.595],[-88.667,75.453],[-88.763,75.42],[-89.042,75.461],[-89.369,75.652],[-89.594,75.86],[-89.802,75.918],[-90,75.968],[-90,75.967],[-90,75.95],[-91.156,75.974],[-90,76.185],[-90,76.261],[-90,76.282],[-90,76.288],[-89.812,76.373],[-90,76.455],[-90,76.473],[-90,76.591],[-91.135,76.633],[-92.247,76.622],[-92.799,76.587],[-93.085,76.527],[-93.064,76.375],[-92.786,76.24],[-92.224,75.947],[-92.093,75.805],[-92.101,75.638],[-92.366,75.421],[-92.166,75.099],[-91.867,74.789],[-91.358,74.757],[-91.054,74.977],[-90,74.718],[-90,74.642],[-90,74.63],[-89.698,74.615],[-89.269,74.705],[-89.122,74.851],[-88.947,74.932],[-88.39,74.99],[-88.326,74.682],[-88.144,74.569],[-87.49,74.538],[-87.116,74.571],[-86.306,74.621],[-86.212,74.816],[-85.989,74.808],[-85.722,74.719],[-85.118,74.623],[-84.896,74.624],[-84.568,74.616],[-84.159,74.665],[-83.822,74.642],[-83.581,74.699],[-83.614,75.024],[-83.449,75.082],[-83.074,74.984],[-82.936,74.684]]]},"properties":{"BORDERPRECISION":3,"fid":136}},
{"type":"Feature","geometry":{"type":"Polygon","coordinates":[[[-93.82,76.483],[-93.875,76.627],[-93.795,76.738],[-94.195,76.899],[-94.272,76.899],[-94.934,76.923],[-95.629,77.042],[-96.723,77.022],[-96.809,76.92],[-96.277,76.733],[-95.873,76.513],[-95.724,76.471],[-95.533,76.497],[-94.507,76.423],[-93.938,76.398],[-93.82,76.483]]]},"properties":{"BORDERPRECISION":3,"fid":137}},
{"type":"Feature","geometry":{"type":"Polygon","coordinates":[[[-98.159,75.444],[-98.152,75.602],[-97.778,75.752],[-97.667,75.861],[-97.651,76.138],[-97.817,76.476],[-97.964,76.552],[-98.286,76.627],[-98.615,76.678],[-98.83,76.618],[-98.903,76.414],[-99.024,76.423],[-99.282,76.498],[-99.747,76.616],[-100.067,76.675],[-100.498,76.649],[-100.694,76.606],[-100.511,76.445],[-100.344,76.386],[-99.912,76.168],[-99.867,76.059],[-100.074,76.016],[-100.265,76.1],[-101.14,76.436],[-101.526,76.536],[-101.746,76.544],[-101.806,76.443],[-101.885,76.333],[-101.675,76.064],[-101.94,76.038],[-102.183,75.928],[-102.516,75.919],[-102.534,75.769],[-102.15,75.644],[-102.001,75.653],[-101.578,75.687],[-100.619,75.789],[-100.097,75.765],[-99.896,75.615],[-99.936,75.54],[-100.13,75.49],[-100.474,75.315],[-100.387,75.182],[-99.944,75.084],[-99.294,75.085],[-98.906,75.136],[-98.164,75.096],[-98.002,75.162],[-98.159,75.444]]]},"properties":{"BORDERPRECISION":3,"fid":138}},
{"type":"Feature","geometry":{"type":"Polygon","coordinates":[[[-120.454,75.952],[-120.1,75.978],[-119.783,76.138],[-119.655,76.307],[-119.387,76.375],[-119.103,76.656],[-118.839,76.81],[-118.736,76.938],[-118.565,76.947],[-118.253,76.879],[-117.863,76.438],[-117.413,76.43],[-117,76.728],[-116.589,76.78],[-116.24,76.78],[-116.451,76.993],[-116.505,77.113],[-116.406,77.234],[-116.023,77.337],[-115.682,77.381],[-116.359,77.578],[-116.826,77.543],[-117.226,77.413],[-117.982,77.42],[-119.121,77.349],[-119.696,77.313],[-120.183,77.209],[-120.43,77.054],[-120.756,76.977],[-121.138,76.882],[-121.578,76.702],[-121.924,76.642],[-122.151,76.582],[-122.659,76.539],[-122.763,76.42],[-122.636,76.276],[-122.282,76.151],[-121.711,76.177],[-121.459,76.27],[-121.311,76.296],[-121.12,76.245],[-120.692,76.036],[-120.454,75.952]]]},"properties":{"BORDERPRECISION":3,"fid":139}},
{"type":"Feature","geometry":{"type":"Polygon","coordinates":[[[-110.62,77.537],[-110.369,77.659],[-109.661,77.95],[-110.71,78.023],[-110.933,78.023],[-111.991,77.977],[-112.396,78.003],[-113.01,77.923],[-113.16,77.792],[-113.024,77.602],[-112.764,77.551],[-111.91,77.483],[-111.452,77.519],[-110.62,77.537]]]},"properties":{"BORDERPRECISION":3,"fid":140}},
{"type":"Feature","geometry":{"type":"Polygon","coordinates":[[[-102.564,78.31],[-101.168,78.269],[-100.888,78.182],[-100.471,77.895],[-100.2,77.817],[-99.68,77.792],[-99.266,77.854],[-99.049,77.941],[-99.125,78.133],[-99.386,78.334],[-99.892,78.658],[-100.163,78.772],[-100.693,78.878],[-101.679,78.929],[-102.569,79.016],[-103.018,79.22],[-103.365,79.389],[-104.441,79.459],[-105.452,79.403],[-105.481,79.224],[-104.855,79.136],[-104.371,79.102],[-104.11,79.058],[-103.505,78.837],[-103.392,78.713],[-103.378,78.607],[-103.768,78.598],[-104.527,78.702],[-104.888,78.702],[-105.039,78.639],[-104.966,78.534],[-104.508,78.368],[-104.162,78.298],[-103.512,78.273],[-103.232,78.274],[-102.564,78.31]]]},"properties":{"BORDERPRECISION":3,"fid":141}},
{"type":"Feature","geometry":{"type":"Polygon","coordinates":[[[-95.118,78.28],[-95.097,78.438],[-96.492,78.682],[-97.31,78.822],[-98.343,78.803],[-98.451,78.758],[-98.437,78.661],[-97.923,78.319],[-97.46,78.101],[-97.087,78.015],[-96.602,77.998],[-96.132,78.034],[-95.429,78.114],[-95.233,78.132],[-95.118,78.28]]]},"properties":{"BORDERPRECISION":3,"fid":142}},
{"type":"Feature","geometry":{"type":"Polygon","coordinates":[[[-76.382,83.152],[-76.607,83.04],[-76.234,82.909],[-75.802,82.68],[-75.925,82.517],[-76.084,82.539],[-76.62,82.744],[-77.074,82.863],[-77.949,82.949],[-78.698,83.003],[-79.771,82.912],[-80.415,82.867],[-80.91,82.756],[-81.523,82.689],[-81.654,82.58],[-81.287,82.387],[-80.535,82.229],[-79.891,82.04],[-80.092,81.966],[-80.75,82.038],[-81.391,82.079],[-82.57,82.225],[-83.723,82.286],[-84.058,82.285],[-84.947,82.379],[-85.738,82.335],[-86.324,82.206],[-86.503,82.036],[-86.682,81.994],[-87.453,82.14],[-88.071,82.128],[-88.64,82.074],[-90,82.017],[-90,82.007],[-90,81.974],[-91.219,81.837],[-91.08,81.538],[-90,81.451],[-90,81.444],[-90,81.443],[-89.559,81.418],[-89.245,81.239],[-89.193,81.096],[-89.497,81.086],[-89.675,81.026],[-89.419,80.913],[-89.236,80.864],[-88.322,81.166],[-86.437,81.393],[-85.811,81.395],[-85.192,81.324],[-84.92,81.213],[-84.923,81.122],[-85.364,80.991],[-85.504,80.618],[-84.793,80.782],[-83.821,80.775],[-83.577,80.845],[-83.48,80.895],[-82.791,80.697],[-82.527,80.728],[-81.876,80.749],[-81.234,80.839],[-80.647,80.911],[-80.088,81.022],[-78.962,81.034],[-78.321,80.965],[-77.521,80.75],[-78.157,80.727],[-78.678,80.676],[-79.597,80.645],[-80.285,80.545],[-81.064,80.533],[-81.719,80.385],[-82.263,80.051],[-81.356,79.908],[-80.732,79.659],[-81.106,79.701],[-81.758,79.682],[-82.899,80.035],[-83.618,80.207],[-84.527,80.234],[-85.384,80.232],[-86.17,80.279],[-86.311,80.23],[-86.322,80.114],[-85.693,79.719],[-85.51,79.828],[-83.911,79.257],[-83.127,79.116],[-81.597,78.755],[-82.107,78.736],[-82.326,78.665],[-82.929,78.717],[-83.84,78.857],[-84.456,78.891],[-84.98,78.908],[-85.807,78.906],[-86.304,78.834],[-86.825,78.586],[-86.917,78.245],[-86.633,78.297],[-86.51,78.297],[-85.626,78.229],[-84.843,78.16],[-84.939,78.09],[-84.868,77.708],[-84.407,77.631],[-83.049,77.631],[-83.28,77.495],[-83.319,77.374],[-83.692,77.313],[-84.442,77.303],[-84.93,77.345],[-85.538,77.49],[-86.036,77.723],[-86.436,77.817],[-87.22,77.859],[-87.812,77.876],[-88.028,77.823],[-88.051,77.754],[-87.582,77.461],[-87.099,77.281],[-87.323,77.203],[-87.854,77.219],[-88.286,77.141],[-88.561,77.029],[-89.247,76.977],[-89.346,76.874],[-89.418,76.61],[-88.589,76.468],[-88.31,76.536],[-88.183,76.74],[-87.895,76.681],[-87.273,76.504],[-86.835,76.471],[-85.811,76.456],[-85.037,76.407],[-84.668,76.467],[-84.559,76.543],[-84.796,76.866],[-84.622,76.892],[-84.157,76.68],[-83.763,76.536],[-83.088,76.478],[-82.424,76.471],[-82.572,76.7],[-82.572,76.776],[-81.918,76.633],[-81.634,76.634],[-81.382,76.651],[-81.024,76.364],[-80.814,76.238],[-80.312,76.272],[-79.837,76.375],[-79.42,76.426],[-78.212,76.547],[-77.804,76.726],[-77.824,76.888],[-78.121,77.041],[-79.022,77.056],[-79.712,77.132],[-80.503,77.19],[-81.473,77.24],[-81.638,77.265],[-82.102,77.316],[-81.554,77.541],[-81.1,77.577],[-80.457,77.474],[-79.539,77.424],[-78.855,77.374],[-78.511,77.443],[-78.219,77.573],[-78.182,77.677],[-78.367,78.033],[-78.177,78.068],[-77.407,77.991],[-77.017,77.974],[-76.291,78.011],[-76.143,78.072],[-76.485,78.184],[-76.618,78.298],[-76.438,78.377],[-76.236,78.352],[-75.753,78.361],[-75.521,78.678],[-75.057,78.732],[-74.909,78.821],[-74.963,79.122],[-75.214,79.193],[-76.254,79.325],[-76.733,79.333],[-77.299,79.286],[-77.239,79.583],[-76.335,79.611],[-75.174,79.515],[-74.693,79.525],[-74.109,79.535],[-73.674,79.518],[-73.376,79.581],[-74.542,79.894],[-74.245,80.043],[-73.172,79.969],[-72.514,79.871],[-71.8,79.854],[-71.454,79.846],[-70.421,80.05],[-70.219,80.137],[-70.511,80.545],[-69.497,80.547],[-69.082,80.676],[-68.546,80.836],[-67.954,80.937],[-67.01,81.17],[-66.482,81.303],[-65.861,81.396],[-65.3,81.458],[-65.224,81.51],[-65.588,81.705],[-65.943,81.715],[-66.711,81.589],[-67.174,81.567],[-67.516,81.587],[-67.854,81.752],[-67.585,81.961],[-66.724,82.037],[-66.375,82.101],[-65.347,82.103],[-64.36,82.031],[-63.921,82.011],[-63.089,82.097],[-62.546,82.257],[-61.989,82.312],[-61.816,82.473],[-62.427,82.634],[-63.185,82.654],[-63.52,82.696],[-64.01,82.782],[-64.649,82.825],[-64.705,82.825],[-65.046,82.879],[-65.481,82.9],[-66.825,82.908],[-67.696,82.873],[-68.923,83.002],[-70.584,83.176],[-71.068,83.142],[-70.919,82.932],[-70.9,82.811],[-71.178,82.81],[-71.552,82.963],[-71.926,83.084],[-72.56,83.105],[-73.361,83.103],[-73.226,82.861],[-73.253,82.773],[-73.424,82.783],[-74.161,82.991],[-74.905,83.022],[-75.729,83.098],[-76.382,83.152]]]},"properties":{"BORDERPRECISION":3,"fid":143}},
{"type":"Feature","geometry":{"type":"Polygon","coordinates":[[[-90,78.263],[-90,78.281],[-90,78.303],[-90,78.334],[-90,78.624],[-89.61,78.484],[-89.121,78.344],[-88.945,78.362],[-88.759,78.451],[-88.746,78.556],[-88.956,78.75],[-88.661,78.901],[-87.989,78.716],[-87.787,78.725],[-87.668,78.867],[-87.539,78.956],[-87.165,79.126],[-86.446,79.225],[-85.759,79.378],[-85.253,79.259],[-85.994,79.486],[-86.568,79.453],[-86.997,79.445],[-87.341,79.644],[-87.366,80.016],[-87.336,80.093],[-87.504,80.228],[-87.827,80.373],[-88.15,80.46],[-88.348,80.411],[-88.373,80.226],[-88.336,80.12],[-88.85,80.138],[-89.042,80.167],[-89.272,80.389],[-89.425,80.615],[-89.799,80.703],[-90,80.659],[-90,80.642],[-91.016,80.75],[-91.31,80.868],[-92.025,81.259],[-92.398,81.35],[-92.822,81.38],[-93.435,81.44],[-93.203,81.226],[-93.269,81.145],[-93.532,81.124],[-94.04,81.164],[-94.586,81.082],[-95.06,81.031],[-94.25,80.674],[-94.321,80.575],[-94.735,80.594],[-95.081,80.583],[-95.409,80.524],[-95.58,80.386],[-95.24,80.228],[-94.675,80.117],[-95.7,80.037],[-96.587,80.093],[-96.433,79.933],[-95.792,79.718],[-95.312,79.485],[-95.039,79.396],[-94.586,79.406],[-94.317,79.487],[-93.674,79.479],[-93.178,79.534],[-91.819,79.438],[-90,79.126],[-91.409,79.171],[-91.808,79.215],[-93.303,79.256],[-94.189,79.148],[-94.103,79.023],[-92.702,78.434],[-92.479,78.443],[-92.08,78.374],[-91.424,78.305],[-90,78.263]]]},"properties":{"BORDERPRECISION":3,"fid":144}},
{"type":"Feature","geometry":{"type":"Polygon","coordinates":[[[-105.01,72.045],[-105.24,72.335],[-105.313,72.65],[-105.447,72.792],[-105.609,72.871],[-106.523,73.195],[-107.322,73.265],[-108.182,73.383],[-108.284,73.223],[-108.087,72.629],[-107.527,72.016],[-107.59,71.899],[-108.061,71.757],[-108.348,71.913],[-108.782,72.391],[-108.87,72.62],[-108.986,72.73],[-109.29,72.84],[-109.834,72.95],[-110.455,73.013],[-110.525,72.997],[-110.079,72.562],[-110.23,72.53],[-110.571,72.538],[-110.84,72.474],[-111.197,72.371],[-111.494,72.363],[-111.726,72.331],[-111.641,72.725],[-112.063,72.843],[-112.839,72.953],[-113.241,72.944],[-113.753,72.698],[-114.104,72.642],[-114.473,72.625],[-114.463,72.989],[-114.216,73.149],[-114.185,73.244],[-114.647,73.355],[-115.148,73.314],[-115.463,73.194],[-116.059,73.121],[-116.643,73.001],[-116.81,72.921],[-117.22,72.857],[-118.399,72.476],[-118.986,72.034],[-118.968,71.909],[-118.649,71.8],[-118.338,71.824],[-118.045,71.738],[-117.74,71.583],[-117.491,71.498],[-117.314,71.475],[-116.604,71.546],[-115.693,71.579],[-115.517,71.423],[-115.742,71.299],[-116.161,71.251],[-116.962,71.188],[-117.41,71.202],[-118.002,71.108],[-118.373,71.084],[-118.499,71.053],[-118.503,70.96],[-117.761,70.722],[-117.489,70.722],[-117.059,70.746],[-116.297,70.771],[-115.59,70.764],[-113.764,70.737],[-112.89,70.646],[-111.85,70.425],[-111.544,70.325],[-111.731,70.256],[-112.501,70.239],[-112.991,70.238],[-113.954,70.259],[-114.374,70.259],[-115.147,70.273],[-115.554,70.233],[-115.963,70.225],[-116.214,70.232],[-116.486,70.147],[-117.193,70.123],[-117.432,70.023],[-117.568,69.992],[-116.995,69.743],[-116.656,69.516],[-116.296,69.426],[-115.907,69.351],[-115.341,69.299],[-113.925,69.249],[-113.717,69.204],[-113.539,69.114],[-113.54,68.978],[-113.629,68.933],[-113.602,68.722],[-113.152,68.596],[-112.74,68.589],[-112.522,68.634],[-111.629,68.606],[-111.087,68.644],[-110.448,68.653],[-109.209,68.813],[-108.646,69.002],[-108.011,69.049],[-107.536,69.057],[-107.035,69.284],[-106.854,69.451],[-106.592,69.497],[-106.375,69.482],[-106.179,69.331],[-105.93,69.234],[-104.905,69.009],[-104.188,68.898],[-103.65,68.861],[-103.178,68.855],[-102.54,68.908],[-102.278,68.954],[-102.045,69.067],[-101.808,69.136],[-101.804,69.241],[-102.198,69.482],[-102.502,69.429],[-102.778,69.36],[-103.268,69.329],[-103.361,69.639],[-103.246,69.692],[-102.787,69.708],[-102.488,69.8],[-102.24,69.876],[-101.814,69.771],[-101.449,69.665],[-100.967,69.628],[-100.891,69.674],[-101.055,70.031],[-101.511,70.206],[-102.436,70.465],[-103.116,70.51],[-103.634,70.625],[-103.864,70.701],[-104.494,70.994],[-104.595,71.048],[-104.675,71.187],[-104.525,71.46],[-104.445,71.569],[-104.467,71.655],[-104.852,71.927],[-105.01,72.045]]]},"properties":{"BORDERPRECISION":3,"fid":145}},
{"type":"Feature","geometry":{"type":"Polygon","coordinates":[[[-97.343,73.611],[-97.082,73.667],[-96.937,73.788],[-97.347,73.891],[-97.957,73.922],[-98.511,73.865],[-98.707,73.752],[-98.968,73.728],[-99.219,73.743],[-99.668,73.919],[-99.857,73.919],[-100.177,73.822],[-100.934,73.86],[-100.994,73.812],[-100.914,73.708],[-100.433,73.517],[-99.955,73.263],[-99.963,73.167],[-100.15,73.151],[-100.558,72.873],[-100.835,72.745],[-101.042,72.769],[-101.521,72.871],[-101.985,73.084],[-102.279,73.147],[-102.669,72.853],[-101.654,72.373],[-101.406,72.295],[-100.759,72.241],[-100.319,72.14],[-99.863,71.929],[-99.434,71.641],[-98.939,71.392],[-98.718,71.354],[-98.372,71.37],[-98.004,71.55],[-98.478,71.799],[-98.484,71.892],[-98.19,71.846],[-97.842,71.69],[-97.58,71.644],[-97.284,71.652],[-97.055,71.715],[-96.85,71.88],[-96.728,72.186],[-96.657,72.343],[-96.351,72.501],[-96.435,72.698],[-96.689,72.817],[-96.864,72.824],[-97.255,72.934],[-97.74,73.013],[-98.052,72.972],[-98.28,73.02],[-98.394,73.131],[-98.363,73.218],[-98.186,73.29],[-97.489,73.459],[-97.343,73.611]]]},"properties":{"BORDERPRECISION":3,"fid":146}},
{"type":"Feature","geometry":{"type":"Polygon","coordinates":[[[-121.016,74.524],[-121.239,74.58],[-121.798,74.547],[-122.375,74.481],[-123.057,74.439],[-123.493,74.446],[-124.148,74.469],[-124.518,74.444],[-124.909,74.444],[-124.74,74.242],[-124.187,73.937],[-124.065,73.865],[-124.01,73.721],[-124.247,73.457],[-124.744,73.216],[-124.882,73.049],[-125.093,72.969],[-125.341,72.969],[-125.145,72.605],[-125.181,72.431],[-125.397,72.336],[-125.662,72.202],[-125.904,72.155],[-125.828,72.076],[-125.617,71.99],[-125.189,71.928],[-124.577,71.898],[-124.072,71.735],[-123.878,71.618],[-123.63,71.408],[-123.468,71.199],[-122.991,71.153],[-122.574,71.146],[-122.17,71.287],[-121.936,71.505],[-121.39,71.475],[-120.843,71.53],[-120.546,71.656],[-120.424,71.883],[-120.454,72.299],[-120.015,72.354],[-119.768,72.394],[-119.307,72.648],[-118.585,72.974],[-118.104,73.118],[-117.281,73.31],[-116.798,73.375],[-116.074,73.52],[-115.957,73.552],[-115.763,73.568],[-115.654,73.633],[-116.729,73.999],[-117.336,74.167],[-117.683,74.199],[-118.233,74.206],[-118.826,74.148],[-119.144,74.124],[-119.557,74.163],[-121.016,74.524]]]},"properties":{"BORDERPRECISION":3,"fid":147}},
{"type":"Feature","geometry":{"type":"Polygon","coordinates":[[[-108.163,76.009],[-108.396,76.303],[-108.389,76.489],[-108.737,76.795],[-108.965,76.871],[-109.458,76.819],[-109.715,76.75],[-109.951,76.58],[-110.382,76.435],[-109.776,76.275],[-109.353,76.099],[-109.103,75.848],[-109.144,75.714],[-109.646,75.638],[-109.912,75.629],[-110.55,75.67],[-110.982,75.644],[-111.386,75.66],[-111.843,75.818],[-112.574,76.161],[-112.851,76.227],[-113.549,76.133],[-113.845,76.217],[-114.138,76.385],[-114.372,76.47],[-114.948,76.443],[-115.377,76.383],[-115.802,76.34],[-116.07,76.264],[-116.296,76.238],[-116.15,75.935],[-115.15,75.757],[-115.582,75.685],[-116.504,75.675],[-116.998,75.649],[-117.386,75.457],[-117.397,75.407],[-117.012,75.258],[-116.572,75.201],[-116.158,75.235],[-115.942,75.31],[-115.186,75.154],[-114.828,75.196],[-114.247,75.214],[-113.515,75.29],[-112.811,75.416],[-112.395,75.392],[-111.15,75.353],[-111.367,75.104],[-111.858,75.037],[-112.137,75.044],[-112.662,75.019],[-113.045,74.985],[-113.377,74.919],[-113.926,74.902],[-114.217,74.845],[-114.093,74.674],[-113.443,74.546],[-113.106,74.514],[-112.203,74.5],[-111.601,74.59],[-110.869,74.721],[-110.43,74.835],[-110.088,74.917],[-109.578,75.008],[-109.07,75.133],[-108.79,75.125],[-108,75.044],[-107.48,75.012],[-106.723,75.055],[-106.371,75.055],[-106.031,75.106],[-105.773,75.23],[-105.612,75.438],[-105.629,75.662],[-105.498,75.847],[-105.917,76.022],[-106.59,76.13],[-106.774,76.096],[-106.842,75.97],[-106.691,75.761],[-107.504,75.943],[-107.909,75.959],[-108.163,76.009]]]},"properties":{"BORDERPRECISION":3,"fid":148}},
{"type":"Feature","geometry":{"type":"MultiPolygon","coordinates":[[[[-61.025,45.67],[-60.814,45.644],[-60.507,45.664],[-59.997,45.854],[-59.887,45.925],[-59.807,46.081],[-60.03,46.289],[-60.169,46.314],[-60.446,46.171],[-60.636,46.008],[-60.761,45.891],[-60.837,45.878],[-61.072,45.988],[-60.963,46.189],[-60.702,46.333],[-60.584,46.385],[-60.479,46.535],[-60.428,46.743],[-60.26,46.938],[-60.627,47.133],[-61.047,46.664],[-61.381,46.331],[-61.409,46.046],[-61.248,45.793],[-61.025,45.67]]],[[[-53.115,48.524],[-53.124,48.596],[-53.249,48.648],[-53.458,48.589],[-53.645,48.516],[-53.763,48.523],[-53.977,48.686],[-54.13,48.836],[-53.811,49.046],[-53.643,49.151],[-53.509,49.282],[-53.786,49.386],[-54.158,49.477],[-54.481,49.503],[-54.62,49.476],[-54.766,49.293],[-55.107,49.279],[-55.748,49.533],[-55.851,49.566],[-55.968,49.657],[-55.565,49.966],[-56.067,50.103],[-56.273,50.017],[-56.49,49.768],[-56.683,49.688],[-56.733,49.688],[-56.784,49.819],[-56.662,50.056],[-56.11,50.703],[-55.77,51.054],[-55.927,51.252],[-55.818,51.312],[-55.557,51.326],[-55.422,51.425],[-55.472,51.524],[-55.561,51.557],[-56.152,51.47],[-56.376,51.384],[-56.702,51.185],[-57.356,50.595],[-57.86,49.988],[-58.092,49.594],[-58.128,49.496],[-57.814,49.202],[-57.974,49.083],[-58.106,49.083],[-58.231,49.109],[-58.392,49.037],[-58.68,48.703],[-58.139,48.599],[-58.426,48.448],[-58.652,48.376],[-58.982,48.192],[-59.234,48.042],[-59.319,47.963],[-59.222,47.755],[-59.157,47.67],[-58.7,47.736],[-58.091,47.763],[-57.635,47.725],[-57.123,47.641],[-56.804,47.616],[-56.33,47.636],[-56.146,47.735],[-56.079,47.865],[-55.739,47.872],[-55.756,47.651],[-55.698,47.579],[-55.513,47.586],[-55.368,47.795],[-55.097,47.769],[-54.783,47.711],[-55.067,47.548],[-55.277,47.313],[-55.83,47.129],[-55.904,47.064],[-55.804,46.967],[-55.408,46.948],[-55.185,47.098],[-54.936,47.339],[-54.74,47.431],[-54.576,47.497],[-54.386,47.627],[-54.211,47.804],[-54.086,47.771],[-53.896,47.557],[-53.901,47.407],[-54.125,47.113],[-54.082,46.99],[-53.914,46.996],[-53.644,47.179],[-53.625,46.886],[-53.489,46.822],[-53.17,46.764],[-53.07,46.731],[-52.917,47.024],[-52.804,47.318],[-52.729,47.455],[-52.735,47.546],[-52.774,47.539],[-53.096,47.552],[-53.163,47.675],[-53.118,47.878],[-53.356,47.949],[-53.494,47.831],[-53.577,47.74],[-53.703,47.844],[-53.759,48.026],[-53.882,48.189],[-53.813,48.248],[-53.411,48.295],[-53.229,48.406],[-53.115,48.524]]],[[[-66.435,45.133],[-66.404,45.108],[-66.049,45.288],[-66.153,45.379],[-66.051,45.349],[-65.888,45.258],[-65.76,45.294],[-64.871,45.662],[-64.724,45.668],[-64.562,45.885],[-64.701,46.084],[-64.475,45.855],[-64.519,45.795],[-64.283,45.922],[-64.26,45.843],[-64.373,45.807],[-64.398,45.716],[-64.905,45.463],[-64.92,45.367],[-64.809,45.409],[-64.696,45.445],[-64.559,45.457],[-64.197,45.451],[-64.008,45.427],[-63.74,45.451],[-63.446,45.427],[-63.378,45.385],[-63.468,45.349],[-63.555,45.379],[-63.884,45.319],[-64.168,45.222],[-64.16,45.144],[-64.141,45.054],[-64.256,45.18],[-64.337,45.156],[-64.307,45.349],[-64.458,45.391],[-64.754,45.228],[-65.253,44.975],[-65.749,44.741],[-65.633,44.693],[-65.721,44.651],[-65.777,44.717],[-66.193,44.489],[-66.159,44.441],[-65.998,44.561],[-65.841,44.615],[-65.857,44.561],[-65.984,44.489],[-66.189,44.141],[-66.001,43.752],[-65.939,43.86],[-65.782,43.644],[-65.713,43.56],[-65.558,43.62],[-65.467,43.518],[-65.428,43.65],[-65.319,43.752],[-65.249,43.704],[-65.22,43.764],[-65.153,43.764],[-65.087,43.728],[-64.988,43.758],[-65.031,43.872],[-64.968,43.824],[-64.871,43.86],[-64.908,43.937],[-64.835,43.884],[-64.842,43.979],[-64.755,44.003],[-64.649,44.057],[-64.706,44.129],[-64.361,44.333],[-64.282,44.303],[-64.236,44.357],[-64.251,44.453],[-64.391,44.489],[-64.286,44.507],[-64.306,44.615],[-64.147,44.627],[-64.088,44.513],[-63.997,44.567],[-63.888,44.729],[-63.902,44.573],[-63.826,44.549],[-63.79,44.513],[-63.559,44.513],[-63.517,44.597],[-63.419,44.633],[-63.388,44.747],[-63.303,44.663],[-63.23,44.783],[-63.107,44.831],[-63.053,44.711],[-62.815,44.771],[-62.794,44.795],[-62.477,44.921],[-62.436,44.873],[-62.271,44.987],[-62.068,45.005],[-62.01,45.072],[-61.811,45.078],[-61.836,45.126],[-61.634,45.144],[-61.683,45.216],[-61.579,45.198],[-61.347,45.198],[-61.4,45.24],[-61.265,45.301],[-61.193,45.246],[-60.958,45.301],[-61.032,45.379],[-61.403,45.391],[-61.444,45.439],[-61.262,45.554],[-61.481,45.741],[-61.723,45.686],[-61.893,45.759],[-61.94,45.922],[-62.076,45.885],[-62.39,45.722],[-62.5,45.716],[-62.617,45.728],[-62.726,45.68],[-62.633,45.771],[-62.742,45.819],[-63.121,45.849],[-63.087,45.801],[-63.276,45.783],[-63.336,45.861],[-63.431,45.855],[-63.492,45.915],[-63.748,45.879],[-63.843,45.988],[-64.08,46.054],[-64.059,46.115],[-63.891,46.109],[-63.749,46.169],[-64.076,46.235],[-64.094,46.205],[-64.164,46.248],[-64.535,46.272],[-64.539,46.338],[-64.697,46.544],[-64.718,46.634],[-64.69,46.695],[-64.797,46.755],[-64.851,46.719],[-64.892,46.912],[-64.807,47.039],[-64.842,47.124],[-65.39,47.13],[-64.98,47.33],[-64.947,47.433],[-64.874,47.439],[-64.924,47.56],[-64.82,47.675],[-64.658,47.779],[-64.825,47.851],[-65.04,47.785],[-65.028,47.882],[-65.612,47.663],[-65.645,47.706],[-65.761,47.906],[-65.837,47.961],[-66.346,48.064],[-66.472,48.099],[-66.181,48.185],[-65.855,48.205],[-65.474,48.101],[-65.213,48.121],[-64.874,48.325],[-64.398,48.456],[-64.251,48.554],[-64.194,48.653],[-64.259,48.862],[-64.32,48.947],[-64.55,49.077],[-64.952,49.207],[-65.367,49.233],[-66.03,49.166],[-66.493,49.06],[-66.973,48.955],[-67.354,48.846],[-66.435,45.133]]]]},"properties":{"NAME":"Mi'kma'ki","SUBJECTO":"Mi'kma'ki","PARTOF":"Mi'kma'ki","ABBREVN":"Mi'kma'ki","BORDERPRECISION":3,"fid":149}},
{"type":"Feature","geometry":{"type":"Polygon","coordinates":[[[-121.136,39.461],[-121.043,39.588],[-120.956,39.708],[-120.494,39.77],[-120.391,39.663],[-120.364,39.635],[-120.162,39.742],[-120.19,40.099],[-120.201,40.238],[-120.504,40.672],[-120.511,40.683],[-121.177,40.61],[-121.414,40.584],[-121.541,40.57],[-121.395,40.328],[-121.977,40.061],[-121.997,40.052],[-121.986,39.595],[-121.98,39.348],[-121.733,39.033],[-121.136,39.461]]]},"properties":{"NAME":"Maiou","SUBJECTO":"Maiou","PARTOF":"Maiou","ABBREVN":"Maiou","BORDERPRECISION":3,"fid":150}},
{"type":"Feature","geometry":{"type":"Polygon","coordinates":[[[-120.97,38.886],[-121.307,38.703],[-121.512,38.698],[-121.546,38.37],[-121.936,38.179],[-121.938,38.178],[-121.823,37.879],[-121.175,38.135],[-120.782,38.225],[-120.273,37.77],[-119.818,37.363],[-119.736,37.395],[-119.722,37.492],[-119.702,37.618],[-119.612,37.639],[-119.366,37.968],[-119.34,38.003],[-119.48,38.316],[-119.502,38.366],[-120.108,38.87],[-120.117,38.878],[-120.951,38.886],[-120.97,38.886]]]},"properties":{"NAME":"Miwok","SUBJECTO":"Miwok","PARTOF":"Miwok","ABBREVN":"Miwok","BORDERPRECISION":3,"fid":151}},
{"type":"Feature","geometry":{"type":"Polygon","coordinates":[[[-123.352,45.538],[-123.359,45.535],[-123.557,44.765],[-123.234,43.506],[-123.141,43.505],[-122.845,43.502],[-122.681,43.5],[-122,43.506],[-121.929,43.506],[-122.014,44.342],[-122.015,44.35],[-122.108,44.352],[-122.588,44.363],[-122.611,44.432],[-122.818,45.079],[-122.995,45.63],[-122.997,45.634],[-123.352,45.538]]]},"properties":{"NAME":"Kalapuya","SUBJECTO":"Kalapuya","PARTOF":"Kalapuya","ABBREVN":"Kalapuya","BORDERPRECISION":3,"fid":152}},
{"type":"Feature","geometry":{"type":"Polygon","coordinates":[[[-122.2,42.011],[-122.194,41.996],[-121.989,41.392],[-121.968,41.397],[-121.305,41.585],[-120.5,41.812],[-120.493,41.813],[-120.394,42.09],[-121.383,42.327],[-121.401,42.32],[-121.884,42.133],[-122.175,42.021],[-122.2,42.011]]]},"properties":{"NAME":"Modoc","SUBJECTO":"Modoc","PARTOF":"Modoc","ABBREVN":"Modoc","BORDERPRECISION":3,"fid":153}},
{"type":"Feature","geometry":{"type":"Polygon","coordinates":[[[-59.533,13.051],[-59.51,13.055],[-59.5,13.059],[-59.464,13.086],[-59.457,13.092],[-59.45,13.099],[-59.445,13.108],[-59.439,13.117],[-59.43,13.135],[-59.427,13.147],[-59.427,13.154],[-59.429,13.165],[-59.437,13.171],[-59.442,13.173],[-59.464,13.18],[-59.47,13.181],[-59.479,13.186],[-59.513,13.209],[-59.521,13.214],[-59.545,13.24],[-59.552,13.247],[-59.554,13.251],[-59.559,13.259],[-59.565,13.274],[-59.566,13.28],[-59.569,13.29],[-59.574,13.299],[-59.591,13.33],[-59.596,13.332],[-59.613,13.337],[-59.62,13.337],[-59.631,13.335],[-59.641,13.331],[-59.645,13.328],[-59.651,13.32],[-59.653,13.316],[-59.658,13.299],[-59.659,13.288],[-59.643,13.149],[-59.642,13.144],[-59.629,13.103],[-59.626,13.1],[-59.611,13.086],[-59.608,13.082],[-59.603,13.08],[-59.571,13.076],[-59.548,13.071],[-59.543,13.067],[-59.533,13.051]]]},"properties":{"BORDERPRECISION":3,"fid":154}},
{"type":"Feature","geometry":{"type":"Polygon","coordinates":[[[-61.364,15.198],[-61.28,15.237],[-61.27,15.248],[-61.265,15.258],[-61.257,15.279],[-61.255,15.285],[-61.254,15.292],[-61.251,15.323],[-61.251,15.329],[-61.253,15.461],[-61.267,15.517],[-61.304,15.574],[-61.318,15.582],[-61.427,15.63],[-61.434,15.632],[-61.452,15.632],[-61.468,15.628],[-61.475,15.619],[-61.483,15.588],[-61.491,15.541],[-61.476,15.491],[-61.475,15.486],[-61.463,15.471],[-61.451,15.456],[-61.423,15.418],[-61.395,15.359],[-61.393,15.355],[-61.391,15.35],[-61.374,15.274],[-61.374,15.268],[-61.378,15.248],[-61.378,15.236],[-61.376,15.207],[-61.374,15.202],[-61.371,15.199],[-61.364,15.198]]]},"properties":{"BORDERPRECISION":3,"fid":155}},
{"type":"Feature","geometry":{"type":"MultiPolygon","coordinates":[[[[-61.747,11.997],[-61.718,12.004],[-61.683,12.016],[-61.651,12.029],[-61.643,12.034],[-61.632,12.044],[-61.629,12.048],[-61.611,12.079],[-61.596,12.126],[-61.6,12.187],[-61.605,12.221],[-61.606,12.224],[-61.61,12.228],[-61.612,12.231],[-61.617,12.233],[-61.648,12.237],[-61.653,12.238],[-61.659,12.237],[-61.676,12.228],[-61.687,12.218],[-61.708,12.197],[-61.725,12.172],[-61.79,12.009],[-61.787,12.005],[-61.784,12.001],[-61.78,12],[-61.753,11.996],[-61.747,11.997]]],[[[-61.58,12.296],[-61.574,12.304],[-61.573,12.309],[-61.572,12.316],[-61.574,12.321],[-61.579,12.323],[-61.583,12.319],[-61.586,12.314],[-61.589,12.304],[-61.589,12.298],[-61.586,12.294],[-61.58,12.296]]],[[[-61.428,12.454],[-61.425,12.457],[-61.419,12.495],[-61.419,12.508],[-61.421,12.513],[-61.426,12.527],[-61.428,12.529],[-61.434,12.529],[-61.491,12.479],[-61.494,12.475],[-61.496,12.469],[-61.497,12.444],[-61.496,12.438],[-61.492,12.435],[-61.428,12.454]]]]},"properties":{"BORDERPRECISION":3,"fid":156}},
{"type":"Feature","geometry":{"type":"Polygon","coordinates":[[[-60.861,14.403],[-60.855,14.403],[-60.839,14.415],[-60.829,14.434],[-60.827,14.44],[-60.821,14.456],[-60.817,14.471],[-60.817,14.476],[-60.83,14.57],[-60.85,14.595],[-60.907,14.652],[-60.943,14.728],[-60.941,14.741],[-61.034,14.829],[-61.04,14.832],[-61.095,14.859],[-61.1,14.861],[-61.145,14.878],[-61.159,14.88],[-61.165,14.88],[-61.175,14.877],[-61.199,14.859],[-61.213,14.847],[-61.227,14.832],[-61.231,14.816],[-61.232,14.809],[-61.173,14.693],[-61.034,14.466],[-61.011,14.47],[-60.975,14.471],[-60.887,14.466],[-60.861,14.403]]]},"properties":{"BORDERPRECISION":3,"fid":157}},
{"type":"Feature","geometry":{"type":"Polygon","coordinates":[[[-62.171,16.671],[-62.166,16.672],[-62.156,16.675],[-62.151,16.678],[-62.14,16.688],[-62.138,16.693],[-62.146,16.747],[-62.148,16.752],[-62.176,16.809],[-62.202,16.814],[-62.207,16.811],[-62.236,16.731],[-62.237,16.717],[-62.237,16.712],[-62.23,16.705],[-62.213,16.687],[-62.209,16.684],[-62.19,16.672],[-62.171,16.671]]]},"properties":{"BORDERPRECISION":3,"fid":158}},
{"type":"Feature","geometry":{"type":"Polygon","coordinates":[[[-63.168,18.164],[-63.157,18.165],[-63.151,18.166],[-63.14,18.168],[-63.074,18.193],[-63.031,18.21],[-63.021,18.214],[-62.993,18.227],[-62.987,18.236],[-62.969,18.266],[-62.97,18.272],[-62.973,18.277],[-62.979,18.277],[-63.023,18.269],[-63.049,18.261],[-63.053,18.259],[-63.058,18.256],[-63.141,18.194],[-63.155,18.179],[-63.159,18.176],[-63.168,18.164]]]},"properties":{"BORDERPRECISION":3,"fid":159}},
{"type":"Feature","geometry":{"type":"MultiPolygon","coordinates":[[[[-62.553,17.094],[-62.548,17.096],[-62.544,17.1],[-62.539,17.109],[-62.535,17.121],[-62.534,17.134],[-62.535,17.145],[-62.541,17.177],[-62.543,17.182],[-62.545,17.187],[-62.549,17.19],[-62.576,17.199],[-62.583,17.2],[-62.6,17.197],[-62.61,17.191],[-62.62,17.163],[-62.624,17.151],[-62.626,17.139],[-62.626,17.127],[-62.625,17.121],[-62.622,17.111],[-62.617,17.102],[-62.611,17.095],[-62.591,17.092],[-62.585,17.092],[-62.553,17.094]]],[[[-62.702,17.337],[-62.73,17.365],[-62.735,17.368],[-62.813,17.409],[-62.818,17.411],[-62.839,17.402],[-62.849,17.393],[-62.856,17.386],[-62.864,17.371],[-62.862,17.366],[-62.839,17.328],[-62.835,17.324],[-62.793,17.3],[-62.778,17.292],[-62.759,17.287],[-62.738,17.285],[-62.725,17.284],[-62.714,17.286],[-62.708,17.286],[-62.693,17.278],[-62.677,17.265],[-62.671,17.257],[-62.662,17.239],[-62.654,17.209],[-62.625,17.221],[-62.622,17.224],[-62.621,17.231],[-62.623,17.242],[-62.702,17.337]]]]},"properties":{"BORDERPRECISION":3,"fid":160}},
{"type":"Feature","geometry":{"type":"Polygon","coordinates":[[[-60.955,13.709],[-60.951,13.71],[-60.938,13.718],[-60.9,13.778],[-60.89,13.824],[-60.886,13.848],[-60.885,13.854],[-60.878,13.957],[-60.879,13.976],[-60.888,14.013],[-60.914,14.1],[-60.916,14.102],[-60.92,14.106],[-60.93,14.109],[-60.936,14.109],[-60.946,14.105],[-61.012,14.01],[-61.035,13.97],[-61.075,13.897],[-61.079,13.88],[-61.08,13.873],[-61.075,13.808],[-61.074,13.802],[-61.073,13.797],[-61.068,13.789],[-61.051,13.771],[-61.039,13.761],[-61.026,13.752],[-61.014,13.75],[-61.001,13.751],[-60.995,13.75],[-60.986,13.744],[-60.968,13.728],[-60.956,13.715],[-60.955,13.709]]]},"properties":{"BORDERPRECISION":3,"fid":161}},
{"type":"Feature","geometry":{"type":"MultiPolygon","coordinates":[[[[-61.417,12.59],[-61.405,12.599],[-61.403,12.604],[-61.407,12.607],[-61.413,12.609],[-61.426,12.612],[-61.438,12.612],[-61.443,12.611],[-61.446,12.607],[-61.454,12.594],[-61.452,12.59],[-61.449,12.587],[-61.444,12.584],[-61.417,12.59]]],[[[-61.328,12.688],[-61.321,12.694],[-61.315,12.702],[-61.306,12.714],[-61.305,12.72],[-61.306,12.726],[-61.311,12.735],[-61.324,12.737],[-61.327,12.736],[-61.33,12.732],[-61.348,12.702],[-61.348,12.699],[-61.336,12.689],[-61.333,12.687],[-61.328,12.688]]],[[[-61.217,12.998],[-61.214,13.002],[-61.197,13.034],[-61.2,13.045],[-61.206,13.043],[-61.228,13.023],[-61.252,12.989],[-61.248,12.981],[-61.239,12.975],[-61.217,12.998]]],[[[-61.173,13.133],[-61.168,13.134],[-61.165,13.138],[-61.148,13.168],[-61.13,13.22],[-61.124,13.243],[-61.123,13.249],[-61.12,13.307],[-61.122,13.326],[-61.124,13.331],[-61.141,13.374],[-61.144,13.378],[-61.177,13.384],[-61.183,13.382],[-61.205,13.371],[-61.209,13.368],[-61.266,13.273],[-61.278,13.25],[-61.281,13.208],[-61.279,13.204],[-61.263,13.178],[-61.244,13.156],[-61.184,13.13],[-61.173,13.133]]]]},"properties":{"BORDERPRECISION":3,"fid":162}},
{"type":"Feature","geometry":{"type":"MultiPolygon","coordinates":[[[[-64.762,17.774],[-64.766,17.783],[-64.769,17.787],[-64.773,17.79],[-64.787,17.793],[-64.797,17.789],[-64.811,17.775],[-64.816,17.772],[-64.819,17.768],[-64.827,17.762],[-64.832,17.761],[-64.838,17.76],[-64.844,17.762],[-64.862,17.771],[-64.864,17.774],[-64.871,17.775],[-64.88,17.77],[-64.883,17.765],[-64.886,17.762],[-64.89,17.758],[-64.892,17.752],[-64.891,17.747],[-64.883,17.734],[-64.88,17.724],[-64.882,17.71],[-64.889,17.687],[-64.892,17.682],[-64.896,17.679],[-64.896,17.677],[-64.878,17.686],[-64.872,17.687],[-64.868,17.69],[-64.863,17.689],[-64.859,17.686],[-64.852,17.684],[-64.843,17.689],[-64.834,17.683],[-64.828,17.683],[-64.823,17.685],[-64.816,17.692],[-64.804,17.694],[-64.789,17.698],[-64.777,17.699],[-64.763,17.698],[-64.758,17.699],[-64.744,17.707],[-64.739,17.708],[-64.726,17.705],[-64.714,17.704],[-64.692,17.708],[-64.668,17.711],[-64.644,17.722],[-64.628,17.726],[-64.619,17.73],[-64.611,17.736],[-64.601,17.747],[-64.596,17.749],[-64.591,17.749],[-64.578,17.746],[-64.564,17.745],[-64.56,17.748],[-64.561,17.754],[-64.565,17.757],[-64.57,17.759],[-64.577,17.761],[-64.59,17.762],[-64.61,17.762],[-64.638,17.765],[-64.658,17.769],[-64.663,17.768],[-64.674,17.758],[-64.684,17.754],[-64.687,17.75],[-64.69,17.745],[-64.697,17.746],[-64.709,17.755],[-64.722,17.758],[-64.73,17.764],[-64.736,17.772],[-64.741,17.774],[-64.753,17.773],[-64.759,17.772],[-64.762,17.774]]],[[[-64.665,18.332],[-64.661,18.335],[-64.658,18.34],[-64.664,18.348],[-64.668,18.351],[-64.709,18.371],[-64.732,18.372],[-64.739,18.371],[-64.744,18.369],[-64.782,18.343],[-64.79,18.337],[-64.79,18.331],[-64.788,18.326],[-64.775,18.318],[-64.769,18.316],[-64.704,18.307],[-64.665,18.332]]],[[[-64.842,18.312],[-64.836,18.313],[-64.833,18.317],[-64.832,18.324],[-64.834,18.329],[-64.847,18.339],[-64.904,18.365],[-64.95,18.375],[-64.977,18.378],[-65.024,18.367],[-65.027,18.363],[-65.026,18.357],[-65.018,18.351],[-65.012,18.349],[-64.979,18.347],[-64.929,18.339],[-64.923,18.336],[-64.886,18.317],[-64.878,18.311],[-64.842,18.312]]]]},"properties":{"BORDERPRECISION":3,"fid":163}},
{"type":"Feature","geometry":{"type":"MultiPolygon","coordinates":[[[[-61.246,15.872],[-61.231,15.877],[-61.223,15.883],[-61.194,15.903],[-61.187,15.91],[-61.186,15.916],[-61.187,15.921],[-61.196,15.945],[-61.202,15.952],[-61.238,15.993],[-61.261,16.013],[-61.267,16.015],[-61.275,16.009],[-61.309,15.973],[-61.33,15.934],[-61.329,15.929],[-61.317,15.89],[-61.31,15.883],[-61.306,15.88],[-61.283,15.872],[-61.276,15.871],[-61.257,15.87],[-61.246,15.872]]],[[[-61.037,16.311],[-60.999,16.335],[-60.991,16.341],[-60.989,16.346],[-61.002,16.349],[-61.015,16.35],[-61.021,16.349],[-61.025,16.347],[-61.047,16.334],[-61.059,16.326],[-61.082,16.308],[-61.086,16.305],[-61.088,16.301],[-61.087,16.296],[-61.082,16.296],[-61.037,16.311]]],[[[-61.346,16.334],[-61.358,16.338],[-61.366,16.344],[-61.373,16.351],[-61.395,16.379],[-61.399,16.388],[-61.4,16.393],[-61.399,16.4],[-61.391,16.422],[-61.393,16.433],[-61.403,16.468],[-61.405,16.473],[-61.408,16.477],[-61.436,16.499],[-61.457,16.513],[-61.46,16.514],[-61.466,16.514],[-61.47,16.511],[-61.507,16.485],[-61.526,16.461],[-61.532,16.452],[-61.533,16.439],[-61.533,16.433],[-61.529,16.418],[-61.523,16.393],[-61.499,16.349],[-61.542,16.29],[-61.557,16.285],[-61.558,16.284],[-61.582,16.275],[-61.607,16.275],[-61.61,16.279],[-61.61,16.284],[-61.656,16.325],[-61.727,16.36],[-61.731,16.362],[-61.742,16.361],[-61.748,16.36],[-61.76,16.351],[-61.784,16.333],[-61.794,16.307],[-61.796,16.264],[-61.794,16.242],[-61.761,16.057],[-61.757,16.048],[-61.737,16.016],[-61.695,15.949],[-61.691,15.946],[-61.685,15.948],[-61.648,15.965],[-61.607,15.99],[-61.573,16.018],[-61.562,16.029],[-61.559,16.034],[-61.553,16.054],[-61.556,16.076],[-61.568,16.142],[-61.575,16.161],[-61.577,16.166],[-61.581,16.193],[-61.581,16.199],[-61.581,16.205],[-61.569,16.224],[-61.567,16.227],[-61.564,16.228],[-61.547,16.23],[-61.533,16.232],[-61.521,16.222],[-61.509,16.213],[-61.498,16.208],[-61.474,16.201],[-61.467,16.2],[-61.455,16.201],[-61.226,16.253],[-61.206,16.267],[-61.26,16.313],[-61.269,16.319],[-61.279,16.323],[-61.292,16.327],[-61.334,16.334],[-61.339,16.333],[-61.346,16.334]]],[[[-62.811,17.888],[-62.791,17.903],[-62.789,17.907],[-62.791,17.912],[-62.812,17.918],[-62.863,17.93],[-62.869,17.93],[-62.873,17.923],[-62.873,17.918],[-62.87,17.913],[-62.845,17.883],[-62.841,17.879],[-62.836,17.878],[-62.811,17.888]]]]},"properties":{"BORDERPRECISION":3,"fid":164}},
{"type":"Feature","geometry":{"type":"MultiPolygon","coordinates":[[[[-68.195,12.221],[-68.199,12.224],[-68.364,12.305],[-68.37,12.307],[-68.384,12.307],[-68.395,12.304],[-68.399,12.302],[-68.404,12.293],[-68.416,12.257],[-68.417,12.251],[-68.402,12.224],[-68.399,12.221],[-68.394,12.219],[-68.388,12.217],[-68.368,12.216],[-68.355,12.217],[-68.328,12.215],[-68.312,12.209],[-68.305,12.203],[-68.299,12.195],[-68.289,12.178],[-68.287,12.173],[-68.281,12.158],[-68.279,12.147],[-68.279,12.14],[-68.285,12.102],[-68.279,12.062],[-68.275,12.051],[-68.259,12.026],[-68.256,12.023],[-68.251,12.021],[-68.239,12.022],[-68.236,12.026],[-68.229,12.04],[-68.206,12.113],[-68.193,12.205],[-68.193,12.21],[-68.195,12.221]]],[[[-68.966,12.199],[-68.981,12.205],[-68.997,12.216],[-69.028,12.241],[-69.031,12.244],[-69.04,12.256],[-69.048,12.27],[-69.056,12.289],[-69.058,12.313],[-69.067,12.332],[-69.078,12.349],[-69.081,12.352],[-69.098,12.363],[-69.146,12.384],[-69.164,12.366],[-69.158,12.311],[-69.134,12.273],[-69.062,12.188],[-68.97,12.118],[-68.962,12.112],[-68.832,12.049],[-68.828,12.047],[-68.817,12.043],[-68.799,12.04],[-68.747,12.04],[-68.753,12.065],[-68.824,12.16],[-68.837,12.169],[-68.851,12.175],[-68.862,12.179],[-68.879,12.183],[-68.886,12.183],[-68.912,12.182],[-68.966,12.199]]],[[[-62.961,17.461],[-62.952,17.465],[-62.948,17.468],[-62.94,17.474],[-62.936,17.486],[-62.939,17.49],[-62.943,17.494],[-62.986,17.52],[-62.991,17.522],[-62.997,17.521],[-62.998,17.514],[-62.998,17.494],[-62.995,17.49],[-62.979,17.465],[-62.977,17.461],[-62.972,17.458],[-62.961,17.461]]]]},"properties":{"BORDERPRECISION":3,"fid":165}},
{"type":"Feature","geometry":{"type":"Polygon","coordinates":[[[-63.011,18.067],[-63.007,18.081],[-63.006,18.087],[-63.016,18.114],[-63.019,18.118],[-63.039,18.122],[-63.045,18.121],[-63.142,18.074],[-63.147,18.072],[-63.146,18.066],[-63.144,18.062],[-63.14,18.059],[-63.11,18.066],[-63.03,18.07],[-63.011,18.067]]]},"properties":{"BORDERPRECISION":3,"fid":166}},
{"type":"Feature","geometry":{"type":"Polygon","coordinates":[[[-63.14,18.059],[-63.116,18.043],[-63.079,18.027],[-63.073,18.025],[-63.033,18.016],[-63.028,18.016],[-63.019,18.021],[-63.017,18.025],[-63.012,18.036],[-63.01,18.048],[-63.011,18.067],[-63.03,18.07],[-63.11,18.066],[-63.14,18.059]]]},"properties":{"BORDERPRECISION":3,"fid":167}},
{"type":"Feature","geometry":{"type":"Polygon","coordinates":[[[-115.236,34.012],[-115.493,34.593],[-116.213,34.711],[-116.456,35.195],[-116.133,35.46],[-116.581,35.754],[-117.507,35.115],[-118.212,35.386],[-118.403,35.46],[-119.042,35.218],[-118.734,34.593],[-118.6,34.598],[-117.933,34.622],[-117.382,34.38],[-116.882,34.159],[-116.333,34.11],[-115.236,34.012]]]},"properties":{"NAME":"Serano","SUBJECTO":"Serano","PARTOF":"Serano","ABBREVN":"Serano","BORDERPRECISION":3,"fid":168}},
{"type":"Feature","geometry":{"type":"Polygon","coordinates":[[[-122.717,38.992],[-122.782,39.53],[-122.822,39.534],[-122.979,39.549],[-123.111,39.714],[-123.933,39.821],[-123.82,39.607],[-123.892,39.414],[-123.745,39.076],[-123.796,39.03],[-123.741,38.967],[-123.46,38.704],[-123.247,38.552],[-122.718,38.691],[-122.691,38.698],[-122.913,38.981],[-122.716,38.981],[-122.717,38.992]]]},"properties":{"NAME":"Pomo","SUBJECTO":"Pomo","PARTOF":"Pomo","ABBREVN":"Pomo","BORDERPRECISION":3,"fid":169}},
{"type":"Feature","geometry":{"type":"Polygon","coordinates":[[[-111.549,45.507],[-112.041,45.317],[-112.399,45.227],[-113.351,45.341],[-113.429,45.358],[-114.205,45.531],[-114.211,45.528],[-116.124,44.706],[-116.16,43.017],[-116.363,42.725],[-116.881,41.981],[-117.124,41.24],[-117.106,40.928],[-117.575,39.47],[-117.737,38.693],[-117.701,37.816],[-118.007,37.388],[-117.899,36.82],[-118.008,36.621],[-118.034,36.575],[-117.98,36.183],[-117.908,35.78],[-117.505,35.951],[-117.474,36.372],[-117.121,36.531],[-117.065,36.71],[-116.879,36.75],[-116.755,36.828],[-116.205,36.466],[-115.955,36.47],[-115.773,36.473],[-115.656,36.727],[-115.683,37.545],[-115.395,38.27],[-114.638,38.686],[-113.728,38.841],[-113.521,38.876],[-113.517,38.886],[-113.413,39.17],[-112.602,39.678],[-112.242,40.313],[-111.872,40.566],[-109.557,40.894],[-107.836,40.915],[-106.486,40.888],[-105.117,40.861],[-105.088,40.86],[-105.174,40.929],[-105.255,41.028],[-106.252,41.802],[-106.526,42.122],[-106.823,43.715],[-107.035,43.86],[-107.18,43.958],[-107.309,43.977],[-107.75,44.042],[-109.026,44.49],[-110.279,44.748],[-110.963,45.067],[-111.549,45.507]]]},"properties":{"NAME":"Shoshoni","SUBJECTO":"Shoshoni","PARTOF":"Shoshoni","ABBREVN":"Shoshoni","BORDERPRECISION":3,"fid":170}},
{"type":"Feature","geometry":{"type":"Polygon","coordinates":[[[-121.823,37.879],[-121.515,37.597],[-121.435,37.404],[-121.152,37.356],[-121.061,36.93],[-120.93,36.906],[-120.829,36.623],[-120.897,36.575],[-120.92,36.559],[-120.688,36.421],[-120.597,36.242],[-120.335,36.079],[-120.174,35.875],[-119.741,35.566],[-119.68,35.523],[-119.397,35.284],[-119.042,35.218],[-118.403,35.46],[-118.578,35.427],[-118.609,35.629],[-118.57,36.152],[-118.762,36.25],[-118.55,36.437],[-118.64,36.812],[-118.641,36.817],[-119.206,36.954],[-119.528,37.412],[-119.571,37.649],[-119.612,37.639],[-119.702,37.618],[-119.722,37.492],[-119.736,37.395],[-119.818,37.363],[-120.273,37.77],[-120.782,38.225],[-121.175,38.135],[-121.823,37.879]]]},"properties":{"NAME":"Yokuts","SUBJECTO":"Yokuts","PARTOF":"Yokuts","ABBREVN":"Yokuts","BORDERPRECISION":3,"fid":171}},
{"type":"Feature","geometry":{"type":"Polygon","coordinates":[[[-116.581,35.754],[-116.705,35.986],[-116.587,36.187],[-116.792,36.416],[-116.879,36.75],[-117.065,36.71],[-117.121,36.531],[-117.474,36.372],[-117.505,35.951],[-117.908,35.78],[-118.609,35.629],[-118.578,35.427],[-118.403,35.46],[-118.212,35.386],[-117.507,35.115],[-116.581,35.754]]]},"properties":{"NAME":"Kawahsu","SUBJECTO":"Kawahsu","PARTOF":"Kawahsu","ABBREVN":"Kawahsu","BORDERPRECISION":3,"fid":172}},
{"type":"Feature","geometry":{"type":"Polygon","coordinates":[[[-77.254,-2.759],[-77.254,-2.098],[-77.854,-1.667],[-78.562,-2.129],[-78.392,-2.913],[-77.9,-3.113],[-77.254,-2.759]]]},"properties":{"NAME":"Shuar","SUBJECTO":"Shuar","PARTOF":"Shuar","ABBREVN":"Shuar","BORDERPRECISION":3,"fid":173}},
{"type":"Feature","geometry":{"type":"Polygon","coordinates":[[[-97.536,28.691],[-98.423,29.694],[-99.775,30.776],[-100.106,31.04],[-100.304,31.123],[-101.271,29.667],[-100.857,29.347],[-100.819,29.302],[-100.335,28.723],[-98.174,28.245],[-98.087,28.297],[-97.653,28.558],[-97.536,28.691]]]},"properties":{"NAME":"Lipan","SUBJECTO":"Lipan","PARTOF":"Lipan","ABBREVN":"Lipan","BORDERPRECISION":3,"fid":174}},
{"type":"Feature","geometry":{"type":"Polygon","coordinates":[[[-92.46,30.584],[-92.475,30.852],[-92.737,31.25],[-92.699,31.615],[-92.295,31.793],[-91.845,31.838],[-91.626,31.939],[-91.626,32.957],[-92.117,33.903],[-92.846,34.655],[-92.849,34.658],[-94.205,34.606],[-94.937,34.621],[-95.416,34.74],[-95.351,34.048],[-95.354,34.014],[-95.392,33.614],[-95.234,33.537],[-95.002,33.425],[-94.602,32.665],[-94.518,32.508],[-95.226,32.275],[-95.527,32.008],[-95.561,31.67],[-95.468,31.216],[-95.128,31.01],[-94.708,30.755],[-93.468,30.601],[-93.126,30.498],[-92.46,30.584]]]},"properties":{"NAME":"Caddo","SUBJECTO":"Caddo","PARTOF":"Caddo","ABBREVN":"Caddo","BORDERPRECISION":3,"fid":175}},
{"type":"Feature","geometry":{"type":"Polygon","coordinates":[[[-97.807,38.777],[-97.16,38.294],[-96.734,38.488],[-95.742,38.678],[-94.919,38.785],[-94.474,38.79],[-94.535,39.16],[-94.769,39.16],[-95.065,39.57],[-94.892,39.854],[-95.077,39.826],[-95.259,39.96],[-95.639,39.955],[-96.023,40.017],[-96.321,40.124],[-96.6,40.142],[-97.043,40.249],[-97.079,40.115],[-97.334,39.76],[-97.607,39.314],[-97.771,38.923],[-97.807,38.777]]]},"properties":{"NAME":"Kansa","SUBJECTO":"Kansa","PARTOF":"Kansa","ABBREVN":"Kansa","BORDERPRECISION":3,"fid":176}},
{"type":"Feature","geometry":{"type":"Polygon","coordinates":[[[-95.351,34.048],[-95.416,34.74],[-94.937,34.621],[-94.205,34.606],[-92.849,34.658],[-92.846,34.655],[-92.622,35.046],[-91.837,35.72],[-91.525,36.293],[-91.34,36.605],[-90.807,37.175],[-90.528,37.939],[-91.624,38.457],[-91.626,38.469],[-94.473,38.786],[-94.474,38.79],[-94.919,38.785],[-95.742,38.678],[-96.734,38.488],[-97.16,38.294],[-97.052,38.214],[-96.586,37.248],[-96.747,36.686],[-97.406,35.576],[-97.51,34.884],[-96.776,34.874],[-96.002,35.194],[-95.454,35.132],[-95.351,34.048]]]},"properties":{"NAME":"Osage","SUBJECTO":"Osage","PARTOF":"Osage","ABBREVN":"Osage","BORDERPRECISION":3,"fid":177}},
{"type":"Feature","geometry":{"type":"Polygon","coordinates":[[[-90.763,32.97],[-90.711,33.377],[-90.704,33.431],[-90.48,33.884],[-90.464,33.917],[-89.796,35.019],[-89.869,35.59],[-89.67,36.19],[-89.524,36.35],[-89.483,36.51],[-89.104,36.948],[-90.809,37.169],[-90.807,37.175],[-91.34,36.605],[-91.525,36.293],[-91.837,35.72],[-92.622,35.046],[-92.846,34.655],[-92.117,33.903],[-91.626,32.957],[-90.763,32.97]]]},"properties":{"NAME":"Quapaw","SUBJECTO":"Quapaw","PARTOF":"Quapaw","ABBREVN":"Quapaw","BORDERPRECISION":3,"fid":178}},
{"type":"Feature","geometry":{"type":"Polygon","coordinates":[[[-101.911,47.158],[-101.576,46.823],[-100.305,46.899],[-100.472,47.686],[-101.376,47.566],[-101.911,47.158]]]},"properties":{"BORDERPRECISION":3,"fid":179}},
{"type":"Feature","geometry":{"type":"Polygon","coordinates":[[[-103.995,47.636],[-103.335,47.61],[-101.911,47.158],[-101.376,47.566],[-100.472,47.686],[-99.065,47.935],[-98.716,48.279],[-98.353,48.605],[-98.488,52.352],[-100.09,52.309],[-101.122,52.828],[-102.587,53.565],[-106.277,51.517],[-108.642,50.204],[-106.189,47.906],[-105.803,47.858],[-105.007,47.761],[-104.596,47.71],[-103.995,47.636]]]},"properties":{"NAME":"Assiniboin","SUBJECTO":"Assiniboin","PARTOF":"Assiniboin","ABBREVN":"Assiniboin","BORDERPRECISION":3,"fid":180}},
{"type":"Feature","geometry":{"type":"Polygon","coordinates":[[[-110.176,46.78],[-110.191,47.988],[-110.532,49.155],[-109.644,49.648],[-110.611,50.337],[-114.083,49.774],[-114.035,49.624],[-113.677,48.504],[-113.429,47.728],[-112.592,46.673],[-113.429,45.358],[-113.351,45.341],[-112.399,45.227],[-112.041,45.317],[-111.549,45.507],[-110.176,46.78]]]},"properties":{"NAME":"Blackfoot","SUBJECTO":"Blackfoot","PARTOF":"Blackfoot","ABBREVN":"Blackfoot","BORDERPRECISION":3,"fid":181}},
{"type":"Feature","geometry":{"type":"Polygon","coordinates":[[[-106.189,47.906],[-108.642,50.204],[-109.644,49.648],[-110.532,49.155],[-110.191,47.988],[-110.176,46.78],[-110.162,46.792],[-107.812,47.194],[-106.285,47.918],[-106.189,47.906]]]},"properties":{"NAME":"Gros Ventre","SUBJECTO":"Gros Ventre","PARTOF":"Gros Ventre","ABBREVN":"Gros Ventre","BORDERPRECISION":3,"fid":182}},
{"type":"Feature","geometry":{"type":"Polygon","coordinates":[[[-97.043,40.249],[-96.6,40.142],[-96.321,40.124],[-96.023,40.017],[-95.639,39.955],[-95.259,39.96],[-95.373,40.043],[-95.398,40.26],[-95.238,40.635],[-95.016,40.682],[-95.489,40.825],[-95.645,40.943],[-96.106,40.95],[-96.487,41.105],[-96.519,41.211],[-96.723,41.192],[-96.715,41.189],[-96.815,40.806],[-97.016,40.351],[-97.043,40.249]]]},"properties":{"NAME":"Oto","SUBJECTO":"Oto","PARTOF":"Oto","ABBREVN":"Oto","BORDERPRECISION":3,"fid":183}},
{"type":"Feature","geometry":{"type":"Polygon","coordinates":[[[-92.453,42.691],[-93.11,42.766],[-94.02,42.643],[-94.026,42.629],[-94.109,42.427],[-94.353,42.278],[-94.657,42.094],[-95.735,41.972],[-95.753,41.97],[-96.098,41.937],[-96.213,41.926],[-96.585,41.437],[-96.519,41.211],[-96.487,41.105],[-96.106,40.95],[-95.645,40.943],[-95.489,40.825],[-95.016,40.682],[-94.324,40.414],[-93.709,40.175],[-93.35,40.239],[-92.796,40.337],[-92.038,40.87],[-91.683,41.203],[-91.327,41.536],[-91.368,42.108],[-91.411,42.131],[-91.416,42.172],[-92.453,42.691]]]},"properties":{"NAME":"Iowa","SUBJECTO":"Iowa","PARTOF":"Iowa","ABBREVN":"Iowa","BORDERPRECISION":3,"fid":184}},
{"type":"Feature","geometry":{"type":"Polygon","coordinates":[[[-91.134,43.935],[-91.784,44.575],[-92.792,45.424],[-93.528,46.1],[-93.476,46.342],[-93.347,47.235],[-93.864,47.646],[-95.065,47.655],[-96.795,47.165],[-96.797,47.165],[-96.487,46.857],[-96.513,46.644],[-97.197,45.903],[-97.236,45.343],[-95.905,44.63],[-95.826,44.512],[-95.813,44.513],[-94.585,44.212],[-94.666,43.784],[-93.994,43.251],[-94.026,42.629],[-94.02,42.643],[-93.11,42.766],[-92.453,42.691],[-91.816,43.12],[-91.135,43.934],[-91.134,43.935]]]},"properties":{"NAME":"Santee","SUBJECTO":"Santee","PARTOF":"Santee","ABBREVN":"Santee","BORDERPRECISION":3,"fid":185}},
{"type":"Feature","geometry":{"type":"Polygon","coordinates":[[[-100.212,46.354],[-100.287,46.625],[-100.305,46.899],[-101.576,46.823],[-101.272,46.346],[-100.212,46.354]]]},"properties":{"NAME":"Mandan","SUBJECTO":"Mandan","PARTOF":"Mandan","ABBREVN":"Mandan","BORDERPRECISION":3,"fid":186}},
{"type":"Feature","geometry":{"type":"Polygon","coordinates":[[[-99.979,44.788],[-99.82,44.525],[-99.655,44.516],[-97.283,44.397],[-95.826,44.512],[-95.905,44.63],[-97.236,45.343],[-97.197,45.903],[-96.513,46.644],[-96.487,46.857],[-96.797,47.165],[-96.795,47.165],[-97.152,47.165],[-98.134,47.597],[-98.716,48.279],[-99.065,47.935],[-100.472,47.686],[-100.305,46.899],[-100.287,46.625],[-100.212,46.354],[-99.979,44.788]]]},"properties":{"NAME":"Yankontai","SUBJECTO":"Yankontai","PARTOF":"Yankontai","ABBREVN":"Yankontai","BORDERPRECISION":3,"fid":187}},
{"type":"Feature","geometry":{"type":"Polygon","coordinates":[[[-98.716,48.279],[-98.134,47.597],[-97.152,47.165],[-96.795,47.165],[-95.065,47.655],[-93.864,47.646],[-93.347,47.235],[-93.476,46.342],[-93.528,46.1],[-92.792,45.424],[-91.784,44.575],[-91.134,43.935],[-91.056,43.961],[-90.704,44.082],[-90.436,44.401],[-90.32,44.894],[-90.017,45.332],[-91.408,46.756],[-91.414,46.803],[-91.558,46.761],[-91.868,46.708],[-92.022,46.735],[-92.111,46.734],[-92.134,46.705],[-92.149,46.696],[-92.157,46.706],[-92.164,46.71],[-92.17,46.71],[-92.163,46.7],[-92.143,46.68],[-92.145,46.678],[-92.169,46.693],[-92.187,46.688],[-92.198,46.663],[-92.216,46.649],[-92.24,46.646],[-92.256,46.647],[-92.265,46.651],[-91.897,46.891],[-91.15,47.368],[-91.125,47.38],[-90.457,47.705],[-89.816,47.903],[-89.517,48.004],[-89.559,48.006],[-89.543,48.02],[-89.502,48.054],[-89.344,48.148],[-89.256,48.25],[-89.236,48.359],[-89.114,48.454],[-88.888,48.535],[-88.817,48.507],[-88.898,48.371],[-88.892,48.314],[-88.836,48.328],[-88.797,48.337],[-88.779,48.357],[-88.68,48.473],[-88.542,48.723],[-88.43,48.825],[-88.344,48.78],[-88.364,48.702],[-88.49,48.593],[-88.554,48.506],[-88.556,48.473],[-88.558,48.442],[-88.527,48.45],[-88.468,48.519],[-88.46,48.529],[-88.396,48.568],[-88.375,48.567],[-88.334,48.567],[-88.312,48.587],[-88.317,48.598],[-88.329,48.627],[-88.302,48.632],[-88.273,48.621],[-88.231,48.604],[-88.169,48.636],[-88.14,48.69],[-88.118,48.73],[-88.126,48.792],[-88.194,48.825],[-88.236,48.871],[-88.252,48.932],[-88.205,48.976],[-88.095,49.005],[-87.847,48.954],[-87.717,48.91],[-81.506,52.141],[-81.747,52.17],[-81.713,52.33],[-81.734,52.549],[-81.852,52.709],[-81.988,52.804],[-92.135,52.526],[-98.488,52.352],[-98.353,48.605],[-98.716,48.279]]]},"properties":{"NAME":"Obiwa","SUBJECTO":"Obiwa","PARTOF":"Obiwa","ABBREVN":"Obiwa","BORDERPRECISION":3,"fid":188}},
{"type":"Feature","geometry":{"type":"MultiPolygon","coordinates":[[[[-114.205,45.531],[-113.429,45.358],[-112.592,46.673],[-113.429,47.728],[-113.677,48.504],[-113.841,48.481],[-114.638,48.693],[-115.186,48.936],[-115.471,48.67],[-115.626,48.298],[-115.602,48.291],[-115.253,47.462],[-116.146,47.829],[-116.432,46.8],[-116.043,46.664],[-115.057,46.678],[-114.473,46.369],[-114.466,45.995],[-114.205,45.531]]],[[[-114.205,45.531],[-114.212,45.528],[-114.211,45.528],[-114.205,45.531]]]]},"properties":{"BORDERPRECISION":3,"fid":189}},
{"type":"Feature","geometry":{"type":"Polygon","coordinates":[[[-115.626,48.298],[-115.471,48.67],[-115.186,48.936],[-114.638,48.693],[-113.841,48.481],[-113.677,48.504],[-114.035,49.624],[-115.685,49.485],[-117.338,49.346],[-117.286,48.903],[-116.979,48.685],[-115.987,48.401],[-115.794,48.346],[-115.626,48.298]]]},"properties":{"BORDERPRECISION":3,"fid":190}},
{"type":"Feature","geometry":{"type":"Polygon","coordinates":[[[-111.178,35.476],[-111.197,35.466],[-111.185,35.454],[-110.39,35.165],[-109.883,35.585],[-110.462,36.236],[-110.995,36.01],[-111.178,35.476]]]},"properties":{"NAME":"Hopie","SUBJECTO":"Hopie","PARTOF":"Hopie","ABBREVN":"Hopie","BORDERPRECISION":3,"fid":191}},
{"type":"Feature","geometry":{"type":"Polygon","coordinates":[[[-113.031,33.088],[-112.774,33.137],[-112.726,33.146],[-112.718,33.384],[-111.77,33.492],[-111.232,33.553],[-111.208,33.556],[-111.289,33.911],[-111.397,34.385],[-111.545,34.397],[-111.807,34.418],[-111.947,34.73],[-111.878,35.105],[-111.873,35.132],[-112.824,35.156],[-112.825,35.156],[-113.153,34.721],[-113.588,34.582],[-114.144,34.833],[-114.17,34.844],[-113.941,34.352],[-114.255,33.421],[-114.334,33.187],[-113.828,32.95],[-113.809,32.941],[-113.031,33.088]]]},"properties":{"NAME":"Yavapai","SUBJECTO":"Yavapai","PARTOF":"Yavapai","ABBREVN":"Yavapai","BORDERPRECISION":3,"fid":192}},
{"type":"Feature","geometry":{"type":"Polygon","coordinates":[[[-106.682,32.095],[-106.445,31.759],[-106.181,31.738],[-104.785,30.586],[-104.206,29.617],[-103.741,29.234],[-102.961,29.344],[-102.722,29.749],[-101.728,29.803],[-101.271,29.667],[-100.304,31.123],[-103.367,32.386],[-103.619,32.786],[-103.637,32.909],[-103.829,34.216],[-104.355,34.89],[-104.167,35.39],[-104.229,35.352],[-105.352,35.824],[-105.364,35.828],[-105.427,35.266],[-105.788,34.773],[-105.789,34.772],[-105.79,34.771],[-106.064,34.485],[-106.587,33.98],[-106.989,33.253],[-107.128,33.215],[-107.207,33.194],[-107.32,33.163],[-107.284,32.656],[-107.103,32.61],[-106.914,32.423],[-106.682,32.095]]]},"properties":{"NAME":"Mescalero","SUBJECTO":"Mescalero","PARTOF":"Mescalero","ABBREVN":"Mescalero","BORDERPRECISION":3,"fid":193}},
{"type":"Feature","geometry":{"type":"Polygon","coordinates":[[[-104.167,35.39],[-103.303,35.92],[-102.875,36.38],[-102.875,37.602],[-104.162,37.779],[-104.632,36.974],[-105.269,36.453],[-105.315,36.143],[-105.364,35.828],[-105.352,35.824],[-104.229,35.352],[-104.167,35.39]]]},"properties":{"NAME":"Jicarilla","SUBJECTO":"Jicarilla","PARTOF":"Jicarilla","ABBREVN":"Jicarilla","BORDERPRECISION":3,"fid":194}},
{"type":"Feature","geometry":{"type":"Polygon","coordinates":[[[-112.824,35.156],[-112.948,35.489],[-113.371,35.889],[-113.407,35.801],[-114.021,36.216],[-114.223,36.053],[-114.766,36.192],[-114.666,35.801],[-114.728,35.742],[-114.425,35.54],[-114.311,35.035],[-114.144,34.833],[-113.588,34.582],[-113.153,34.721],[-112.825,35.156],[-112.824,35.156]]]},"properties":{"BORDERPRECISION":3,"fid":195}},
{"type":"Feature","geometry":{"type":"Polygon","coordinates":[[[-105.931,37.128],[-104.632,36.974],[-104.162,37.779],[-104.258,39.822],[-105.117,40.861],[-106.486,40.888],[-107.836,40.915],[-109.557,40.894],[-111.872,40.566],[-112.242,40.313],[-112.602,39.678],[-113.413,39.17],[-113.517,38.886],[-113.338,38.783],[-112.461,38.675],[-112.198,38.224],[-111.746,37.868],[-111.12,37.858],[-110.844,37.182],[-110.338,37.174],[-110.317,37.335],[-109.869,37.089],[-109.334,37.191],[-108.798,36.785],[-108.032,36.612],[-107.8,36.72],[-107.381,36.916],[-106.455,37.191],[-106.38,37.182],[-105.931,37.128]]]},"properties":{"NAME":"Ute","SUBJECTO":"Ute","PARTOF":"Ute","ABBREVN":"Ute","BORDERPRECISION":3,"fid":196}},
{"type":"Feature","geometry":{"type":"Polygon","coordinates":[[[-115.236,34.012],[-114.929,33.891],[-114.914,33.885],[-114.66,34.355],[-114.796,34.823],[-114.897,35.531],[-114.926,35.557],[-115.955,36.47],[-116.205,36.466],[-116.755,36.828],[-116.879,36.75],[-116.792,36.416],[-116.587,36.187],[-116.705,35.986],[-116.581,35.754],[-116.133,35.46],[-116.456,35.195],[-116.213,34.711],[-115.493,34.593],[-115.236,34.012]]]},"properties":{"BORDERPRECISION":3,"fid":197}},
{"type":"Feature","geometry":{"type":"Polygon","coordinates":[[[-115.955,36.47],[-114.926,35.557],[-114.728,35.742],[-114.666,35.801],[-114.766,36.192],[-114.223,36.053],[-114.021,36.216],[-113.407,35.801],[-113.371,35.889],[-113.266,36.143],[-112.582,36.378],[-111.787,36.021],[-111.197,35.466],[-111.178,35.476],[-110.995,36.01],[-110.462,36.236],[-110.338,37.174],[-110.844,37.182],[-111.12,37.858],[-111.746,37.868],[-112.198,38.224],[-112.461,38.675],[-113.338,38.783],[-113.517,38.886],[-113.521,38.876],[-113.728,38.841],[-114.638,38.686],[-115.395,38.27],[-115.683,37.545],[-115.656,36.727],[-115.773,36.473],[-115.955,36.47]]]},"properties":{"NAME":"Southern Paiute","SUBJECTO":"Southern Paiute","PARTOF":"Southern Paiute","ABBREVN":"Southern Paiute","BORDERPRECISION":3,"fid":198}},
{"type":"Feature","geometry":{"type":"Polygon","coordinates":[[[-111.878,35.105],[-111.197,35.466],[-111.787,36.021],[-112.582,36.378],[-113.266,36.143],[-113.371,35.889],[-112.948,35.489],[-112.824,35.156],[-111.873,35.132],[-111.878,35.105]]]},"properties":{"BORDERPRECISION":3,"fid":199}},
{"type":"Feature","geometry":{"type":"Polygon","coordinates":[[[-111.208,33.556],[-111.096,33.489],[-110.699,32.909],[-110.793,32.434],[-110.435,32.131],[-110.436,32.189],[-109.983,32.358],[-109.957,32.388],[-110.306,33.119],[-110.426,33.884],[-110.433,33.88],[-110.714,33.964],[-110.757,33.976],[-110.872,33.832],[-111.289,33.911],[-111.208,33.556]]]},"properties":{"BORDERPRECISION":3,"fid":200}},
{"type":"Feature","geometry":{"type":"Polygon","coordinates":[[[-111.545,34.397],[-111.369,34.759],[-110.972,34.971],[-111.185,35.454],[-111.197,35.466],[-111.878,35.105],[-111.947,34.73],[-111.807,34.418],[-111.545,34.397]]]},"properties":{"BORDERPRECISION":3,"fid":201}},
{"type":"Feature","geometry":{"type":"Polygon","coordinates":[[[-111.289,33.911],[-110.872,33.832],[-110.757,33.976],[-110.714,33.964],[-110.794,34.708],[-110.867,34.731],[-110.972,34.971],[-111.369,34.759],[-111.545,34.397],[-111.397,34.385],[-111.289,33.911]]]},"properties":{"BORDERPRECISION":3,"fid":202}},
{"type":"Feature","geometry":{"type":"Polygon","coordinates":[[[-109.957,32.388],[-109.295,33.143],[-109.276,33.849],[-110.013,34.456],[-110.06,34.471],[-110.109,34.072],[-110.426,33.884],[-110.306,33.119],[-109.957,32.388]]]},"properties":{"BORDERPRECISION":3,"fid":203}},
{"type":"Feature","geometry":{"type":"Polygon","coordinates":[[[-110.426,33.884],[-110.109,34.072],[-110.06,34.471],[-110.794,34.708],[-110.714,33.964],[-110.433,33.88],[-110.426,33.884]]]},"properties":{"BORDERPRECISION":3,"fid":204}},
{"type":"Feature","geometry":{"type":"Polygon","coordinates":[[[-122.359,48.168],[-122.345,48.077],[-122.391,47.868],[-122.486,47.606],[-122.633,47.492],[-122.478,47.474],[-121.51,47.361],[-121.469,47.356],[-121.297,47.407],[-121.293,47.449],[-121.279,47.584],[-121.267,47.709],[-121.293,47.761],[-121.439,48.05],[-121.462,48.055],[-122.014,48.165],[-122.359,48.168]]]},"properties":{"BORDERPRECISION":3,"fid":205}},
{"type":"Feature","geometry":{"type":"Polygon","coordinates":[[[-123.525,47.566],[-123.528,47.565],[-123.746,47.711],[-123.842,47.635],[-124.18,47.641],[-124.353,47.529],[-124.309,47.459],[-124.249,47.019],[-124.195,47.042],[-124.214,47.094],[-124.19,47.114],[-124.132,47.114],[-124.119,47.103],[-123.647,47.418],[-123.515,47.506],[-123.525,47.566]]]},"properties":{"BORDERPRECISION":3,"fid":206}},
{"type":"Feature","geometry":{"type":"Polygon","coordinates":[[[-124.119,47.103],[-124.06,47.051],[-123.905,47.042],[-124.17,46.941],[-124.177,46.816],[-124.176,46.811],[-123.707,46.634],[-123.664,46.617],[-123.066,46.671],[-123.173,46.828],[-123.5,47.312],[-123.647,47.418],[-124.119,47.103]]]},"properties":{"BORDERPRECISION":3,"fid":207}},
{"type":"Feature","geometry":{"type":"Polygon","coordinates":[[[-124.571,43.16],[-124.587,43.143],[-124.63,43.014],[-124.561,42.602],[-124.37,42.192],[-123.854,42.236],[-123.854,42.28],[-123.854,42.575],[-123.878,42.694],[-123.952,43.051],[-123.956,43.066],[-124.571,43.16]]]},"properties":{"BORDERPRECISION":3,"fid":208}},
{"type":"Feature","geometry":{"type":"Polygon","coordinates":[[[-123.854,42.28],[-123.662,42.198],[-123.548,41.938],[-123.433,42.17],[-123.178,42.194],[-123.175,42.217],[-123.152,42.41],[-123.216,42.675],[-123.223,42.702],[-123.878,42.694],[-123.854,42.575],[-123.854,42.28]]]},"properties":{"BORDERPRECISION":3,"fid":209}},
{"type":"Feature","geometry":{"type":"Polygon","coordinates":[[[-124.37,42.192],[-124.306,42.055],[-124.249,41.934],[-124.194,41.731],[-123.771,41.591],[-123.638,41.798],[-123.548,41.938],[-123.662,42.198],[-123.854,42.28],[-123.854,42.236],[-124.37,42.192]]]},"properties":{"BORDERPRECISION":3,"fid":210}},
{"type":"Feature","geometry":{"type":"Polygon","coordinates":[[[-124.261,41.017],[-124.345,40.806],[-124.086,40.756],[-123.956,40.63],[-123.833,40.871],[-123.912,41.017],[-124.261,41.017]]]},"properties":{"BORDERPRECISION":3,"fid":211}},
{"type":"Feature","geometry":{"type":"Polygon","coordinates":[[[-120.512,48.748],[-120.155,48.579],[-119.976,48.401],[-119.876,48.067],[-119.924,47.971],[-119.976,47.866],[-119.486,47.723],[-119.466,47.802],[-119.404,48.051],[-119.24,48.711],[-119.976,48.741],[-120.512,48.748]]]},"properties":{"BORDERPRECISION":3,"fid":212}},
{"type":"Feature","geometry":{"type":"Polygon","coordinates":[[[-119.24,48.711],[-119.118,49.196],[-120.919,49.044],[-120.512,48.748],[-119.976,48.741],[-119.24,48.711]]]},"properties":{"BORDERPRECISION":3,"fid":213}},
{"type":"Feature","geometry":{"type":"Polygon","coordinates":[[[-121.776,46.649],[-122.144,46.589],[-121.987,46.361],[-121.776,46.649]]]},"properties":{"BORDERPRECISION":3,"fid":214}},
{"type":"Feature","geometry":{"type":"Polygon","coordinates":[[[-122.633,47.492],[-122.663,47.469],[-122.707,47.405],[-122.735,47.365],[-122.748,47.262],[-122.794,47.293],[-122.861,47.338],[-122.944,47.423],[-123.183,47.488],[-123.131,47.532],[-123.343,47.659],[-123.525,47.566],[-123.515,47.506],[-123.647,47.418],[-123.5,47.312],[-123.173,46.828],[-122.906,47.155],[-122.587,47.232],[-122.401,47.277],[-122.478,47.474],[-122.633,47.492]]]},"properties":{"BORDERPRECISION":3,"fid":215}},
{"type":"Feature","geometry":{"type":"Polygon","coordinates":[[[-121.381,47.014],[-121.51,47.361],[-122.478,47.474],[-122.401,47.277],[-122.587,47.232],[-122.144,46.589],[-121.776,46.649],[-121.764,46.651],[-121.511,46.748],[-121.391,47.016],[-121.381,47.014]]]},"properties":{"BORDERPRECISION":3,"fid":216}},
{"type":"Feature","geometry":{"type":"Polygon","coordinates":[[[-121.511,46.748],[-121.764,46.651],[-121.776,46.649],[-121.987,46.361],[-122.151,46.137],[-122.377,45.579],[-122.288,45.53],[-121.898,45.678],[-121.876,45.686],[-121.511,45.672],[-121.343,45.665],[-121.209,45.587],[-120.998,45.631],[-120.578,45.657],[-120.588,45.715],[-120.597,45.713],[-121.511,46.748]]]},"properties":{"BORDERPRECISION":3,"fid":217}},
{"type":"Feature","geometry":{"type":"Polygon","coordinates":[[[-119.048,46.748],[-118.848,46.706],[-118.847,46.718],[-118.786,47.577],[-118.781,47.584],[-119.466,47.802],[-119.486,47.723],[-119.976,47.866],[-120.326,47.637],[-120.369,47.321],[-120.118,47.145],[-120.071,46.944],[-119.048,46.748]]]},"properties":{"BORDERPRECISION":3,"fid":218}},
{"type":"Feature","geometry":{"type":"Polygon","coordinates":[[[-121.462,48.055],[-121.381,48.343],[-121.052,48.767],[-121.176,49.023],[-122.683,48.896],[-122.606,48.835],[-122.535,48.697],[-122.374,48.266],[-122.359,48.168],[-122.014,48.165],[-121.462,48.055]]]},"properties":{"BORDERPRECISION":3,"fid":219}},
{"type":"Feature","geometry":{"type":"Polygon","coordinates":[[[-120.071,46.944],[-120.118,47.145],[-120.369,47.321],[-120.326,47.637],[-119.976,47.866],[-119.924,47.971],[-119.876,48.067],[-119.976,48.401],[-120.155,48.579],[-120.512,48.748],[-120.919,49.044],[-121.176,49.023],[-121.052,48.767],[-121.381,48.343],[-121.462,48.055],[-121.439,48.05],[-121.293,47.761],[-121.267,47.709],[-121.279,47.584],[-120.643,47.316],[-120.394,47.112],[-120.357,46.999],[-120.071,46.944]]]},"properties":{"BORDERPRECISION":3,"fid":220}},
{"type":"Feature","geometry":{"type":"Polygon","coordinates":[[[-117.286,48.903],[-117.338,49.346],[-119.118,49.196],[-119.24,48.711],[-118.115,48.577],[-117.991,48.365],[-117.316,48.925],[-117.286,48.903]]]},"properties":{"BORDERPRECISION":3,"fid":221}},
{"type":"Feature","geometry":{"type":"Polygon","coordinates":[[[-117.991,48.365],[-118.115,48.577],[-119.24,48.711],[-119.404,48.051],[-119.466,47.802],[-118.781,47.584],[-118.321,48.218],[-117.891,48.284],[-117.991,48.365]]]},"properties":{"BORDERPRECISION":3,"fid":222}},
{"type":"Feature","geometry":{"type":"Polygon","coordinates":[[[-117.395,44.792],[-117.994,44.924],[-118.343,44.893],[-118.995,44.93],[-118.997,44.934],[-119.415,44.769],[-119.467,44.765],[-120.747,44.672],[-120.811,44.656],[-122.014,44.342],[-121.929,43.506],[-122,43.506],[-121.902,43.31],[-121.885,43.306],[-121.292,43.171],[-120.794,42.716],[-120.394,42.09],[-120.493,41.813],[-120.5,41.812],[-120.263,41.748],[-120.199,41.175],[-120.434,40.97],[-120.475,40.934],[-120.504,40.672],[-120.201,40.238],[-120.19,40.099],[-119.933,40.005],[-119.572,39.4],[-119.36,38.864],[-119.48,38.316],[-119.34,38.003],[-119.366,37.968],[-118.913,37.656],[-118.343,37.243],[-118.328,37.232],[-118.008,36.621],[-117.899,36.82],[-118.007,37.388],[-117.701,37.816],[-117.737,38.693],[-117.575,39.47],[-117.106,40.928],[-117.124,41.24],[-116.881,41.981],[-116.363,42.725],[-116.16,43.017],[-116.124,44.706],[-116.303,44.714],[-117.004,44.747],[-117.395,44.792]]]},"properties":{"NAME":"Northern Paiute","SUBJECTO":"Northern Paiute","PARTOF":"Northern Paiute","ABBREVN":"Northern Paiute","BORDERPRECISION":3,"fid":223}},
{"type":"Feature","geometry":{"type":"Polygon","coordinates":[[[-123.707,46.634],[-123.613,46.385],[-122.693,46.019],[-122.814,45.773],[-122.39,45.548],[-122.377,45.579],[-122.151,46.137],[-121.987,46.361],[-122.144,46.589],[-122.587,47.232],[-122.906,47.155],[-123.173,46.828],[-123.066,46.671],[-123.664,46.617],[-123.707,46.634]]]},"properties":{"BORDERPRECISION":3,"fid":224}},
{"type":"Feature","geometry":{"type":"Polygon","coordinates":[[[-122.995,45.63],[-122.973,45.649],[-123.207,46.091],[-123.714,46.245],[-123.649,45.856],[-123.647,45.856],[-123.352,45.538],[-122.997,45.634],[-122.995,45.63]]]},"properties":{"BORDERPRECISION":3,"fid":225}},
{"type":"Feature","geometry":{"type":"Polygon","coordinates":[[[-124.176,46.811],[-124.131,46.669],[-124.159,46.35],[-123.882,46.296],[-123.787,46.298],[-123.804,46.272],[-123.815,46.255],[-123.909,46.246],[-124.054,46.29],[-124.052,46.264],[-124.038,46.218],[-124.017,46.134],[-124.004,46.05],[-124.074,46.015],[-124.028,45.94],[-124.044,45.892],[-123.649,45.856],[-123.714,46.245],[-123.207,46.091],[-122.973,45.649],[-122.823,45.778],[-122.814,45.773],[-122.693,46.019],[-123.613,46.385],[-123.707,46.634],[-124.176,46.811]]]},"properties":{"BORDERPRECISION":3,"fid":226}},
{"type":"Feature","geometry":{"type":"Polygon","coordinates":[[[-123.952,43.051],[-123.801,43.223],[-123.45,43.242],[-123.322,43.354],[-123.326,43.355],[-123.599,43.534],[-124.145,43.651],[-124.253,43.439],[-124.302,43.343],[-124.483,43.253],[-124.571,43.16],[-123.956,43.066],[-123.952,43.051]]]},"properties":{"BORDERPRECISION":3,"fid":227}},
{"type":"Feature","geometry":{"type":"Polygon","coordinates":[[[-123.548,41.938],[-123.638,41.798],[-123.509,41.376],[-123.523,41.364],[-123.284,41.192],[-123.239,41.159],[-123.112,41.238],[-123.109,41.243],[-122.879,41.568],[-123.007,42.084],[-123.107,42.077],[-123.175,42.217],[-123.178,42.194],[-123.433,42.17],[-123.548,41.938]]]},"properties":{"BORDERPRECISION":3,"fid":228}},
{"type":"Feature","geometry":{"type":"Polygon","coordinates":[[[-122.175,42.021],[-122.298,42.604],[-122.357,42.644],[-122.711,42.886],[-123.216,42.675],[-123.152,42.41],[-123.175,42.217],[-123.107,42.077],[-123.007,42.084],[-122.461,42.123],[-122.194,41.996],[-122.2,42.011],[-122.175,42.021]]]},"properties":{"BORDERPRECISION":3,"fid":229}},
{"type":"Feature","geometry":{"type":"Polygon","coordinates":[[[-123.141,43.505],[-123.232,43.346],[-123.322,43.354],[-123.45,43.242],[-123.801,43.223],[-123.952,43.051],[-123.878,42.694],[-123.223,42.702],[-123.216,42.675],[-122.711,42.886],[-122.678,42.899],[-122.811,43.083],[-122.83,43.31],[-122.845,43.502],[-123.141,43.505]]]},"properties":{"BORDERPRECISION":3,"fid":230}},
{"type":"Feature","geometry":{"type":"Polygon","coordinates":[[[-122.845,43.502],[-122.83,43.31],[-122.811,43.083],[-122.678,42.899],[-122.711,42.886],[-122.357,42.644],[-121.94,43.229],[-121.885,43.306],[-121.902,43.31],[-122,43.506],[-122.681,43.5],[-122.845,43.502]]]},"properties":{"BORDERPRECISION":3,"fid":231}},
{"type":"Feature","geometry":{"type":"Polygon","coordinates":[[[-120.394,42.09],[-120.794,42.716],[-121.292,43.171],[-121.885,43.306],[-121.94,43.229],[-122.357,42.644],[-122.298,42.604],[-122.175,42.021],[-121.884,42.133],[-121.401,42.32],[-121.383,42.327],[-120.394,42.09]]]},"properties":{"BORDERPRECISION":3,"fid":232}},
{"type":"Feature","geometry":{"type":"Polygon","coordinates":[[[-122.822,39.534],[-122.791,39.572],[-123.001,40.472],[-123.17,40.45],[-123.116,40.42],[-123.254,40.244],[-123.185,40.103],[-123.346,40.086],[-123.469,39.909],[-123.699,39.98],[-124.021,39.963],[-123.934,39.823],[-123.933,39.821],[-123.111,39.714],[-122.979,39.549],[-122.822,39.534]]]},"properties":{"BORDERPRECISION":3,"fid":233}},
{"type":"Feature","geometry":{"type":"Polygon","coordinates":[[[-124.345,40.806],[-124.367,40.751],[-124.412,40.469],[-124.365,40.334],[-124.033,39.982],[-124.021,39.963],[-123.699,39.98],[-123.469,39.909],[-123.346,40.086],[-123.185,40.103],[-123.254,40.244],[-123.116,40.42],[-123.17,40.45],[-123.338,40.542],[-123.338,40.769],[-123.309,40.775],[-123.462,40.899],[-123.284,41.192],[-123.523,41.364],[-123.631,41.268],[-123.783,41.322],[-123.913,41.018],[-123.912,41.017],[-123.833,40.871],[-123.956,40.63],[-124.086,40.756],[-124.345,40.806]]]},"properties":{"BORDERPRECISION":3,"fid":234}},
{"type":"Feature","geometry":{"type":"Polygon","coordinates":[[[-123.001,40.472],[-122.283,40.568],[-122.256,40.571],[-122.064,40.92],[-122.049,40.922],[-122.108,41.067],[-122.104,41.076],[-122.297,41.067],[-122.354,41.326],[-122.617,41.147],[-122.968,41.117],[-123.054,40.822],[-123.309,40.775],[-123.338,40.769],[-123.338,40.542],[-123.17,40.45],[-123.001,40.472]]]},"properties":{"BORDERPRECISION":3,"fid":235}},
{"type":"Feature","geometry":{"type":"Polygon","coordinates":[[[-121.977,40.061],[-122.042,40.258],[-122.283,40.568],[-123.001,40.472],[-122.791,39.572],[-122.747,39.626],[-121.986,39.595],[-121.997,40.052],[-121.977,40.061]]]},"properties":{"BORDERPRECISION":3,"fid":236}},
{"type":"Feature","geometry":{"type":"Polygon","coordinates":[[[-121.414,40.584],[-121.739,40.806],[-121.7,40.968],[-122.049,40.922],[-122.064,40.92],[-122.256,40.571],[-122.283,40.568],[-122.042,40.258],[-121.977,40.061],[-121.395,40.328],[-121.541,40.57],[-121.414,40.584]]]},"properties":{"BORDERPRECISION":3,"fid":237}},
{"type":"Feature","geometry":{"type":"Polygon","coordinates":[[[-122.194,41.996],[-122.461,42.123],[-123.007,42.084],[-122.879,41.568],[-123.109,41.243],[-122.955,41.163],[-122.968,41.117],[-122.617,41.147],[-122.354,41.326],[-122.297,41.067],[-122.104,41.076],[-121.968,41.397],[-121.989,41.392],[-122.194,41.996]]]},"properties":{"BORDERPRECISION":3,"fid":238}},
{"type":"Feature","geometry":{"type":"Polygon","coordinates":[[[-123.284,41.192],[-123.462,40.899],[-123.309,40.775],[-123.054,40.822],[-122.968,41.117],[-122.955,41.163],[-123.109,41.243],[-123.112,41.238],[-123.239,41.159],[-123.284,41.192]]]},"properties":{"BORDERPRECISION":3,"fid":239}},
{"type":"Feature","geometry":{"type":"Polygon","coordinates":[[[-124.194,41.731],[-124.153,41.58],[-124.179,41.195],[-124.254,41.034],[-124.261,41.017],[-123.912,41.017],[-123.913,41.018],[-123.783,41.322],[-123.631,41.268],[-123.523,41.364],[-123.509,41.376],[-123.638,41.798],[-123.771,41.591],[-124.194,41.731]]]},"properties":{"BORDERPRECISION":3,"fid":240}},
{"type":"Feature","geometry":{"type":"Polygon","coordinates":[[[-78.134,42.403],[-77.279,42.242],[-76.019,42.188],[-75.366,42.061],[-75.296,42.177],[-75.091,42.447],[-74.604,42.644],[-73.7,43.246],[-73.662,43.271],[-73.363,43.733],[-73.311,43.813],[-73.2,44.299],[-73.108,44.656],[-72.996,45.022],[-74.778,45.022],[-75.776,44.419],[-76.016,44.318],[-76.015,44.286],[-76.103,44.222],[-76.281,44.143],[-76.299,44.124],[-76.348,44.069],[-76.303,43.997],[-76.262,43.991],[-76.245,44.019],[-76.224,44.051],[-76.182,44.072],[-76.135,44.055],[-76.134,44.027],[-76.178,43.988],[-76.179,43.986],[-76.19,43.966],[-76.169,43.962],[-76.147,43.97],[-76.136,43.974],[-76.091,44.003],[-76.062,44.014],[-76.051,44.008],[-76.085,43.966],[-76.104,43.948],[-76.166,43.888],[-76.219,43.857],[-76.246,43.874],[-76.269,43.871],[-76.289,43.85],[-76.263,43.793],[-76.192,43.701],[-76.174,43.625],[-76.209,43.565],[-76.274,43.531],[-76.369,43.525],[-76.519,43.459],[-76.724,43.335],[-76.77,43.315],[-76.863,43.274],[-76.936,43.276],[-76.961,43.264],[-76.937,43.237],[-77.03,43.238],[-77.237,43.266],[-77.267,43.267],[-77.389,43.27],[-77.483,43.248],[-77.485,43.247],[-77.53,43.221],[-77.523,43.19],[-77.58,43.216],[-77.7,43.3],[-77.761,43.321],[-78.035,43.366],[-78.98,43.231],[-78.764,42.754],[-79.006,42.61],[-78.134,42.403]]]},"properties":{"NAME":"Iroquois","SUBJECTO":"Iroquois","PARTOF":"Iroquois","ABBREVN":"Iroquois","BORDERPRECISION":3,"fid":241}},
{"type":"Feature","geometry":{"type":"Polygon","coordinates":[[[-87.974,44.37],[-89.324,44.915],[-90.017,45.332],[-90.32,44.894],[-90.436,44.401],[-90.704,44.082],[-88.136,44.052],[-87.924,44.35],[-87.974,44.37]]]},"properties":{"NAME":"Fox","SUBJECTO":"Fox","PARTOF":"Fox","ABBREVN":"Fox","BORDERPRECISION":3,"fid":242}},
{"type":"Feature","geometry":{"type":"Polygon","coordinates":[[[-88.371,37.087],[-88.855,37.139],[-89.092,36.947],[-89.104,36.948],[-89.483,36.51],[-89.524,36.35],[-89.67,36.19],[-89.869,35.59],[-89.796,35.019],[-90.464,33.917],[-90.48,33.884],[-89.066,33.854],[-89.025,33.438],[-90.711,33.377],[-90.763,32.97],[-89.949,32.982],[-89.951,32.958],[-88.846,33.28],[-87.11,33.261],[-86.693,35.112],[-87.687,35.795],[-87.961,36.874],[-88.326,37.011],[-88.371,37.087]]]},"properties":{"BORDERPRECISION":3,"fid":243}},
{"type":"Feature","geometry":{"type":"Polygon","coordinates":[[[-83.253,36.669],[-82.909,36.361],[-83.159,35.958],[-83.933,35.533],[-84.295,35.227],[-85.044,34.972],[-85.094,34.191],[-85.007,33.922],[-84.407,33.88],[-84.208,33.912],[-83.696,34.046],[-82.56,34.9],[-82.491,35.002],[-81.998,35.736],[-80.675,36.783],[-80.582,36.872],[-80.312,37.132],[-80.175,37.667],[-80.221,37.643],[-80.749,37.36],[-81.523,37.261],[-81.877,37.363],[-81.88,37.346],[-83.253,36.669]]]},"properties":{"NAME":"Cherokee","SUBJECTO":"Cherokee","PARTOF":"Cherokee","ABBREVN":"Cherokee","BORDERPRECISION":3,"fid":244}},
{"type":"Feature","geometry":{"type":"Polygon","coordinates":[[[-86.669,35.096],[-86.23,34.972],[-85.051,34.972],[-85.044,34.972],[-84.295,35.227],[-83.933,35.533],[-83.159,35.958],[-82.909,36.361],[-83.253,36.669],[-84.008,36.297],[-85.24,35.689],[-86.669,35.096]]]},"properties":{"NAME":"Yuchi","SUBJECTO":"Yuchi","PARTOF":"Yuchi","ABBREVN":"Yuchi","BORDERPRECISION":3,"fid":245}},
{"type":"Feature","geometry":{"type":"Polygon","coordinates":[[[-90.711,33.377],[-89.025,33.438],[-89.066,33.854],[-90.48,33.884],[-90.704,33.431],[-90.711,33.377]]]},"properties":{"BORDERPRECISION":3,"fid":246}},
{"type":"Feature","geometry":{"type":"Polygon","coordinates":[[[-86.693,35.112],[-87.11,33.261],[-87.162,32.953],[-86.107,32.913],[-86.356,33.092],[-86.117,33.548],[-85.301,33.66],[-85.007,33.922],[-85.094,34.191],[-85.044,34.972],[-85.051,34.972],[-86.23,34.972],[-86.669,35.096],[-86.693,35.112]]]},"properties":{"BORDERPRECISION":3,"fid":247}},
{"type":"Feature","geometry":{"type":"Polygon","coordinates":[[[-64.333,56.951],[-66.072,50.332],[-65.582,50.362],[-65.169,50.349],[-64.326,50.305],[-63.85,50.299],[-63.367,50.333],[-63.207,50.346],[-62.294,50.309],[-61.64,50.277],[-60.81,50.334],[-60.138,50.412],[-59.716,50.511],[-59.44,50.644],[-59.132,50.836],[-58.719,51.194],[-58.524,51.379],[-57.828,51.414],[-57.458,51.468],[-56.964,51.488],[-56.666,51.615],[-56.181,51.894],[-55.824,52.021],[-55.659,52.187],[-56.11,52.605],[-55.927,52.805],[-55.904,52.965],[-55.77,53.159],[-55.78,53.239],[-55.881,53.352],[-56.354,53.571],[-56.649,53.658],[-56.854,53.584],[-57.131,53.483],[-57.269,53.616],[-57.285,53.67],[-57.106,53.871],[-57.263,54.024],[-57.561,54.131],[-58.077,54.083],[-58.64,53.868],[-59.181,53.519],[-59.473,53.472],[-59.717,53.431],[-60.246,53.277],[-60.124,53.517],[-60.137,53.684],[-59.992,53.805],[-59.863,53.839],[-59.399,53.866],[-59.106,53.967],[-58.844,54.148],[-58.468,54.256],[-58.17,54.277],[-57.839,54.371],[-57.515,54.466],[-57.433,54.58],[-58.115,54.713],[-58.557,54.772],[-59.08,54.993],[-59.338,55.08],[-59.694,55.154],[-60.047,55.119],[-60.346,55.045],[-60.575,55.071],[-60.373,55.422],[-60.358,55.51],[-60.468,55.659],[-60.873,55.855],[-61.25,56.077],[-61.458,56.158],[-61.743,56.171],[-61.928,56.273],[-62.078,56.504],[-62.163,56.612],[-62.286,56.694],[-62.326,56.769],[-62.184,56.796],[-61.849,56.742],[-61.545,56.729],[-61.361,56.777],[-61.335,56.811],[-61.351,57.002],[-61.408,57.048],[-64.333,56.951]]]},"properties":{"NAME":"Montagnais Innu","SUBJECTO":"Montagnais Innu","PARTOF":"Montagnais Innu","ABBREVN":"Montagnais","BORDERPRECISION":3,"fid":248}},
{"type":"Feature","geometry":{"type":"MultiPolygon","coordinates":[[[[-106.277,51.517],[-114.467,52],[-115.03,52.033],[-115.034,52.033],[-122.491,54.244],[-127.866,52.413],[-127.873,52.413],[-128.06,52.5],[-127.873,52.413],[-127.71,52.394],[-127.431,52.461],[-127.037,52.464],[-127.31,52.235],[-127.556,52.168],[-127.735,52.041],[-128.013,51.808],[-127.455,51.769],[-127.353,51.637],[-127.559,51.537],[-127.675,51.245],[-127.627,51.133],[-127.455,51.021],[-127.247,50.968],[-126.691,50.989],[-126.425,51.089],[-126.228,50.93],[-126.164,50.752],[-126.086,50.713],[-125.867,50.673],[-125.412,50.549],[-124.939,50.596],[-124.849,50.226],[-124.795,50.035],[-124.471,49.813],[-124.253,49.839],[-124.15,49.931],[-123.976,49.971],[-123.921,49.886],[-123.847,49.663],[-123.699,49.525],[-123.531,49.513],[-123.212,49.625],[-123.245,49.469],[-123.213,49.272],[-122.984,49.135],[-122.9,49.067],[-122.683,48.896],[-121.176,49.023],[-120.919,49.044],[-119.118,49.196],[-117.338,49.346],[-115.685,49.485],[-114.035,49.624],[-114.083,49.774],[-110.611,50.337],[-109.644,49.648],[-108.642,50.204],[-106.277,51.517]]],[[[-134.799,60.553],[-132.055,59.845],[-130.075,57.566],[-128.705,60.74],[-133.464,61.538],[-134.311,61.434],[-134.799,60.553]]],[[[-129.763,69.658],[-133.481,62.934],[-132.302,62.538],[-124.936,64.835],[-118.198,62.713],[-118.196,62.711],[-111.371,58.606],[-107.513,58.896],[-123.078,69.835],[-123.292,69.64],[-123.803,69.434],[-124.225,69.403],[-124.6,69.463],[-124.508,69.592],[-124.534,69.782],[-124.707,69.941],[-124.989,69.895],[-125.14,69.834],[-125.386,69.818],[-125.418,69.697],[-125.188,69.409],[-125.277,69.341],[-125.455,69.333],[-125.974,69.43],[-126.058,69.461],[-126.618,69.679],[-126.795,69.785],[-126.997,70.02],[-127.166,70.235],[-127.352,70.38],[-127.667,70.518],[-128.011,70.641],[-128.416,70.686],[-128.121,70.486],[-127.806,70.31],[-127.726,70.188],[-127.94,70.08],[-128.309,69.995],[-128.724,69.873],[-129.013,69.72],[-129.763,69.658]]]]},"properties":{"BORDERPRECISION":3,"fid":249}},
{"type":"Feature","geometry":{"type":"Polygon","coordinates":[[[-68.782,44.627],[-68.715,44.609],[-68.804,44.393],[-68.504,44.297],[-68.558,44.483],[-68.467,44.441],[-68.131,44.567],[-68.052,44.411],[-67.985,44.483],[-67.908,44.477],[-67.863,44.603],[-67.738,44.663],[-67.634,44.627],[-67.6,44.579],[-67.537,44.609],[-67.532,44.723],[-67.398,44.669],[-67.169,44.711],[-66.939,44.879],[-67.016,44.921],[-67.15,44.903],[-67.03,45.03],[-67.187,45.252],[-67.016,45.144],[-66.96,45.21],[-66.502,45.186],[-66.435,45.133],[-67.354,48.846],[-67.781,48.724],[-68.341,48.546],[-69.254,48.12],[-69.52,46.302],[-71.631,46.009],[-73.683,45.657],[-73.449,47.064],[-69.802,48.191],[-69.653,48.296],[-69.507,48.459],[-69.15,48.734],[-68.801,48.977],[-68.307,49.227],[-68.065,49.293],[-67.584,49.34],[-67.318,49.425],[-67.189,49.576],[-67.096,49.826],[-66.855,50.089],[-66.619,50.221],[-66.373,50.314],[-66.072,50.332],[-64.333,56.951],[-76.472,56.547],[-76.569,56.272],[-76.764,56.027],[-77.234,55.607],[-77.517,55.471],[-78.308,55.044],[-78.589,54.922],[-78.982,54.814],[-79.545,54.692],[-79.399,54.276],[-79.23,54.149],[-78.935,54.076],[-78.801,53.963],[-78.758,53.749],[-79.035,53.742],[-78.936,53.548],[-78.844,53.281],[-78.842,53.034],[-78.725,52.695],[-78.573,52.489],[-78.491,52.256],[-78.553,52.01],[-78.797,51.771],[-78.7,51.566],[-78.748,51.32],[-78.823,51.161],[-78.941,51.32],[-79.112,51.525],[-79.276,51.604],[-79.534,51.418],[-79.594,51.266],[-79.495,51.14],[-79.338,50.843],[-79.747,51.113],[-80.073,51.298],[-80.361,51.304],[-80.396,51.377],[-80.573,51.641],[-80.877,51.906],[-81.311,52.118],[-81.506,52.141],[-87.717,48.91],[-87.462,48.824],[-87.192,48.774],[-87.036,48.804],[-86.934,48.8],[-86.887,48.763],[-86.824,48.761],[-86.744,48.795],[-86.687,48.791],[-86.653,48.75],[-86.584,48.741],[-86.48,48.763],[-86.384,48.725],[-86.295,48.627],[-86.225,48.495],[-86.171,48.328],[-86.077,48.179],[-85.941,48.048],[-85.797,47.966],[-85.645,47.934],[-85.388,47.925],[-85.027,47.94],[-84.894,47.86],[-84.989,47.686],[-84.924,47.524],[-84.698,47.375],[-84.623,47.261],[-84.7,47.182],[-84.749,47.101],[-84.769,47.016],[-84.738,46.953],[-84.657,46.91],[-84.605,46.903],[-84.582,46.931],[-84.519,46.931],[-84.415,46.904],[-84.372,46.872],[-84.392,46.835],[-84.442,46.817],[-84.521,46.817],[-84.562,46.785],[-84.565,46.721],[-84.545,46.708],[-84.503,46.744],[-84.467,46.744],[-84.436,46.708],[-84.466,46.655],[-84.555,46.583],[-84.562,46.536],[-84.22,46.505],[-83.742,46.26],[-83.614,46.266],[-83.267,46.199],[-82.977,46.177],[-82.743,46.199],[-82.646,46.199],[-82.686,46.178],[-82.46,46.153],[-81.968,46.124],[-81.74,46.098],[-81.775,46.076],[-81.788,46.053],[-81.78,46.029],[-81.822,46.024],[-81.912,46.039],[-81.921,46.028],[-81.847,45.991],[-81.773,46.008],[-81.699,46.079],[-81.629,46.101],[-81.564,46.074],[-81.578,46.047],[-81.671,46.021],[-81.708,46.008],[-81.689,46.008],[-81.668,46.012],[-81.647,46.02],[-81.597,46.03],[-81.519,46.044],[-81.478,46.05],[-81.476,46.048],[-81.524,46.038],[-81.622,46.019],[-81.643,46.007],[-81.585,46.002],[-81.59,45.986],[-81.656,45.961],[-81.686,45.947],[-81.678,45.942],[-81.634,45.957],[-81.554,45.993],[-81.511,46],[-81.504,45.978],[-81.481,45.975],[-81.442,45.989],[-81.418,45.994],[-81.409,45.991],[-81.394,45.991],[-81.372,45.996],[-81.333,45.998],[-81.277,45.997],[-81.245,45.996],[-81.238,45.994],[-81.275,45.989],[-81.356,45.983],[-81.367,45.973],[-81.31,45.958],[-81.249,45.963],[-81.186,45.989],[-81.165,45.984],[-81.187,45.948],[-81.101,45.937],[-80.908,45.951],[-80.807,45.955],[-80.797,45.947],[-80.795,45.936],[-80.803,45.919],[-80.804,45.912],[-80.801,45.913],[-80.801,45.911],[-80.804,45.905],[-80.803,45.9],[-80.8,45.897],[-80.798,45.899],[-80.796,45.908],[-80.794,45.909],[-80.79,45.902],[-80.782,45.917],[-80.769,45.952],[-80.761,45.97],[-80.758,45.97],[-80.753,45.951],[-80.746,45.913],[-80.734,45.892],[-80.715,45.889],[-80.696,45.888],[-80.677,45.889],[-80.662,45.89],[-80.651,45.89],[-80.646,45.889],[-80.645,45.889],[-80.659,45.887],[-80.687,45.885],[-80.71,45.885],[-80.728,45.886],[-80.735,45.878],[-80.731,45.862],[-80.718,45.85],[-80.694,45.844],[-80.667,45.848],[-80.637,45.861],[-80.619,45.866],[-80.613,45.864],[-80.627,45.856],[-80.661,45.84],[-80.69,45.833],[-80.713,45.835],[-80.71,45.82],[-80.679,45.791],[-80.623,45.776],[-80.541,45.775],[-80.532,45.772],[-80.595,45.768],[-80.634,45.757],[-80.649,45.74],[-80.616,45.705],[-80.533,45.65],[-80.498,45.608],[-80.509,45.578],[-80.49,45.579],[-80.441,45.61],[-80.397,45.609],[-80.36,45.577],[-80.355,45.536],[-80.383,45.486],[-80.369,45.452],[-80.313,45.433],[-80.289,45.407],[-80.297,45.373],[-80.268,45.351],[-80.201,45.339],[-80.186,45.349],[-80.222,45.382],[-80.21,45.402],[-80.152,45.408],[-80.099,45.396],[-80.05,45.365],[-80.055,45.313],[-80.113,45.238],[-80.087,45.177],[-79.978,45.129],[-79.967,45.1],[-80.054,45.09],[-80.042,45.069],[-79.931,45.035],[-79.894,45.009],[-79.932,44.988],[-79.918,44.967],[-79.851,44.944],[-79.812,44.902],[-79.799,44.841],[-79.778,44.806],[-79.747,44.796],[-79.732,44.799],[-79.733,44.812],[-79.721,44.821],[-79.696,44.826],[-79.689,44.831],[-79.701,44.835],[-79.705,44.837],[-79.703,44.837],[-79.71,44.842],[-79.726,44.853],[-79.738,44.863],[-79.744,44.871],[-79.729,44.878],[-79.694,44.882],[-79.676,44.867],[-79.675,44.832],[-79.687,44.81],[-79.711,44.799],[-79.706,44.779],[-79.671,44.75],[-79.713,44.739],[-79.832,44.748],[-79.889,44.767],[-79.887,44.797],[-79.897,44.811],[-79.92,44.809],[-79.934,44.799],[-79.937,44.78],[-79.942,44.769],[-79.947,44.767],[-79.95,44.791],[-79.951,44.842],[-79.994,44.853],[-80.081,44.824],[-80.088,44.774],[-80.015,44.703],[-80.01,44.618],[-80.071,44.52],[-80.224,44.505],[-80.469,44.572],[-80.605,44.635],[-80.633,44.693],[-80.684,44.717],[-80.758,44.709],[-80.833,44.67],[-80.907,44.602],[-80.934,44.624],[-80.914,44.736],[-80.963,44.781],[-81.081,44.758],[-81.095,44.799],[-81.005,44.904],[-80.991,44.94],[-81.051,44.908],[-81.117,44.909],[-81.189,44.943],[-81.252,45.005],[-81.308,45.097],[-81.325,45.168],[-81.302,45.219],[-81.39,45.248],[-81.589,45.254],[-81.698,45.246],[-81.717,45.225],[-81.689,45.209],[-81.615,45.197],[-81.543,45.137],[-81.472,45.027],[-81.42,44.979],[-81.385,44.993],[-81.344,44.905],[-81.297,44.713],[-81.355,44.546],[-81.517,44.404],[-81.638,44.268],[-81.719,44.139],[-81.752,43.892],[-81.739,43.529],[-81.808,43.318],[-81.96,43.257],[-82.07,43.184],[-82.138,43.1],[-82.233,43.044],[-82.354,43.015],[-82.372,43.044],[-83.131,42.052],[-83.125,42.051],[-82.991,42.004],[-82.845,41.994],[-82.689,42.019],[-82.586,42.001],[-82.535,41.94],[-82.484,41.96],[-82.434,42.061],[-82.284,42.147],[-82.034,42.219],[-81.9,42.275],[-81.884,42.315],[-81.883,42.316],[-81.899,42.279],[-81.892,42.259],[-81.864,42.257],[-81.838,42.29],[-81.815,42.358],[-81.682,42.457],[-81.439,42.587],[-81.014,42.624],[-80.406,42.569],[-80.088,42.543],[-80.058,42.547],[-80.146,42.565],[-80.352,42.598],[-80.395,42.657],[-80.276,42.741],[-80.023,42.807],[-79.637,42.853],[-79.357,42.866],[-79.183,42.846],[-79.047,42.852],[-78.95,42.887],[-78.893,42.87],[-78.875,42.804],[-78.977,42.704],[-79.198,42.571],[-79.564,42.387],[-79.613,42.365],[-79.006,42.61],[-78.764,42.754],[-78.98,43.231],[-78.035,43.366],[-77.761,43.321],[-77.846,43.35],[-78.018,43.367],[-78.237,43.371],[-78.503,43.362],[-78.821,43.308],[-79.189,43.209],[-79.478,43.195],[-79.686,43.266],[-79.793,43.3],[-79.797,43.298],[-79.794,43.29],[-79.786,43.276],[-79.783,43.267],[-79.787,43.264],[-79.823,43.265],[-79.891,43.269],[-79.896,43.282],[-79.838,43.304],[-79.807,43.31],[-79.803,43.301],[-79.799,43.298],[-79.794,43.301],[-79.743,43.365],[-79.647,43.491],[-79.53,43.57],[-79.392,43.601],[-79.267,43.669],[-79.153,43.772],[-78.738,43.878],[-78.023,43.985],[-77.623,44.01],[-77.537,43.954],[-77.443,43.934],[-77.341,43.951],[-77.29,43.956],[-77.29,43.95],[-77.294,43.945],[-77.299,43.941],[-77.288,43.945],[-77.26,43.955],[-77.253,43.948],[-77.267,43.923],[-77.285,43.917],[-77.306,43.931],[-77.311,43.94],[-77.3,43.946],[-77.306,43.949],[-77.327,43.949],[-77.315,43.925],[-77.27,43.879],[-77.223,43.851],[-77.175,43.843],[-77.079,43.863],[-76.933,43.91],[-76.897,43.936],[-76.97,43.94],[-77.014,43.935],[-77.027,43.921],[-77.036,43.913],[-77.041,43.911],[-77.046,43.912],[-77.05,43.917],[-77,43.967],[-76.895,44.063],[-76.881,44.093],[-76.956,44.057],[-77.022,44.04],[-77.08,44.042],[-77.116,44.034],[-77.13,44.017],[-77.119,44.05],[-77.084,44.133],[-77.127,44.149],[-77.248,44.099],[-77.31,44.093],[-77.312,44.13],[-77.385,44.128],[-77.53,44.087],[-77.54,44.091],[-77.414,44.14],[-77.311,44.163],[-77.231,44.159],[-77.152,44.168],[-77.075,44.189],[-77.025,44.2],[-77.002,44.199],[-76.985,44.208],[-76.974,44.227],[-76.963,44.24],[-76.951,44.247],[-76.976,44.214],[-77.037,44.141],[-77.034,44.129],[-76.967,44.178],[-76.933,44.195],[-76.932,44.182],[-76.92,44.175],[-76.897,44.175],[-76.886,44.17],[-76.885,44.159],[-76.933,44.136],[-77.029,44.101],[-77.063,44.075],[-77.035,44.059],[-76.876,44.112],[-76.586,44.233],[-76.449,44.277],[-76.463,44.243],[-76.357,44.26],[-76.131,44.327],[-76.017,44.336],[-76.016,44.318],[-75.776,44.419],[-74.778,45.022],[-72.996,45.022],[-73.108,44.656],[-73.2,44.299],[-73.311,43.813],[-73.363,43.733],[-72.977,43.701],[-72.28,43.375],[-72.559,42.445],[-72.132,42.374],[-71.681,42.46],[-70.994,44.307],[-70.07,44.694],[-68.782,44.627]]]},"properties":{"BORDERPRECISION":3,"fid":250}},
{"type":"Feature","geometry":{"type":"Polygon","coordinates":[[[-97.26,25.811],[-97.451,26.218],[-97.573,26.561],[-97.638,26.847],[-97.632,27.228],[-97.563,27.362],[-97.267,27.674],[-97.317,27.75],[-97.568,27.909],[-97.546,27.923],[-97.831,28.014],[-98.174,28.245],[-100.335,28.723],[-100.819,29.302],[-100.857,29.347],[-101.271,29.667],[-101.728,29.803],[-102.722,29.749],[-102.961,29.344],[-103.741,29.234],[-104.206,29.617],[-104.785,30.586],[-106.181,31.738],[-106.445,31.759],[-106.682,32.095],[-106.386,31.429],[-105.1,30.341],[-104.704,29.451],[-99.136,26.177],[-97.26,25.811]]]},"properties":{"BORDERPRECISION":3,"fid":251}},
{"type":"Feature","geometry":{"type":"MultiPolygon","coordinates":[[[[-114.255,33.421],[-113.941,34.352],[-114.17,34.844],[-114.144,34.833],[-114.311,35.035],[-114.425,35.54],[-114.728,35.742],[-114.926,35.557],[-114.897,35.531],[-114.796,34.823],[-114.66,34.355],[-114.914,33.885],[-114.929,33.891],[-115.236,34.012],[-116.333,34.11],[-116.882,34.159],[-117.382,34.38],[-117.535,34.213],[-117.57,33.997],[-117.752,33.853],[-117.972,33.708],[-117.709,33.529],[-117.497,33.325],[-115.175,33.472],[-114.255,33.421]]],[[[-120.391,39.663],[-120.476,39.575],[-120.314,39.342],[-120.271,39.142],[-120.077,38.991],[-120.108,38.87],[-119.502,38.366],[-119.48,38.316],[-119.36,38.864],[-119.572,39.4],[-119.933,40.005],[-120.19,40.099],[-120.162,39.742],[-120.364,39.635],[-120.391,39.663]]],[[[-122.782,39.53],[-122.791,39.572],[-122.822,39.534],[-122.782,39.53]]]]},"properties":{"BORDERPRECISION":3,"fid":252}},
{"type":"Feature","geometry":{"type":"Polygon","coordinates":[[[-123.352,45.538],[-123.647,45.856],[-123.649,45.856],[-124.044,45.892],[-124.064,45.836],[-123.995,45.764],[-124.003,45.684],[-124.044,45.333],[-124.072,45.048],[-124.14,44.789],[-124.23,44.451],[-124.331,44.072],[-124.302,43.924],[-124.137,43.666],[-124.145,43.651],[-123.599,43.534],[-123.326,43.355],[-123.322,43.354],[-123.232,43.346],[-123.141,43.505],[-123.234,43.506],[-123.557,44.765],[-123.359,45.535],[-123.352,45.538]]]},"properties":{"BORDERPRECISION":3,"fid":253}},
{"type":"Feature","geometry":{"type":"Polygon","coordinates":[[[-123.525,47.566],[-123.343,47.659],[-123.131,47.532],[-122.997,47.645],[-122.808,47.828],[-122.826,48.023],[-123.072,48.167],[-123.259,48.206],[-123.505,48.185],[-123.793,48.198],[-124.146,48.25],[-124.43,48.347],[-124.675,48.386],[-124.733,48.327],[-124.726,48.118],[-124.353,47.529],[-124.18,47.641],[-123.842,47.635],[-123.746,47.711],[-123.528,47.565],[-123.525,47.566]]]},"properties":{"BORDERPRECISION":3,"fid":254}},
{"type":"Feature","geometry":{"type":"Polygon","coordinates":[[[-87.848,44.606],[-87.943,44.565],[-87.999,44.583],[-87.991,44.671],[-87.95,44.77],[-87.876,44.878],[-87.867,44.885],[-88.667,46.134],[-87.514,46.689],[-87.533,46.713],[-87.647,46.81],[-87.76,46.864],[-87.883,46.898],[-88.016,46.913],[-88.113,46.914],[-88.177,46.901],[-88.223,46.878],[-88.25,46.846],[-88.27,46.828],[-88.282,46.824],[-88.253,46.858],[-88.181,46.931],[-88.233,46.914],[-88.409,46.808],[-88.484,46.81],[-88.457,46.92],[-88.39,47.031],[-88.283,47.142],[-88.161,47.246],[-88.025,47.34],[-87.895,47.392],[-87.772,47.401],[-87.767,47.425],[-87.881,47.462],[-88.059,47.453],[-88.299,47.399],[-88.56,47.279],[-88.84,47.093],[-89.09,46.96],[-89.311,46.881],[-89.514,46.836],[-89.698,46.824],[-89.953,46.754],[-90.277,46.625],[-90.527,46.603],[-90.705,46.688],[-90.768,46.713],[-90.716,46.678],[-90.755,46.641],[-90.884,46.604],[-90.9,46.661],[-90.801,46.812],[-90.778,46.907],[-90.832,46.944],[-91.092,46.896],[-91.414,46.803],[-91.408,46.756],[-90.017,45.332],[-89.324,44.915],[-87.974,44.37],[-87.856,44.6],[-87.848,44.606]]]},"properties":{"BORDERPRECISION":3,"fid":255}},
{"type":"Feature","geometry":{"type":"Polygon","coordinates":[[[-117.852,46.347],[-118.728,45.898],[-118.951,46.033],[-119.003,45.805],[-119.307,45.468],[-119.069,45.171],[-118.997,44.934],[-118.995,44.93],[-118.343,44.893],[-117.994,44.924],[-117.395,44.792],[-117.711,45.636],[-117.571,46.024],[-117.852,46.347]]]},"properties":{"NAME":"Cayuse","SUBJECTO":"Cayuse","PARTOF":"Cayuse","ABBREVN":"Cayuse","BORDERPRECISION":3,"fid":256}},
{"type":"Feature","geometry":{"type":"Polygon","coordinates":[[[-92.796,40.337],[-93.35,40.239],[-93.709,40.175],[-94.324,40.414],[-95.016,40.682],[-95.238,40.635],[-95.398,40.26],[-95.373,40.043],[-95.259,39.96],[-95.077,39.826],[-94.892,39.854],[-95.065,39.57],[-94.769,39.16],[-94.535,39.16],[-94.474,38.79],[-94.473,38.786],[-91.626,38.469],[-91.786,39.286],[-92.216,40.085],[-92.837,40.307],[-92.796,40.337]]]},"properties":{"NAME":"Missouri","SUBJECTO":"Missouri","PARTOF":"Missouri","ABBREVN":"Missouri","BORDERPRECISION":3,"fid":257}},
{"type":"Feature","geometry":{"type":"Polygon","coordinates":[[[-96.723,41.192],[-96.519,41.211],[-96.585,41.437],[-96.213,41.926],[-96.098,41.937],[-96.345,42.475],[-97.272,42.903],[-97.967,42.718],[-98.012,42.757],[-98.293,42.317],[-98.253,42.308],[-97.926,42.035],[-97.534,42.008],[-97.198,41.362],[-96.723,41.192]]]},"properties":{"NAME":"Omaha","SUBJECTO":"Omaha","PARTOF":"Omaha","ABBREVN":"Omaha","BORDERPRECISION":3,"fid":258}},
{"type":"Feature","geometry":{"type":"Polygon","coordinates":[[[-98.293,42.317],[-98.012,42.757],[-99.449,43.992],[-99.889,44.2],[-99.862,44.328],[-100.451,44.148],[-100.612,44.06],[-100.933,43.885],[-100.856,42.762],[-99.837,42.681],[-98.981,42.481],[-98.293,42.317]]]},"properties":{"NAME":"Ponca","SUBJECTO":"Ponca","PARTOF":"Ponca","ABBREVN":"Ponca","BORDERPRECISION":3,"fid":259}},
{"type":"Feature","geometry":{"type":"Polygon","coordinates":[[[-89.105,42.891],[-89.172,43.026],[-88.218,43.89],[-88.136,44.052],[-90.704,44.082],[-91.056,43.961],[-91.134,43.935],[-91.041,43.843],[-89.832,42.676],[-89.225,42.868],[-89.105,42.891]]]},"properties":{"BORDERPRECISION":3,"fid":260}},
{"type":"Feature","geometry":{"type":"Polygon","coordinates":[[[-100.874,42.763],[-100.933,43.885],[-100.612,44.06],[-100.451,44.148],[-99.862,44.328],[-99.82,44.525],[-99.979,44.788],[-101.143,44.715],[-100.999,45.551],[-101.272,46.346],[-101.576,46.823],[-101.911,47.158],[-103.335,47.61],[-103.995,47.636],[-104.537,47.134],[-104.698,46.17],[-104.349,45.21],[-104.553,45.072],[-104.225,45.239],[-103.699,45.3],[-103.22,45.194],[-102.755,44.896],[-102.313,44.485],[-102.229,44.165],[-102.884,43.266],[-102.953,42.985],[-103.479,42.611],[-104.164,41.971],[-103.197,41.607],[-101.275,41.143],[-101.393,41.716],[-101.593,41.989],[-101.475,42.199],[-101.056,42.417],[-100.874,42.763]]]},"properties":{"NAME":"Teton","SUBJECTO":"Teton","PARTOF":"Teton","ABBREVN":"Teton","BORDERPRECISION":3,"fid":261}},
{"type":"Feature","geometry":{"type":"Polygon","coordinates":[[[-120.357,46.999],[-120.394,47.112],[-120.643,47.316],[-121.279,47.584],[-121.293,47.449],[-120.414,46.958],[-120.357,46.999]]]},"properties":{"BORDERPRECISION":3,"fid":262}},
{"type":"Feature","geometry":{"type":"Polygon","coordinates":[[[-120.175,45.795],[-119.467,44.765],[-119.415,44.769],[-118.997,44.934],[-119.069,45.171],[-119.307,45.468],[-119.003,45.805],[-118.951,46.033],[-120.175,45.795]]]},"properties":{"NAME":"Umatilla","SUBJECTO":"Umatilla","PARTOF":"Umatilla","ABBREVN":"Umatilla","BORDERPRECISION":3,"fid":263}},
{"type":"Feature","geometry":{"type":"Polygon","coordinates":[[[-120.588,45.715],[-120.578,45.657],[-120.998,45.631],[-121.114,45.306],[-121.241,45.279],[-121.857,45.156],[-121.869,45.1],[-121.985,44.512],[-122.108,44.352],[-122.015,44.35],[-122.014,44.342],[-120.811,44.656],[-120.747,44.672],[-119.467,44.765],[-120.175,45.795],[-120.588,45.715]]]},"properties":{"NAME":"Tenimo","SUBJECTO":"Tenimo","PARTOF":"Tenimo","ABBREVN":"Tenimo","BORDERPRECISION":3,"fid":264}},
{"type":"Feature","geometry":{"type":"Polygon","coordinates":[[[-117.102,46.776],[-117.426,47.008],[-117.429,47.01],[-118.743,46.631],[-118.847,46.718],[-118.848,46.706],[-119.048,46.748],[-118.951,46.033],[-118.728,45.898],[-117.852,46.347],[-117.317,46.411],[-117.134,46.77],[-117.102,46.776]]]},"properties":{"BORDERPRECISION":3,"fid":265}},
{"type":"Feature","geometry":{"type":"Polygon","coordinates":[[[-120.504,40.672],[-120.475,40.934],[-120.434,40.97],[-121.143,41.1],[-121.238,41.077],[-121.177,40.61],[-120.511,40.683],[-120.504,40.672]]]},"properties":{"BORDERPRECISION":3,"fid":266}},
{"type":"Feature","geometry":{"type":"Polygon","coordinates":[[[-120.414,46.958],[-121.293,47.449],[-121.297,47.407],[-121.469,47.356],[-121.51,47.361],[-121.381,47.014],[-120.602,46.822],[-120.414,46.958]]]},"properties":{"BORDERPRECISION":3,"fid":267}},
{"type":"Feature","geometry":{"type":"Polygon","coordinates":[[[-121.511,45.672],[-121.241,45.279],[-121.114,45.306],[-120.998,45.631],[-121.209,45.587],[-121.343,45.665],[-121.511,45.672]]]},"properties":{"BORDERPRECISION":3,"fid":268}},
{"type":"Feature","geometry":{"type":"Polygon","coordinates":[[[-122.818,45.079],[-122.301,45.007],[-122.279,45.012],[-121.869,45.1],[-121.857,45.156],[-121.241,45.279],[-121.511,45.672],[-121.876,45.686],[-121.903,45.668],[-121.898,45.678],[-122.288,45.53],[-122.377,45.579],[-122.39,45.548],[-122.814,45.773],[-122.823,45.778],[-122.973,45.649],[-122.995,45.63],[-122.818,45.079]]]},"properties":{"BORDERPRECISION":3,"fid":269}},
{"type":"Feature","geometry":{"type":"Polygon","coordinates":[[[-122.108,44.352],[-121.985,44.512],[-121.869,45.1],[-122.279,45.012],[-122.283,45.004],[-122.301,45.007],[-122.818,45.079],[-122.611,44.432],[-122.588,44.363],[-122.108,44.352]]]},"properties":{"BORDERPRECISION":3,"fid":270}},
{"type":"Feature","geometry":{"type":"Polygon","coordinates":[[[-116.432,46.8],[-116.146,47.829],[-116.282,47.885],[-117.358,47.896],[-117.29,47.625],[-117.426,47.008],[-117.102,46.776],[-116.627,46.868],[-116.432,46.8]]]},"properties":{"BORDERPRECISION":3,"fid":271}},
{"type":"Feature","geometry":{"type":"Polygon","coordinates":[[[-117.891,48.284],[-118.321,48.218],[-118.781,47.584],[-118.786,47.577],[-118.847,46.718],[-118.743,46.631],[-117.429,47.01],[-117.426,47.008],[-117.29,47.625],[-117.358,47.896],[-117.414,47.896],[-117.891,48.284]]]},"properties":{"BORDERPRECISION":3,"fid":272}},
{"type":"Feature","geometry":{"type":"Polygon","coordinates":[[[-119.612,37.639],[-119.571,37.649],[-119.528,37.412],[-119.206,36.954],[-118.641,36.817],[-118.64,36.812],[-118.343,37.243],[-118.913,37.656],[-119.366,37.968],[-119.612,37.639]]]},"properties":{"BORDERPRECISION":3,"fid":273}},
{"type":"Feature","geometry":{"type":"Polygon","coordinates":[[[-118.008,36.621],[-118.328,37.232],[-118.343,37.243],[-118.64,36.812],[-118.55,36.437],[-118.762,36.25],[-118.57,36.152],[-118.609,35.629],[-117.908,35.78],[-117.98,36.183],[-118.034,36.575],[-118.008,36.621]]]},"properties":{"BORDERPRECISION":3,"fid":274}},
{"type":"Feature","geometry":{"type":"Polygon","coordinates":[[[-121.305,41.585],[-121.238,41.077],[-121.143,41.1],[-120.434,40.97],[-120.199,41.175],[-120.263,41.748],[-120.5,41.812],[-121.305,41.585]]]},"properties":{"BORDERPRECISION":3,"fid":275}},
{"type":"Feature","geometry":{"type":"Polygon","coordinates":[[[-121.177,40.61],[-121.238,41.077],[-121.665,40.973],[-121.7,40.968],[-121.739,40.806],[-121.414,40.584],[-121.177,40.61]]]},"properties":{"BORDERPRECISION":3,"fid":276}},
{"type":"Feature","geometry":{"type":"Polygon","coordinates":[[[-121.968,41.397],[-122.104,41.076],[-122.108,41.067],[-122.049,40.922],[-121.7,40.968],[-121.665,40.973],[-121.238,41.077],[-121.305,41.585],[-121.968,41.397]]]},"properties":{"BORDERPRECISION":3,"fid":277}},
{"type":"Feature","geometry":{"type":"Polygon","coordinates":[[[-105.427,35.266],[-106.137,35.542],[-106.274,35.273],[-106.493,35.123],[-105.789,34.772],[-105.788,34.773],[-105.427,35.266]]]},"properties":{"NAME":"Tano","SUBJECTO":"Tano","PARTOF":"Tano","ABBREVN":"Tano","BORDERPRECISION":3,"fid":278}},
{"type":"Feature","geometry":{"type":"Polygon","coordinates":[[[-107.207,33.194],[-107.128,33.215],[-106.989,33.253],[-106.587,33.98],[-105.79,34.771],[-105.789,34.772],[-106.493,35.123],[-106.274,35.273],[-106.137,35.542],[-105.427,35.266],[-105.364,35.828],[-105.315,36.143],[-105.269,36.453],[-104.632,36.974],[-105.931,37.128],[-105.931,36.67],[-106.386,35.882],[-106.98,34.101],[-107.207,33.194]]]},"properties":{"BORDERPRECISION":3,"fid":279}},
{"type":"Feature","geometry":{"type":"Polygon","coordinates":[[[-107.8,36.72],[-108.032,36.612],[-108.798,36.785],[-109.334,37.191],[-109.869,37.089],[-110.317,37.335],[-110.338,37.174],[-110.462,36.236],[-109.883,35.585],[-110.39,35.165],[-111.185,35.454],[-110.972,34.971],[-110.867,34.731],[-110.794,34.708],[-110.06,34.471],[-110.013,34.456],[-109.276,33.849],[-109.295,33.143],[-109.957,32.388],[-109.983,32.358],[-110.436,32.189],[-110.435,32.131],[-110.793,32.434],[-110.699,32.909],[-111.096,33.489],[-111.208,33.556],[-111.232,33.553],[-111.77,33.492],[-112.718,33.384],[-112.726,33.146],[-112.774,33.137],[-113.031,33.088],[-110.668,31.144],[-109.615,28.616],[-108.352,29.038],[-108.562,33.25],[-107.88,36.47],[-107.8,36.72]]]},"properties":{"BORDERPRECISION":3,"fid":280}},
{"type":"Feature","geometry":{"type":"MultiPolygon","coordinates":[[[[-160.927,63.952],[-157.178,64.013],[-138.3,69.143],[-138.995,69.368],[-139.901,69.571],[-140.335,69.623],[-140.739,69.585],[-141.059,69.595],[-141.161,69.599],[-141.704,69.734],[-142.802,70.09],[-143.308,70.197],[-144.36,70.133],[-145.273,70.116],[-145.607,70.192],[-146.183,70.268],[-147.724,70.327],[-148.121,70.38],[-148.741,70.494],[-149.286,70.539],[-149.939,70.499],[-150.639,70.475],[-151.144,70.482],[-151.726,70.535],[-151.915,70.496],[-152.137,70.534],[-152.49,70.695],[-152.651,70.819],[-152.971,70.934],[-153.293,70.949],[-153.771,70.971],[-154.461,70.993],[-155.1,71.077],[-155.234,70.984],[-155.475,70.852],[-155.666,70.867],[-156.138,70.928],[-156.145,71.083],[-155.973,71.145],[-156.043,71.223],[-156.347,71.331],[-156.474,71.354],[-156.905,71.346],[-157.318,71.158],[-157.812,70.971],[-158.417,70.908],[-158.855,70.884],[-159.369,70.899],[-160.24,70.858],[-160.248,70.766],[-159.91,70.604],[-159.839,70.512],[-159.905,70.427],[-160.717,70.456],[-161.188,70.44],[-161.697,70.331],[-162.177,70.284],[-162.511,70.184],[-162.879,69.999],[-163.156,69.763],[-163.511,69.504],[-163.714,69.224],[-164.067,69.065],[-164.89,68.935],[-165.336,68.904],[-166.297,68.88],[-166.335,68.661],[-166.701,68.48],[-166.844,68.405],[-165.94,68.16],[-164.743,67.863],[-164.513,67.797],[-164.044,67.589],[-163.826,67.448],[-163.739,67.218],[-163.031,67.175],[-162.599,67.161],[-161.936,67.088],[-161.796,66.749],[-161.218,66.728],[-160.343,66.597],[-160.032,66.568],[-160.035,66.487],[-160.125,66.339],[-160.585,66.316],[-160.923,66.367],[-161.261,66.396],[-161.379,66.359],[-161.627,66.226],[-161.979,66.116],[-162.275,66.071],[-162.759,66.063],[-163.37,66.106],[-163.843,66.178],[-163.853,66.303],[-163.782,66.538],[-164.463,66.596],[-165.093,66.47],[-165.521,66.366],[-165.997,66.203],[-166.428,66.107],[-167.024,65.959],[-167.73,65.863],[-168.081,65.745],[-168.18,65.694],[-167.602,65.6],[-166.999,65.492],[-166.139,65.355],[-165.663,65.246],[-165.864,65.166],[-166.317,65.165],[-166.604,65.15],[-166.669,65.085],[-166.586,64.73],[-166.348,64.637],[-165.741,64.559],[-165.171,64.546],[-164.6,64.619],[-164.265,64.605],[-163.883,64.591],[-163.025,64.442],[-162.802,64.471],[-162.562,64.601],[-162.137,64.789],[-161.291,64.964],[-161.126,64.928],[-160.902,64.813],[-160.79,64.64],[-160.944,64.525],[-161.361,64.51],[-161.373,64.466],[-161.006,64.158],[-160.927,63.952]]],[[[-171.858,63.5],[-171.728,63.457],[-171.323,63.486],[-170.966,63.459],[-170.629,63.366],[-169.903,63.075],[-169.666,63.24],[-169.375,63.254],[-169.119,63.241],[-169.14,63.291],[-169.333,63.397],[-170.109,63.56],[-170.482,63.688],[-170.723,63.688],[-170.968,63.652],[-171.229,63.651],[-171.739,63.75],[-171.972,63.729],[-172.052,63.6],[-171.858,63.5]]]]},"properties":{"NAME":"Inupiaq","SUBJECTO":"Inupiaq","PARTOF":"Inupiaq","ABBREVN":"Inupiaq","BORDERPRECISION":3,"fid":281}},
{"type":"Feature","geometry":{"type":"MultiPolygon","coordinates":[[[[-148.755,60.683],[-151.784,59.962],[-151.785,59.946],[-151.49,59.711],[-151.448,59.538],[-151.772,59.357],[-151.801,59.302],[-151.881,59.163],[-151.388,59.213],[-150.922,59.414],[-150.501,59.616],[-150.021,59.714],[-149.581,59.985],[-149.326,60.027],[-149.062,60],[-148.7,59.904],[-148.494,59.904],[-148.301,60.106],[-148.258,60.281],[-148.336,60.413],[-148.84,60.545],[-148.755,60.683]]],[[[-154.097,59.412],[-157.153,58.686],[-157.155,58.67],[-157.242,58.491],[-157.554,58.27],[-157.665,57.933],[-157.665,57.604],[-157.785,57.508],[-158.125,57.343],[-158.451,57.213],[-158.662,57.076],[-158.671,56.843],[-158.617,56.748],[-159.249,56.781],[-159.776,56.582],[-159.976,56.418],[-160.114,56.323],[-160.457,56.2],[-160.607,56.043],[-160.607,55.962],[-160.169,55.807],[-159.614,55.889],[-159.077,55.992],[-158.738,56.19],[-158.615,56.367],[-158.527,56.449],[-157.98,56.654],[-157.747,56.77],[-157.397,56.846],[-156.993,56.915],[-156.496,57.1],[-156.451,57.175],[-156.685,57.401],[-156.369,57.566],[-155.903,57.717],[-155.598,57.896],[-154.953,58.035],[-154.649,58.076],[-154.404,58.249],[-154.214,58.428],[-153.964,58.552],[-153.682,58.642],[-153.489,58.794],[-153.455,58.877],[-153.664,58.98],[-153.965,59.028],[-154.127,59.042],[-154.298,59.117],[-154.282,59.249],[-154.097,59.412]]],[[[-163.091,55.273],[-163.262,55.171],[-163.2,55.043],[-162.968,54.949],[-162.801,54.996],[-162.746,55.064],[-162.788,55.152],[-163.091,55.273]]],[[[-160.356,55.657],[-160.676,55.765],[-161.318,55.879],[-161.609,55.845],[-161.81,55.783],[-162.077,55.593],[-162.224,55.498],[-162.585,55.389],[-162.59,55.253],[-162.546,55.145],[-162.218,55.132],[-161.696,55.377],[-161.575,55.479],[-161.09,55.561],[-160.867,55.575],[-160.528,55.542],[-160.391,55.562],[-160.356,55.657]]],[[[-166.927,53.459],[-166.742,53.533],[-166.643,53.573],[-166.61,53.707],[-166.493,53.734],[-166.383,53.855],[-166.58,53.961],[-166.771,54.001],[-167.148,53.94],[-167.003,53.726],[-166.927,53.459]]],[[[-164.561,54.831],[-164.786,54.69],[-165.01,54.528],[-164.949,54.427],[-164.564,54.334],[-164.425,54.402],[-164.246,54.597],[-164.072,54.657],[-163.573,54.632],[-163.322,54.699],[-163.206,54.737],[-163.36,54.921],[-163.567,55.022],[-163.743,55.062],[-164.131,54.906],[-164.561,54.831]]],[[[-154.342,57.487],[-154.585,57.364],[-154.661,57.234],[-154.593,57.145],[-154.16,56.982],[-153.878,56.941],[-153.67,56.969],[-153.492,57.051],[-153.271,57.264],[-153.226,57.366],[-153.177,57.407],[-152.912,57.49],[-152.718,57.49],[-152.378,57.518],[-152.438,57.614],[-152.679,57.765],[-153.178,57.825],[-153.396,57.804],[-153.425,57.64],[-153.522,57.544],[-153.731,57.427],[-153.866,57.468],[-154.189,57.631],[-154.342,57.487]]],[[[-167.961,53.49],[-168.223,53.59],[-168.356,53.55],[-168.507,53.429],[-168.554,53.375],[-168.514,53.295],[-168.374,53.235],[-168.041,53.309],[-167.865,53.323],[-167.961,53.49]]]]},"properties":{"NAME":"Suspiaq","SUBJECTO":"Suspiaq","PARTOF":"Suspiaq","ABBREVN":"Suspiaq","BORDERPRECISION":3,"fid":282}},
{"type":"Feature","geometry":{"type":"Polygon","coordinates":[[[-153.976,59.519],[-153.71,59.644],[-153.406,59.707],[-153.17,59.74],[-161.001,63.628],[-161.133,63.563],[-161.563,63.541],[-161.911,63.526],[-162.474,63.41],[-162.778,63.217],[-162.97,63.103],[-163.309,63.038],[-163.527,63.08],[-163.968,63.2],[-164.292,63.25],[-164.467,63.171],[-164.704,62.957],[-164.878,62.821],[-165.03,62.65],[-165.431,62.43],[-165.533,62.273],[-165.579,62.139],[-165.802,62.039],[-165.834,61.834],[-166.19,61.749],[-165.909,61.305],[-165.898,61.27],[-165.512,61.257],[-165.423,61.264],[-165.143,61.18],[-164.539,60.95],[-164.302,60.943],[-164.058,61.042],[-163.895,61.042],[-163.689,60.923],[-163.52,60.706],[-163.627,60.601],[-163.938,60.614],[-164.528,60.753],[-164.845,60.816],[-164.996,60.619],[-165.128,60.542],[-165.048,60.416],[-164.594,60.208],[-164.385,60.062],[-164.208,59.902],[-164.027,59.798],[-163.536,59.841],[-163.354,59.931],[-163.022,59.967],[-162.378,60.163],[-161.989,59.712],[-161.925,59.518],[-162.06,59.289],[-162.004,58.827],[-161.967,58.778],[-161.938,58.723],[-161.646,58.682],[-161.117,58.746],[-160.828,58.898],[-160.84,58.96],[-160.431,59.002],[-160.065,58.955],[-159.814,58.941],[-159.584,58.811],[-159.366,58.632],[-159.11,58.488],[-158.933,58.433],[-158.856,58.454],[-158.866,58.612],[-158.973,58.77],[-158.912,58.874],[-158.636,58.971],[-158.517,58.999],[-158.291,58.73],[-157.987,58.717],[-157.424,58.801],[-157.139,58.856],[-157.153,58.686],[-154.097,59.412],[-153.976,59.519]]]},"properties":{"NAME":"Yup'ik & Cup'ik","SUBJECTO":"Yup'ik & Cup'ik","PARTOF":"Yup'ik & Cup'ik","ABBREVN":"Yup'ik & Cup'ik","BORDERPRECISION":3,"fid":283}},
{"type":"Feature","geometry":{"type":"MultiPolygon","coordinates":[[[[-130.075,57.566],[-132.055,59.845],[-134.799,60.553],[-138.607,61.535],[-145.511,62.576],[-147.068,60.91],[-146.578,60.836],[-146.186,60.725],[-145.998,60.662],[-145.893,60.516],[-145.493,60.384],[-145.138,60.454],[-145.003,60.552],[-144.811,60.315],[-144.518,60.141],[-144.406,60.093],[-144.053,60.051],[-143.084,60.074],[-142.425,60.02],[-141.958,60.041],[-141.747,60.132],[-141.586,60.14],[-141.439,60.091],[-141.373,60.008],[-141.385,59.897],[-140.905,59.786],[-140.428,59.76],[-140.133,59.767],[-139.929,59.83],[-139.573,59.9],[-139.4,59.831],[-139.307,59.706],[-139.367,59.63],[-139.785,59.518],[-139.2,59.277],[-138.78,59.181],[-138.744,59.181],[-138.446,59.162],[-138.201,59.031],[-137.577,58.604],[-137.085,58.447],[-136.356,58.524],[-136.37,58.62],[-136.939,58.943],[-136.39,58.841],[-136.148,58.903],[-135.968,58.697],[-135.738,58.47],[-135.616,58.436],[-135.3,58.374],[-135.279,58.443],[-135.326,58.581],[-135.515,58.973],[-135.469,59.34],[-135.309,59.347],[-135.144,59.168],[-135.046,58.905],[-134.83,58.561],[-134.38,58.376],[-134.123,58.239],[-134.017,58.123],[-133.84,57.999],[-133.64,57.965],[-133.505,57.897],[-133.474,57.842],[-133.641,57.739],[-133.597,57.643],[-133.341,57.377],[-133.4,57.219],[-133.197,57.158],[-132.871,57.016],[-132.559,56.702],[-132.271,56.506],[-132.101,56.349],[-132.184,56.254],[-132.279,56.132],[-132.264,55.937],[-132.256,55.85],[-132.032,55.894],[-131.964,55.966],[-131.767,56.01],[-131.191,56.035],[-131.101,55.913],[-130.892,55.769],[-130.695,55.465],[-130.734,55.266],[-130.773,55.066],[-130.69,54.972],[-130.546,54.91],[-130.413,55.021],[-130.267,55.072],[-130.065,55.102],[-130.003,55.289],[-129.842,54.979],[-130.038,54.844],[-130.111,54.729],[-130.299,54.548],[-130.268,54.353],[-130.176,54.172],[-130.004,53.938],[-129.97,53.913],[-128.427,55.668],[-130.075,57.566]]],[[[-134.946,56.454],[-134.803,56.671],[-134.764,56.794],[-134.821,56.916],[-135.002,57.326],[-135.258,57.414],[-135.441,57.428],[-135.484,57.332],[-135.466,57.229],[-135.197,56.82],[-134.946,56.454]]],[[[-132.09,53.399],[-132.077,53.539],[-131.999,53.794],[-131.894,53.894],[-131.956,53.968],[-132.082,54.021],[-132.379,53.987],[-132.73,54.067],[-132.87,54.046],[-133.054,54.066],[-133.097,54.019],[-133.086,53.805],[-132.997,53.651],[-132.569,53.28],[-132.351,53.365],[-132.09,53.399]]],[[[-132.555,55.453],[-132.688,55.649],[-132.621,55.751],[-132.594,55.812],[-132.633,55.9],[-133.157,56.116],[-133.281,56.232],[-133.486,56.258],[-133.518,56.211],[-133.266,55.831],[-133.271,55.621],[-133.016,55.371],[-132.174,54.846],[-132.177,55.285],[-132.555,55.453]]],[[[-136.3,58.18],[-136.418,58.111],[-136.596,57.905],[-136.237,57.727],[-135.816,57.454],[-135.791,57.557],[-135.822,57.756],[-135.543,57.722],[-135.147,57.599],[-135.115,57.675],[-135.325,58.093],[-135.672,58.044],[-136.025,58.215],[-136.3,58.18]]]]},"properties":{"NAME":"Eyaq","SUBJECTO":"Eyaq","PARTOF":"Eyaq","ABBREVN":"Eyaq","BORDERPRECISION":3,"fid":284}},
{"type":"Feature","geometry":{"type":"MultiPolygon","coordinates":[[[[-107.513,58.896],[-94.741,59.856],[-94.753,59.95],[-94.608,60.25],[-94.484,60.494],[-94.376,60.795],[-94.252,60.928],[-94.014,61.216],[-93.874,61.343],[-93.466,61.435],[-93.325,61.541],[-93.423,61.858],[-93.233,61.971],[-92.579,62.269],[-92.102,62.412],[-91.891,62.604],[-92.455,62.794],[-92.29,62.915],[-92.06,62.887],[-91.417,62.853],[-90,62.946],[-90,63.096],[-90,63.182],[-90,63.302],[-91.027,63.395],[-91.642,63.515],[-92.351,63.585],[-93.317,63.974],[-91.984,63.829],[-91.586,63.794],[-90,63.609],[-90,63.561],[-89.87,63.575],[-89.862,63.647],[-90,63.904],[-89.995,64.033],[-89.973,64.191],[-89.495,64.019],[-89.077,63.963],[-88.704,63.985],[-88.377,64.057],[-87.992,64.252],[-87.435,64.569],[-87.157,65.06],[-87.616,65.073],[-88.171,65.13],[-88.904,65.325],[-89.692,65.673],[-90,65.768],[-90,65.893],[-90,65.972],[-90,65.974],[-89.778,65.98],[-89.509,65.929],[-89.177,65.813],[-88.642,65.712],[-88.541,65.675],[-88.174,65.458],[-87.787,65.349],[-87.55,65.35],[-87.254,65.43],[-86.334,65.928],[-86.059,66.075],[-85.987,66.163],[-86.577,66.352],[-86.853,66.462],[-86.739,66.565],[-85.903,66.618],[-85.387,66.612],[-85.119,66.333],[-84.95,66.275],[-84.37,66.312],[-84.059,66.276],[-83.74,66.306],[-84.408,66.709],[-85.022,66.944],[-84.714,67.07],[-84.49,67.049],[-84.226,66.931],[-83.482,66.498],[-83.139,66.373],[-82.633,66.602],[-82.33,66.64],[-81.697,66.987],[-81.499,67.069],[-81.284,67.358],[-81.295,67.499],[-81.794,67.758],[-82.178,67.995],[-82.493,68.323],[-82.632,68.555],[-82.687,68.697],[-82.328,68.818],[-82.21,68.819],[-81.886,68.579],[-81.777,68.557],[-81.583,68.602],[-81.37,68.722],[-81.48,69.189],[-81.684,69.279],[-81.933,69.248],[-82.161,69.248],[-82.757,69.549],[-84.314,69.826],[-84.57,69.833],[-84.759,69.803],[-85.113,69.817],[-85.381,69.695],[-85.421,69.294],[-85.008,69.137],[-84.564,68.987],[-84.625,68.754],[-84.773,68.724],[-85.4,68.76],[-85.506,68.677],[-85.67,68.34],[-85.782,68.041],[-86.051,67.854],[-86.395,67.675],[-86.488,67.378],[-86.655,67.318],[-87.058,67.243],[-87.325,67.169],[-87.534,67.294],[-87.808,67.516],[-88.324,67.813],[-88.481,67.991],[-88.462,68.178],[-88.371,68.312],[-88.013,68.268],[-87.861,68.283],[-87.79,68.478],[-87.884,68.68],[-88.097,68.853],[-88.576,69.1],[-88.905,69.228],[-89.14,69.235],[-89.441,69.046],[-89.736,68.534],[-90,68.369],[-90,68.683],[-90,68.953],[-90,69.164],[-90,69.231],[-90,69.33],[-90,69.489],[-91.172,69.647],[-91.441,69.646],[-91.615,69.585],[-91.977,69.607],[-92.459,69.712],[-92.671,69.742],[-92.484,69.993],[-92.271,70.116],[-91.828,70.132],[-91.658,70.286],[-92.168,70.508],[-92.532,70.73],[-93.099,70.969],[-92.989,71.24],[-93.077,71.411],[-93.271,71.559],[-93.838,71.76],[-94.166,71.846],[-94.417,71.884],[-95.246,71.875],[-95.411,71.859],[-95.659,71.71],[-95.762,71.694],[-95.672,71.57],[-95.353,71.407],[-95.43,71.251],[-95.493,71.236],[-95.957,71.351],[-96.132,71.335],[-96.398,71.203],[-96.659,70.931],[-96.7,70.838],[-96.165,70.67],[-95.947,70.57],[-96.326,70.362],[-96.474,70.3],[-96.464,70.154],[-96.423,70.093],[-96.127,69.941],[-95.697,69.843],[-95.31,69.737],[-94.75,69.655],[-94.423,69.694],[-94.037,69.55],[-93.731,69.498],[-93.327,69.484],[-92.992,69.515],[-92.956,69.084],[-92.985,68.964],[-93.194,69.039],[-93.527,69.219],[-93.784,69.219],[-93.98,69.143],[-94.343,69.112],[-94.583,68.878],[-94.138,68.841],[-93.774,68.925],[-93.636,68.925],[-93.467,68.767],[-93.399,68.602],[-93.414,68.542],[-93.647,68.475],[-93.863,68.474],[-94.084,68.451],[-94.637,68.069],[-95.002,68.053],[-95.323,68.06],[-95.439,67.941],[-95.5,67.725],[-95.291,67.28],[-95.259,67.028],[-95.687,67.168],[-96.043,67.212],[-96.123,67.241],[-96.26,67.315],[-96.34,67.545],[-96.211,67.932],[-96.168,67.992],[-96.208,68.074],[-96.432,68.163],[-96.818,68.184],[-97.21,68.273],[-97.572,68.37],[-97.83,68.399],[-98.367,68.361],[-98.407,68.159],[-97.788,68.13],[-97.458,68.071],[-97.159,67.967],[-97.151,67.737],[-97.261,67.595],[-97.496,67.587],[-97.923,67.72],[-98.355,67.935],[-98.886,67.815],[-99.368,67.792],[-100.212,67.805],[-101.002,67.796],[-101.397,67.706],[-101.913,67.705],[-102.218,67.742],[-102.763,67.8],[-103.196,67.896],[-103.307,67.934],[-103.583,68.12],[-104.019,68.074],[-104.454,68.103],[-105.142,68.229],[-105.636,68.355],[-105.912,68.339],[-106.119,68.242],[-106.212,68.107],[-106.63,68.039],[-107.504,67.978],[-107.662,67.963],[-107.717,67.628],[-107.651,67.427],[-107.594,67.338],[-107.156,67.043],[-107.128,66.962],[-107.406,66.902],[-107.611,66.88],[-107.6,66.74],[-107.528,66.563],[-108.348,67.004],[-108.485,67.07],[-108.328,67.181],[-108.101,67.219],[-108.095,67.36],[-108.646,67.559],[-108.835,67.611],[-109.489,67.691],[-110.133,67.906],[-110.532,67.92],[-110.954,67.875],[-111.357,67.822],[-111.78,67.746],[-112.112,67.723],[-112.503,67.693],[-113.29,67.699],[-114.066,67.735],[-115.562,67.896],[-115.402,68.217],[-115.02,68.277],[-114.765,68.3],[-114.345,68.286],[-114.109,68.347],[-114.195,68.496],[-114.39,68.608],[-114.831,68.765],[-115.285,68.892],[-115.69,68.936],[-116.32,68.898],[-116.813,68.912],[-117.328,68.979],[-117.832,69.008],[-118.54,69.135],[-118.818,69.164],[-119.279,69.262],[-120.222,69.418],[-120.85,69.569],[-121.635,69.764],[-122.326,69.884],[-122.835,69.891],[-123.051,69.86],[-123.078,69.835],[-107.513,58.896]]],[[[-71.258,63.567],[-71.535,63.36],[-71.691,63.331],[-71.622,63.21],[-71.319,63.061],[-70.779,62.956],[-70.674,62.862],[-70.648,62.927],[-70.362,62.864],[-70.075,62.772],[-69.559,62.709],[-69.155,62.42],[-68.664,62.307],[-68.014,62.259],[-67.451,62.133],[-66.765,61.944],[-65.94,61.79],[-66.133,62.1],[-66.332,62.319],[-66.681,62.566],[-67.264,62.856],[-68.093,63.146],[-68.476,63.337],[-68.836,63.65],[-68.879,63.75],[-68.486,63.737],[-68.231,63.666],[-67.682,63.453],[-67.766,63.802],[-67.288,63.503],[-67.144,63.375],[-66.496,63.077],[-66.087,62.993],[-65.763,63.022],[-65.698,63.008],[-65.298,62.696],[-65.021,62.555],[-64.768,62.477],[-64.938,62.711],[-65.132,62.895],[-65.156,62.988],[-64.739,62.931],[-64.735,63.067],[-65.21,63.643],[-65.263,63.764],[-65.251,63.872],[-65.001,63.765],[-64.415,63.245],[-64.365,63.438],[-64.474,63.744],[-64.62,63.851],[-65.053,64.051],[-65.309,64.179],[-65.423,64.265],[-65.327,64.359],[-65.042,64.41],[-65.663,64.588],[-65.926,64.71],[-66.193,64.889],[-66.321,64.911],[-66.598,64.766],[-66.829,64.96],[-67.104,65.322],[-67.329,65.584],[-67.593,65.62],[-67.865,65.627],[-68.252,66.064],[-68.376,66.284],[-68.085,66.189],[-67.776,66.029],[-67.614,65.912],[-67.305,65.934],[-67.161,65.986],[-67.634,66.292],[-67.76,66.373],[-67.749,66.476],[-67.459,66.513],[-67.256,66.616],[-66.913,66.595],[-66.567,66.463],[-66.041,66.185],[-65.717,66.054],[-65.271,66.019],[-65.17,66.011],[-65.034,65.953],[-65.155,65.785],[-65.178,65.654],[-64.844,65.378],[-64.425,65.502],[-64.284,65.379],[-64.276,65.27],[-64.184,65.19],[-63.846,65.111],[-63.541,64.995],[-63.352,65.025],[-63.511,65.431],[-63.381,65.927],[-63.012,65.665],[-62.845,65.614],[-62.704,65.746],[-62.544,65.848],[-62.068,65.937],[-62.094,66.061],[-62.22,66.134],[-62.655,66.338],[-62.298,66.435],[-62.187,66.413],[-61.864,66.318],[-61.495,66.341],[-61.449,66.488],[-61.334,66.532],[-61.211,66.635],[-61.298,66.679],[-61.788,66.862],[-62.096,67.017],[-62.521,66.846],[-62.752,66.846],[-63.165,66.926],[-62.991,67.177],[-63.394,67.199],[-63.624,67.139],[-64.256,67.116],[-64.614,67.115],[-64.601,67.315],[-64.241,67.368],[-63.933,67.413],[-64.102,67.568],[-64.49,67.783],[-64.829,67.953],[-65.103,67.968],[-65.396,67.9],[-65.53,67.87],[-66.166,68.003],[-66.407,68.025],[-66.745,67.927],[-66.903,68.098],[-66.92,68.225],[-67.032,68.307],[-67.622,68.463],[-68.221,68.627],[-68.469,68.641],[-68.665,68.716],[-68.775,68.844],[-68.077,68.897],[-67.98,68.988],[-68.533,69.25],[-68.391,69.334],[-68.02,69.304],[-67.626,69.207],[-67.171,69.17],[-66.835,69.171],[-66.668,69.186],[-66.773,69.322],[-67.017,69.419],[-67.44,69.502],[-68.04,69.531],[-68.207,69.591],[-68.234,69.712],[-68.043,69.773],[-67.503,69.797],[-67.044,69.798],[-67.331,70.033],[-67.575,70.185],[-67.805,70.269],[-68.021,70.299],[-68.183,70.253],[-68.366,70.123],[-68.922,70.068],[-69.258,69.991],[-69.463,69.96],[-69.698,70.074],[-69.591,70.197],[-68.75,70.39],[-68.542,70.49],[-68.469,70.56],[-68.724,70.682],[-69.092,70.782],[-69.684,70.742],[-70.058,70.649],[-70.293,70.618],[-70.652,70.764],[-70.667,71.08],[-71.152,71.033],[-71.356,70.955],[-71.882,70.931],[-71.563,71.164],[-71.275,71.32],[-71.253,71.351],[-71.664,71.513],[-72.535,71.629],[-73.121,71.27],[-73.275,71.161],[-73.507,71.347],[-73.672,71.556],[-73.886,71.665],[-74.112,71.688],[-74.406,71.609],[-74.809,71.422],[-75.002,71.453],[-75.204,71.569],[-75.137,71.67],[-74.769,71.788],[-74.551,71.914],[-74.313,71.953],[-74.313,72.039],[-74.638,72.196],[-74.896,72.282],[-75.175,72.43],[-75.322,72.548],[-75.632,72.611],[-76.15,72.57],[-76.678,72.633],[-77.119,72.711],[-77.455,72.726],[-77.896,72.701],[-78.363,72.582],[-78.568,72.369],[-78.666,72.314],[-78.574,71.93],[-78.663,71.875],[-79.056,71.96],[-79.128,72.172],[-79.125,72.289],[-79.33,72.368],[-79.685,72.383],[-79.953,72.343],[-80.081,72.138],[-80.57,71.996],[-80.863,72.011],[-81.027,72.05],[-81.044,72.38],[-80.725,72.665],[-80.463,72.974],[-80.489,73.037],[-81.18,73.473],[-81.532,73.688],[-81.906,73.752],[-82.195,73.775],[-82.697,73.782],[-83.456,73.637],[-83.926,73.58],[-84.505,73.491],[-84.862,73.355],[-84.308,73.197],[-83.885,73.07],[-84.564,73.045],[-85.107,73.084],[-85.506,72.94],[-85.529,72.695],[-85.504,72.608],[-85.147,72.483],[-84.831,72.468],[-84.289,72.256],[-84.666,72.224],[-85.116,72.278],[-85.329,72.191],[-85.557,72.081],[-85.602,72.01],[-85.205,71.769],[-85.015,71.707],[-84.689,71.66],[-84.535,71.536],[-84.488,71.349],[-84.783,71.062],[-85.459,71.107],[-85.891,71.122],[-85.859,71.261],[-85.286,71.41],[-85.243,71.465],[-85.945,71.744],[-86.333,71.993],[-86.448,72.134],[-86.414,72.315],[-86.214,72.449],[-86.779,72.693],[-86.855,72.859],[-86.662,73.097],[-86.035,73.384],[-85.668,73.601],[-85.254,73.777],[-85.64,73.865],[-86.246,73.88],[-86.892,73.83],[-87.212,73.79],[-87.428,73.733],[-87.743,73.733],[-87.909,73.652],[-88.099,73.636],[-88.432,73.468],[-88.846,73.323],[-89.1,73.196],[-89.639,72.782],[-89.841,72.427],[-89.821,72.348],[-89.334,72.168],[-89.371,72.066],[-89.661,72.042],[-89.814,71.979],[-89.946,71.729],[-89.997,71.541],[-89.435,71.441],[-89.192,71.434],[-88.854,71.45],[-88.356,71.396],[-87.949,71.351],[-87.589,71.227],[-87.169,71.019],[-87.309,70.933],[-87.705,70.925],[-88.25,70.97],[-88.759,71],[-89.15,70.968],[-89.205,70.845],[-89.019,70.675],[-88.432,70.461],[-87.948,70.385],[-87.402,70.363],[-87.121,70.402],[-86.944,70.556],[-86.537,70.534],[-86.373,70.465],[-86.372,70.196],[-85.984,70.113],[-85.468,70.098],[-84.874,70.115],[-83.976,70.04],[-83.313,69.957],[-82.926,70.011],[-82.614,69.958],[-82.269,69.86],[-81.986,69.929],[-81.807,69.983],[-81.596,69.96],[-80.829,69.711],[-80.946,69.908],[-81.138,70.015],[-81.158,70.106],[-81.013,70.183],[-80.713,70.153],[-80.194,70.032],[-79.826,69.918],[-79.485,69.896],[-79.241,69.881],[-78.94,69.912],[-78.713,70.011],[-78.744,70.149],[-78.941,70.271],[-80.218,70.592],[-80.422,70.614],[-80.66,70.753],[-80.49,70.815],[-80.27,70.776],[-79.74,70.67],[-79.376,70.586],[-79.101,70.655],[-78.928,70.602],[-78.619,70.448],[-78.206,70.311],[-78.003,70.288],[-77.699,70.136],[-77.622,69.892],[-77.367,69.809],[-76.971,69.802],[-76.273,69.5],[-75.552,69.222],[-75.625,69.102],[-76.178,69.055],[-76.643,69.032],[-76.546,68.731],[-75.982,68.808],[-75.702,68.816],[-75.57,68.868],[-75.199,68.862],[-74.951,68.952],[-74.752,69.043],[-74.515,68.87],[-74.405,68.66],[-73.937,68.444],[-73.371,68.295],[-73.185,68.296],[-72.942,68.132],[-72.759,67.909],[-72.354,67.53],[-72.305,67.264],[-72.527,67.093],[-72.874,66.886],[-73.036,66.642],[-73.67,66.377],[-73.994,66.266],[-74.258,66.236],[-74.333,66.163],[-74.28,66.06],[-73.932,65.9],[-73.42,65.529],[-73.494,65.405],[-73.847,65.419],[-74.079,65.448],[-74.371,65.396],[-74.665,65.323],[-75.104,65.278],[-75.368,65.263],[-75.402,65.176],[-75.333,65.089],[-75.356,64.916],[-75.789,65.197],[-76.022,65.262],[-76.655,65.341],[-77.266,65.391],[-77.358,65.376],[-77.301,65.144],[-77.387,65.064],[-77.867,64.99],[-78.039,64.831],[-78.127,64.651],[-78.103,64.507],[-77.737,64.393],[-77.133,64.308],[-76.526,64.23],[-75.936,64.267],[-75.737,64.397],[-75.591,64.533],[-75.452,64.548],[-74.685,64.399],[-74.501,64.392],[-74.431,64.435],[-74.559,64.78],[-74.256,64.766],[-73.666,64.602],[-73.164,64.574],[-73.148,64.344],[-72.73,64.015],[-72.388,63.858],[-71.879,63.802],[-71.258,63.567]]]]},"properties":{"NAME":"T'atsaot'ine","SUBJECTO":"T'atsaot'ine","PARTOF":"T'atsaot'ine","ABBREVN":"Yellowknives","BORDERPRECISION":3,"fid":286}},
{"type":"Feature","geometry":{"type":"Polygon","coordinates":[[[-98.488,52.352],[-92.135,52.526],[-81.988,52.804],[-82.069,52.861],[-82.341,52.981],[-82.351,53.074],[-82.212,53.341],[-82.16,53.802],[-82.192,53.99],[-82.33,54.143],[-82.399,54.271],[-82.336,54.653],[-82.202,54.969],[-82.383,55.056],[-83.016,55.149],[-83.576,55.223],[-83.949,55.188],[-84.152,55.208],[-84.468,55.167],[-84.717,55.214],[-85.161,55.328],[-85.603,55.509],[-85.892,55.61],[-87.467,55.912],[-87.914,56.332],[-88.767,56.738],[-89.726,56.934],[-90,57.074],[-90,57.144],[-90,57.178],[-91.337,57.163],[-92.18,56.97],[-92.483,56.977],[-92.424,57.386],[-92.523,57.687],[-92.888,58.208],[-93.074,58.551],[-93.239,58.681],[-93.364,58.702],[-93.888,58.66],[-94.186,58.666],[-94.302,58.707],[-94.415,58.714],[-94.684,58.878],[-94.745,59.12],[-94.8,59.514],[-94.728,59.763],[-94.741,59.856],[-107.513,58.896],[-111.371,58.606],[-112.449,58.525],[-111.977,58.287],[-102.587,53.565],[-101.122,52.828],[-100.09,52.309],[-98.488,52.352]]]},"properties":{"NAME":"Cree","SUBJECTO":"Cree","PARTOF":"Cree","ABBREVN":"Cree","BORDERPRECISION":3,"fid":287}},
{"type":"Feature","geometry":{"type":"Polygon","coordinates":[[[-61.408,57.048],[-61.476,57.104],[-61.822,57.192],[-62.001,57.294],[-62.186,57.437],[-61.999,57.513],[-61.828,57.554],[-61.888,57.725],[-62.015,57.841],[-62.349,57.902],[-62.495,57.957],[-62.577,58.039],[-62.741,58.389],[-62.999,58.374],[-63.042,58.525],[-62.887,58.656],[-63.006,58.815],[-63.476,59.158],[-63.744,59.517],[-64.097,59.745],[-64.371,60.014],[-64.671,60.181],[-64.901,59.882],[-64.988,59.819],[-65.429,59.777],[-65.552,59.714],[-65.555,59.576],[-65.263,59.348],[-65.505,59.175],[-65.719,59.057],[-65.861,58.795],[-65.91,58.451],[-65.929,58.424],[-66.241,58.746],[-66.328,58.801],[-66.475,58.808],[-66.625,58.56],[-66.821,58.388],[-67.107,58.305],[-67.635,58.269],[-67.772,58.249],[-68.005,58.166],[-68.129,58.31],[-68.093,58.365],[-68.095,58.481],[-68.265,58.639],[-68.569,58.783],[-68.698,58.79],[-69.05,58.769],[-69.214,58.748],[-69.726,58.561],[-69.894,58.684],[-69.832,58.988],[-69.676,58.981],[-69.476,58.975],[-69.365,59.051],[-69.343,59.209],[-69.446,59.396],[-69.507,59.721],[-69.704,60.318],[-69.649,60.52],[-69.389,60.674],[-69.384,60.856],[-69.536,60.989],[-69.702,60.898],[-70.028,60.883],[-70.909,61.043],[-71.673,61.266],[-71.856,61.371],[-71.724,61.547],[-72.082,61.743],[-72.495,61.912],[-72.834,62.116],[-72.949,62.172],[-73.395,62.355],[-73.66,62.39],[-73.74,62.361],[-73.835,62.34],[-74.222,62.24],[-74.708,62.176],[-75.356,62.182],[-75.695,62.216],[-76.188,62.321],[-76.99,62.49],[-77.362,62.517],[-77.618,62.432],[-77.868,62.29],[-78.005,62.099],[-77.985,61.859],[-77.875,61.739],[-77.601,61.62],[-77.459,61.529],[-77.462,61.473],[-77.688,61.156],[-78.176,60.742],[-77.388,60.694],[-77.391,60.575],[-77.507,60.415],[-77.485,60.324],[-77.343,60.143],[-77.262,59.983],[-77.215,59.748],[-77.348,59.623],[-77.549,59.615],[-77.662,59.574],[-77.793,59.387],[-78.042,58.993],[-78.433,58.758],[-78.469,58.709],[-78.337,58.551],[-78.269,58.531],[-78.065,58.408],[-77.902,58.353],[-77.66,58.236],[-77.404,58.114],[-77.194,57.991],[-76.772,57.663],[-76.665,57.519],[-76.555,57.28],[-76.439,56.81],[-76.463,56.571],[-76.472,56.547],[-64.333,56.951],[-61.408,57.048]]]},"properties":{"NAME":"Naskapi Innu","SUBJECTO":"Naskapi Innu","PARTOF":"Naskapi Innu","ABBREVN":"Naskapi","BORDERPRECISION":3,"fid":288}},
{"type":"Feature","geometry":{"type":"Polygon","coordinates":[[[-121.927,36.338],[-121.743,36.24],[-121.652,36.1],[-121.65,36.099],[-121.404,36.436],[-121.344,36.463],[-121.378,36.647],[-121.575,36.687],[-121.984,36.531],[-121.927,36.338]]]},"properties":{"BORDERPRECISION":3,"fid":289}},
{"type":"Feature","geometry":{"type":"Polygon","coordinates":[[[-121.986,39.595],[-122.747,39.626],[-122.791,39.572],[-122.782,39.53],[-122.717,38.992],[-122.346,38.879],[-122.1,38.603],[-122.352,38.517],[-122.317,38.501],[-122.313,38.221],[-122.312,38.221],[-121.936,38.179],[-121.546,38.37],[-121.512,38.698],[-121.307,38.703],[-120.97,38.886],[-120.951,38.886],[-121.043,39.588],[-121.136,39.461],[-121.733,39.033],[-121.98,39.348],[-121.986,39.595]]]},"properties":{"BORDERPRECISION":3,"fid":290}},
{"type":"Feature","geometry":{"type":"Polygon","coordinates":[[[-121.043,39.588],[-120.951,38.886],[-120.117,38.878],[-120.108,38.87],[-120.077,38.991],[-120.271,39.142],[-120.314,39.342],[-120.476,39.575],[-120.391,39.663],[-120.494,39.77],[-120.956,39.708],[-121.043,39.588]]]},"properties":{"BORDERPRECISION":3,"fid":291}},
{"type":"Feature","geometry":{"type":"Polygon","coordinates":[[[-119.042,35.218],[-119.397,35.284],[-119.68,35.523],[-119.741,35.566],[-120.098,35.46],[-120.721,35.72],[-120.954,35.489],[-120.928,35.475],[-120.915,35.376],[-120.949,35.335],[-120.949,35.289],[-120.837,35.229],[-120.78,35.232],[-120.677,35.189],[-120.737,34.981],[-120.666,34.754],[-120.708,34.701],[-120.688,34.622],[-120.583,34.591],[-120.529,34.508],[-120.204,34.531],[-119.785,34.459],[-119.613,34.478],[-119.42,34.369],[-119.292,34.221],[-118.872,34.07],[-118.732,34.108],[-118.674,34.103],[-118.6,34.598],[-118.734,34.593],[-119.042,35.218]]]},"properties":{"BORDERPRECISION":3,"fid":292}},
{"type":"Feature","geometry":{"type":"Polygon","coordinates":[[[-122.718,38.691],[-122.352,38.517],[-122.1,38.603],[-122.346,38.879],[-122.717,38.992],[-122.716,38.981],[-122.913,38.981],[-122.691,38.698],[-122.718,38.691]]]},"properties":{"BORDERPRECISION":3,"fid":293}},
{"type":"Feature","geometry":{"type":"Polygon","coordinates":[[[-121.936,38.179],[-122.312,38.221],[-122.313,38.221],[-122.49,38.165],[-122.467,38.01],[-122.384,37.961],[-122.375,37.854],[-122.293,37.79],[-122.119,37.536],[-122.211,37.543],[-122.263,37.597],[-122.391,37.653],[-122.46,37.744],[-122.421,37.79],[-122.454,37.824],[-122.499,37.854],[-122.552,37.843],[-122.578,37.775],[-122.558,37.566],[-122.5,37.536],[-122.459,37.396],[-122.494,37.301],[-122.253,37.07],[-122.117,37.013],[-122.018,37.029],[-121.932,37.009],[-121.838,36.896],[-121.851,36.749],[-121.918,36.675],[-121.998,36.678],[-121.997,36.576],[-121.984,36.531],[-121.575,36.687],[-121.378,36.647],[-121.344,36.463],[-121.056,36.597],[-120.897,36.575],[-120.829,36.623],[-120.93,36.906],[-121.061,36.93],[-121.152,37.356],[-121.435,37.404],[-121.515,37.597],[-121.823,37.879],[-121.938,38.178],[-121.936,38.179]]]},"properties":{"BORDERPRECISION":3,"fid":294}},
{"type":"Feature","geometry":{"type":"Polygon","coordinates":[[[-120.897,36.575],[-121.056,36.597],[-121.344,36.463],[-121.404,36.436],[-121.65,36.099],[-121.561,36.066],[-121.385,35.785],[-121.199,35.687],[-121.084,35.558],[-120.954,35.489],[-120.721,35.72],[-120.098,35.46],[-119.741,35.566],[-120.174,35.875],[-120.335,36.079],[-120.597,36.242],[-120.688,36.421],[-120.92,36.559],[-120.897,36.575]]]},"properties":{"BORDERPRECISION":3,"fid":295}},
{"type":"Feature","geometry":{"type":"Polygon","coordinates":[[[-123.247,38.552],[-123.222,38.533],[-123.052,38.302],[-122.991,38.139],[-122.759,37.957],[-122.705,37.976],[-122.573,37.889],[-122.531,37.896],[-122.553,38.097],[-122.548,38.162],[-122.49,38.165],[-122.313,38.221],[-122.317,38.501],[-122.352,38.517],[-122.718,38.691],[-123.247,38.552]]]},"properties":{"BORDERPRECISION":3,"fid":296}},
{"type":"Feature","geometry":{"type":"Polygon","coordinates":[[[-118.6,34.598],[-118.674,34.103],[-118.604,34.096],[-118.502,33.983],[-118.469,33.892],[-118.503,33.858],[-118.438,33.794],[-118.393,33.775],[-118.353,33.787],[-118.354,33.828],[-118.288,33.843],[-118.237,33.82],[-118.007,33.731],[-117.972,33.708],[-117.752,33.853],[-117.57,33.997],[-117.535,34.213],[-117.382,34.38],[-117.933,34.622],[-118.6,34.598]]]},"properties":{"BORDERPRECISION":3,"fid":297}},
{"type":"Feature","geometry":{"type":"MultiPolygon","coordinates":[[[[142.864,53.341],[142.675,53.54],[142.214,53.3],[141.935,53.286],[141.767,53.272],[141.69,53.166],[141.841,52.96],[141.811,52.628],[141.65,52.303],[141.598,52.217],[141.643,51.813],[142.017,51.431],[142.112,51.22],[142.153,50.89],[142.085,50.304],[142.083,49.708],[142.049,49.355],[141.921,48.943],[141.74,48.807],[141.768,48.701],[141.889,48.454],[141.978,48.285],[142.036,47.959],[141.811,47.676],[141.732,47.471],[141.909,47.073],[141.623,46.558],[141.708,46.14],[141.898,45.915],[142.188,46.323],[142.327,46.563],[142.514,46.7],[142.615,46.713],[143.004,46.577],[143.303,46.011],[143.445,46.572],[143.236,46.863],[142.993,46.954],[142.697,47.362],[142.615,47.46],[142.49,47.902],[142.527,48.162],[142.646,48.658],[142.854,49.128],[143.033,49.219],[143.153,49.259],[143.598,49.234],[143.973,49.058],[144.54,48.753],[144.038,49.509],[143.633,50.235],[143.341,50.886],[143.074,51.268],[142.944,51.617],[142.945,51.961],[143.033,52.312],[143.143,52.511],[143.139,52.856],[143.057,53.062],[142.864,53.341]]],[[[146.206,43.481],[146.21,43.486],[146.226,43.526],[146.222,43.53],[146.214,43.532],[146.174,43.535],[146.159,43.546],[146.152,43.546],[146.146,43.544],[146.081,43.518],[146.076,43.513],[146.124,43.459],[146.131,43.458],[146.137,43.459],[146.156,43.464],[146.169,43.468],[146.206,43.481]]],[[[146.867,43.868],[146.851,43.874],[146.843,43.875],[146.785,43.862],[146.611,43.807],[146.605,43.804],[146.601,43.799],[146.599,43.793],[146.596,43.737],[146.599,43.732],[146.647,43.707],[146.656,43.704],[146.663,43.704],[146.67,43.704],[146.683,43.708],[146.78,43.752],[146.797,43.76],[146.862,43.797],[146.905,43.84],[146.875,43.861],[146.867,43.868]]],[[[146.345,44.422],[146.328,44.426],[146.303,44.434],[146.273,44.446],[146.26,44.453],[146.243,44.469],[146.233,44.477],[146.201,44.499],[146.195,44.503],[146.187,44.506],[146.179,44.508],[146.171,44.509],[146.161,44.507],[146.148,44.51],[146.134,44.509],[146.127,44.507],[146.101,44.489],[146.086,44.475],[146.082,44.47],[146.078,44.464],[146.051,44.412],[146.008,44.339],[145.974,44.288],[145.963,44.281],[145.952,44.275],[145.939,44.271],[145.927,44.267],[145.921,44.264],[145.909,44.259],[145.892,44.25],[145.887,44.246],[145.878,44.237],[145.79,44.148],[145.764,44.117],[145.759,44.111],[145.753,44.094],[145.754,44.079],[145.756,44.074],[145.756,44.069],[145.753,44.062],[145.749,44.056],[145.745,44.052],[145.661,43.992],[145.645,43.982],[145.552,43.926],[145.488,43.898],[145.482,43.895],[145.41,43.835],[145.407,43.829],[145.426,43.74],[145.437,43.717],[145.543,43.651],[145.549,43.649],[145.555,43.651],[145.559,43.656],[145.562,43.661],[145.576,43.739],[145.574,43.775],[145.574,43.786],[145.575,43.817],[145.578,43.829],[145.58,43.834],[145.592,43.854],[145.596,43.859],[145.657,43.9],[145.672,43.899],[145.688,43.896],[145.696,43.896],[145.709,43.899],[145.763,43.92],[145.774,43.925],[145.779,43.929],[145.787,43.941],[145.789,43.947],[145.796,43.975],[145.8,43.982],[145.808,43.992],[145.817,44.002],[145.831,44.017],[145.931,44.119],[145.94,44.128],[146.092,44.236],[146.103,44.243],[146.12,44.251],[146.138,44.258],[146.157,44.263],[146.177,44.267],[146.204,44.27],[146.33,44.292],[146.508,44.358],[146.535,44.376],[146.54,44.381],[146.55,44.399],[146.568,44.438],[146.538,44.442],[146.521,44.434],[146.489,44.426],[146.469,44.422],[146.36,44.421],[146.345,44.422]]],[[[148.562,45.31],[148.582,45.317],[148.592,45.319],[148.62,45.32],[148.656,45.317],[148.674,45.314],[148.683,45.312],[148.71,45.309],[148.719,45.308],[148.756,45.31],[148.775,45.313],[148.785,45.316],[148.825,45.335],[148.834,45.341],[148.84,45.347],[148.843,45.353],[148.845,45.366],[148.859,45.467],[148.856,45.474],[148.85,45.481],[148.842,45.488],[148.8,45.514],[148.791,45.517],[148.773,45.521],[148.764,45.522],[148.72,45.524],[148.701,45.521],[148.559,45.459],[148.54,45.448],[148.461,45.392],[148.397,45.335],[148.384,45.323],[148.37,45.305],[148.351,45.287],[148.342,45.281],[148.322,45.27],[148.312,45.267],[148.079,45.249],[148.07,45.248],[148.052,45.249],[148.034,45.256],[148.009,45.267],[148,45.273],[147.998,45.28],[148.002,45.305],[148.002,45.312],[148.002,45.325],[147.997,45.339],[147.96,45.419],[147.951,45.422],[147.942,45.423],[147.933,45.421],[147.904,45.404],[147.879,45.387],[147.868,45.375],[147.859,45.362],[147.856,45.356],[147.858,45.343],[147.873,45.29],[147.892,45.237],[147.895,45.23],[147.894,45.224],[147.887,45.218],[147.878,45.215],[147.859,45.211],[147.84,45.209],[147.783,45.197],[147.764,45.19],[147.754,45.184],[147.746,45.178],[147.713,45.148],[147.702,45.136],[147.691,45.124],[147.677,45.106],[147.669,45.087],[147.664,45.081],[147.656,45.075],[147.618,45.062],[147.608,45.059],[147.599,45.057],[147.589,45.057],[147.505,45.044],[147.492,44.993],[147.486,44.981],[147.48,44.975],[147.394,44.92],[147.311,44.876],[147.227,44.836],[147.112,44.794],[147.144,44.728],[147.153,44.725],[147.159,44.718],[147.162,44.712],[147.164,44.699],[147.163,44.692],[147.16,44.686],[147.153,44.674],[147.144,44.661],[147.106,44.625],[147.098,44.619],[147.006,44.572],[146.941,44.554],[146.847,44.477],[146.838,44.465],[146.836,44.458],[146.832,44.435],[146.841,44.416],[146.849,44.408],[146.866,44.399],[146.883,44.397],[146.911,44.399],[146.93,44.402],[146.949,44.409],[146.959,44.414],[146.965,44.42],[146.974,44.433],[146.979,44.445],[146.981,44.452],[146.989,44.471],[147.002,44.489],[147.021,44.508],[147.041,44.518],[147.079,44.528],[147.088,44.529],[147.106,44.529],[147.143,44.533],[147.171,44.536],[147.18,44.538],[147.199,44.544],[147.209,44.55],[147.225,44.562],[147.241,44.58],[147.251,44.605],[147.282,44.654],[147.291,44.667],[147.345,44.7],[147.469,44.773],[147.479,44.777],[147.498,44.781],[147.507,44.784],[147.517,44.789],[147.527,44.795],[147.535,44.801],[147.548,44.812],[147.623,44.897],[147.615,44.904],[147.606,44.907],[147.588,44.912],[147.586,44.918],[147.588,44.931],[147.591,44.937],[147.604,44.956],[147.621,44.966],[147.63,44.969],[147.639,44.971],[147.658,44.974],[147.677,44.975],[147.704,44.972],[147.712,44.969],[147.721,44.956],[147.727,44.949],[147.736,44.944],[147.744,44.941],[147.753,44.939],[147.762,44.938],[147.849,44.965],[147.868,44.971],[147.878,44.975],[147.917,44.99],[147.942,45],[147.946,45.002],[147.964,45.012],[147.977,45.031],[147.985,45.043],[147.987,45.049],[147.992,45.056],[147.999,45.061],[148.03,45.085],[148.038,45.091],[148.048,45.096],[148.216,45.189],[148.236,45.199],[148.266,45.213],[148.285,45.221],[148.333,45.23],[148.342,45.23],[148.371,45.235],[148.428,45.244],[148.447,45.248],[148.467,45.254],[148.476,45.259],[148.493,45.27],[148.522,45.287],[148.562,45.31]]],[[[149.674,45.629],[149.684,45.633],[149.692,45.639],[149.784,45.711],[149.811,45.734],[149.869,45.773],[149.879,45.779],[149.982,45.834],[149.991,45.834],[150.018,45.827],[150.027,45.827],[150.066,45.847],[150.159,45.9],[150.194,45.928],[150.199,45.932],[150.203,45.952],[150.202,45.958],[150.213,45.983],[150.222,46.002],[150.227,46.008],[150.241,46.02],[150.251,46.025],[150.31,46.051],[150.426,46.119],[150.475,46.159],[150.499,46.192],[150.437,46.214],[150.352,46.213],[150.343,46.212],[150.073,46.082],[150.037,46.065],[149.969,46.03],[149.959,46.024],[149.929,46.008],[149.891,45.972],[149.857,45.923],[149.676,45.855],[149.668,45.851],[149.663,45.845],[149.619,45.79],[149.548,45.701],[149.481,45.608],[149.474,45.603],[149.461,45.6],[149.451,45.596],[149.442,45.59],[149.437,45.584],[149.441,45.581],[149.524,45.582],[149.534,45.583],[149.544,45.586],[149.674,45.629]]],[[[150.874,46.441],[150.876,46.447],[150.873,46.451],[150.851,46.47],[150.842,46.471],[150.832,46.471],[150.822,46.468],[150.799,46.45],[150.803,46.443],[150.812,46.442],[150.867,46.435],[150.874,46.441]]],[[[150.77,46.71],[150.769,46.723],[150.762,46.727],[150.753,46.73],[150.744,46.729],[150.74,46.729],[150.731,46.723],[150.733,46.716],[150.737,46.709],[150.746,46.702],[150.754,46.7],[150.765,46.704],[150.77,46.71]]],[[[152.427,47.38],[152.416,47.376],[152.409,47.37],[152.402,47.364],[152.391,47.35],[152.388,47.344],[152.389,47.331],[152.394,47.324],[152.402,47.316],[152.423,47.303],[152.508,47.303],[152.519,47.307],[152.534,47.319],[152.542,47.328],[152.542,47.335],[152.537,47.342],[152.532,47.349],[152.512,47.371],[152.504,47.377],[152.486,47.382],[152.447,47.382],[152.437,47.382],[152.427,47.38]]],[[[153.065,47.812],[153.056,47.814],[153.046,47.813],[153.026,47.796],[153.015,47.784],[153.006,47.772],[152.981,47.723],[152.987,47.707],[152.991,47.7],[152.997,47.693],[153.006,47.692],[153.016,47.693],[153.048,47.702],[153.069,47.709],[153.08,47.714],[153.097,47.753],[153.098,47.759],[153.098,47.772],[153.096,47.779],[153.088,47.793],[153.082,47.801],[153.074,47.808],[153.065,47.812]]],[[[153.164,48.131],[153.156,48.125],[153.147,48.113],[153.138,48.101],[153.14,48.094],[153.146,48.088],[153.206,48.053],[153.215,48.051],[153.224,48.05],[153.237,48.051],[153.28,48.043],[153.291,48.054],[153.287,48.094],[153.283,48.099],[153.275,48.106],[153.241,48.126],[153.223,48.133],[153.214,48.135],[153.205,48.136],[153.185,48.136],[153.175,48.135],[153.164,48.131]]],[[[154.129,48.906],[154.12,48.901],[154.112,48.895],[153.988,48.78],[153.977,48.762],[153.973,48.749],[153.973,48.742],[153.975,48.736],[153.981,48.735],[153.999,48.723],[154.009,48.722],[154.019,48.723],[154.031,48.727],[154.054,48.737],[154.063,48.743],[154.189,48.835],[154.219,48.871],[154.227,48.883],[154.231,48.896],[154.229,48.902],[154.221,48.909],[154.211,48.911],[154.182,48.914],[154.161,48.912],[154.141,48.91],[154.129,48.906]]],[[[154.005,48.964],[153.967,48.972],[153.919,48.98],[153.907,48.976],[153.902,48.97],[153.898,48.957],[153.9,48.95],[153.904,48.943],[153.921,48.926],[153.931,48.924],[153.941,48.923],[153.982,48.927],[154.004,48.932],[154.011,48.937],[154.011,48.951],[154.009,48.958],[154.005,48.964]]],[[[154.599,49.112],[154.601,49.118],[154.601,49.125],[154.597,49.132],[154.591,49.139],[154.583,49.146],[154.565,49.152],[154.498,49.166],[154.489,49.167],[154.469,49.169],[154.465,49.168],[154.455,49.169],[154.446,49.168],[154.442,49.162],[154.44,49.155],[154.471,49.098],[154.483,49.083],[154.492,49.078],[154.501,49.074],[154.51,49.073],[154.521,49.076],[154.583,49.101],[154.593,49.106],[154.599,49.112]]],[[[154.751,49.572],[154.703,49.481],[154.638,49.423],[154.606,49.38],[154.602,49.374],[154.601,49.367],[154.599,49.347],[154.594,49.291],[154.632,49.28],[154.697,49.264],[154.707,49.262],[154.716,49.264],[154.792,49.292],[154.803,49.297],[154.811,49.303],[154.815,49.309],[154.835,49.346],[154.827,49.385],[154.823,49.392],[154.8,49.416],[154.794,49.423],[154.79,49.43],[154.79,49.443],[154.794,49.456],[154.818,49.506],[154.83,49.517],[154.838,49.523],[154.848,49.528],[154.871,49.537],[154.878,49.542],[154.882,49.547],[154.904,49.617],[154.904,49.624],[154.895,49.627],[154.856,49.633],[154.814,49.636],[154.749,49.592],[154.743,49.586],[154.745,49.579],[154.751,49.572]]],[[[154.429,49.832],[154.409,49.834],[154.398,49.834],[154.375,49.825],[154.367,49.819],[154.365,49.813],[154.355,49.767],[154.367,49.746],[154.376,49.742],[154.404,49.734],[154.414,49.732],[154.425,49.734],[154.432,49.738],[154.456,49.788],[154.462,49.807],[154.46,49.814],[154.456,49.821],[154.439,49.831],[154.429,49.832]]],[[[152.232,47.102],[152.254,47.113],[152.27,47.124],[152.277,47.13],[152.29,47.142],[152.293,47.148],[152.286,47.152],[152.269,47.159],[152.26,47.161],[152.237,47.145],[152.207,47.125],[152.226,47.175],[152.217,47.172],[152.202,47.16],[152.181,47.143],[152.12,47.091],[152.104,47.073],[152.051,47.021],[152.045,47.013],[152.02,46.989],[151.869,46.866],[151.86,46.861],[151.849,46.857],[151.839,46.855],[151.83,46.855],[151.765,46.862],[151.745,46.862],[151.725,46.857],[151.715,46.853],[151.706,46.847],[151.704,46.841],[151.712,46.801],[151.72,46.795],[151.737,46.785],[151.763,46.775],[151.772,46.772],[151.782,46.771],[151.801,46.773],[151.822,46.779],[151.832,46.783],[152.013,46.889],[152.018,46.895],[152.025,46.907],[152.027,46.914],[152.03,46.92],[152.035,46.926],[152.087,46.978],[152.174,47.063],[152.232,47.102]]],[[[155.499,50.131],[155.516,50.142],[155.526,50.147],[155.596,50.178],[155.619,50.183],[155.692,50.184],[155.702,50.184],[155.732,50.179],[155.742,50.179],[155.764,50.181],[155.786,50.185],[155.795,50.189],[155.893,50.264],[156.149,50.519],[156.153,50.525],[156.125,50.7],[156.121,50.72],[156.116,50.747],[156.112,50.755],[156.104,50.761],[156.077,50.773],[156.067,50.776],[156.046,50.774],[156.034,50.771],[156.022,50.767],[156.01,50.762],[155.979,50.747],[155.897,50.699],[155.889,50.693],[155.883,50.687],[155.864,50.657],[155.861,50.65],[155.861,50.637],[155.858,50.617],[155.856,50.604],[155.852,50.592],[155.766,50.464],[155.761,50.458],[155.749,50.446],[155.669,50.391],[155.661,50.385],[155.649,50.381],[155.638,50.378],[155.628,50.378],[155.545,50.375],[155.449,50.368],[155.438,50.367],[155.427,50.364],[155.392,50.353],[155.248,50.301],[155.222,50.234],[155.209,50.081],[155.212,50.067],[155.224,50.053],[155.226,50.053],[155.245,50.057],[155.256,50.058],[155.298,50.06],[155.319,50.06],[155.338,50.057],[155.357,50.053],[155.471,50.108],[155.483,50.119],[155.499,50.131]]],[[[156.164,50.729],[156.164,50.709],[156.167,50.695],[156.173,50.687],[156.181,50.68],[156.189,50.674],[156.198,50.67],[156.286,50.647],[156.351,50.637],[156.401,50.626],[156.404,50.653],[156.406,50.657],[156.414,50.674],[156.435,50.691],[156.452,50.708],[156.486,50.75],[156.49,50.756],[156.496,50.829],[156.496,50.836],[156.494,50.842],[156.489,50.85],[156.473,50.866],[156.464,50.869],[156.454,50.871],[156.443,50.87],[156.365,50.859],[156.353,50.856],[156.341,50.851],[156.192,50.771],[156.186,50.766],[156.175,50.754],[156.169,50.741],[156.164,50.729]]],[[[155.448,50.88],[155.449,50.872],[155.461,50.851],[155.473,50.836],[155.481,50.828],[155.498,50.817],[155.527,50.81],[155.547,50.806],[155.557,50.804],[155.588,50.803],[155.621,50.806],[155.644,50.814],[155.659,50.825],[155.661,50.831],[155.67,50.857],[155.666,50.871],[155.651,50.906],[155.647,50.913],[155.639,50.921],[155.601,50.931],[155.58,50.934],[155.57,50.934],[155.506,50.931],[155.494,50.93],[155.483,50.926],[155.474,50.921],[155.448,50.898],[155.448,50.88]]]]},"properties":{"NAME":"Ainu","SUBJECTO":"Ainu","PARTOF":"Ainu","ABBREVN":"Ainu","BORDERPRECISION":3,"fid":298}},
{"type":"Feature","geometry":{"type":"Polygon","coordinates":[[[80.079,7.744],[80.034,8.124],[80.112,8.33],[80.291,8.304],[80.42,8.432],[80.523,8.869],[80.728,8.792],[80.728,8.175],[81.139,8.175],[81.165,7.584],[81.396,7.276],[81.345,6.608],[81.056,6.473],[81.476,6.316],[81.6,6.449],[81.779,6.754],[81.866,7.085],[81.805,7.313],[81.446,7.929],[81.326,8.259],[81.06,8.411],[81.049,8.474],[81.093,8.627],[81.015,8.773],[80.768,9.122],[80.662,9.299],[80.348,9.47],[80.11,9.687],[80.178,9.445],[80.077,9.279],[80.053,9.114],[79.896,8.92],[79.706,8.931],[79.675,8.805],[79.809,8.647],[79.724,8.417],[79.832,8.103],[79.838,7.816],[79.981,7.906],[80.079,7.744]]]},"properties":{"NAME":"Ceylon","SUBJECTO":"Ceylon","PARTOF":"Ceylon","ABBREVN":"Ceylon","BORDERPRECISION":3,"fid":299}},
{"type":"Feature","geometry":{"type":"Polygon","coordinates":[[[80.079,7.744],[80.786,6.574],[81.056,6.473],[81.345,6.608],[81.396,7.276],[81.165,7.584],[81.139,8.175],[80.728,8.175],[80.728,8.792],[80.523,8.869],[80.42,8.432],[80.291,8.304],[80.112,8.33],[80.034,8.124],[80.079,7.744]]]},"properties":{"NAME":"Kandy","SUBJECTO":"Kandy","PARTOF":"Kandy","ABBREVN":"Kandy","BORDERPRECISION":3,"fid":300}},
{"type":"Feature","geometry":{"type":"Polygon","coordinates":[[[79.838,7.816],[79.841,7.697],[79.839,7.353],[79.854,7.061],[80.017,6.496],[80.128,6.217],[80.222,6.058],[80.341,5.969],[80.563,5.932],[80.852,5.951],[81.203,6.079],[81.434,6.27],[81.476,6.316],[81.056,6.473],[80.786,6.574],[80.079,7.744],[79.981,7.906],[79.838,7.816]]]},"properties":{"NAME":"Ceylon (Dutch)","SUBJECTO":"Netherlands","PARTOF":"Ceylon (Dutch)","ABBREVN":"Ceylon (Dutch)","BORDERPRECISION":3,"fid":301}},
{"type":"Feature","geometry":{"type":"Polygon","coordinates":[[[-45.371,-1.757],[-45.492,-1.49],[-45.643,-1.363],[-46.124,-1.161],[-46.49,-1.035],[-46.634,-1.048],[-46.928,-0.928],[-47.237,-0.68],[-47.316,-0.681],[-47.474,-0.77],[-47.927,-0.771],[-48.043,-0.816],[-48.165,-0.994],[-48.39,-1.414],[-48.527,-1.586],[-48.657,-1.656],[-49.221,-2.108],[-49.423,-2.359],[-49.415,-2.096],[-49.291,-1.791],[-49.622,-1.925],[-49.885,-1.95],[-49.889,-1.951],[-50.399,-1.965],[-50.528,-1.933],[-50.643,-1.882],[-50.842,-1.514],[-50.977,-1.114],[-51.027,-1.127],[-51.568,-1.446],[-51.791,-1.535],[-52.022,-1.568],[-52.143,-1.517],[-51.963,-1.313],[-51.774,-0.855],[-51.529,-0.429],[-51.17,-0.079],[-51.061,-0.017],[-50.876,0.087],[-50.647,0.272],[-50.54,0.418],[-50.12,1.054],[-49.884,1.214],[-49.864,1.328],[-49.881,1.576],[-49.969,1.728],[-50.409,1.823],[-50.555,1.969],[-52.678,-0.03],[-58.422,-2.306],[-59.298,-2.653],[-59.673,-3.277],[-58.923,-3.652],[-57.346,-3.35],[-53.052,-2.528],[-50.101,-3.194],[-48.74,-3.421],[-47.152,-2.967],[-46.358,-3.194],[-45.371,-1.757]]]},"properties":{"NAME":"Dutch Brazil","SUBJECTO":"Netherlands","PARTOF":"Dutch Brazil","ABBREVN":"Dutch Brazil","BORDERPRECISION":3,"fid":302}},
{"type":"Feature","geometry":{"type":"MultiPolygon","coordinates":[[[[-72.559,42.445],[-72.28,43.375],[-72.977,43.701],[-73.363,43.733],[-73.662,43.271],[-73.7,43.246],[-74.465,40.911],[-74.293,40.632],[-74.11,40.763],[-74.074,40.727],[-73.89,41.174],[-73.858,41.186],[-73.869,41.139],[-74.007,40.799],[-73.993,40.781],[-73.928,40.858],[-73.784,40.882],[-73.741,40.977],[-73.386,41.139],[-72.559,42.445]]],[[[-72.285,41.116],[-72.279,41.117],[-72.262,41.125],[-72.253,41.133],[-72.242,41.149],[-72.239,41.155],[-72.24,41.161],[-72.246,41.164],[-72.285,41.162],[-72.351,41.141],[-72.453,41.089],[-72.528,41.045],[-72.577,41.016],[-72.611,40.992],[-72.616,40.989],[-72.628,40.984],[-72.647,40.98],[-72.751,40.964],[-72.766,40.964],[-72.781,40.966],[-72.894,40.97],[-73.037,40.969],[-73.146,40.959],[-73.144,40.954],[-73.144,40.949],[-73.146,40.943],[-73.156,40.935],[-73.19,40.92],[-73.208,40.915],[-73.227,40.911],[-73.354,40.926],[-73.491,40.934],[-73.589,40.921],[-73.612,40.912],[-73.623,40.906],[-73.732,40.852],[-73.836,40.805],[-73.911,40.795],[-73.923,40.79],[-73.94,40.773],[-73.966,40.722],[-73.98,40.707],[-74.001,40.698],[-74.004,40.691],[-74.005,40.68],[-74.026,40.659],[-74.03,40.654],[-74.033,40.647],[-74.035,40.636],[-74.033,40.626],[-74.008,40.58],[-74.001,40.581],[-73.947,40.585],[-73.94,40.586],[-73.888,40.598],[-73.88,40.6],[-73.876,40.603],[-73.872,40.609],[-73.875,40.613],[-73.884,40.615],[-73.888,40.619],[-73.9,40.636],[-73.869,40.654],[-73.851,40.659],[-73.844,40.66],[-73.829,40.659],[-73.813,40.657],[-73.774,40.645],[-73.768,40.642],[-73.772,40.629],[-73.771,40.626],[-73.771,40.62],[-73.771,40.616],[-73.775,40.615],[-73.792,40.609],[-73.831,40.598],[-73.858,40.585],[-73.929,40.572],[-73.933,40.567],[-73.929,40.564],[-73.914,40.563],[-73.853,40.578],[-73.797,40.592],[-73.654,40.594],[-73.618,40.594],[-73.583,40.596],[-73.577,40.597],[-73.58,40.602],[-73.586,40.605],[-73.593,40.607],[-73.653,40.62],[-73.561,40.645],[-73.439,40.666],[-73.14,40.719],[-73.095,40.731],[-73.022,40.75],[-73.016,40.752],[-73.003,40.755],[-72.894,40.774],[-72.887,40.774],[-72.868,40.756],[-72.819,40.77],[-72.699,40.79],[-72.666,40.794],[-72.543,40.826],[-72.447,40.856],[-72.353,40.887],[-72.084,40.982],[-71.86,41.064],[-71.856,41.069],[-71.859,41.074],[-71.866,41.077],[-71.873,41.079],[-71.916,41.082],[-71.924,41.082],[-71.998,41.052],[-72.003,41.049],[-72.013,41.042],[-72.021,41.032],[-72.026,41.029],[-72.053,41.016],[-72.102,41.002],[-72.11,41.004],[-72.114,41.008],[-72.135,41.035],[-72.264,41.019],[-72.346,41],[-72.402,40.965],[-72.434,40.929],[-72.432,40.924],[-72.436,40.92],[-72.442,40.917],[-72.484,40.905],[-72.498,40.904],[-72.585,40.906],[-72.607,40.907],[-72.616,40.91],[-72.621,40.913],[-72.622,40.918],[-72.618,40.923],[-72.388,41.085],[-72.289,41.125],[-72.289,41.12],[-72.285,41.116]]],[[[-74.234,40.536],[-74.236,40.518],[-74.236,40.513],[-74.232,40.509],[-74.22,40.512],[-74.212,40.514],[-74.145,40.539],[-74.123,40.55],[-74.109,40.56],[-74.057,40.6],[-74.054,40.604],[-74.054,40.615],[-74.057,40.624],[-74.063,40.639],[-74.069,40.646],[-74.074,40.649],[-74.083,40.651],[-74.171,40.643],[-74.177,40.642],[-74.182,40.637],[-74.185,40.632],[-74.231,40.542],[-74.234,40.536]]]]},"properties":{"NAME":"New Amsterdam","SUBJECTO":"Netherlands","PARTOF":"New Amsterdam","ABBREVN":"NewAmsterdam","BORDERPRECISION":3,"fid":303}},
{"type":"Feature","geometry":{"type":"Polygon","coordinates":[[[-81.877,37.363],[-81.523,37.261],[-80.749,37.36],[-80.221,37.643],[-80.067,37.96],[-79.528,38.447],[-79.163,38.532],[-79.144,38.599],[-79.145,38.598],[-79.921,40.419],[-80.746,40.677],[-82.965,40.588],[-84.278,40.707],[-85.172,40.642],[-85.516,40.399],[-86.317,40.027],[-87.004,39.468],[-87.348,39.154],[-87.648,38.882],[-87.763,38.91],[-87.745,40.337],[-87.775,39.36],[-87.778,38.364],[-87.55,38.699],[-86.076,39.201],[-84.692,39.246],[-83.096,38.957],[-82.062,38.334],[-81.849,37.543],[-81.877,37.363]]]},"properties":{"BORDERPRECISION":3,"fid":304}},
{"type":"Feature","geometry":{"type":"Polygon","coordinates":[[[-91.626,31.939],[-91.845,31.838],[-92.295,31.793],[-92.699,31.615],[-92.737,31.25],[-92.475,30.852],[-92.46,30.584],[-91.95,30.575],[-91.575,30.73],[-91.541,30.796],[-91.448,30.974],[-91.253,31.18],[-90.721,31.225],[-90.256,31.321],[-90.166,31.525],[-90.226,32.022],[-90.23,32.023],[-90.409,32.05],[-91.22,31.976],[-91.626,31.939]]]},"properties":{"NAME":"Natchez","SUBJECTO":"Natchez","PARTOF":"Natchez","ABBREVN":"Natchez","BORDERPRECISION":3,"fid":305}},
{"type":"Feature","geometry":{"type":"Polygon","coordinates":[[[-91.541,30.796],[-91.064,30.758],[-90.37,30.758],[-90.196,31.083],[-90.256,31.321],[-90.721,31.225],[-91.253,31.18],[-91.448,30.974],[-91.541,30.796]]]},"properties":{"NAME":"Houma","SUBJECTO":"Houma","PARTOF":"Houma","ABBREVN":"Houma","BORDERPRECISION":3,"fid":306}},
{"type":"Feature","geometry":{"type":"Polygon","coordinates":[[[-77.118,36.679],[-77.096,36.774],[-77.071,36.883],[-77.131,36.923],[-77.517,37.182],[-77.618,37.087],[-77.917,37.151],[-78.055,36.976],[-78.048,36.932],[-77.662,36.907],[-77.118,36.679]]]},"properties":{"BORDERPRECISION":3,"fid":307}},
{"type":"Feature","geometry":{"type":"Polygon","coordinates":[[[-90.409,32.05],[-90.23,32.023],[-90.133,32.078],[-89.45,32.039],[-89.508,32.48],[-89.974,32.58],[-89.974,32.572],[-90.396,32.51],[-90.409,32.05]]]},"properties":{"BORDERPRECISION":3,"fid":308}},
{"type":"Feature","geometry":{"type":"Polygon","coordinates":[[[-76.969,36.084],[-76.809,35.838],[-76.982,35.555],[-76.857,35.512],[-76.615,35.456],[-76.581,35.461],[-76.645,35.571],[-76.577,35.577],[-76.516,35.467],[-76.449,35.438],[-76.358,35.408],[-76.141,35.384],[-76.027,35.473],[-75.884,35.687],[-75.856,35.642],[-75.783,35.636],[-75.708,35.749],[-75.729,35.882],[-75.849,36.021],[-75.93,35.974],[-75.991,35.808],[-76.032,35.693],[-76.095,35.722],[-76.063,35.888],[-76.012,35.974],[-76.068,36.048],[-76.325,35.983],[-76.727,35.992],[-76.679,36.063],[-76.731,36.158],[-76.732,36.164],[-76.969,36.084]]]},"properties":{"BORDERPRECISION":3,"fid":309}},
{"type":"Feature","geometry":{"type":"Polygon","coordinates":[[[-77.128,35.319],[-77.119,35.323],[-77.063,35.207],[-76.846,35.038],[-76.779,35.038],[-76.653,35.1],[-76.567,35.213],[-76.678,35.216],[-76.5,35.281],[-76.484,35.334],[-76.859,35.485],[-76.981,35.497],[-77.003,35.522],[-77.128,35.319]]]},"properties":{"BORDERPRECISION":3,"fid":310}},
{"type":"Feature","geometry":{"type":"Polygon","coordinates":[[[-77.128,35.319],[-77.417,35.19],[-77.465,35.204],[-77.45,35.066],[-77.199,34.68],[-76.622,34.763],[-76.504,34.795],[-76.498,34.834],[-76.306,34.979],[-76.327,35.014],[-76.425,35.032],[-76.443,35.112],[-76.493,35.02],[-76.624,35.032],[-76.76,34.955],[-76.953,35.029],[-77.063,35.207],[-77.119,35.323],[-77.128,35.319]]]},"properties":{"NAME":"Catawba","SUBJECTO":"Catawba","PARTOF":"Catawba","ABBREVN":"Catawba","BORDERPRECISION":3,"fid":311}},
{"type":"Feature","geometry":{"type":"Polygon","coordinates":[[[-77.118,36.679],[-77.181,36.409],[-76.969,36.084],[-76.732,36.164],[-76.751,36.261],[-76.71,36.353],[-76.673,36.33],[-76.711,36.258],[-76.701,36.174],[-76.522,36.235],[-76.401,36.419],[-77.096,36.774],[-77.118,36.679]]]},"properties":{"BORDERPRECISION":3,"fid":312}},
{"type":"Feature","geometry":{"type":"Polygon","coordinates":[[[-76.701,36.174],[-76.7,36.161],[-76.587,36.066],[-76.509,36.057],[-76.34,36.152],[-76.442,36.244],[-76.205,36.152],[-76.094,36.205],[-76.213,36.341],[-76.186,36.368],[-75.953,36.232],[-75.953,36.333],[-75.858,36.161],[-75.793,36.137],[-75.896,36.398],[-75.961,36.442],[-76.009,36.521],[-76.38,36.533],[-76.394,36.429],[-76.401,36.419],[-76.522,36.235],[-76.701,36.174]]]},"properties":{"BORDERPRECISION":3,"fid":313}},
{"type":"Feature","geometry":{"type":"Polygon","coordinates":[[[-77.096,36.774],[-76.401,36.419],[-76.394,36.429],[-76.38,36.533],[-76.326,36.937],[-76.524,36.922],[-76.503,37.029],[-76.662,37.153],[-77.131,36.923],[-77.071,36.883],[-77.096,36.774]]]},"properties":{"BORDERPRECISION":3,"fid":314}},
{"type":"Feature","geometry":{"type":"Polygon","coordinates":[[[-78.048,36.932],[-77.997,36.632],[-78.057,36.502],[-78.012,36.52],[-78.238,35.549],[-78.135,35.399],[-77.465,35.204],[-77.417,35.19],[-77.128,35.319],[-77.003,35.522],[-77.053,35.58],[-76.982,35.555],[-76.809,35.838],[-76.969,36.084],[-77.181,36.409],[-77.118,36.679],[-77.662,36.907],[-78.048,36.932]]]},"properties":{"BORDERPRECISION":3,"fid":315}},
{"type":"Feature","geometry":{"type":"MultiPolygon","coordinates":[[[[-81.199,31.591],[-81.182,31.64],[-80.818,32.147],[-80.738,32.236],[-80.581,32.497],[-80.222,32.536],[-80.029,32.625],[-79.717,32.797],[-79.349,33.11],[-79.305,33.269],[-79.749,33.872],[-79.25,34.371],[-78.35,34.272],[-78.253,33.888],[-77.963,33.933],[-77.905,33.99],[-77.685,34.264],[-77.296,34.667],[-77.199,34.68],[-77.45,35.066],[-77.465,35.204],[-78.135,35.399],[-78.238,35.549],[-78.012,36.52],[-78.057,36.502],[-77.997,36.632],[-78.048,36.932],[-78.055,36.976],[-77.917,37.151],[-77.618,37.087],[-77.517,37.182],[-77.131,36.923],[-76.662,37.153],[-76.723,37.201],[-76.921,37.266],[-76.942,37.286],[-77.72,39.144],[-75.07,40.399],[-74.651,40.213],[-74.406,39.614],[-74.289,39.572],[-74.153,39.765],[-73.946,40.447],[-74.195,40.489],[-74.212,40.514],[-74.22,40.512],[-74.232,40.509],[-74.236,40.513],[-74.236,40.518],[-74.234,40.536],[-74.231,40.542],[-74.293,40.632],[-74.465,40.911],[-73.7,43.246],[-74.604,42.644],[-75.091,42.447],[-75.296,42.177],[-75.366,42.061],[-76.019,42.188],[-77.279,42.242],[-78.134,42.403],[-78.79,40.66],[-77.799,39.937],[-77.842,39.623],[-78.29,39.086],[-79.144,38.599],[-79.163,38.532],[-79.528,38.447],[-80.067,37.96],[-80.221,37.643],[-80.175,37.667],[-80.312,37.132],[-80.582,36.872],[-80.675,36.783],[-81.998,35.736],[-82.491,35.002],[-82.56,34.9],[-83.696,34.046],[-84.208,33.912],[-84.407,33.88],[-85.007,33.922],[-85.301,33.66],[-86.117,33.548],[-86.356,33.092],[-86.107,32.913],[-85.668,32.762],[-85.644,32.402],[-85.668,32.114],[-85.827,31.859],[-87.322,31.867],[-87.282,32.106],[-87.154,32.418],[-87.202,32.658],[-87.162,32.953],[-87.11,33.261],[-88.846,33.28],[-89.951,32.958],[-89.974,32.58],[-89.508,32.48],[-89.45,32.039],[-90.133,32.078],[-90.23,32.023],[-90.226,32.022],[-90.166,31.525],[-90.256,31.321],[-90.196,31.083],[-90.37,30.758],[-91.064,30.758],[-91.541,30.796],[-91.575,30.73],[-91.95,30.575],[-92.46,30.584],[-91.981,30.233],[-91.184,29.856],[-90.372,29.856],[-89.523,29.976],[-89.684,30.09],[-89.867,30.132],[-90,30.039],[-90,30.142],[-90,30.38],[-90,30.386],[-90,30.39],[-89.711,30.183],[-89.535,30.208],[-89.233,30.406],[-88.635,30.388],[-88.343,30.389],[-88.142,30.328],[-88.035,30.679],[-87.775,30.263],[-87.692,30.263],[-87.404,30.307],[-87.383,30.442],[-87.528,31.324],[-85.78,31.449],[-83.247,31.374],[-81.199,31.591]]],[[[-76.009,36.521],[-76.038,36.57],[-75.907,36.54],[-75.913,36.575],[-75.922,36.629],[-75.983,36.629],[-75.958,36.768],[-75.891,36.644],[-75.87,36.576],[-75.73,36.116],[-75.703,36.057],[-75.585,35.9],[-75.522,35.858],[-75.724,36.22],[-75.843,36.576],[-75.906,36.765],[-75.975,36.937],[-76.311,36.991],[-76.325,36.937],[-76.326,36.937],[-76.38,36.533],[-76.009,36.521]]]]},"properties":{"BORDERPRECISION":3,"fid":316}},
{"type":"Feature","geometry":{"type":"Polygon","coordinates":[[[6.839,46.312],[6.864,46.292],[6.855,46.27],[6.804,46.137],[6.903,46.125],[6.876,46.054],[6.939,46.007],[7.041,45.93],[7.049,45.924],[7.196,45.861],[7.565,45.987],[7.577,45.991],[7.807,45.937],[7.873,45.921],[8.154,46.146],[8.089,46.268],[8.243,46.356],[8.314,46.396],[8.273,46.418],[8.176,46.471],[8.176,46.433],[8.065,46.364],[7.999,46.323],[7.907,46.302],[7.75,46.321],[7.752,46.363],[7.709,46.364],[7.705,46.381],[7.694,46.426],[7.61,46.443],[7.535,46.409],[7.547,46.388],[7.547,46.387],[7.5,46.373],[7.221,46.327],[7.033,46.184],[6.878,46.394],[6.872,46.393],[6.867,46.396],[6.864,46.395],[6.864,46.388],[6.858,46.388],[6.857,46.385],[6.809,46.394],[6.809,46.389],[6.809,46.38],[6.776,46.362],[6.839,46.312]]]},"properties":{"NAME":"Republic of the Seven Zenden","SUBJECTO":"Republic of the Seven Zenden","PARTOF":"Republic of the Seven Zenden","ABBREVN":"Republic of the Seven Zenden","BORDERPRECISION":3,"fid":317}},
{"type":"Feature","geometry":{"type":"Polygon","coordinates":[[[146.713,-43.722],[146.836,-43.689],[146.921,-43.567],[147.142,-43.257],[147.391,-43.082],[147.815,-42.965],[147.926,-42.823],[147.981,-42.482],[148.319,-41.806],[148.323,-41.497],[148.266,-41.138],[148.27,-41.093],[148.056,-40.92],[147.734,-41.029],[147.596,-41.165],[147.289,-41.152],[147.121,-41.178],[146.949,-41.23],[146.741,-41.295],[146.382,-41.308],[145.892,-41.142],[145.228,-40.983],[144.776,-40.843],[144.697,-40.862],[144.7,-41.164],[144.869,-41.594],[144.936,-41.71],[145.214,-42.031],[145.53,-42.345],[145.624,-42.519],[145.566,-42.583],[145.377,-42.507],[145.301,-42.462],[145.183,-42.481],[145.279,-42.668],[145.494,-42.918],[145.723,-43.24],[145.967,-43.407],[146.497,-43.619],[146.713,-43.722]]]},"properties":{"NAME":"Tasmanian hunter-gatherers","SUBJECTO":"Tasmanian hunter-gatherers","PARTOF":"Tasmanian hunter-gatherers","ABBREVN":"Tasmanian hunter-gatherers","BORDERPRECISION":3,"fid":318}},
{"type":"Feature","geometry":{"type":"Polygon","coordinates":[[[-102.587,53.565],[-111.977,58.287],[-122.491,54.244],[-115.034,52.033],[-115.03,52.033],[-114.467,52],[-106.277,51.517],[-102.587,53.565]]]},"properties":{"NAME":"Subarctic forest hunter-gatherers","SUBJECTO":"Subarctic forest hunter-gatherers","PARTOF":"Subarctic forest hunter-gatherers","ABBREVN":"Subarctic forest hunter-gatherers","BORDERPRECISION":3,"fid":319}},
{"type":"Feature","geometry":{"type":"Polygon","coordinates":[[[-122.491,54.244],[-111.977,58.287],[-112.449,58.525],[-111.371,58.606],[-118.196,62.711],[-118.198,62.713],[-124.936,64.835],[-132.302,62.538],[-133.481,62.934],[-129.763,69.658],[-129.943,69.643],[-130.464,69.467],[-130.896,69.3],[-131.673,69.276],[-131.999,69.087],[-132.175,68.981],[-132.713,68.867],[-132.789,68.709],[-132.69,68.462],[-133.339,68.798],[-133.72,68.918],[-133.413,69.137],[-132.618,69.252],[-132.303,69.487],[-131.754,69.609],[-131.195,69.686],[-130.703,69.854],[-130.208,69.915],[-130.05,69.969],[-129.849,70.151],[-130.242,70.206],[-130.712,70.205],[-131.059,70.158],[-131.236,70.074],[-131.446,69.966],[-131.777,69.928],[-132.166,69.889],[-132.508,69.858],[-132.803,69.759],[-133.002,69.758],[-133.141,69.675],[-133.648,69.507],[-133.995,69.506],[-134.776,69.573],[-134.844,69.527],[-135.104,69.497],[-135.439,69.526],[-136.044,69.336],[-136.015,69.147],[-135.86,69.08],[-135.699,68.989],[-135.496,68.719],[-135.61,68.704],[-135.803,68.771],[-136.203,68.876],[-136.932,68.95],[-137.261,68.964],[-137.729,69.016],[-138.275,69.135],[-138.3,69.143],[-157.178,64.013],[-160.927,63.952],[-160.89,63.857],[-160.974,63.642],[-161.001,63.628],[-153.17,59.74],[-153.152,59.743],[-152.899,59.896],[-152.819,60.132],[-152.878,60.279],[-152.744,60.342],[-152.561,60.384],[-152.19,60.658],[-151.731,60.785],[-151.342,60.954],[-151.084,61.151],[-150.882,61.193],[-150.781,61.292],[-150.311,61.314],[-149.874,61.139],[-149.317,60.929],[-149.425,60.859],[-149.913,60.914],[-150.437,60.906],[-150.828,60.8],[-151.16,60.66],[-151.23,60.471],[-151.415,60.254],[-151.783,59.995],[-151.784,59.962],[-148.755,60.683],[-148.728,60.727],[-148.553,60.84],[-148.466,60.868],[-148.493,61.064],[-148.189,61.1],[-147.94,61.206],[-147.638,61.052],[-147.447,60.994],[-147.27,60.94],[-147.068,60.91],[-145.511,62.576],[-138.607,61.535],[-134.799,60.553],[-134.311,61.434],[-133.464,61.538],[-128.705,60.74],[-130.075,57.566],[-128.427,55.668],[-129.97,53.913],[-129.434,53.518],[-129.06,53.739],[-128.814,53.764],[-128.829,53.525],[-128.889,53.418],[-128.432,52.939],[-128.077,52.939],[-128.06,52.5],[-127.873,52.413],[-127.866,52.413],[-122.491,54.244]]]},"properties":{"NAME":"Athabaskan","SUBJECTO":"Athabaskan","PARTOF":"Athabaskan","ABBREVN":"Athabaskan","BORDERPRECISION":3,"fid":320}},
{"type":"Feature","geometry":{"type":"MultiPolygon","coordinates":[[[[-72.587,-41.618],[-72.626,-41.759],[-72.731,-41.907],[-72.609,-41.997],[-72.466,-42.035],[-72.414,-42.163],[-72.438,-42.305],[-72.687,-42.376],[-72.747,-42.446],[-72.724,-42.8],[-72.53,-43.063],[-72.834,-43.185],[-72.999,-43.334],[-72.972,-43.707],[-73.019,-43.913],[-73.082,-44.022],[-73.058,-44.19],[-72.76,-44.369],[-72.583,-44.44],[-72.555,-44.543],[-72.677,-44.749],[-72.947,-44.943],[-73.204,-45.053],[-73.314,-45.086],[-73.36,-45.209],[-73.335,-45.28],[-73.138,-45.344],[-73.047,-45.376],[-73.331,-45.474],[-73.367,-45.5],[-73.474,-45.669],[-73.499,-45.96],[-73.571,-46.265],[-73.97,-46.713],[-73.995,-46.486],[-73.979,-46.344],[-74.087,-46.298],[-74.17,-46.337],[-74.291,-46.513],[-74.376,-46.558],[-74.429,-46.533],[-74.479,-46.306],[-74.334,-46.182],[-74.042,-46.091],[-74.068,-45.935],[-74.189,-45.845],[-74.564,-45.872],[-74.684,-46.047],[-74.864,-46.229],[-74.977,-46.281],[-75.441,-46.515],[-75.496,-46.58],[-75.444,-46.625],[-75.022,-46.553],[-75.011,-46.774],[-74.862,-46.819],[-74.463,-46.799],[-74.304,-46.857],[-73.979,-47.032],[-73.983,-47.129],[-74.087,-47.298],[-74.328,-47.292],[-74.412,-47.384],[-74.381,-47.423],[-74.393,-47.533],[-74.545,-47.683],[-74.538,-47.787],[-74.297,-47.761],[-74.154,-47.839],[-73.764,-47.773],[-73.36,-47.974],[-73.362,-48.046],[-73.439,-48.156],[-73.759,-48.124],[-73.943,-48.014],[-74.21,-48.008],[-74.216,-48.106],[-74.133,-48.477],[-74.312,-48.745],[-74.272,-49.431],[-73.963,-49.241],[-73.9,-49.43],[-74.24,-49.634],[-74.187,-49.823],[-73.932,-49.993],[-74.19,-50.171],[-74.075,-50.473],[-73.934,-50.506],[-73.818,-50.46],[-73.53,-50.433],[-73.552,-50.538],[-73.731,-50.703],[-73.776,-50.835],[-73.889,-50.908],[-74.269,-50.994],[-74.208,-51.021],[-73.861,-51.211],[-73.703,-51.198],[-73.679,-51.231],[-73.638,-51.356],[-73.689,-51.436],[-73.875,-51.562],[-73.778,-51.614],[-73.591,-51.792],[-73.429,-51.726],[-73.258,-51.706],[-73.277,-51.785],[-73.408,-52.024],[-73.107,-52.103],[-72.81,-51.93],[-72.65,-52.128],[-72.449,-52.161],[-72.446,-52.247],[-72.565,-52.387],[-72.559,-52.573],[-72.212,-52.572],[-71.95,-52.571],[-71.678,-52.644],[-71.877,-52.697],[-72.233,-52.791],[-72.353,-52.778],[-72.784,-52.898],[-72.842,-52.985],[-72.751,-53.138],[-72.506,-53.064],[-72.051,-53.07],[-71.443,-52.829],[-71.32,-52.882],[-71.152,-52.962],[-71.164,-53.028],[-71.425,-53.208],[-71.572,-53.408],[-71.872,-53.696],[-71.442,-53.882],[-71.202,-53.834],[-70.998,-53.821],[-70.951,-53.754],[-70.878,-53.474],[-70.905,-53.234],[-70.854,-53.081],[-70.734,-52.802],[-70.573,-52.708],[-70.416,-52.668],[-69.895,-52.627],[-69.671,-52.54],[-69.483,-52.361],[-69.343,-52.288],[-69.237,-52.294],[-68.995,-52.426],[-68.594,-52.465],[-68.456,-52.42],[-68.411,-52.405],[-68.516,-52.253],[-68.831,-51.902],[-69.077,-51.499],[-69.115,-51.352],[-71.165,-51.561],[-71.487,-51.104],[-72.044,-48.766],[-72.191,-45.99],[-71.634,-43.196],[-70.579,-40.579],[-71.799,-40.553],[-71.815,-40.582],[-71.86,-40.748],[-71.805,-41.574],[-72.587,-41.618]]],[[[-65.259,-54.719],[-65.323,-54.726],[-65.9,-54.713],[-66.118,-54.64],[-66.307,-54.64],[-66.418,-54.607],[-66.746,-54.441],[-66.983,-54.341],[-67.43,-54.001],[-67.838,-53.701],[-68.13,-53.375],[-68.284,-53.316],[-68.557,-53.349],[-68.624,-53.316],[-68.705,-53.235],[-68.465,-53.083],[-68.305,-52.943],[-68.332,-52.85],[-68.701,-52.72],[-69.221,-52.692],[-69.407,-52.566],[-69.797,-52.853],[-70.281,-53.087],[-70.346,-53.16],[-70.465,-53.373],[-70.333,-53.473],[-69.515,-53.345],[-69.441,-53.411],[-69.421,-53.544],[-70.146,-53.806],[-70.042,-53.986],[-69.89,-54.139],[-69.806,-54.126],[-69.726,-54.165],[-69.474,-54.218],[-69.335,-54.292],[-69.055,-54.602],[-69.373,-54.605],[-69.568,-54.459],[-70.213,-54.434],[-70.621,-54.501],[-70.574,-54.642],[-70.665,-54.783],[-70.721,-54.937],[-70.498,-54.923],[-70.078,-54.822],[-69.861,-54.774],[-69.672,-54.774],[-69.424,-54.881],[-69.214,-54.934],[-68.749,-54.889],[-68.376,-54.852],[-68.009,-54.858],[-67.492,-54.87],[-67.153,-54.91],[-66.622,-55.07],[-66.458,-55.07],[-66.108,-54.982],[-65.569,-54.94],[-65.348,-54.913],[-65.262,-54.819],[-65.259,-54.719]]],[[[-73.475,-42.114],[-73.637,-41.967],[-74.005,-42.019],[-74.169,-42.346],[-74.173,-42.533],[-74.134,-42.764],[-74.202,-43.06],[-74.296,-43.265],[-74.236,-43.368],[-74.142,-43.445],[-73.948,-43.458],[-73.771,-43.509],[-73.696,-43.386],[-73.609,-42.911],[-73.831,-42.564],[-73.765,-42.461],[-73.455,-42.262],[-73.475,-42.114]]],[[[-72.869,-52.281],[-72.961,-52.235],[-73.19,-52.328],[-73.56,-52.283],[-73.658,-52.442],[-73.626,-52.608],[-73.243,-52.574],[-73.281,-52.953],[-73.08,-53.032],[-72.965,-52.799],[-72.845,-52.646],[-72.869,-52.281]]]]},"properties":{"NAME":"Patagonian shellfish and marine mammal hunters","SUBJECTO":"Patagonian shellfish and marine mammal hunters","PARTOF":"Patagonian shellfish and marine mammal hunters","ABBREVN":"Patagonian shellfish and marine mammal hunters","BORDERPRECISION":3,"fid":321}},
{"type":"Feature","geometry":{"type":"Polygon","coordinates":[[[-67.365,-31.608],[-67.482,-31.656],[-67.65,-33.577],[-69.437,-37.159],[-71.517,-39.706],[-71.551,-39.758],[-71.673,-40.338],[-71.799,-40.553],[-70.579,-40.579],[-71.634,-43.196],[-72.191,-45.99],[-72.044,-48.766],[-71.487,-51.104],[-71.165,-51.561],[-69.115,-51.352],[-69.167,-51.149],[-69.143,-50.918],[-69.041,-50.562],[-68.895,-50.384],[-68.706,-50.285],[-68.27,-50.173],[-67.833,-49.968],[-67.726,-49.824],[-67.65,-49.621],[-67.7,-49.386],[-67.658,-49.183],[-67.578,-49.059],[-67.257,-48.744],[-66.564,-48.378],[-66.078,-48.142],[-65.993,-48.077],[-65.839,-47.868],[-65.781,-47.712],[-65.713,-47.354],[-65.776,-47.23],[-65.939,-47.191],[-66.376,-47.127],[-66.671,-47.017],[-67.112,-46.732],[-67.328,-46.532],[-67.469,-46.266],[-67.496,-46.097],[-67.472,-45.922],[-67.225,-45.553],[-66.973,-45.306],[-66.695,-45.131],[-66.411,-45.021],[-66.194,-44.982],[-65.657,-44.942],[-65.436,-44.89],[-65.627,-44.723],[-65.637,-44.626],[-65.27,-44.258],[-65.233,-44.142],[-65.306,-43.788],[-65.307,-43.601],[-65.047,-43.331],[-64.698,-43.201],[-64.309,-43.027],[-64.336,-43.014],[-64.54,-42.963],[-64.751,-42.912],[-65.017,-42.881],[-65.085,-42.784],[-64.99,-42.739],[-64.688,-42.649],[-64.217,-42.616],[-64.165,-42.648],[-64.118,-42.782],[-64.001,-42.853],[-63.799,-42.82],[-63.665,-42.775],[-63.6,-42.704],[-63.624,-42.57],[-63.729,-42.101],[-63.901,-42.121],[-64.294,-42.205],[-64.12,-42.384],[-64.286,-42.474],[-64.644,-42.437],[-64.992,-42.193],[-65.033,-42.02],[-64.925,-41.731],[-64.941,-41.552],[-65.135,-41.244],[-65.153,-40.975],[-65.049,-40.853],[-64.939,-40.827],[-64.277,-41.006],[-63.842,-41.158],[-63.476,-41.19],[-62.964,-41.137],[-62.731,-41.05],[-62.401,-40.925],[-62.353,-40.899],[-62.26,-40.803],[-62.289,-40.675],[-62.466,-40.368],[-62.435,-40.195],[-62.279,-39.971],[-62.108,-39.69],[-62.068,-39.556],[-62.206,-39.473],[-62.351,-39.333],[-62.367,-38.97],[-62.31,-38.88],[-61.89,-38.981],[-61.361,-39.031],[-60.936,-39.011],[-60.323,-38.959],[-59.515,-38.875],[-58.651,-38.694],[-58.183,-38.54],[-57.809,-38.386],[-57.643,-38.259],[-57.502,-37.927],[-57.174,-37.582],[-56.837,-37.161],[-56.698,-36.944],[-56.8,-36.543],[-56.849,-36.492],[-57.084,-36.416],[-57.294,-36.27],[-57.372,-36.149],[-57.419,-35.997],[-57.4,-35.818],[-57.237,-35.583],[-57.226,-35.436],[-57.352,-35.29],[-57.479,-35.214],[-57.801,-35.087],[-58.107,-34.961],[-58.523,-34.587],[-58.53,-34.485],[-58.412,-34.339],[-58.34,-34.216],[-58.18,-34.288],[-57.934,-34.541],[-57.787,-34.598],[-57.559,-34.566],[-57.348,-34.508],[-57.006,-34.578],[-56.719,-34.691],[-56.338,-34.995],[-56.167,-35.014],[-55.879,-34.887],[-55.631,-34.835],[-55.383,-34.816],[-54.99,-34.967],[-54.622,-34.922],[-54.423,-34.852],[-54.074,-34.648],[-53.793,-34.4],[-53.432,-33.903],[-53.406,-33.879],[-52.921,-33.439],[-52.567,-33.019],[-52.351,-32.675],[-52.149,-31.906],[-52.144,-31.747],[-52.14,-31.741],[-53.544,-31.446],[-54.365,-30.593],[-57.353,-29.681],[-59.031,-29.777],[-59.176,-30.646],[-58.609,-31.213],[-58.836,-32.348],[-61.445,-32.348],[-66.436,-31.553],[-67.365,-31.608]]]},"properties":{"NAME":"Pampas cultures","SUBJECTO":"Pampas cultures","PARTOF":"Pampas cultures","ABBREVN":"Pampas cultures","BORDERPRECISION":3,"fid":322}},
{"type":"Feature","geometry":{"type":"Polygon","coordinates":[[[-69.961,-6.179],[-69.045,-8.236],[-64.194,-14.695],[-64.193,-14.69],[-60.268,-13.81],[-53.123,-14.275],[-53.128,-14.265],[-46.281,-3.553],[-49.066,-4.744],[-54.163,-4.627],[-56.331,-4.335],[-57.346,-3.35],[-58.923,-3.652],[-59.673,-3.277],[-59.298,-2.653],[-58.422,-2.306],[-58.44,-2.288],[-57.972,-0.589],[-55.804,0.876],[-55.862,1.696],[-58.558,3.978],[-62.659,4.153],[-66.408,3.042],[-69.526,-4.256],[-69.281,-4.519],[-69.649,-6.117],[-69.961,-6.179]]]},"properties":{"NAME":"Amazon hunter-gatherers","SUBJECTO":"Amazon hunter-gatherers","PARTOF":"Amazon hunter-gatherers","ABBREVN":"Amazon hunter-gatherers","BORDERPRECISION":3,"fid":323}},
{"type":"Feature","geometry":{"type":"MultiPolygon","coordinates":[[[[-69.367,-33.093],[-69.367,-34.445],[-70.289,-36.474],[-71.027,-37.212],[-71.149,-37.216],[-71.159,-37.289],[-71.153,-37.811],[-71.041,-38.307],[-70.844,-38.727],[-70.935,-38.791],[-71.363,-39.029],[-71.42,-39.106],[-71.443,-39.246],[-71.551,-39.758],[-71.517,-39.706],[-69.437,-37.159],[-67.65,-33.577],[-67.482,-31.656],[-67.499,-31.663],[-67.534,-31.618],[-67.792,-31.633],[-69.041,-32.382],[-69.367,-33.093]]],[[[-73.435,-37.902],[-73.401,-38.099],[-73.44,-38.354],[-73.441,-38.628],[-73.196,-39.419],[-73.194,-39.565],[-73.434,-39.91],[-73.759,-40.243],[-73.821,-40.429],[-73.905,-40.839],[-73.845,-41.153],[-73.905,-40.839],[-73.821,-40.429],[-73.759,-40.243],[-73.434,-39.91],[-73.194,-39.565],[-73.196,-39.419],[-73.441,-38.628],[-73.44,-38.354],[-73.401,-38.099],[-73.435,-37.902]]],[[[-71.52,-32.181],[-71.445,-32.543],[-71.403,-32.645],[-71.413,-32.729],[-71.416,-32.753],[-71.509,-32.905],[-71.713,-33.109],[-71.75,-33.191],[-71.677,-33.39],[-71.61,-33.572],[-71.616,-33.706],[-71.739,-33.877],[-71.823,-33.935],[-71.963,-34.246],[-72.076,-34.672],[-72.167,-34.958],[-72.33,-35.283],[-72.629,-35.646],[-72.71,-35.939],[-72.846,-36.359],[-72.96,-36.576],[-73.144,-37.156],[-73.188,-37.22],[-73.278,-37.283],[-73.36,-37.322],[-73.584,-37.278],[-73.69,-37.367],[-73.673,-37.501],[-73.69,-37.367],[-73.584,-37.278],[-73.36,-37.322],[-73.278,-37.283],[-73.188,-37.22],[-73.144,-37.156],[-72.96,-36.576],[-72.846,-36.359],[-72.71,-35.939],[-72.629,-35.646],[-72.33,-35.283],[-72.167,-34.958],[-72.076,-34.672],[-71.963,-34.246],[-71.823,-33.935],[-71.739,-33.877],[-71.616,-33.706],[-71.61,-33.572],[-71.75,-33.191],[-71.713,-33.109],[-71.509,-32.905],[-71.416,-32.753],[-71.403,-32.645],[-71.445,-32.543],[-71.52,-32.181]]]]},"properties":{"NAME":"Andean hunter-gatherers","SUBJECTO":"Andean hunter-gatherers","PARTOF":"Andean hunter-gatherers","ABBREVN":"Andean hunter-gatherers","BORDERPRECISION":3,"fid":324}},
{"type":"Feature","geometry":{"type":"MultiPolygon","coordinates":[[[[-48.735,-23.206],[-53.123,-14.275],[-60.268,-13.81],[-64.193,-14.69],[-64.194,-14.695],[-64.662,-16.805],[-65.719,-18.084],[-65.494,-19.135],[-67.154,-25.222],[-67.544,-26.393],[-65.793,-27.011],[-61.047,-26.012],[-61.047,-20.141],[-60.797,-19.141],[-61.671,-17.393],[-60.797,-16.268],[-58.424,-17.393],[-56.175,-19.516],[-55.051,-19.516],[-53.677,-18.517],[-52.053,-19.266],[-52.053,-21.89],[-53.302,-23.513],[-53.677,-26.386],[-53.177,-27.511],[-53.802,-28.01],[-58.723,-27.923],[-59.031,-29.777],[-57.353,-29.681],[-54.365,-30.593],[-53.544,-31.446],[-52.14,-31.741],[-52.042,-31.557],[-51.9,-31.429],[-51.602,-31.232],[-51.445,-31.015],[-51.265,-30.469],[-51.266,-30.335],[-51.232,-30.265],[-50.948,-30.36],[-50.769,-30.366],[-50.609,-30.302],[-50.582,-30.416],[-50.854,-30.938],[-51.137,-31.193],[-51.333,-31.46],[-51.477,-31.823],[-51.117,-31.472],[-50.806,-31.192],[-50.469,-30.74],[-50.244,-30.32],[-50.03,-29.805],[-49.936,-29.627],[-49.546,-29.157],[-49.192,-28.921],[-48.937,-28.698],[-48.852,-28.563],[-50.054,-27.76],[-50.179,-24.638],[-48.967,-23.272],[-48.735,-23.206]]],[[[-67.534,-31.618],[-67.499,-31.663],[-67.482,-31.656],[-67.365,-31.608],[-67.534,-31.618]]]]},"properties":{"NAME":"Savanna hunter-gatherers","SUBJECTO":"Savanna hunter-gatherers","PARTOF":"Savanna hunter-gatherers","ABBREVN":"Savanna hunter-gatherers","BORDERPRECISION":3,"fid":325}},
{"type":"Feature","geometry":{"type":"Polygon","coordinates":[[[-60.793,9.388],[-61.001,9.521],[-61.415,9.698],[-61.531,9.851],[-61.699,9.895],[-61.917,9.907],[-62.103,10.021],[-62.186,9.957],[-62.297,9.722],[-62.186,9.957],[-62.103,10.021],[-61.917,9.907],[-61.699,9.895],[-61.531,9.851],[-61.415,9.698],[-61.001,9.521],[-60.793,9.388]]]},"properties":{"NAME":"Caribbean hunter-gatherers","SUBJECTO":"Caribbean hunter-gatherers","PARTOF":"Caribbean hunter-gatherers","ABBREVN":"Caribbean hunter-gatherers","BORDERPRECISION":3,"fid":326}},
{"type":"Feature","geometry":{"type":"Polygon","coordinates":[[[120.395,-32.761],[120.406,-32.776],[120.461,-32.877],[120.53,-32.959],[120.538,-32.969],[120.582,-33.052],[120.713,-33.172],[120.808,-33.143],[120.974,-33.125],[121.128,-33.124],[121.261,-33.115],[121.405,-33.115],[121.558,-33.159],[121.702,-33.215],[121.747,-33.236],[121.841,-33.283],[121.99,-33.326],[122.201,-33.374],[122.301,-33.4],[122.467,-33.382],[122.622,-33.382],[122.755,-33.391],[122.8,-33.165],[122.827,-33.055],[122.828,-33.055],[122.833,-33.035],[122.888,-32.906],[122.91,-32.758],[122.932,-32.489],[122.921,-32.369],[122.965,-32.229],[122.998,-32.098],[123.009,-31.987],[123.042,-31.874],[123.108,-31.753],[123.152,-31.603],[123.185,-31.462],[123.229,-31.35],[123.284,-31.227],[123.306,-31.114],[123.383,-30.992],[123.251,-30.954],[123.194,-30.938],[122.805,-30.978],[122.278,-31.044],[121.619,-31.1],[121.239,-31.1],[121.215,-31.114],[121.094,-31.189],[120.962,-31.246],[120.698,-31.405],[120.422,-31.64],[120.279,-31.743],[120.169,-31.893],[120.023,-32.059],[119.917,-32.18],[119.989,-32.229],[120.066,-32.341],[120.171,-32.476],[120.23,-32.554],[120.312,-32.653],[120.395,-32.761]]]},"properties":{"NAME":"Kalaako/Malpa","SUBJECTO":"Kalaako/Malpa","PARTOF":"Kalaako/Malpa","ABBREVN":"Kalaako/Malpa","BORDERPRECISION":3,"fid":327}},
{"type":"Feature","geometry":{"type":"Polygon","coordinates":[[[128.181,-15.249],[128.086,-15.355],[128.082,-15.359],[128.068,-15.417],[128.055,-15.441],[128.051,-15.448],[128.123,-15.517],[128.119,-15.558],[128.14,-15.564],[128.145,-15.56],[128.315,-15.538],[128.441,-15.491],[128.452,-15.332],[128.463,-15.25],[128.464,-15.241],[128.474,-15.168],[128.573,-15.099],[128.782,-15.083],[128.914,-15.125],[129.073,-15.231],[129.282,-15.295],[129.507,-15.295],[129.716,-15.289],[129.758,-15.273],[129.732,-15.231],[129.672,-15.154],[129.632,-15.278],[129.483,-15.215],[129.196,-14.993],[128.981,-14.923],[128.459,-14.886],[128.389,-14.944],[128.181,-15.249]]]},"properties":{"NAME":"Kadjerong","SUBJECTO":"Kadjerong","PARTOF":"Kadjerong","ABBREVN":"Kadjerong","BORDERPRECISION":3,"fid":328}},
{"type":"Feature","geometry":{"type":"Polygon","coordinates":[[[151.31,-33.774],[151.191,-33.784],[151.103,-33.765],[151.026,-33.743],[151.022,-33.741],[151.013,-33.756],[150.98,-33.843],[150.925,-33.936],[151.092,-33.934],[151.224,-33.966],[151.263,-33.991],[151.31,-33.774]]]},"properties":{"NAME":"Eora","SUBJECTO":"Eora","PARTOF":"Eora","ABBREVN":"Eora","BORDERPRECISION":3,"fid":329}},
{"type":"Feature","geometry":{"type":"Polygon","coordinates":[[[125.939,-18.048],[125.925,-18.047],[125.744,-18.047],[125.685,-18.09],[125.744,-18.12],[125.728,-18.141],[125.656,-18.24],[125.563,-18.349],[125.496,-18.41],[125.497,-18.417],[125.499,-18.422],[125.546,-18.428],[125.634,-18.542],[125.766,-18.745],[125.876,-18.854],[126.057,-18.927],[126.222,-18.927],[126.287,-18.944],[126.303,-18.94],[126.299,-18.885],[126.387,-18.834],[126.508,-18.782],[126.716,-18.667],[126.773,-18.556],[126.775,-18.48],[126.738,-18.48],[126.705,-18.386],[126.595,-18.25],[126.486,-18.135],[126.255,-18.094],[125.991,-18.115],[125.936,-18.062],[125.949,-18.048],[125.939,-18.048]]]},"properties":{"NAME":"Gooniyandi","SUBJECTO":"Gooniyandi","PARTOF":"Gooniyandi","ABBREVN":"Gooniyandi","BORDERPRECISION":3,"fid":330}},
{"type":"Feature","geometry":{"type":"Polygon","coordinates":[[[115.985,-22.468],[116.016,-22.467],[115.95,-22.548],[115.912,-22.602],[115.927,-22.631],[115.955,-22.639],[116.005,-22.72],[116.087,-22.796],[116.252,-22.893],[116.455,-22.969],[116.542,-23.018],[116.609,-23.004],[116.653,-22.923],[116.741,-22.908],[116.84,-22.781],[116.861,-22.771],[116.752,-22.665],[116.609,-22.584],[116.532,-22.492],[116.422,-22.431],[116.301,-22.421],[116.169,-22.421],[116,-22.453],[115.985,-22.468]]]},"properties":{"NAME":"Pinikura","SUBJECTO":"Pinikura","PARTOF":"Pinikura","ABBREVN":"Pinikura","BORDERPRECISION":3,"fid":331}},
{"type":"Feature","geometry":{"type":"Polygon","coordinates":[[[128.082,-15.359],[128.066,-15.377],[127.985,-15.288],[128.018,-15.021],[127.989,-14.857],[127.859,-15.019],[127.665,-15.227],[127.661,-15.241],[127.716,-15.295],[127.716,-15.464],[127.826,-15.56],[128.024,-15.422],[128.048,-15.445],[128.055,-15.441],[128.068,-15.417],[128.082,-15.359]]]},"properties":{"NAME":"Yiiji","SUBJECTO":"Yiiji","PARTOF":"Yiiji","ABBREVN":"Yiiji","BORDERPRECISION":3,"fid":332}},
{"type":"Feature","geometry":{"type":"Polygon","coordinates":[[[138.963,-16.994],[138.927,-16.985],[138.61,-16.912],[138.411,-16.899],[138.355,-16.878],[138.318,-16.864],[138.312,-16.878],[138.29,-16.925],[138.224,-17.23],[138.175,-17.403],[138.109,-17.555],[138.077,-17.566],[138.186,-17.602],[138.318,-17.759],[138.379,-17.927],[138.417,-17.885],[138.79,-17.958],[139.307,-17.879],[139.335,-17.875],[139.378,-17.78],[139.466,-17.644],[139.51,-17.59],[139.477,-17.572],[139.476,-17.571],[139.248,-17.432],[139.173,-17.356],[139.075,-17.076],[139.05,-17.057],[138.963,-16.994]]]},"properties":{"NAME":"Ganggalida","SUBJECTO":"Ganggalida","PARTOF":"Ganggalida","ABBREVN":"Ganggalida","BORDERPRECISION":3,"fid":333}},
{"type":"Feature","geometry":{"type":"Polygon","coordinates":[[[143.474,-13.665],[143.457,-13.395],[143.421,-13.395],[143.421,-13.48],[143.405,-13.769],[143.396,-13.812],[143.435,-13.797],[143.498,-13.773],[143.474,-13.665]]]},"properties":{"NAME":"Umpila","SUBJECTO":"Umpila","PARTOF":"Umpila","ABBREVN":"Umpila","BORDERPRECISION":3,"fid":334}},
{"type":"Feature","geometry":{"type":"Polygon","coordinates":[[[116.774,-20.786],[116.755,-20.788],[116.419,-20.837],[116.251,-20.924],[116.301,-20.982],[116.444,-21.207],[116.448,-21.293],[116.518,-21.341],[116.686,-21.376],[116.841,-21.404],[116.882,-21.386],[116.889,-21.341],[116.911,-21.284],[116.977,-21.177],[117.01,-21.11],[117.026,-21.043],[117.074,-21.04],[117.07,-21.025],[116.988,-20.977],[116.922,-20.9],[116.834,-20.869],[116.779,-20.828],[116.812,-20.785],[116.774,-20.786]]]},"properties":{"NAME":"Martuthunira","SUBJECTO":"Martuthunira","PARTOF":"Martuthunira","ABBREVN":"Martuthunira","BORDERPRECISION":3,"fid":335}},
{"type":"Feature","geometry":{"type":"Polygon","coordinates":[[[141.848,-12.843],[141.833,-12.849],[141.894,-12.871],[142.015,-12.871],[142.04,-12.899],[142.044,-12.897],[142.05,-12.881],[142.094,-12.831],[142.129,-12.816],[142.129,-12.785],[142.125,-12.774],[142.081,-12.648],[142.046,-12.538],[142.012,-12.538],[141.943,-12.565],[141.877,-12.603],[141.831,-12.617],[141.919,-12.703],[141.848,-12.843]]]},"properties":{"NAME":"Awngthim","SUBJECTO":"Awngthim","PARTOF":"Awngthim","ABBREVN":"Awngthim","BORDERPRECISION":3,"fid":336}},
{"type":"Feature","geometry":{"type":"Polygon","coordinates":[[[138.535,-31.682],[138.562,-31.693],[138.527,-31.574],[138.472,-31.48],[138.45,-31.358],[138.428,-31.109],[138.439,-30.865],[138.51,-30.581],[138.757,-30.321],[138.983,-30.06],[139.114,-29.831],[139.318,-29.683],[139.433,-29.569],[139.485,-29.545],[139.482,-29.545],[139.219,-29.545],[138.933,-29.545],[138.669,-29.554],[138.461,-29.573],[138.461,-29.571],[138.45,-29.602],[138.12,-29.573],[137.538,-29.573],[137.19,-29.656],[136.923,-29.736],[136.729,-29.796],[136.791,-29.879],[136.978,-30.041],[137.241,-30.221],[137.472,-30.373],[137.648,-30.638],[137.736,-30.865],[137.725,-31.109],[137.6,-31.206],[137.602,-31.218],[137.612,-31.229],[137.785,-31.279],[138.027,-31.405],[138.224,-31.513],[138.367,-31.583],[138.461,-31.647],[138.466,-31.649],[138.535,-31.682]]]},"properties":{"NAME":"Kuyani","SUBJECTO":"Kuyani","PARTOF":"Kuyani","ABBREVN":"Kuyani","BORDERPRECISION":3,"fid":337}},
{"type":"Feature","geometry":{"type":"Polygon","coordinates":[[[118.504,-23.629],[118.56,-23.527],[118.416,-23.458],[118.202,-23.342],[117.916,-23.161],[117.631,-22.994],[117.493,-22.913],[117.427,-22.817],[117.449,-22.77],[117.296,-22.806],[116.993,-22.877],[116.982,-22.874],[116.982,-22.883],[116.982,-22.933],[117.01,-22.953],[117.048,-23.019],[117.131,-23.115],[117.202,-23.206],[117.188,-23.332],[117.186,-23.352],[117.185,-23.371],[117.18,-23.514],[117.148,-23.618],[117.279,-23.68],[117.499,-23.725],[117.642,-23.831],[117.683,-23.843],[117.729,-23.856],[117.729,-23.986],[117.72,-23.99],[117.883,-24.031],[118.076,-23.901],[118.185,-23.805],[118.323,-23.74],[118.504,-23.629]]]},"properties":{"NAME":"Yinhawangka","SUBJECTO":"Yinhawangka","PARTOF":"Yinhawangka","ABBREVN":"Yinhawangka","BORDERPRECISION":3,"fid":338}},
{"type":"Feature","geometry":{"type":"Polygon","coordinates":[[[141.478,-27.404],[141.494,-27.425],[141.559,-27.508],[141.625,-27.761],[141.899,-28.159],[142.055,-28.36],[142.071,-28.381],[142.086,-28.401],[142.088,-28.402],[142.118,-28.42],[142.274,-28.514],[142.311,-28.536],[142.319,-28.527],[142.416,-28.42],[142.515,-28.266],[142.8,-28.169],[143.031,-28.053],[143.262,-28.014],[143.383,-28.014],[143.547,-27.975],[143.703,-27.902],[143.723,-27.893],[143.734,-27.888],[143.657,-27.771],[143.624,-27.654],[143.558,-27.479],[143.525,-27.225],[143.536,-26.853],[143.536,-26.697],[143.563,-26.654],[143.515,-26.644],[143.427,-26.628],[143.536,-26.106],[143.646,-25.81],[143.657,-25.562],[143.677,-25.472],[143.525,-25.602],[142.712,-26.51],[142.57,-26.421],[142.416,-26.421],[142.262,-26.421],[142.13,-26.53],[141.954,-26.961],[141.944,-26.951],[141.931,-26.938],[141.899,-27.03],[141.702,-27.216],[141.438,-27.352],[141.478,-27.404]]]},"properties":{"NAME":"Wangkumara","SUBJECTO":"Wangkumara","PARTOF":"Wangkumara","ABBREVN":"Wangkumara","BORDERPRECISION":3,"fid":339}},
{"type":"Feature","geometry":{"type":"Polygon","coordinates":[[[143.993,-34.82],[144.036,-34.827],[144.096,-34.822],[144.102,-34.809],[144.267,-34.751],[144.547,-34.66],[144.695,-34.665],[144.761,-34.683],[144.789,-34.683],[144.784,-34.673],[144.756,-34.633],[144.646,-34.198],[144.655,-34.073],[144.613,-34.103],[144.564,-34.153],[144.448,-34.194],[144.294,-34.194],[144.178,-34.148],[144.179,-34.18],[144.091,-34.248],[143.943,-34.325],[143.839,-34.452],[143.839,-34.525],[143.921,-34.71],[143.99,-34.817],[143.992,-34.82],[143.993,-34.82]]]},"properties":{"NAME":"Nari Nari","SUBJECTO":"Nari Nari","PARTOF":"Nari Nari","ABBREVN":"Nari Nari","BORDERPRECISION":3,"fid":340}},
{"type":"Feature","geometry":{"type":"Polygon","coordinates":[[[134.441,-17.804],[134.44,-17.811],[134.397,-17.873],[134.537,-17.954],[134.78,-17.968],[135.264,-18.031],[135.725,-18.344],[136.165,-18.615],[136.297,-18.729],[136.302,-18.733],[136.304,-18.732],[136.516,-18.542],[137.197,-18.438],[137.241,-18.428],[137.341,-18.416],[137.347,-18.415],[137.175,-18.323],[136.868,-18.115],[136.731,-18.077],[136.698,-18.069],[136.637,-18.052],[136.362,-17.958],[136.121,-17.811],[135.802,-17.686],[135.697,-17.67],[135.527,-17.644],[135.453,-17.644],[135.187,-17.644],[134.967,-17.644],[134.686,-17.686],[134.646,-17.692],[134.615,-17.696],[134.57,-17.725],[134.441,-17.804]]]},"properties":{"NAME":"Wambaya","SUBJECTO":"Wambaya","PARTOF":"Wambaya","ABBREVN":"Wambaya","BORDERPRECISION":3,"fid":341}},
{"type":"Feature","geometry":{"type":"Polygon","coordinates":[[[146.214,-29.95],[146.247,-30],[146.261,-30.022],[146.31,-30.131],[146.558,-30.288],[146.827,-30.444],[146.986,-30.572],[146.986,-30.699],[146.986,-30.803],[147.052,-30.987],[147.189,-31.185],[147.222,-31.391],[147.211,-31.597],[147.25,-31.682],[147.305,-31.672],[148.052,-31.672],[148.755,-31.672],[149.042,-31.785],[149.142,-31.508],[149.186,-31.391],[149.181,-31.257],[149.041,-31.119],[148.942,-31.062],[148.909,-30.865],[148.793,-30.737],[148.64,-30.61],[148.576,-30.598],[148.453,-30.636],[148.291,-30.366],[148.211,-30.2],[148.082,-30.069],[148.038,-30.036],[147.892,-30.055],[147.664,-30.109],[147.382,-30.119],[147.066,-30.074],[146.927,-29.998],[146.887,-29.976],[146.851,-29.941],[146.678,-29.926],[146.214,-29.95]]]},"properties":{"NAME":"Wailwan","SUBJECTO":"Wailwan","PARTOF":"Wailwan","ABBREVN":"Wailwan","BORDERPRECISION":3,"fid":342}},
{"type":"Feature","geometry":{"type":"Polygon","coordinates":[[[152.94,-30.699],[152.951,-30.666],[152.743,-30.624],[152.397,-30.543],[152.132,-30.482],[152.111,-30.567],[151.996,-30.756],[151.815,-30.921],[151.666,-31.039],[151.653,-31.062],[151.655,-31.062],[151.765,-31.072],[152.001,-31.091],[152.342,-31.171],[152.578,-31.26],[152.946,-31.25],[152.984,-31.268],[153.001,-31.056],[152.94,-30.699]]]},"properties":{"NAME":"Dainggatti","SUBJECTO":"Dainggatti","PARTOF":"Dainggatti","ABBREVN":"Dainggatti","BORDERPRECISION":3,"fid":343}},
{"type":"Feature","geometry":{"type":"Polygon","coordinates":[[[138.329,-23.675],[138.362,-23.669],[138.362,-23.645],[138.329,-23.473],[138.263,-23.292],[138.252,-23.039],[138.252,-22.655],[138.296,-22.381],[138.45,-22.106],[138.578,-22.113],[138.493,-22.043],[138.384,-21.953],[138.065,-21.841],[137.955,-21.739],[137.944,-21.729],[137.937,-21.726],[137.692,-21.637],[137.296,-21.637],[137.014,-21.646],[137.023,-21.709],[137.043,-21.841],[137.065,-22.391],[136.907,-22.576],[136.967,-22.888],[137.186,-23.342],[137.615,-23.544],[137.977,-23.655],[138.329,-23.675]]]},"properties":{"NAME":"Andegerebenha","SUBJECTO":"Andegerebenha","PARTOF":"Andegerebenha","ABBREVN":"Andegerebenha","BORDERPRECISION":3,"fid":344}},
{"type":"Feature","geometry":{"type":"Polygon","coordinates":[[[122.537,-16.923],[122.161,-17.319],[122.195,-17.319],[122.396,-17.319],[122.596,-17.317],[122.758,-17.317],[122.803,-17.317],[122.805,-17.261],[122.838,-17.099],[122.891,-17.036],[122.89,-17.036],[122.863,-17.025],[122.789,-17.012],[122.728,-17.004],[122.643,-16.986],[122.558,-16.944],[122.55,-16.936],[122.537,-16.923]]]},"properties":{"NAME":"Jabirrjabirr","SUBJECTO":"Jabirrjabirr","PARTOF":"Jabirrjabirr","ABBREVN":"Jabirrjabirr","BORDERPRECISION":3,"fid":345}},
{"type":"Feature","geometry":{"type":"Polygon","coordinates":[[[118.466,-28.396],[118.51,-28.401],[118.883,-28.517],[119.202,-28.642],[119.394,-28.741],[119.421,-28.748],[119.436,-28.763],[119.52,-28.806],[119.685,-29.008],[119.757,-28.994],[119.729,-28.97],[119.872,-28.854],[120.015,-28.845],[120.355,-28.806],[120.586,-28.797],[120.85,-28.797],[121.102,-28.777],[121.201,-28.816],[121.355,-28.864],[121.849,-28.845],[122.102,-28.768],[122.144,-28.753],[122.3,-28.7],[122.317,-28.697],[122.267,-28.585],[122.135,-28.411],[122.058,-28.295],[121.959,-28.159],[121.871,-28.053],[121.805,-27.985],[121.764,-27.919],[121.756,-27.907],[121.694,-27.856],[121.613,-27.79],[121.569,-27.722],[121.492,-27.649],[121.366,-27.557],[121.322,-27.528],[121.306,-27.528],[121.288,-27.529],[121.179,-27.533],[120.976,-27.533],[120.866,-27.537],[120.679,-27.508],[120.504,-27.46],[120.355,-27.391],[120.218,-27.352],[120.064,-27.328],[119.971,-27.323],[119.724,-27.284],[119.603,-27.269],[119.323,-27.284],[119.229,-27.401],[119.125,-27.552],[118.949,-27.839],[118.834,-28.043],[118.734,-28.097],[118.728,-28.1],[118.647,-28.145],[118.532,-28.304],[118.466,-28.396]]]},"properties":{"NAME":"Kuwarra","SUBJECTO":"Kuwarra","PARTOF":"Kuwarra","ABBREVN":"Kuwarra","BORDERPRECISION":3,"fid":346}},
{"type":"Feature","geometry":{"type":"Polygon","coordinates":[[[113.672,-23.766],[113.978,-23.856],[114.263,-23.931],[114.482,-23.97],[114.521,-23.916],[114.521,-23.876],[114.648,-23.544],[114.637,-23.373],[114.675,-23.317],[114.706,-23.327],[114.707,-23.287],[114.708,-23.201],[114.73,-23.054],[114.774,-22.928],[114.796,-22.827],[114.793,-22.822],[114.758,-22.771],[114.593,-22.731],[114.423,-22.726],[114.291,-22.685],[114.148,-22.685],[113.961,-22.695],[113.824,-22.756],[113.783,-22.839],[113.774,-22.857],[113.758,-23.014],[113.747,-23.231],[113.743,-23.248],[113.762,-23.481],[113.672,-23.766]]]},"properties":{"NAME":"Payungu","SUBJECTO":"Payungu","PARTOF":"Payungu","ABBREVN":"Payungu","BORDERPRECISION":3,"fid":347}},
{"type":"Feature","geometry":{"type":"Polygon","coordinates":[[[136.302,-18.733],[136.406,-18.823],[135.781,-19.953],[135.857,-19.953],[136.033,-20.159],[136.033,-20.571],[136.208,-20.735],[136.292,-20.756],[136.384,-20.715],[136.56,-20.736],[136.677,-20.852],[136.749,-20.864],[137.241,-20.951],[137.758,-20.838],[138.021,-20.633],[138.406,-20.489],[138.829,-20.447],[138.933,-20.437],[138.905,-20.365],[138.903,-20.361],[138.883,-20.309],[138.801,-20.097],[138.538,-19.87],[138.178,-19.85],[138.165,-19.846],[137.758,-19.694],[137.538,-19.612],[137.626,-19.311],[137.703,-19.104],[137.845,-18.782],[137.908,-18.514],[137.911,-18.5],[137.801,-18.441],[137.681,-18.375],[137.347,-18.415],[137.341,-18.416],[137.241,-18.428],[137.197,-18.438],[136.516,-18.542],[136.304,-18.732],[136.302,-18.733]]]},"properties":{"NAME":"Wakaya","SUBJECTO":"Wakaya","PARTOF":"Wakaya","ABBREVN":"Wakaya","BORDERPRECISION":3,"fid":348}},
{"type":"Feature","geometry":{"type":"Polygon","coordinates":[[[143.303,-34.461],[143.307,-34.464],[143.33,-34.488],[143.372,-34.54],[143.388,-34.57],[143.388,-34.62],[143.388,-34.654],[143.388,-34.669],[143.407,-34.699],[143.465,-34.726],[143.578,-34.744],[143.707,-34.748],[143.83,-34.796],[143.891,-34.825],[144.011,-34.854],[144.014,-34.854],[143.998,-34.829],[143.992,-34.82],[143.99,-34.817],[143.921,-34.71],[143.839,-34.525],[143.839,-34.452],[143.943,-34.325],[144.091,-34.248],[144.179,-34.18],[144.178,-34.148],[144.169,-34.144],[144.086,-34.112],[143.871,-33.934],[143.608,-33.784],[143.47,-33.697],[143.477,-33.687],[143.295,-33.788],[143.207,-33.77],[142.897,-33.966],[142.905,-33.993],[142.856,-33.998],[142.85,-33.998],[142.848,-33.996],[142.828,-34.009],[142.806,-34.034],[142.905,-34.148],[143.036,-34.221],[143.174,-34.348],[143.273,-34.43],[143.303,-34.461]]]},"properties":{"NAME":"Madi Madi","SUBJECTO":"Madi Madi","PARTOF":"Madi Madi","ABBREVN":"Madi Madi","BORDERPRECISION":3,"fid":349}},
{"type":"Feature","geometry":{"type":"Polygon","coordinates":[[[145.625,-28.99],[145.606,-28.973],[145.602,-28.979],[145.452,-28.967],[145.382,-29.123],[145.096,-29.478],[145.031,-29.764],[144.988,-30.165],[144.996,-30.276],[145.206,-30.307],[145.511,-30.228],[145.568,-30.185],[145.596,-30.164],[145.679,-29.955],[145.794,-29.745],[145.796,-29.673],[145.795,-29.673],[145.734,-29.707],[145.754,-29.331],[145.745,-29.286],[145.709,-29.171],[145.671,-29.059],[145.625,-28.99]]]},"properties":{"NAME":"Gunu","SUBJECTO":"Gunu","PARTOF":"Gunu","ABBREVN":"Gunu","BORDERPRECISION":3,"fid":350}},
{"type":"Feature","geometry":{"type":"Polygon","coordinates":[[[113.667,-23.78],[113.639,-23.826],[113.522,-24.016],[113.373,-24.264],[113.373,-24.447],[113.494,-24.652],[113.566,-24.792],[113.612,-24.808],[113.632,-24.782],[113.758,-24.727],[113.901,-24.692],[114.137,-24.672],[114.494,-24.772],[114.697,-24.847],[114.868,-24.921],[115.03,-24.94],[115.215,-24.961],[115.313,-24.807],[115.323,-24.632],[115.258,-24.487],[115.098,-24.337],[114.868,-24.107],[114.631,-23.996],[114.521,-23.977],[114.482,-23.97],[114.263,-23.931],[113.978,-23.856],[113.672,-23.766],[113.667,-23.78]]]},"properties":{"NAME":"Maya","SUBJECTO":"Maya","PARTOF":"Maya","ABBREVN":"Maya","BORDERPRECISION":3,"fid":351}},
{"type":"Feature","geometry":{"type":"Polygon","coordinates":[[[153.057,-27.102],[153.087,-27.01],[153.081,-26.622],[153.069,-26.228],[152.989,-25.939],[152.972,-25.874],[152.924,-25.889],[152.693,-26.017],[152.661,-25.914],[152.65,-25.731],[152.633,-25.587],[152.699,-25.443],[152.722,-25.411],[152.683,-25.401],[152.534,-25.364],[152.486,-25.313],[152.4,-25.072],[152.399,-25.046],[152.38,-25.056],[152.15,-25.135],[151.864,-25.165],[151.795,-25.151],[151.792,-25.164],[151.88,-25.528],[151.908,-25.696],[151.93,-25.889],[152.012,-26.077],[152.067,-26.229],[152.238,-26.397],[152.556,-26.78],[152.853,-26.942],[152.919,-27.043],[153.001,-27.084],[153.057,-27.102]]]},"properties":{"NAME":"Dyungungoo (Gubbi Gubbi)","SUBJECTO":"Dyungungoo (Gubbi Gubbi)","PARTOF":"Dyungungoo (Gubbi Gubbi)","ABBREVN":"Dyungungoo (Gubbi Gubbi)","BORDERPRECISION":3,"fid":352}},
{"type":"Feature","geometry":{"type":"Polygon","coordinates":[[[133.638,-13.411],[133.572,-13.327],[133.55,-13.299],[133.467,-13.288],[133.259,-13.304],[133.232,-13.301],[133.127,-13.288],[133.078,-13.293],[132.979,-13.304],[132.808,-13.235],[132.686,-13.177],[132.667,-13.168],[132.649,-13.16],[132.505,-13.147],[132.462,-13.144],[132.438,-13.131],[132.369,-13.096],[132.29,-13.088],[132.259,-13.085],[132.231,-13.128],[132.182,-13.192],[132.2,-13.223],[132.209,-13.24],[132.264,-13.267],[132.391,-13.304],[132.561,-13.347],[132.676,-13.384],[132.748,-13.427],[132.841,-13.496],[132.847,-13.55],[132.764,-13.561],[132.621,-13.577],[132.517,-13.614],[132.407,-13.673],[132.286,-13.689],[132.198,-13.683],[132.1,-13.721],[132.078,-13.75],[132.071,-13.759],[132.045,-13.795],[132.001,-13.929],[131.992,-13.966],[131.982,-14.008],[131.957,-14.115],[131.946,-14.291],[131.885,-14.429],[131.88,-14.488],[131.896,-14.569],[131.907,-14.626],[131.981,-14.616],[132.038,-14.609],[132.111,-14.6],[132.275,-14.573],[132.424,-14.552],[132.775,-14.663],[132.929,-14.743],[133.162,-14.902],[133.171,-14.908],[133.181,-14.897],[133.204,-14.872],[133.38,-14.685],[133.429,-14.568],[133.445,-14.451],[133.462,-14.323],[133.469,-14.309],[133.484,-14.283],[133.577,-14.11],[133.588,-13.95],[133.638,-13.71],[133.637,-13.685],[133.632,-13.555],[133.638,-13.411]]]},"properties":{"NAME":"Jawoyn","SUBJECTO":"Jawoyn","PARTOF":"Jawoyn","ABBREVN":"Jawoyn","BORDERPRECISION":3,"fid":353}},
{"type":"Feature","geometry":{"type":"Polygon","coordinates":[[[139.331,-17.926],[139.359,-17.923],[139.34,-17.874],[139.335,-17.875],[139.307,-17.879],[138.79,-17.958],[138.417,-17.885],[138.379,-17.927],[138.401,-17.987],[138.406,-18],[138.406,-18.24],[138.142,-18.521],[138.11,-18.52],[138.109,-18.521],[138.103,-18.533],[138.164,-18.553],[138.571,-18.782],[139.142,-19.093],[139.168,-19.119],[139.329,-18.823],[139.263,-18.563],[139.274,-18.24],[139.329,-17.926],[139.331,-17.926]]]},"properties":{"NAME":"Nguburinji","SUBJECTO":"Nguburinji","PARTOF":"Nguburinji","ABBREVN":"Nguburinji","BORDERPRECISION":3,"fid":354}},
{"type":"Feature","geometry":{"type":"Polygon","coordinates":[[[134.537,-17.954],[134.347,-17.944],[134.231,-17.937],[133.792,-17.979],[133.989,-18.145],[133.988,-18.146],[133.495,-18.031],[133.432,-18.247],[133.428,-18.261],[133.374,-18.448],[133.748,-18.854],[133.484,-19.124],[132.979,-19.27],[132.473,-19.311],[132.394,-19.327],[132.316,-19.343],[132.451,-19.56],[132.528,-19.818],[132.825,-20.211],[132.962,-20.735],[132.989,-20.766],[132.996,-20.777],[133.099,-20.951],[133.308,-20.941],[133.824,-20.931],[134.033,-20.849],[134.33,-20.653],[134.736,-20.365],[135.066,-20.118],[135.439,-20.056],[135.687,-20.023],[135.747,-20.015],[135.781,-19.953],[136.406,-18.823],[136.302,-18.733],[136.297,-18.729],[136.165,-18.615],[135.725,-18.344],[135.264,-18.031],[134.78,-17.968],[134.537,-17.954]]]},"properties":{"NAME":"Warumungu","SUBJECTO":"Warumungu","PARTOF":"Warumungu","ABBREVN":"Warumungu","BORDERPRECISION":3,"fid":355}},
{"type":"Feature","geometry":{"type":"Polygon","coordinates":[[[131.041,-25.466],[131.034,-25.513],[131.06,-25.525],[131.21,-25.597],[131.501,-25.701],[131.935,-25.879],[132.231,-26.017],[132.627,-26.195],[132.836,-26.343],[132.924,-26.471],[132.97,-26.464],[133.007,-26.458],[133.121,-26.441],[133.319,-26.313],[133.813,-26.116],[133.872,-26.078],[133.794,-26.032],[133.77,-26.017],[133.55,-25.76],[133.242,-25.443],[133.132,-25.026],[132.869,-24.547],[132.495,-24.307],[132.209,-23.926],[132.034,-23.665],[132.034,-23.181],[132.27,-23.042],[132.275,-23.039],[132.304,-23.013],[132.286,-22.979],[132.196,-22.979],[132.231,-23.029],[132.122,-23.029],[132.121,-23.029],[131.781,-23.009],[131.462,-23.009],[131.294,-22.975],[131.265,-23.15],[131.188,-23.463],[131.089,-23.765],[130.979,-24.107],[130.913,-24.387],[130.671,-24.707],[130.601,-24.771],[130.576,-24.793],[130.699,-24.842],[130.847,-24.881],[131.001,-25.041],[131.061,-25.21],[131.05,-25.399],[131.041,-25.466]]]},"properties":{"NAME":"Luritja","SUBJECTO":"Luritja","PARTOF":"Luritja","ABBREVN":"Luritja","BORDERPRECISION":3,"fid":356}},
{"type":"Feature","geometry":{"type":"Polygon","coordinates":[[[143.241,-36.909],[143.226,-36.918],[143.245,-36.919],[143.377,-36.928],[143.443,-36.937],[143.443,-37.02],[143.397,-37.045],[143.322,-37.086],[143.347,-37.129],[143.336,-37.137],[143.315,-37.144],[143.308,-37.156],[143.302,-37.171],[143.306,-37.192],[143.307,-37.213],[143.307,-37.214],[143.305,-37.229],[143.304,-37.235],[143.305,-37.24],[143.312,-37.244],[143.319,-37.251],[143.315,-37.28],[143.308,-37.296],[143.339,-37.291],[143.365,-37.292],[143.382,-37.296],[143.396,-37.296],[143.411,-37.286],[143.429,-37.274],[143.453,-37.268],[143.465,-37.271],[143.486,-37.303],[143.476,-37.307],[143.482,-37.316],[143.523,-37.31],[143.549,-37.305],[143.568,-37.307],[143.581,-37.328],[143.608,-37.354],[143.629,-37.385],[143.65,-37.408],[143.683,-37.42],[143.715,-37.423],[143.729,-37.418],[143.741,-37.403],[143.75,-37.402],[143.762,-37.407],[143.781,-37.418],[143.797,-37.431],[143.808,-37.447],[143.803,-37.457],[143.797,-37.467],[143.795,-37.474],[143.804,-37.473],[143.822,-37.465],[143.852,-37.465],[143.899,-37.471],[143.961,-37.478],[144.035,-37.474],[144.12,-37.463],[144.202,-37.448],[144.251,-37.431],[144.303,-37.413],[144.357,-37.414],[144.359,-37.414],[144.405,-37.43],[144.553,-37.342],[144.53,-37.319],[144.508,-37.297],[144.473,-37.262],[144.464,-37.239],[144.419,-37.215],[144.434,-37.185],[144.475,-37.164],[144.474,-37.152],[144.366,-37.165],[144.337,-37.142],[144.316,-37.125],[144.25,-37.007],[144.212,-36.849],[144.185,-36.734],[144.185,-36.642],[144.265,-36.577],[144.278,-36.567],[144.377,-36.549],[144.479,-36.563],[144.542,-36.571],[144.567,-36.574],[144.583,-36.575],[144.611,-36.542],[144.617,-36.527],[144.641,-36.465],[144.719,-36.356],[144.697,-36.332],[144.574,-36.199],[144.335,-36.201],[144.337,-36.178],[144.265,-36.177],[144.262,-36.19],[144.188,-36.19],[144.15,-36.172],[144.127,-36.142],[144.072,-36.139],[144.071,-36.128],[144.031,-36.129],[144.007,-36.13],[144.005,-36.112],[143.93,-36.113],[143.911,-36.11],[143.866,-36.147],[143.701,-36.227],[143.416,-36.262],[143.196,-36.324],[143.02,-36.368],[142.984,-36.361],[142.978,-36.37],[142.988,-36.381],[142.985,-36.392],[142.993,-36.41],[142.977,-36.436],[142.956,-36.444],[142.939,-36.447],[142.928,-36.473],[142.91,-36.483],[142.907,-36.489],[142.907,-36.494],[142.846,-36.58],[142.85,-36.582],[142.871,-36.586],[142.892,-36.585],[142.911,-36.58],[142.928,-36.622],[142.961,-36.635],[142.979,-36.644],[143.007,-36.669],[143.037,-36.671],[143.052,-36.667],[143.065,-36.653],[143.067,-36.643],[143.085,-36.633],[143.1,-36.634],[143.114,-36.642],[143.124,-36.654],[143.147,-36.654],[143.155,-36.665],[143.154,-36.682],[143.165,-36.7],[143.248,-36.877],[143.223,-36.877],[143.241,-36.909]]]},"properties":{"NAME":"Dja Dja Wurrung","SUBJECTO":"Dja Dja Wurrung","PARTOF":"Dja Dja Wurrung","ABBREVN":"Dja Dja Wurrung","BORDERPRECISION":3,"fid":357}},
{"type":"Feature","geometry":{"type":"Polygon","coordinates":[[[132.996,-20.777],[132.973,-20.777],[133,-20.879],[133.099,-21.207],[133.077,-21.678],[132.946,-21.891],[132.924,-21.926],[133.022,-22.126],[133.682,-22.208],[134.016,-22.354],[134.097,-22.308],[134.407,-22.126],[134.67,-21.8],[135.066,-21.555],[135.879,-20.941],[136.25,-20.775],[136.208,-20.735],[136.033,-20.571],[136.033,-20.159],[135.857,-19.953],[135.781,-19.953],[135.747,-20.015],[135.687,-20.023],[135.439,-20.056],[135.066,-20.118],[134.736,-20.365],[134.33,-20.653],[134.033,-20.849],[133.824,-20.931],[133.308,-20.941],[133.099,-20.951],[132.996,-20.777]]]},"properties":{"NAME":"Kaytej","SUBJECTO":"Kaytej","PARTOF":"Kaytej","ABBREVN":"Kaytej","BORDERPRECISION":3,"fid":358}},
{"type":"Feature","geometry":{"type":"Polygon","coordinates":[[[117.741,-35.22],[117.793,-35.212],[118.207,-35.09],[118.416,-34.924],[118.673,-34.606],[118.744,-34.58],[119.008,-34.615],[119.114,-34.525],[119.031,-34.493],[118.884,-34.282],[118.867,-34.257],[118.73,-34.254],[118.652,-34.253],[118.334,-34.266],[118.021,-34.266],[117.587,-34.275],[117.488,-34.294],[117.026,-34.307],[116.746,-34.307],[116.521,-34.33],[116.526,-34.366],[116.526,-34.421],[116.576,-34.602],[116.57,-34.827],[116.547,-34.865],[116.446,-35.027],[116.411,-35.084],[116.45,-35.115],[116.724,-35.187],[117.169,-35.201],[117.741,-35.22]]]},"properties":{"NAME":"Minang","SUBJECTO":"Minang","PARTOF":"Minang","ABBREVN":"Minang","BORDERPRECISION":3,"fid":359}},
{"type":"Feature","geometry":{"type":"Polygon","coordinates":[[[113.896,-25.59],[114.055,-25.801],[114.183,-26.017],[114.181,-26.271],[114.05,-26.289],[114.095,-26.539],[113.881,-26.509],[113.658,-26.068],[113.321,-25.69],[113.285,-25.827],[113.387,-25.974],[113.583,-26.152],[113.739,-26.667],[113.58,-26.656],[113.433,-26.572],[113.327,-26.415],[113.245,-26.341],[113.176,-26.142],[113.092,-26.058],[113.06,-26.116],[113.176,-26.284],[113.5,-26.687],[113.599,-26.76],[113.734,-26.801],[113.846,-26.751],[114.016,-26.589],[114.241,-26.515],[114.527,-26.402],[114.631,-26.397],[114.677,-26.438],[114.741,-26.387],[114.769,-26.22],[114.769,-26.081],[114.719,-25.874],[114.727,-25.752],[114.571,-25.765],[114.445,-25.765],[114.214,-25.765],[114.005,-25.711],[113.955,-25.634],[113.896,-25.59]]]},"properties":{"NAME":"Malkana","SUBJECTO":"Malkana","PARTOF":"Malkana","ABBREVN":"Malkana","BORDERPRECISION":3,"fid":360}},
{"type":"Feature","geometry":{"type":"Polygon","coordinates":[[[141.711,-15.227],[141.65,-15.323],[141.703,-15.333],[141.729,-15.212],[141.725,-15.219],[141.709,-15.218],[141.711,-15.227]]]},"properties":{"NAME":"Yir Yoront","SUBJECTO":"Yir Yoront","PARTOF":"Yir Yoront","ABBREVN":"Yir Yoront","BORDERPRECISION":3,"fid":361}},
{"type":"Feature","geometry":{"type":"Polygon","coordinates":[[[122.228,-18.144],[122.232,-18.167],[122.224,-18.183],[122.225,-18.19],[122.234,-18.188],[122.509,-18.261],[122.75,-18.365],[122.882,-18.448],[122.887,-18.462],[122.908,-18.463],[122.893,-18.454],[123.003,-18.266],[123.051,-18.065],[122.921,-18.005],[122.838,-17.843],[122.823,-17.716],[122.817,-17.666],[122.802,-17.668],[122.753,-17.683],[122.724,-17.716],[122.72,-17.72],[122.708,-17.756],[122.671,-17.864],[122.635,-17.921],[122.588,-17.947],[122.539,-17.968],[122.462,-18.002],[122.393,-18.026],[122.366,-18.036],[122.326,-18.061],[122.308,-18.073],[122.228,-18.144]]]},"properties":{"NAME":"Yawuru","SUBJECTO":"Yawuru","PARTOF":"Yawuru","ABBREVN":"Yawuru","BORDERPRECISION":3,"fid":362}},
{"type":"Feature","geometry":{"type":"Polygon","coordinates":[[[138.932,-26.151],[138.856,-26.096],[138.847,-25.986],[138.828,-25.97],[138.636,-25.998],[138.45,-26.007],[138.186,-26.017],[138.032,-26.057],[138.043,-26.244],[138.135,-26.4],[138.219,-26.362],[138.472,-26.362],[138.735,-26.372],[138.889,-26.343],[138.889,-26.195],[138.936,-26.195],[138.932,-26.151]]]},"properties":{"NAME":"Karangura","SUBJECTO":"Karangura","PARTOF":"Karangura","ABBREVN":"Karangura","BORDERPRECISION":3,"fid":363}},
{"type":"Feature","geometry":{"type":"Polygon","coordinates":[[[117.559,-33.775],[117.425,-33.639],[117.419,-33.644],[117.21,-33.479],[116.988,-33.381],[116.757,-33.298],[116.678,-33.248],[116.631,-33.229],[116.269,-33.063],[116.142,-33.027],[116.049,-33.001],[115.985,-32.993],[115.986,-32.984],[115.977,-32.981],[115.969,-32.981],[115.834,-32.981],[115.715,-33.018],[115.715,-33.019],[115.654,-33.331],[115.65,-33.349],[115.717,-33.403],[115.735,-33.418],[115.767,-33.492],[115.817,-33.606],[115.84,-33.66],[115.868,-33.67],[115.99,-33.715],[116.005,-33.72],[116.194,-33.927],[116.202,-33.936],[116.213,-33.948],[116.197,-34.194],[116.433,-34.307],[116.807,-34.289],[117.394,-34.28],[117.565,-34.207],[117.672,-34.022],[117.691,-33.989],[117.665,-33.947],[117.559,-33.775]]]},"properties":{"NAME":"Kaniyang","SUBJECTO":"Kaniyang","PARTOF":"Kaniyang","ABBREVN":"Kaniyang","BORDERPRECISION":3,"fid":364}},
{"type":"Feature","geometry":{"type":"Polygon","coordinates":[[[139.164,-34.733],[139.142,-35.003],[139.1,-35.077],[139.065,-35.138],[139.102,-35.143],[139.307,-35.174],[139.41,-35.194],[139.536,-35.218],[139.537,-35.219],[139.724,-34.904],[139.823,-34.669],[140.175,-34.687],[140.416,-34.687],[140.68,-34.687],[140.933,-34.615],[141.108,-34.597],[141.251,-34.642],[141.328,-34.778],[141.415,-34.816],[141.438,-34.769],[141.454,-34.755],[141.526,-34.696],[141.57,-34.66],[141.703,-34.609],[141.812,-34.452],[141.945,-34.194],[141.996,-34.094],[142.031,-34.025],[142.033,-34.022],[142.086,-33.907],[142.047,-33.879],[142.009,-33.852],[141.515,-33.688],[141.317,-33.605],[141.021,-33.459],[140.973,-33.443],[140.892,-33.416],[140.801,-33.386],[140.317,-33.294],[139.966,-33.349],[139.515,-33.468],[139.208,-33.633],[139.127,-33.655],[139.088,-33.666],[139.076,-33.669],[139.098,-33.989],[139.098,-34.343],[139.115,-34.444],[139.13,-34.534],[139.164,-34.733]]]},"properties":{"NAME":"Meru","SUBJECTO":"Meru","PARTOF":"Meru","ABBREVN":"Meru","BORDERPRECISION":3,"fid":365}},
{"type":"Feature","geometry":{"type":"Polygon","coordinates":[[[146.924,-20.548],[146.602,-20.448],[146.338,-20.345],[146.074,-20.355],[145.844,-20.396],[145.588,-20.516],[145.613,-20.561],[145.47,-20.941],[145.47,-21.279],[145.547,-21.545],[145.591,-21.688],[145.615,-21.685],[145.948,-21.642],[146.349,-21.591],[146.547,-21.599],[146.607,-21.601],[146.589,-21.535],[146.585,-21.52],[146.569,-21.361],[146.558,-21.192],[146.541,-20.926],[146.574,-20.694],[146.849,-20.643],[146.921,-20.552],[146.924,-20.548]]]},"properties":{"NAME":"Yilba","SUBJECTO":"Yilba","PARTOF":"Yilba","ABBREVN":"Yilba","BORDERPRECISION":3,"fid":366}},
{"type":"Feature","geometry":{"type":"Polygon","coordinates":[[[129.512,-15.977],[129.353,-16.178],[129.283,-16.293],[129.267,-16.319],[129.287,-16.341],[129.342,-16.457],[129.265,-16.626],[129.254,-16.626],[129.254,-16.794],[129.397,-16.878],[129.65,-16.899],[129.869,-17.025],[130.144,-17.067],[130.249,-17.152],[130.291,-17.122],[130.331,-17.094],[130.501,-16.915],[130.682,-16.694],[130.913,-16.489],[130.957,-16.441],[130.96,-16.422],[130.963,-16.399],[130.968,-16.362],[130.902,-16.262],[130.869,-16.104],[130.866,-16.103],[130.759,-16.067],[130.71,-16.051],[130.485,-15.961],[130.446,-15.808],[130.446,-15.708],[130.446,-15.692],[130.446,-15.66],[130.419,-15.528],[130.392,-15.492],[130.38,-15.477],[130.358,-15.448],[130.287,-15.395],[130.155,-15.487],[130.113,-15.515],[130.034,-15.57],[129.787,-15.739],[129.512,-15.977]]]},"properties":{"NAME":"Ngarinman","SUBJECTO":"Ngarinman","PARTOF":"Ngarinman","ABBREVN":"Ngarinman","BORDERPRECISION":3,"fid":367}},
{"type":"Feature","geometry":{"type":"Polygon","coordinates":[[[140.36,-26.23],[140.345,-26.264],[140.339,-26.274],[140.224,-26.461],[140.087,-26.814],[139.993,-27.162],[139.977,-27.233],[140.032,-27.235],[140.023,-27.274],[139.988,-27.43],[139.988,-27.489],[140.295,-27.528],[140.526,-27.654],[140.933,-27.654],[141.07,-27.6],[141.13,-27.567],[141.172,-27.559],[141.372,-27.479],[141.478,-27.404],[141.438,-27.352],[141.702,-27.216],[141.899,-27.03],[141.931,-26.938],[141.68,-26.687],[141.471,-26.539],[141.196,-26.392],[141.093,-26.26],[140.944,-26.146],[140.823,-26.067],[140.566,-25.973],[140.502,-25.95],[140.427,-26.077],[140.36,-26.23]]]},"properties":{"NAME":"Yawarawarka","SUBJECTO":"Yawarawarka","PARTOF":"Yawarawarka","ABBREVN":"Yawarawarka","BORDERPRECISION":3,"fid":368}},
{"type":"Feature","geometry":{"type":"Polygon","coordinates":[[[122.708,-17.756],[122.682,-17.764],[122.552,-17.77],[122.368,-17.767],[122.19,-17.783],[122.182,-17.772],[122.157,-17.791],[122.16,-17.843],[122.193,-17.906],[122.182,-17.918],[122.202,-17.983],[122.213,-18.049],[122.248,-18.06],[122.326,-18.061],[122.366,-18.036],[122.393,-18.026],[122.462,-18.002],[122.539,-17.968],[122.588,-17.947],[122.635,-17.921],[122.671,-17.864],[122.708,-17.756]]]},"properties":{"NAME":"Jukun","SUBJECTO":"Jukun","PARTOF":"Jukun","ABBREVN":"Jukun","BORDERPRECISION":3,"fid":369}},
{"type":"Feature","geometry":{"type":"Polygon","coordinates":[[[134.409,-12.121],[134.392,-12.119],[134.396,-12.131],[134.398,-12.135],[134.456,-12.135],[134.466,-12.134],[134.555,-12.104],[134.605,-12.108],[134.605,-12.107],[134.604,-12.106],[134.596,-12.09],[134.596,-12.057],[134.595,-12.057],[134.409,-12.121]]]},"properties":{"NAME":"Nakara","SUBJECTO":"Nakara","PARTOF":"Nakara","ABBREVN":"Nakara","BORDERPRECISION":3,"fid":370}},
{"type":"Feature","geometry":{"type":"Polygon","coordinates":[[[134.874,-14.61],[134.844,-14.647],[134.929,-14.732],[134.995,-14.934],[134.967,-15.056],[134.908,-15.165],[134.956,-15.178],[135.231,-15.284],[135.385,-15.401],[135.428,-15.57],[135.439,-15.768],[135.494,-15.761],[135.67,-15.697],[135.725,-15.538],[135.788,-15.528],[135.794,-15.513],[135.824,-15.448],[135.912,-15.395],[135.945,-15.359],[135.9,-15.333],[135.627,-15.17],[135.417,-14.973],[135.388,-14.897],[135.458,-14.681],[135.618,-14.542],[135.63,-14.532],[135.632,-14.499],[135.555,-14.456],[135.52,-14.446],[135.497,-14.44],[135.439,-14.424],[135.269,-14.424],[135.137,-14.424],[135.037,-14.444],[135.027,-14.445],[134.951,-14.514],[134.874,-14.61]]]},"properties":{"NAME":"Mara","SUBJECTO":"Mara","PARTOF":"Mara","ABBREVN":"Mara","BORDERPRECISION":3,"fid":371}},
{"type":"Feature","geometry":{"type":"Polygon","coordinates":[[[130.086,-13.592],[130.061,-13.606],[130.114,-13.619],[130.13,-13.662],[130.11,-13.713],[130.104,-13.777],[130.118,-13.821],[130.141,-13.865],[130.2,-13.888],[130.228,-13.882],[130.224,-13.881],[130.235,-13.822],[130.237,-13.713],[130.267,-13.635],[130.267,-13.634],[130.213,-13.603],[130.207,-13.523],[130.191,-13.498],[130.176,-13.511],[130.086,-13.592]]]},"properties":{"NAME":"Maranunggu","SUBJECTO":"Maranunggu","PARTOF":"Maranunggu","ABBREVN":"Maranunggu","BORDERPRECISION":3,"fid":372}},
{"type":"Feature","geometry":{"type":"Polygon","coordinates":[[[145.042,-24.865],[145.043,-24.864],[145.055,-24.799],[144.921,-24.677],[144.569,-24.567],[144.47,-24.747],[144.108,-25.036],[143.755,-25.284],[143.712,-25.314],[143.708,-25.331],[143.687,-25.428],[143.677,-25.472],[143.657,-25.562],[143.646,-25.81],[143.536,-26.106],[143.427,-26.628],[143.515,-26.644],[143.563,-26.654],[143.635,-26.667],[143.976,-26.657],[144.371,-26.647],[144.91,-26.539],[145.109,-26.482],[145.316,-26.421],[145.522,-26.368],[145.502,-26.328],[145.466,-26.264],[145.404,-26.198],[145.326,-26.142],[145.206,-26.104],[145.103,-26.084],[145.074,-26.094],[145.052,-26.122],[145.048,-26.155],[145.041,-26.181],[144.995,-26.198],[144.925,-26.204],[144.879,-26.2],[144.816,-26.147],[144.779,-26.098],[144.75,-26.055],[144.731,-26.014],[144.702,-26.008],[144.643,-25.986],[144.627,-25.973],[144.615,-25.954],[144.613,-25.935],[144.606,-25.911],[144.632,-25.841],[144.674,-25.777],[144.703,-25.692],[144.727,-25.596],[144.827,-25.183],[144.875,-25.049],[145.042,-24.865]]]},"properties":{"NAME":"Dharawala","SUBJECTO":"Dharawala","PARTOF":"Dharawala","ABBREVN":"Dharawala","BORDERPRECISION":3,"fid":373}},
{"type":"Feature","geometry":{"type":"Polygon","coordinates":[[[116.433,-23.976],[116.45,-24.182],[116.345,-24.462],[116.367,-24.562],[116.374,-24.595],[116.505,-24.512],[116.719,-24.477],[116.834,-24.482],[116.878,-24.442],[116.933,-24.357],[116.933,-24.207],[116.988,-24.062],[117.098,-24.001],[117.197,-24.031],[117.252,-24.001],[117.361,-23.971],[117.422,-24.006],[117.581,-24.031],[117.594,-24.031],[117.72,-23.99],[117.729,-23.986],[117.729,-23.856],[117.683,-23.843],[117.642,-23.831],[117.499,-23.725],[117.279,-23.68],[117.148,-23.618],[117.032,-23.564],[116.691,-23.398],[116.279,-23.211],[115.977,-23.014],[115.776,-22.921],[115.735,-22.903],[115.733,-22.927],[115.697,-23.251],[115.752,-23.418],[115.801,-23.579],[115.823,-23.7],[115.802,-23.754],[115.791,-23.78],[115.768,-23.836],[115.81,-23.842],[115.835,-23.846],[115.895,-23.856],[116.274,-23.876],[116.356,-23.916],[116.433,-23.976]]]},"properties":{"NAME":"Thiin","SUBJECTO":"Thiin","PARTOF":"Thiin","ABBREVN":"Thiin","BORDERPRECISION":3,"fid":374}},
{"type":"Feature","geometry":{"type":"Polygon","coordinates":[[[130.155,-15.487],[130.133,-15.438],[130.012,-15.411],[129.913,-15.411],[129.886,-15.342],[129.849,-15.296],[129.814,-15.252],[129.758,-15.273],[129.716,-15.289],[129.507,-15.295],[129.282,-15.295],[129.073,-15.231],[128.914,-15.125],[128.782,-15.083],[128.573,-15.099],[128.474,-15.168],[128.464,-15.241],[128.463,-15.25],[128.452,-15.332],[128.441,-15.491],[128.315,-15.538],[128.145,-15.56],[128.14,-15.564],[128.117,-15.583],[128.112,-15.655],[128.024,-15.824],[127.938,-15.871],[128.079,-15.877],[128.331,-15.993],[128.628,-16.077],[129.012,-16.141],[129.167,-16.235],[129.172,-16.236],[129.283,-16.293],[129.353,-16.178],[129.512,-15.977],[129.787,-15.739],[130.034,-15.57],[130.113,-15.515],[130.155,-15.487]]]},"properties":{"NAME":"Doolboong/Miriwoong","SUBJECTO":"Doolboong/Miriwoong","PARTOF":"Doolboong/Miriwoong","ABBREVN":"Doolboong/Miriwoong","BORDERPRECISION":3,"fid":375}},
{"type":"Feature","geometry":{"type":"Polygon","coordinates":[[[129.034,-18.01],[129.133,-18.177],[129.155,-18.448],[129.144,-18.917],[128.859,-19.166],[128.77,-19.249],[128.758,-19.261],[128.716,-19.301],[128.969,-19.477],[129.276,-19.674],[129.65,-19.839],[129.869,-19.942],[130.287,-20.303],[130.496,-20.551],[130.496,-20.797],[130.397,-21.002],[130.253,-21.114],[130.32,-21.122],[130.441,-21.136],[130.737,-21.32],[130.869,-21.637],[130.825,-21.923],[130.671,-22.075],[130.682,-22.34],[130.858,-22.624],[131.133,-22.756],[131.32,-22.756],[131.309,-22.888],[131.298,-22.949],[131.294,-22.975],[131.462,-23.009],[131.781,-23.009],[132.121,-23.029],[132.122,-23.029],[132.231,-23.029],[132.196,-22.979],[132.034,-22.746],[131.88,-22.553],[131.88,-22.289],[132.067,-22.004],[132.462,-21.963],[132.726,-21.963],[132.902,-21.963],[132.924,-21.926],[132.946,-21.891],[133.077,-21.678],[133.099,-21.207],[133,-20.879],[132.973,-20.777],[132.962,-20.735],[132.825,-20.211],[132.528,-19.818],[132.451,-19.56],[132.316,-19.343],[132.274,-19.276],[132.198,-19.156],[132.056,-18.948],[131.748,-18.73],[131.594,-18.563],[131.232,-18.302],[131.029,-18.162],[130.974,-18.123],[130.946,-18.104],[130.759,-18.188],[130.419,-18.229],[129.891,-18.313],[129.507,-18.323],[129.265,-18.323],[129.151,-18.168],[129.034,-18.01]]]},"properties":{"NAME":"Warlpiri","SUBJECTO":"Warlpiri","PARTOF":"Warlpiri","ABBREVN":"Warlpiri","BORDERPRECISION":3,"fid":376}},
{"type":"Feature","geometry":{"type":"Polygon","coordinates":[[[145.055,-24.799],[145.06,-24.771],[145.079,-24.643],[145.086,-24.515],[145.108,-24.467],[145.12,-24.411],[145.125,-24.347],[145.207,-24.178],[144.915,-23.961],[144.75,-23.841],[144.41,-23.77],[144.047,-23.76],[143.773,-23.79],[143.454,-23.841],[143.438,-23.82],[143.317,-23.986],[143.152,-24.387],[143.056,-24.47],[143.284,-24.747],[143.756,-25.265],[143.755,-25.284],[144.108,-25.036],[144.47,-24.747],[144.569,-24.567],[144.921,-24.677],[145.055,-24.799]]]},"properties":{"NAME":"Kuungkari","SUBJECTO":"Kuungkari","PARTOF":"Kuungkari","ABBREVN":"Kuungkari","BORDERPRECISION":3,"fid":377}},
{"type":"Feature","geometry":{"type":"Polygon","coordinates":[[[141.945,-34.194],[142.141,-34.235],[142.262,-34.398],[142.317,-34.606],[142.493,-34.715],[142.679,-34.715],[142.734,-34.696],[142.899,-34.642],[142.916,-34.636],[142.922,-34.634],[143.108,-34.561],[143.307,-34.464],[143.303,-34.461],[143.273,-34.43],[143.174,-34.348],[143.036,-34.221],[142.905,-34.148],[142.806,-34.034],[142.828,-34.009],[142.795,-34.03],[142.786,-33.936],[142.581,-33.738],[142.445,-33.712],[142.372,-33.834],[142.35,-33.952],[142.119,-33.934],[142.033,-34.022],[142.031,-34.025],[141.996,-34.094],[141.945,-34.194]]]},"properties":{"NAME":"Kureinji","SUBJECTO":"Kureinji","PARTOF":"Kureinji","ABBREVN":"Kureinji","BORDERPRECISION":3,"fid":378}},
{"type":"Feature","geometry":{"type":"Polygon","coordinates":[[[143.307,-34.464],[143.108,-34.561],[142.922,-34.634],[142.965,-34.669],[142.965,-34.693],[142.976,-34.705],[142.965,-34.756],[142.965,-34.832],[142.964,-34.841],[143.025,-34.855],[143.038,-34.848],[143.015,-34.8],[143.168,-34.724],[143.289,-34.669],[143.383,-34.669],[143.388,-34.654],[143.388,-34.62],[143.388,-34.57],[143.372,-34.54],[143.33,-34.488],[143.307,-34.464]]]},"properties":{"NAME":"Dadi Dadi","SUBJECTO":"Dadi Dadi","PARTOF":"Dadi Dadi","ABBREVN":"Dadi Dadi","BORDERPRECISION":3,"fid":379}},
{"type":"Feature","geometry":{"type":"Polygon","coordinates":[[[138.271,-34.579],[138.454,-34.782],[138.568,-34.928],[138.535,-35.297],[138.494,-35.395],[138.558,-35.355],[138.577,-35.343],[138.582,-35.335],[138.653,-35.174],[138.713,-34.994],[138.79,-34.859],[138.79,-34.687],[138.774,-34.657],[138.717,-34.674],[138.669,-34.687],[138.609,-34.502],[138.549,-34.298],[138.494,-34.044],[138.395,-33.656],[138.323,-33.431],[138.329,-33.317],[138.331,-33.309],[138.332,-33.308],[138.323,-33.298],[138.17,-33.324],[138.148,-33.359],[138.091,-33.453],[138.033,-33.456],[137.998,-33.458],[137.994,-33.468],[137.994,-33.583],[137.994,-33.793],[138.01,-33.939],[138.027,-34.034],[138.043,-34.148],[138.054,-34.164],[138.115,-34.253],[138.192,-34.43],[138.271,-34.579]]]},"properties":{"NAME":"Kaurna Pangkarra","SUBJECTO":"Kaurna Pangkarra","PARTOF":"Kaurna Pangkarra","ABBREVN":"Kaurna Pangkarra","BORDERPRECISION":3,"fid":380}},
{"type":"Feature","geometry":{"type":"Polygon","coordinates":[[[124.882,-18.48],[124.815,-18.58],[124.86,-18.589],[124.86,-18.61],[124.86,-18.698],[124.805,-18.782],[124.799,-18.958],[124.86,-19.223],[124.964,-19.316],[125.112,-19.875],[125.002,-20.149],[124.955,-20.196],[125.112,-20.18],[125.42,-20.2],[126.079,-20.283],[126.345,-20.341],[126.365,-20.283],[126.508,-20.015],[126.804,-19.197],[126.826,-19.182],[126.829,-19.157],[126.826,-19.156],[126.694,-19.083],[126.595,-19.104],[126.442,-19.104],[126.31,-19.021],[126.304,-18.948],[126.287,-18.944],[126.222,-18.927],[126.057,-18.927],[125.876,-18.854],[125.766,-18.745],[125.634,-18.542],[125.546,-18.428],[125.499,-18.422],[125.485,-18.421],[125.453,-18.417],[125.31,-18.485],[125.035,-18.49],[124.909,-18.474],[124.882,-18.48]]]},"properties":{"NAME":"Walmatjarri","SUBJECTO":"Walmatjarri","PARTOF":"Walmatjarri","ABBREVN":"Walmatjarri","BORDERPRECISION":3,"fid":381}},
{"type":"Feature","geometry":{"type":"Polygon","coordinates":[[[152.919,-27.043],[152.853,-26.942],[152.556,-26.78],[152.238,-26.397],[152.067,-26.229],[152.012,-26.077],[151.93,-25.889],[151.908,-25.696],[151.88,-25.528],[151.792,-25.164],[151.789,-25.15],[151.782,-25.12],[151.716,-25.026],[151.627,-25.023],[151.567,-25.021],[151.562,-25.021],[151.348,-25.096],[151.227,-25.24],[151.068,-25.399],[150.947,-25.542],[150.881,-25.651],[150.873,-25.661],[150.883,-25.668],[151.029,-25.78],[151.238,-25.968],[151.474,-26.244],[151.562,-26.446],[151.584,-26.628],[151.974,-26.834],[152.062,-26.966],[152.161,-27.113],[152.18,-27.149],[152.218,-27.219],[152.238,-27.22],[152.369,-27.196],[152.507,-27.206],[152.551,-27.264],[152.628,-27.323],[152.714,-27.331],[152.737,-27.333],[152.798,-27.299],[152.805,-27.281],[152.83,-27.217],[152.842,-27.186],[152.886,-27.137],[152.93,-27.059],[152.919,-27.043]]]},"properties":{"NAME":"Waka Waka","SUBJECTO":"Waka Waka","PARTOF":"Waka Waka","ABBREVN":"Waka Waka","BORDERPRECISION":3,"fid":382}},
{"type":"Feature","geometry":{"type":"Polygon","coordinates":[[[141.706,-15.209],[141.709,-15.218],[141.725,-15.219],[141.729,-15.212],[141.729,-15.211],[141.746,-15.136],[141.833,-14.945],[141.898,-14.93],[141.907,-14.918],[141.899,-14.918],[141.976,-14.796],[142.009,-14.642],[141.999,-14.498],[141.998,-14.499],[141.795,-14.499],[141.592,-14.493],[141.524,-14.493],[141.494,-14.575],[141.548,-14.86],[141.554,-14.887],[141.652,-15.036],[141.706,-15.209]]]},"properties":{"NAME":"Thaayorre","SUBJECTO":"Thaayorre","PARTOF":"Thaayorre","ABBREVN":"Thaayorre","BORDERPRECISION":3,"fid":383}},
{"type":"Feature","geometry":{"type":"Polygon","coordinates":[[[119.917,-32.18],[119.506,-31.895],[119.122,-31.699],[118.869,-31.53],[118.77,-31.427],[118.65,-31.343],[118.498,-31.217],[118.352,-31.067],[118.265,-30.907],[118.216,-30.862],[118.186,-30.901],[117.916,-31.264],[117.724,-31.527],[117.526,-31.957],[117.537,-32.213],[117.604,-32.381],[117.612,-32.402],[117.669,-32.547],[117.743,-32.633],[118.037,-32.976],[118.109,-33.056],[118.152,-33.105],[118.412,-33.129],[118.491,-33.136],[118.477,-33.11],[119.169,-33.138],[119.608,-33.138],[119.948,-33.153],[120.035,-33.148],[120.193,-33.086],[120.328,-32.953],[120.394,-32.773],[120.395,-32.761],[120.312,-32.653],[120.23,-32.554],[120.171,-32.476],[120.066,-32.341],[119.989,-32.229],[119.917,-32.18]]]},"properties":{"NAME":"Nyaki-nyaki","SUBJECTO":"Nyaki-nyaki","PARTOF":"Nyaki-nyaki","ABBREVN":"Nyaki-nyaki","BORDERPRECISION":3,"fid":385}},
{"type":"Feature","geometry":{"type":"Polygon","coordinates":[[[145.594,-36.202],[145.602,-36.187],[145.634,-36.148],[145.668,-36.107],[145.756,-36.08],[145.788,-36.093],[145.789,-36.091],[145.767,-36.049],[145.767,-35.996],[145.798,-35.988],[145.547,-35.925],[145.195,-35.729],[145.135,-35.302],[145.113,-35.322],[144.921,-35.447],[144.668,-35.581],[144.575,-35.742],[144.525,-35.853],[144.555,-35.925],[144.706,-35.98],[144.822,-36.051],[144.868,-36.08],[144.857,-36.112],[144.846,-36.14],[144.846,-36.142],[145,-36.187],[145.256,-36.209],[145.5,-36.213],[145.594,-36.202]]]},"properties":{"NAME":"Yorta Yorta","SUBJECTO":"Yorta Yorta","PARTOF":"Yorta Yorta","ABBREVN":"Yorta Yorta","BORDERPRECISION":3,"fid":386}},
{"type":"Feature","geometry":{"type":"Polygon","coordinates":[[[149.59,-35.38],[149.514,-35.374],[149.488,-35.372],[149.442,-35.368],[149.26,-35.353],[148.843,-35.237],[148.565,-35.183],[148.381,-35.147],[148.14,-35.147],[148.14,-35.205],[148.14,-35.335],[148.096,-35.639],[148.005,-36.006],[147.986,-36.085],[147.81,-36.085],[147.81,-36.28],[147.81,-36.483],[147.81,-36.739],[147.843,-36.967],[147.997,-37.099],[148.037,-37.179],[148.075,-37.255],[148.085,-37.274],[148.25,-37.379],[148.256,-37.379],[148.359,-37.388],[148.386,-37.368],[148.535,-37.257],[149.03,-37.081],[149.337,-37.073],[149.501,-37.038],[149.502,-37.038],[149.502,-36.982],[149.502,-36.704],[149.491,-36.315],[149.491,-35.836],[149.59,-35.38]]]},"properties":{"NAME":"Ngarigo","SUBJECTO":"Ngarigo","PARTOF":"Ngarigo","ABBREVN":"Ngarigo","BORDERPRECISION":3,"fid":387}},
{"type":"Feature","geometry":{"type":"Polygon","coordinates":[[[145.954,-28.063],[145.909,-28.246],[145.767,-28.585],[145.565,-28.919],[145.558,-28.931],[145.606,-28.973],[145.625,-28.99],[145.657,-29.018],[145.671,-29.059],[145.709,-29.171],[145.756,-29.306],[145.754,-29.331],[145.734,-29.707],[145.795,-29.673],[145.796,-29.673],[145.854,-29.64],[146.063,-29.669],[146.459,-29.707],[146.656,-29.736],[146.777,-29.831],[146.837,-29.859],[146.843,-29.847],[147,-29.547],[147.283,-29.337],[147.439,-29.128],[147.439,-29.042],[147.395,-29.043],[147.263,-29.004],[147.116,-28.9],[146.986,-28.874],[146.856,-28.838],[146.721,-28.772],[146.402,-28.516],[146.195,-28.343],[146.003,-28.111],[145.96,-28.038],[145.954,-28.063]]]},"properties":{"NAME":"Muruwari","SUBJECTO":"Muruwari","PARTOF":"Muruwari","ABBREVN":"Muruwari","BORDERPRECISION":3,"fid":388}},
{"type":"Feature","geometry":{"type":"Polygon","coordinates":[[[116.821,-20.784],[116.812,-20.785],[116.779,-20.828],[116.834,-20.869],[116.922,-20.9],[116.988,-20.977],[117.07,-21.025],[117.094,-21.039],[117.18,-21.033],[117.422,-21.1],[117.565,-21.146],[117.675,-21.192],[117.905,-21.274],[117.962,-21.317],[117.975,-21.314],[117.916,-21.156],[117.883,-21.038],[117.845,-20.895],[117.795,-20.689],[117.794,-20.638],[117.755,-20.675],[117.597,-20.758],[117.403,-20.778],[117.088,-20.778],[116.821,-20.784]]]},"properties":{"NAME":"Ngarluma","SUBJECTO":"Ngarluma","PARTOF":"Ngarluma","ABBREVN":"Ngarluma","BORDERPRECISION":3,"fid":389}},
{"type":"Feature","geometry":{"type":"Polygon","coordinates":[[[142.91,-19.456],[142.903,-19.465],[142.916,-19.473],[142.976,-19.513],[142.822,-19.798],[142.586,-19.999],[142.482,-20.123],[142.603,-20.247],[142.927,-20.584],[143.088,-20.539],[143.097,-20.468],[143.668,-20.489],[144.103,-20.45],[144.119,-20.417],[144.119,-20.242],[144.152,-19.953],[144.162,-19.648],[144.057,-19.613],[144.009,-19.632],[143.986,-19.605],[143.97,-19.586],[143.954,-19.58],[143.558,-19.57],[143.295,-19.508],[143.053,-19.456],[142.91,-19.456]]]},"properties":{"NAME":"Mbara","SUBJECTO":"Mbara","PARTOF":"Mbara","ABBREVN":"Mbara","BORDERPRECISION":3,"fid":390}},
{"type":"Feature","geometry":{"type":"Polygon","coordinates":[[[151.392,-29.81],[151.389,-29.813],[151.392,-29.816],[151.392,-29.893],[151.589,-30.102],[151.677,-30.183],[151.848,-30.311],[152.094,-30.466],[152.111,-30.477],[152.132,-30.482],[152.397,-30.543],[152.743,-30.624],[152.951,-30.666],[152.965,-30.623],[153.203,-29.91],[153.329,-29.314],[153.303,-29.32],[153.21,-29.325],[153.062,-29.377],[152.952,-29.521],[152.873,-29.604],[152.809,-29.612],[152.656,-29.604],[152.463,-29.54],[152.26,-29.516],[152.185,-29.519],[152.092,-29.528],[152.067,-29.511],[152.064,-29.484],[152.07,-29.457],[151.853,-29.454],[151.788,-29.447],[151.754,-29.507],[151.512,-29.688],[151.392,-29.81]]]},"properties":{"NAME":"Gumbainggir","SUBJECTO":"Gumbainggir","PARTOF":"Gumbainggir","ABBREVN":"Gumbainggir","BORDERPRECISION":3,"fid":391}},
{"type":"Feature","geometry":{"type":"Polygon","coordinates":[[[142.615,-13.074],[142.858,-13.074],[142.943,-13.01],[142.974,-12.994],[142.98,-12.99],[142.984,-12.978],[142.979,-12.825],[142.968,-12.678],[142.939,-12.622],[142.924,-12.622],[142.858,-12.622],[142.638,-12.496],[142.638,-12.651],[142.616,-12.817],[142.611,-13.015],[142.6,-13.052],[142.615,-13.074]]]},"properties":{"NAME":"Yinwum","SUBJECTO":"Yinwum","PARTOF":"Yinwum","ABBREVN":"Yinwum","BORDERPRECISION":3,"fid":392}},
{"type":"Feature","geometry":{"type":"Polygon","coordinates":[[[130.179,-14.037],[130.159,-14.054],[130.077,-14.082],[130.046,-14.092],[130.106,-14.117],[130.106,-14.128],[130.21,-14.094],[130.292,-14.003],[130.301,-13.911],[130.24,-13.887],[130.225,-13.898],[130.226,-13.898],[130.228,-13.933],[130.216,-13.978],[130.213,-13.992],[130.207,-14.013],[130.19,-14.027],[130.185,-14.035],[130.179,-14.037]]]},"properties":{"NAME":"Marramaninjsji","SUBJECTO":"Marramaninjsji","PARTOF":"Marramaninjsji","ABBREVN":"Marramaninjsji","BORDERPRECISION":3,"fid":393}},
{"type":"Feature","geometry":{"type":"Polygon","coordinates":[[[148.609,-21.66],[148.588,-21.66],[148.398,-21.657],[147.986,-21.657],[147.838,-21.601],[147.778,-21.585],[147.794,-21.759],[147.783,-21.82],[147.783,-21.821],[147.731,-21.821],[147.728,-21.897],[147.728,-22.035],[147.761,-22.142],[147.761,-22.274],[147.733,-22.36],[147.7,-22.431],[147.703,-22.443],[147.713,-22.482],[147.728,-22.543],[147.777,-22.65],[147.87,-22.746],[147.899,-22.729],[147.903,-22.68],[147.919,-22.673],[148.079,-22.599],[148.282,-22.482],[148.497,-22.345],[148.514,-22.341],[148.575,-22.328],[148.585,-22.192],[148.585,-21.984],[148.585,-21.77],[148.609,-21.66]]]},"properties":{"NAME":"Barna","SUBJECTO":"Barna","PARTOF":"Barna","ABBREVN":"Barna","BORDERPRECISION":3,"fid":394}},
{"type":"Feature","geometry":{"type":"Polygon","coordinates":[[[143.406,-13.344],[143.421,-13.379],[143.421,-13.395],[143.457,-13.395],[143.454,-13.343],[143.437,-13.081],[143.378,-12.843],[143.361,-12.865],[143.289,-12.897],[143.221,-12.927],[143.157,-12.956],[143.19,-12.983],[143.344,-13.203],[143.406,-13.344]]]},"properties":{"NAME":"Uutaalnganu","SUBJECTO":"Uutaalnganu","PARTOF":"Uutaalnganu","ABBREVN":"Uutaalnganu","BORDERPRECISION":3,"fid":395}},
{"type":"Feature","geometry":{"type":"Polygon","coordinates":[[[141.01,-36.897],[141.013,-36.896],[141.471,-36.8],[141.91,-36.8],[142.13,-36.616],[142.328,-36.448],[142.46,-36.315],[142.745,-36.315],[142.938,-36.352],[142.984,-36.361],[143.02,-36.368],[143.196,-36.324],[143.416,-36.262],[143.701,-36.227],[143.866,-36.147],[143.911,-36.11],[143.954,-36.076],[143.973,-36.038],[143.998,-35.987],[143.954,-35.862],[143.778,-35.836],[143.715,-35.81],[143.684,-35.797],[143.558,-35.747],[143.427,-35.559],[143.361,-35.362],[143.354,-35.344],[143.342,-35.308],[143.317,-35.237],[143.24,-35.012],[143.044,-34.861],[143.042,-34.859],[143.025,-34.855],[142.964,-34.841],[142.8,-34.805],[142.416,-34.715],[142.108,-34.669],[141.757,-34.588],[141.703,-34.609],[141.57,-34.66],[141.526,-34.696],[141.454,-34.755],[141.438,-34.769],[141.415,-34.816],[141.394,-34.859],[141.284,-35.21],[141.141,-35.532],[140.999,-35.96],[140.999,-36.253],[140.999,-36.255],[140.999,-36.314],[140.999,-36.518],[140.988,-36.749],[140.988,-36.756],[140.989,-36.763],[141.008,-36.889],[141.01,-36.897]]]},"properties":{"NAME":"Wergaia","SUBJECTO":"Wergaia","PARTOF":"Wergaia","ABBREVN":"Wergaia","BORDERPRECISION":3,"fid":396}},
{"type":"Feature","geometry":{"type":"Polygon","coordinates":[[[125.939,-18.048],[125.957,-18.039],[126.057,-17.926],[126.222,-17.728],[126.274,-17.718],[126.189,-17.592],[126.035,-17.476],[125.804,-17.435],[125.794,-17.417],[125.782,-17.45],[125.662,-17.565],[125.48,-17.67],[125.337,-17.65],[125.349,-17.67],[125.398,-17.77],[125.48,-17.906],[125.579,-17.984],[125.651,-18.073],[125.685,-18.09],[125.744,-18.047],[125.925,-18.047],[125.939,-18.048]]]},"properties":{"NAME":"Punuba","SUBJECTO":"Punuba","PARTOF":"Punuba","ABBREVN":"Punuba","BORDERPRECISION":3,"fid":397}},
{"type":"Feature","geometry":{"type":"Polygon","coordinates":[[[132.274,-19.276],[132.394,-19.327],[132.473,-19.311],[132.979,-19.27],[133.484,-19.124],[133.748,-18.854],[133.374,-18.448],[133.428,-18.261],[133.419,-18.251],[133.341,-18.167],[133.341,-17.947],[133.352,-17.749],[133.279,-17.744],[133.019,-17.729],[132.281,-17.686],[132.012,-17.801],[131.638,-17.911],[131.509,-17.97],[131.506,-17.972],[131.49,-17.979],[131.105,-18.062],[130.974,-18.123],[131.029,-18.162],[131.232,-18.302],[131.594,-18.563],[131.748,-18.73],[132.056,-18.948],[132.198,-19.156],[132.274,-19.276]]]},"properties":{"NAME":"Warlmanpa","SUBJECTO":"Warlmanpa","PARTOF":"Warlmanpa","ABBREVN":"Warlmanpa","BORDERPRECISION":3,"fid":398}},
{"type":"Feature","geometry":{"type":"Polygon","coordinates":[[[148.375,-26.601],[148.36,-26.516],[148.359,-26.506],[148.372,-26.332],[148.39,-26.173],[148.399,-26.118],[148.38,-26.093],[148.372,-26.082],[148.332,-26.069],[148.333,-26.105],[148.333,-26.137],[148.37,-26.21],[148.312,-26.331],[148.219,-26.523],[148.198,-26.536],[148.181,-26.561],[148.181,-26.586],[148.169,-26.643],[148.156,-26.697],[148.136,-26.743],[148.1,-26.761],[148.046,-26.779],[148.011,-26.783],[147.854,-26.769],[147.517,-26.786],[147.238,-26.784],[146.933,-26.777],[146.906,-26.789],[146.852,-26.82],[146.779,-26.849],[146.684,-26.881],[146.627,-26.9],[146.505,-26.959],[146.43,-27.008],[146.382,-27.146],[146.377,-27.162],[146.433,-27.248],[146.618,-27.268],[146.806,-27.153],[146.864,-27.138],[146.946,-27.117],[146.971,-27.141],[146.983,-27.176],[147.001,-27.232],[147.019,-27.33],[147.056,-27.501],[147.086,-27.6],[147.114,-27.593],[147.18,-27.542],[147.238,-27.487],[147.254,-27.459],[147.282,-27.435],[147.335,-27.457],[147.386,-27.542],[147.43,-27.645],[147.535,-27.696],[147.537,-27.696],[147.678,-27.7],[147.911,-27.71],[148.018,-27.71],[148.141,-27.72],[148.284,-27.78],[148.404,-27.87],[148.435,-27.857],[148.484,-27.833],[148.542,-27.811],[148.541,-27.81],[148.497,-27.782],[148.477,-27.743],[148.49,-27.699],[148.489,-27.695],[148.471,-27.634],[148.445,-27.615],[148.437,-27.609],[148.417,-27.592],[148.427,-27.548],[148.431,-27.545],[148.472,-27.522],[148.514,-27.502],[148.549,-27.478],[148.549,-27.473],[148.552,-27.426],[148.539,-27.343],[148.519,-27.162],[148.439,-26.93],[148.383,-26.752],[148.375,-26.601]]]},"properties":{"NAME":"Gunggari","SUBJECTO":"Gunggari","PARTOF":"Gunggari","ABBREVN":"Gunggari","BORDERPRECISION":3,"fid":400}},
{"type":"Feature","geometry":{"type":"Polygon","coordinates":[[[151.666,-31.039],[151.815,-30.921],[151.996,-30.756],[152.111,-30.567],[152.132,-30.482],[152.111,-30.477],[152.094,-30.466],[151.848,-30.311],[151.677,-30.183],[151.589,-30.102],[151.392,-29.893],[151.392,-29.816],[151.389,-29.813],[151.381,-29.822],[151.326,-29.874],[151.144,-29.888],[151.084,-29.879],[150.996,-29.841],[150.996,-29.888],[150.974,-30.107],[150.963,-30.344],[150.974,-30.647],[151.062,-30.808],[151.216,-30.978],[151.315,-31.109],[151.425,-31.053],[151.614,-31.061],[151.661,-31.044],[151.666,-31.039]]]},"properties":{"NAME":"Nganyaywana","SUBJECTO":"Nganyaywana","PARTOF":"Nganyaywana","ABBREVN":"Nganyaywana","BORDERPRECISION":3,"fid":401}},
{"type":"Feature","geometry":{"type":"Polygon","coordinates":[[[125.792,-17.414],[125.794,-17.417],[125.804,-17.435],[126.035,-17.476],[126.189,-17.592],[126.274,-17.718],[126.309,-17.712],[126.453,-17.686],[126.705,-17.571],[126.958,-17.497],[127.145,-17.382],[127.343,-17.33],[127.496,-17.204],[127.365,-16.91],[127.321,-16.668],[127.354,-16.415],[127.408,-16.077],[127.458,-16.041],[127.464,-16.004],[127.299,-16.004],[127.079,-16.004],[126.958,-16.088],[126.936,-16.331],[126.859,-16.562],[126.661,-16.773],[126.53,-16.899],[126.288,-16.952],[126.145,-16.857],[125.936,-16.836],[125.859,-16.931],[125.771,-17.004],[125.685,-17.069],[125.666,-17.083],[125.684,-17.214],[125.728,-17.309],[125.792,-17.414]]]},"properties":{"NAME":"Worla","SUBJECTO":"Worla","PARTOF":"Worla","ABBREVN":"Worla","BORDERPRECISION":3,"fid":402}},
{"type":"Feature","geometry":{"type":"Polygon","coordinates":[[[140.087,-20.18],[140.076,-20.145],[140.065,-20.108],[140.022,-20.114],[140.064,-20.158],[140.065,-20.159],[140.062,-20.16],[139.979,-20.197],[139.9,-20.231],[139.548,-20.242],[139.065,-20.396],[138.903,-20.361],[138.905,-20.365],[138.911,-20.365],[139.043,-20.612],[139.077,-20.915],[139.09,-20.968],[139.142,-21.187],[139.153,-21.576],[139.208,-21.543],[139.257,-21.514],[139.263,-21.516],[139.614,-21.596],[140.059,-21.719],[140.24,-21.805],[140.325,-21.786],[140.372,-21.776],[140.422,-21.765],[140.729,-21.739],[140.766,-21.719],[140.739,-21.664],[140.658,-21.494],[140.515,-21.207],[140.378,-20.882],[140.372,-20.869],[140.4,-20.799],[140.372,-20.761],[140.202,-20.509],[140.136,-20.35],[140.088,-20.186],[140.087,-20.18]]]},"properties":{"NAME":"Kalkadoon","SUBJECTO":"Kalkadoon","PARTOF":"Kalkadoon","ABBREVN":"Kalkadoon","BORDERPRECISION":3,"fid":403}},
{"type":"Feature","geometry":{"type":"Polygon","coordinates":[[[121.306,-27.528],[121.278,-27.401],[121.152,-27.279],[121.102,-27.191],[121.014,-27.064],[120.927,-26.907],[120.888,-26.785],[120.85,-26.593],[120.839,-26.466],[120.826,-26.431],[120.795,-26.421],[120.782,-26.414],[120.608,-26.313],[120.41,-26.244],[119.949,-26.096],[119.641,-25.998],[119.235,-25.81],[118.913,-25.81],[118.883,-25.993],[118.751,-26.21],[118.625,-26.446],[118.356,-26.775],[118.229,-27.04],[118.039,-27.165],[118.029,-27.187],[118.021,-27.206],[118.098,-27.391],[118.328,-27.713],[118.537,-27.844],[118.652,-28.033],[118.728,-28.1],[118.734,-28.097],[118.834,-28.043],[118.949,-27.839],[119.125,-27.552],[119.229,-27.401],[119.323,-27.284],[119.603,-27.269],[119.724,-27.284],[119.971,-27.323],[120.064,-27.328],[120.218,-27.352],[120.355,-27.391],[120.504,-27.46],[120.679,-27.508],[120.866,-27.537],[120.976,-27.533],[121.179,-27.533],[121.288,-27.529],[121.306,-27.528]]]},"properties":{"NAME":"Tjupany","SUBJECTO":"Tjupany","PARTOF":"Tjupany","ABBREVN":"Tjupany","BORDERPRECISION":3,"fid":404}},
{"type":"Feature","geometry":{"type":"Polygon","coordinates":[[[143.08,-20.605],[143.088,-20.539],[142.927,-20.584],[142.885,-20.596],[142.665,-20.658],[142.646,-20.664],[142.61,-20.658],[142.284,-20.612],[141.823,-20.592],[141.559,-20.386],[141.438,-20.138],[141.35,-20.035],[141.322,-20.044],[141.282,-20.057],[141.119,-20.108],[140.779,-20.252],[140.504,-20.54],[140.4,-20.799],[140.372,-20.869],[140.378,-20.882],[140.515,-21.207],[140.658,-21.494],[140.739,-21.664],[140.766,-21.719],[140.79,-21.77],[140.856,-21.963],[140.949,-21.938],[141.026,-21.917],[141.119,-21.892],[141.372,-21.749],[141.658,-21.708],[142.042,-21.77],[142.174,-21.861],[142.537,-21.882],[142.756,-21.841],[142.976,-21.729],[143.24,-21.698],[143.324,-21.682],[143.321,-21.619],[143.317,-21.494],[143.262,-21.279],[143.119,-21.054],[143.064,-20.736],[143.08,-20.605]]]},"properties":{"NAME":"Wunumara","SUBJECTO":"Wunumara","PARTOF":"Wunumara","ABBREVN":"Wunumara","BORDERPRECISION":3,"fid":405}},
{"type":"Feature","geometry":{"type":"Polygon","coordinates":[[[131.041,-25.466],[130.946,-25.75],[130.825,-25.919],[130.781,-26.077],[130.803,-26.333],[130.836,-26.52],[130.869,-26.736],[130.825,-27.02],[130.704,-27.333],[130.704,-27.464],[130.704,-27.483],[130.781,-27.537],[130.979,-27.771],[131.276,-28.043],[131.715,-28.246],[132.119,-28.4],[132.124,-28.401],[132.605,-28.401],[132.924,-28.343],[133.249,-28.315],[133.264,-28.314],[133.464,-28.392],[133.506,-28.208],[133.341,-27.8],[133.242,-27.255],[133.11,-26.893],[133.066,-26.716],[133.007,-26.458],[132.97,-26.464],[132.924,-26.471],[132.836,-26.343],[132.627,-26.195],[132.231,-26.017],[131.935,-25.879],[131.501,-25.701],[131.21,-25.597],[131.06,-25.525],[131.034,-25.513],[131.041,-25.466]]]},"properties":{"NAME":"Yankuntjatjara","SUBJECTO":"Yankuntjatjara","PARTOF":"Yankuntjatjara","ABBREVN":"Yankuntjatjara","BORDERPRECISION":3,"fid":406}},
{"type":"Feature","geometry":{"type":"Polygon","coordinates":[[[129.841,-28.37],[129.845,-28.296],[129.847,-28.256],[130.221,-27.849],[130.441,-27.645],[130.584,-27.529],[130.583,-27.518],[130.543,-27.516],[130.507,-27.528],[130.177,-27.528],[129.716,-27.499],[129.331,-27.245],[129.111,-26.961],[128.892,-26.618],[128.892,-26.313],[128.855,-26.005],[128.573,-25.998],[128.21,-25.998],[127.936,-26.205],[127.826,-26.382],[127.683,-26.48],[127.365,-26.539],[127.338,-26.53],[127.43,-26.579],[127.31,-26.589],[127.072,-26.584],[127.014,-26.611],[127.145,-26.863],[127.233,-27.274],[127.321,-27.79],[127.277,-28.15],[127.369,-28.52],[127.375,-28.517],[127.418,-28.56],[127.446,-28.59],[127.562,-28.556],[127.991,-28.44],[128.573,-28.401],[129.188,-28.362],[129.595,-28.362],[129.841,-28.37]]]},"properties":{"NAME":"Nakako","SUBJECTO":"Nakako","PARTOF":"Nakako","ABBREVN":"Nakako","BORDERPRECISION":3,"fid":407}},
{"type":"Feature","geometry":{"type":"Polygon","coordinates":[[[147.81,-36.085],[147.437,-36.085],[147.225,-36.1],[147.205,-36.102],[147.228,-36.129],[147.272,-36.359],[147.292,-36.533],[147.294,-36.571],[147.294,-36.774],[147.228,-36.95],[147.191,-37.009],[147.204,-37.021],[147.294,-37.103],[147.42,-37.292],[147.508,-37.414],[147.546,-37.484],[147.706,-37.405],[147.794,-37.348],[147.881,-37.278],[148.037,-37.179],[147.997,-37.099],[147.843,-36.967],[147.81,-36.739],[147.81,-36.483],[147.81,-36.28],[147.81,-36.085]]]},"properties":{"NAME":"Jaitmatang","SUBJECTO":"Jaitmatang","PARTOF":"Jaitmatang","ABBREVN":"Jaitmatang","BORDERPRECISION":3,"fid":408}},
{"type":"Feature","geometry":{"type":"Polygon","coordinates":[[[124.368,-27.519],[124.387,-27.508],[124.422,-27.524],[124.607,-27.606],[124.827,-27.781],[125.068,-28.033],[125.266,-28.13],[125.464,-28.285],[125.793,-28.478],[125.925,-28.556],[126.299,-28.671],[126.563,-28.825],[126.65,-28.883],[126.936,-28.825],[127.134,-28.633],[127.282,-28.562],[127.369,-28.52],[127.277,-28.15],[127.321,-27.79],[127.233,-27.274],[127.145,-26.863],[127.014,-26.611],[127.013,-26.608],[126.949,-26.581],[126.837,-26.579],[126.376,-26.441],[126.112,-26.224],[125.782,-26.096],[125.486,-25.909],[125.255,-25.909],[124.882,-26.136],[124.706,-26.421],[124.64,-26.608],[124.53,-26.853],[124.486,-27.157],[124.393,-27.397],[124.365,-27.469],[124.357,-27.464],[124.368,-27.519]]]},"properties":{"NAME":"Mandjindja","SUBJECTO":"Mandjindja","PARTOF":"Mandjindja","ABBREVN":"Mandjindja","BORDERPRECISION":3,"fid":409}},
{"type":"Feature","geometry":{"type":"Polygon","coordinates":[[[127.446,-28.59],[127.639,-28.787],[127.859,-29.056],[128.342,-29.497],[128.474,-29.783],[128.453,-30.114],[128.463,-30.126],[128.782,-30.107],[129.056,-30.098],[129.342,-30.088],[129.727,-30.107],[130.155,-30.117],[130.869,-30.183],[131.087,-30.199],[131.254,-30.212],[131.353,-30.222],[131.023,-30.117],[130.66,-29.945],[130.561,-29.891],[130.514,-29.865],[130.298,-29.745],[129.99,-29.468],[129.902,-29.133],[129.825,-28.633],[129.841,-28.37],[129.595,-28.362],[129.188,-28.362],[128.573,-28.401],[127.991,-28.44],[127.562,-28.556],[127.446,-28.59]]]},"properties":{"NAME":"Ngalea","SUBJECTO":"Ngalea","PARTOF":"Ngalea","ABBREVN":"Ngalea","BORDERPRECISION":3,"fid":410}},
{"type":"Feature","geometry":{"type":"Polygon","coordinates":[[[144.251,-37.431],[144.283,-37.579],[144.349,-37.727],[144.404,-37.884],[144.525,-37.953],[144.569,-37.946],[144.614,-37.938],[144.734,-37.918],[144.888,-37.875],[144.987,-37.858],[145.151,-37.944],[145.393,-38.031],[145.679,-38.212],[146.052,-38.359],[146.307,-38.384],[146.321,-38.32],[146.321,-38.319],[146.321,-38.217],[146.321,-38.13],[146.409,-37.975],[146.387,-37.831],[146.294,-37.658],[146.179,-37.523],[146.173,-37.488],[146.162,-37.492],[145.876,-37.488],[145.629,-37.401],[145.47,-37.348],[145.179,-37.243],[144.943,-37.165],[144.761,-37.138],[144.591,-37.138],[144.474,-37.152],[144.475,-37.164],[144.434,-37.185],[144.419,-37.215],[144.464,-37.239],[144.473,-37.262],[144.508,-37.297],[144.53,-37.319],[144.553,-37.342],[144.405,-37.43],[144.359,-37.414],[144.357,-37.414],[144.303,-37.413],[144.251,-37.431]]]},"properties":{"NAME":"Wurundjeri","SUBJECTO":"Wurundjeri","PARTOF":"Wurundjeri","ABBREVN":"Wurundjeri","BORDERPRECISION":3,"fid":411}},
{"type":"Feature","geometry":{"type":"Polygon","coordinates":[[[117.814,-20.619],[117.794,-20.638],[117.795,-20.689],[117.845,-20.895],[117.883,-21.038],[117.916,-21.156],[117.975,-21.314],[117.982,-21.332],[118.114,-21.433],[118.394,-21.55],[118.616,-21.627],[118.642,-21.6],[118.636,-21.54],[118.696,-21.315],[118.74,-21.151],[118.801,-20.987],[118.806,-20.617],[118.757,-20.499],[118.674,-20.422],[118.621,-20.375],[118.609,-20.381],[118.191,-20.414],[117.968,-20.471],[117.814,-20.619]]]},"properties":{"NAME":"Kariyarra","SUBJECTO":"Kariyarra","PARTOF":"Kariyarra","ABBREVN":"Kariyarra","BORDERPRECISION":3,"fid":412}},
{"type":"Feature","geometry":{"type":"Polygon","coordinates":[[[144.168,-38.488],[144.211,-38.438],[144.102,-38.432],[144.001,-38.398],[143.871,-38.466],[143.723,-38.565],[143.601,-38.568],[143.586,-38.574],[143.569,-38.569],[143.531,-38.57],[143.464,-38.539],[143.443,-38.535],[143.448,-38.574],[143.344,-38.643],[143.256,-38.728],[143.152,-38.754],[143.148,-38.747],[143.108,-38.771],[143.218,-38.857],[143.344,-38.887],[143.52,-38.912],[143.734,-38.831],[143.943,-38.686],[144.058,-38.57],[144.168,-38.488]]]},"properties":{"NAME":"Gadubanud","SUBJECTO":"Gadubanud","PARTOF":"Gadubanud","ABBREVN":"Gadubanud","BORDERPRECISION":3,"fid":413}},
{"type":"Feature","geometry":{"type":"Polygon","coordinates":[[[144.583,-36.575],[144.838,-36.598],[145.151,-36.585],[145.344,-36.567],[145.421,-36.505],[145.481,-36.408],[145.547,-36.293],[145.594,-36.202],[145.5,-36.213],[145.256,-36.209],[145,-36.187],[144.846,-36.142],[144.803,-36.282],[144.77,-36.37],[144.676,-36.468],[144.617,-36.527],[144.611,-36.542],[144.583,-36.575]]]},"properties":{"NAME":"Ngurraiillam","SUBJECTO":"Ngurraiillam","PARTOF":"Ngurraiillam","ABBREVN":"Ngurraiillam","BORDERPRECISION":3,"fid":414}},
{"type":"Feature","geometry":{"type":"Polygon","coordinates":[[[122.891,-17.036],[122.932,-16.989],[123.047,-16.946],[123.061,-16.94],[123.023,-16.856],[122.949,-16.762],[122.927,-16.734],[122.863,-16.734],[122.786,-16.741],[122.76,-16.741],[122.728,-16.741],[122.665,-16.736],[122.653,-16.736],[122.564,-16.895],[122.543,-16.917],[122.547,-16.928],[122.55,-16.936],[122.558,-16.944],[122.643,-16.986],[122.728,-17.004],[122.789,-17.012],[122.863,-17.025],[122.89,-17.036],[122.891,-17.036]]]},"properties":{"NAME":"Nyul Nyul","SUBJECTO":"Nyul Nyul","PARTOF":"Nyul Nyul","ABBREVN":"Nyul Nyul","BORDERPRECISION":3,"fid":415}},
{"type":"Feature","geometry":{"type":"Polygon","coordinates":[[[146.091,-36.488],[146.036,-36.373],[145.898,-36.24],[145.822,-36.107],[145.791,-36.095],[145.788,-36.093],[145.756,-36.08],[145.668,-36.107],[145.634,-36.148],[145.602,-36.187],[145.594,-36.202],[145.547,-36.293],[145.481,-36.408],[145.421,-36.505],[145.344,-36.567],[145.151,-36.585],[144.838,-36.598],[144.583,-36.575],[144.567,-36.574],[144.542,-36.571],[144.479,-36.563],[144.377,-36.549],[144.278,-36.567],[144.265,-36.577],[144.185,-36.642],[144.185,-36.734],[144.212,-36.849],[144.25,-37.007],[144.316,-37.125],[144.337,-37.142],[144.366,-37.165],[144.474,-37.152],[144.591,-37.138],[144.761,-37.138],[144.943,-37.165],[145.179,-37.243],[145.47,-37.348],[145.629,-37.401],[145.876,-37.488],[146.162,-37.492],[146.173,-37.488],[146.164,-37.44],[146.162,-37.427],[146.409,-37.34],[146.678,-37.226],[146.904,-37.077],[146.953,-37.064],[146.953,-37.055],[146.953,-37.02],[146.843,-36.994],[146.656,-36.989],[146.53,-36.919],[146.31,-36.721],[146.223,-36.616],[146.091,-36.488]]]},"properties":{"NAME":"Taungurung","SUBJECTO":"Taungurung","PARTOF":"Taungurung","ABBREVN":"Taungurung","BORDERPRECISION":3,"fid":416}},
{"type":"Feature","geometry":{"type":"Polygon","coordinates":[[[133.007,-26.458],[133.066,-26.716],[133.11,-26.893],[133.242,-27.255],[133.341,-27.8],[133.506,-28.208],[133.464,-28.392],[133.561,-28.43],[133.627,-28.546],[134.11,-28.691],[134.352,-28.854],[134.532,-28.935],[134.626,-28.816],[134.769,-28.401],[134.923,-27.888],[135.011,-27.44],[135.212,-27.177],[135.066,-27.02],[134.692,-26.687],[134.165,-26.254],[133.872,-26.078],[133.813,-26.116],[133.319,-26.313],[133.121,-26.441],[133.007,-26.458]]]},"properties":{"NAME":"Antakarinja","SUBJECTO":"Antakarinja","PARTOF":"Antakarinja","ABBREVN":"Antakarinja","BORDERPRECISION":3,"fid":417}},
{"type":"Feature","geometry":{"type":"Polygon","coordinates":[[[130.96,-16.422],[131.078,-16.468],[131.265,-16.552],[131.347,-16.615],[131.364,-16.715],[131.391,-16.7],[131.561,-16.605],[131.697,-16.497],[131.743,-16.431],[131.782,-16.432],[131.94,-16.315],[132.039,-16.23],[132.111,-16.109],[132.144,-16.004],[132.137,-15.939],[132.056,-15.85],[131.94,-15.776],[131.852,-15.792],[131.523,-15.829],[131.429,-15.813],[131.402,-15.808],[131.401,-15.791],[131.369,-15.792],[131.369,-15.909],[131.331,-15.993],[131.1,-15.998],[130.908,-16.072],[130.889,-16.086],[130.866,-16.103],[130.869,-16.104],[130.902,-16.262],[130.968,-16.362],[130.963,-16.399],[130.96,-16.422]]]},"properties":{"NAME":"Karangpurru","SUBJECTO":"Karangpurru","PARTOF":"Karangpurru","ABBREVN":"Karangpurru","BORDERPRECISION":3,"fid":418}},
{"type":"Feature","geometry":{"type":"Polygon","coordinates":[[[116.268,-21.392],[116.104,-21.576],[115.928,-21.79],[115.642,-22.116],[115.389,-22.34],[115.315,-22.401],[115.31,-22.405],[115.192,-22.502],[115.444,-22.523],[115.653,-22.563],[115.807,-22.573],[115.939,-22.47],[115.95,-22.462],[116,-22.453],[116.169,-22.421],[116.301,-22.421],[116.422,-22.431],[116.532,-22.492],[116.609,-22.584],[116.752,-22.665],[116.861,-22.771],[116.878,-22.787],[116.96,-22.867],[116.982,-22.874],[116.993,-22.877],[117.296,-22.806],[117.449,-22.77],[117.461,-22.743],[117.488,-22.685],[117.543,-22.609],[117.598,-22.447],[117.708,-22.274],[117.768,-22.121],[117.823,-22.086],[117.823,-22.07],[117.807,-22.056],[117.675,-21.943],[117.482,-21.816],[117.263,-21.734],[117.142,-21.637],[117.098,-21.53],[116.944,-21.422],[116.878,-21.411],[116.841,-21.404],[116.686,-21.376],[116.518,-21.341],[116.45,-21.326],[116.373,-21.31],[116.345,-21.351],[116.268,-21.392]]]},"properties":{"NAME":"Kurrama","SUBJECTO":"Kurrama","PARTOF":"Kurrama","ABBREVN":"Kurrama","BORDERPRECISION":3,"fid":419}},
{"type":"Feature","geometry":{"type":"Polygon","coordinates":[[[140.602,-25.487],[140.58,-25.529],[140.482,-25.721],[140.416,-25.919],[140.502,-25.95],[140.566,-25.973],[140.823,-26.067],[140.944,-26.146],[141.093,-26.26],[141.064,-26.224],[141.089,-26.187],[141.262,-25.919],[141.383,-25.562],[141.757,-25.135],[142.042,-24.857],[142.24,-24.427],[142.424,-24.212],[142.361,-24.167],[142.207,-24.077],[141.987,-24.077],[141.669,-24.107],[141.372,-24.127],[141.075,-24.056],[140.834,-23.986],[140.577,-23.928],[140.57,-24.087],[140.598,-24.38],[140.603,-24.427],[140.521,-24.445],[140.526,-24.497],[140.647,-24.767],[140.735,-24.966],[140.702,-25.245],[140.614,-25.463],[140.602,-25.487]]]},"properties":{"NAME":"Karuwali","SUBJECTO":"Karuwali","PARTOF":"Karuwali","ABBREVN":"Karuwali","BORDERPRECISION":3,"fid":420}},
{"type":"Feature","geometry":{"type":"Polygon","coordinates":[[[141.729,-15.211],[141.729,-15.212],[141.703,-15.333],[141.702,-15.337],[141.701,-15.343],[141.691,-15.538],[141.659,-15.872],[141.658,-15.887],[141.658,-15.924],[141.658,-16.151],[141.757,-16.489],[141.768,-16.699],[141.779,-16.813],[141.789,-16.913],[141.79,-16.92],[142.064,-17.046],[142.383,-17.204],[142.855,-17.382],[142.937,-17.252],[142.946,-17.238],[142.971,-17.199],[143.179,-17.004],[143.366,-16.862],[143.454,-16.731],[143.497,-16.687],[143.542,-16.641],[143.508,-16.609],[143.492,-16.594],[143.306,-16.51],[142.954,-16.383],[142.734,-16.299],[142.833,-16.162],[143.218,-16.004],[143.558,-16.004],[143.58,-16.011],[143.657,-16.035],[143.658,-16.028],[143.701,-15.739],[143.701,-15.221],[143.701,-14.987],[143.701,-14.967],[143.701,-14.945],[143.492,-14.839],[143.405,-14.828],[143.398,-14.828],[143.218,-14.807],[142.537,-14.817],[142.152,-14.87],[141.947,-14.918],[141.898,-14.93],[141.833,-14.945],[141.746,-15.136],[141.729,-15.211]]]},"properties":{"NAME":"Kunjen","SUBJECTO":"Kunjen","PARTOF":"Kunjen","ABBREVN":"Kunjen","BORDERPRECISION":3,"fid":421}},
{"type":"Feature","geometry":{"type":"Polygon","coordinates":[[[148.575,-22.328],[148.514,-22.341],[148.497,-22.345],[148.282,-22.482],[148.079,-22.599],[147.919,-22.673],[147.903,-22.68],[147.899,-22.729],[147.898,-22.746],[147.998,-22.87],[148.013,-22.852],[148.053,-22.873],[148.079,-22.888],[148.211,-23.044],[148.381,-23.307],[148.53,-23.483],[148.543,-23.522],[148.612,-23.448],[148.964,-23.312],[149.208,-23.207],[149.189,-23.181],[149.03,-22.948],[149.03,-22.807],[148.925,-22.68],[148.87,-22.609],[148.799,-22.452],[148.849,-22.392],[148.874,-22.362],[148.854,-22.33],[148.749,-22.294],[148.661,-22.309],[148.575,-22.328]]]},"properties":{"NAME":"Gabalbara","SUBJECTO":"Gabalbara","PARTOF":"Gabalbara","ABBREVN":"Gabalbara","BORDERPRECISION":3,"fid":422}},
{"type":"Feature","geometry":{"type":"Polygon","coordinates":[[[137.998,-33.458],[137.981,-33.459],[137.913,-33.517],[137.905,-33.701],[137.864,-33.879],[137.716,-34.083],[137.512,-34.459],[137.559,-34.911],[137.502,-35.025],[137.393,-35.089],[137.108,-35.071],[137.072,-35.115],[137.036,-35.294],[136.985,-35.396],[137.318,-35.344],[137.538,-35.308],[137.67,-35.255],[137.72,-35.214],[137.883,-34.687],[137.92,-34.632],[137.944,-34.507],[138.01,-34.307],[138.054,-34.189],[138.054,-34.164],[138.043,-34.148],[138.027,-34.034],[138.01,-33.939],[137.994,-33.793],[137.994,-33.583],[137.994,-33.468],[137.998,-33.458]]]},"properties":{"NAME":"Narangga","SUBJECTO":"Narangga","PARTOF":"Narangga","ABBREVN":"Narangga","BORDERPRECISION":3,"fid":423}},
{"type":"Feature","geometry":{"type":"Polygon","coordinates":[[[121.694,-27.856],[121.937,-27.693],[122.102,-27.557],[122.498,-27.294],[122.816,-26.775],[122.956,-26.561],[122.893,-26.49],[122.783,-26.155],[122.778,-26.03],[122.624,-26.007],[122.498,-26.007],[122.278,-26.047],[121.937,-26.096],[121.772,-26.274],[121.52,-26.362],[121.289,-26.402],[121.201,-26.471],[121.025,-26.49],[120.826,-26.431],[120.839,-26.466],[120.85,-26.593],[120.888,-26.785],[120.927,-26.907],[121.014,-27.064],[121.102,-27.191],[121.152,-27.279],[121.278,-27.401],[121.306,-27.528],[121.322,-27.528],[121.366,-27.557],[121.492,-27.649],[121.569,-27.722],[121.613,-27.79],[121.694,-27.856]]]},"properties":{"NAME":"Nana","SUBJECTO":"Nana","PARTOF":"Nana","ABBREVN":"Nana","BORDERPRECISION":3,"fid":424}},
{"type":"Feature","geometry":{"type":"Polygon","coordinates":[[[152.218,-27.219],[152.227,-27.235],[152.314,-27.425],[152.419,-27.635],[152.428,-27.754],[152.566,-27.754],[152.687,-27.754],[152.741,-27.748],[152.754,-27.731],[152.852,-27.699],[153.064,-27.645],[153.12,-27.625],[153.092,-27.578],[153.026,-27.47],[153.013,-27.47],[152.998,-27.482],[153.016,-27.493],[153.003,-27.499],[153.006,-27.526],[152.976,-27.541],[152.881,-27.499],[152.852,-27.485],[152.763,-27.449],[152.715,-27.443],[152.714,-27.331],[152.628,-27.323],[152.551,-27.264],[152.507,-27.206],[152.369,-27.196],[152.238,-27.22],[152.218,-27.219]]]},"properties":{"NAME":"Yuggera","SUBJECTO":"Yuggera","PARTOF":"Yuggera","ABBREVN":"Yuggera","BORDERPRECISION":3,"fid":425}},
{"type":"Feature","geometry":{"type":"MultiPolygon","coordinates":[[[[142.891,-33.944],[142.897,-33.966],[143.207,-33.77],[143.295,-33.788],[143.477,-33.687],[143.542,-33.651],[143.558,-33.642],[143.899,-33.303],[144.174,-33.082],[144.272,-32.956],[144.24,-32.953],[144.238,-32.938],[144.23,-32.862],[144.229,-32.861],[144.23,-32.861],[144.218,-32.75],[144.283,-32.361],[144.382,-32.138],[144.492,-31.784],[144.707,-31.56],[144.382,-31.625],[144.069,-31.614],[143.91,-31.859],[143.58,-32.166],[143.196,-32.463],[142.965,-32.649],[142.756,-32.898],[142.679,-33.202],[142.778,-33.551],[142.891,-33.944]]],[[[142.843,-33.992],[142.786,-33.936],[142.795,-34.03],[142.828,-34.009],[142.848,-33.996],[142.843,-33.992]]]]},"properties":{"NAME":"Barindji","SUBJECTO":"Barindji","PARTOF":"Barindji","ABBREVN":"Barindji","BORDERPRECISION":3,"fid":426}},
{"type":"Feature","geometry":{"type":"Polygon","coordinates":[[[134.143,-12.084],[134.044,-12.061],[134.039,-12.263],[134.072,-12.259],[134.121,-12.259],[134.124,-12.242],[134.144,-12.176],[134.171,-12.119],[134.214,-12.1],[134.228,-12.096],[134.143,-12.084]]]},"properties":{"NAME":"Gunibidji","SUBJECTO":"Gunibidji","PARTOF":"Gunibidji","ABBREVN":"Gunibidji","BORDERPRECISION":3,"fid":427}},
{"type":"Feature","geometry":{"type":"Polygon","coordinates":[[[133.204,-14.872],[133.396,-14.913],[133.704,-14.945],[133.697,-15.064],[133.759,-15.019],[133.825,-14.935],[133.841,-14.902],[133.859,-14.893],[133.901,-14.839],[133.934,-14.775],[134.067,-14.741],[134.028,-14.716],[133.918,-14.637],[133.731,-14.514],[133.555,-14.392],[133.469,-14.309],[133.462,-14.323],[133.445,-14.451],[133.429,-14.568],[133.38,-14.685],[133.204,-14.872]]]},"properties":{"NAME":"Mangarayi","SUBJECTO":"Mangarayi","PARTOF":"Mangarayi","ABBREVN":"Mangarayi","BORDERPRECISION":3,"fid":428}},
{"type":"Feature","geometry":{"type":"Polygon","coordinates":[[[153.164,-27.697],[153.152,-27.677],[153.129,-27.694],[153.093,-27.72],[153.05,-27.747],[152.958,-27.797],[152.796,-27.853],[152.7,-27.903],[152.619,-27.946],[152.541,-27.987],[152.416,-27.972],[152.255,-27.973],[152.071,-27.97],[151.976,-27.99],[151.867,-28.044],[151.821,-28.134],[151.777,-28.164],[151.726,-28.189],[151.684,-28.251],[151.689,-28.315],[151.691,-28.34],[151.733,-28.407],[151.823,-28.493],[151.902,-28.652],[151.963,-28.758],[151.963,-28.917],[151.982,-28.958],[152.021,-28.985],[152.038,-28.996],[152.068,-29.059],[152.093,-29.165],[152.099,-29.319],[152.079,-29.421],[152.07,-29.457],[152.064,-29.484],[152.067,-29.511],[152.092,-29.528],[152.185,-29.519],[152.26,-29.516],[152.463,-29.54],[152.656,-29.604],[152.809,-29.612],[152.873,-29.604],[152.952,-29.521],[153.062,-29.377],[153.21,-29.325],[153.303,-29.32],[153.329,-29.314],[153.342,-29.251],[153.361,-29.159],[153.493,-28.841],[153.479,-28.521],[153.478,-28.504],[153.396,-28.129],[153.296,-27.913],[153.164,-27.697]]]},"properties":{"NAME":"Bundjalung","SUBJECTO":"Bundjalung","PARTOF":"Bundjalung","ABBREVN":"Bundjalung","BORDERPRECISION":3,"fid":429}},
{"type":"Feature","geometry":{"type":"Polygon","coordinates":[[[114.972,-30.342],[114.991,-30.404],[115.115,-30.78],[115.304,-31.14],[115.351,-31.246],[115.433,-31.391],[115.917,-31.372],[116.031,-31.417],[116.158,-31.466],[116.261,-31.433],[116.389,-31.391],[116.554,-30.846],[116.68,-30.411],[116.823,-30.095],[116.829,-30.055],[116.827,-30.052],[116.779,-30.025],[116.764,-30],[116.716,-29.998],[116.641,-30.009],[116.625,-30.041],[116.505,-30.107],[116.362,-30.155],[116.153,-30.221],[115.659,-30.269],[115.483,-30.297],[115.214,-30.307],[115.016,-30.368],[114.97,-30.325],[114.972,-30.342]]]},"properties":{"NAME":"Yuat","SUBJECTO":"Yuat","PARTOF":"Yuat","ABBREVN":"Yuat","BORDERPRECISION":3,"fid":430}},
{"type":"Feature","geometry":{"type":"Polygon","coordinates":[[[149.442,-35.368],[149.442,-35.333],[149.485,-35.308],[149.619,-35.231],[149.474,-35.151],[149.382,-35.089],[149.142,-34.927],[149.128,-34.917],[149.089,-34.894],[149.057,-34.876],[148.788,-34.719],[148.557,-34.538],[148.4,-34.381],[148.271,-34.452],[148.14,-34.687],[148.14,-34.976],[148.14,-35.147],[148.381,-35.147],[148.565,-35.183],[148.843,-35.237],[149.26,-35.353],[149.442,-35.368]]]},"properties":{"NAME":"Ngunawal","SUBJECTO":"Ngunawal","PARTOF":"Ngunawal","ABBREVN":"Ngunawal","BORDERPRECISION":3,"fid":431}},
{"type":"Feature","geometry":{"type":"Polygon","coordinates":[[[140.4,-20.799],[140.504,-20.54],[140.779,-20.252],[141.119,-20.108],[141.282,-20.057],[141.251,-19.999],[141.174,-19.793],[141.141,-19.596],[141.122,-19.4],[141.108,-19.404],[141.108,-19.396],[140.9,-19.456],[140.658,-19.715],[140.471,-19.87],[140.208,-20.149],[140.088,-20.186],[140.136,-20.35],[140.202,-20.509],[140.372,-20.761],[140.4,-20.799]]]},"properties":{"NAME":"Mayi-Thakurti","SUBJECTO":"Mayi-Thakurti","PARTOF":"Mayi-Thakurti","ABBREVN":"Mayi-Thakurti","BORDERPRECISION":3,"fid":432}},
{"type":"Feature","geometry":{"type":"Polygon","coordinates":[[[141.927,-11.996],[141.92,-12.007],[141.92,-12.039],[141.912,-12.086],[141.915,-12.109],[141.915,-12.116],[141.917,-12.127],[141.926,-12.154],[141.93,-12.178],[141.936,-12.179],[141.988,-12.183],[141.987,-12.176],[142.086,-12.136],[142.162,-12.087],[142.147,-12.061],[142.147,-12.026],[142.15,-12.002],[142.116,-12],[142.018,-11.994],[141.969,-11.992],[141.939,-11.976],[141.927,-11.996]]]},"properties":{"NAME":"Teppathiggi","SUBJECTO":"Teppathiggi","PARTOF":"Teppathiggi","ABBREVN":"Teppathiggi","BORDERPRECISION":3,"fid":433}},
{"type":"Feature","geometry":{"type":"Polygon","coordinates":[[[135.434,-15.837],[135.417,-16.046],[135.398,-16.33],[135.46,-16.366],[135.67,-16.457],[135.857,-16.615],[136.033,-16.773],[136.033,-16.813],[136.033,-16.857],[136.527,-17.141],[136.582,-17.162],[136.583,-17.156],[136.56,-17.136],[136.56,-17.059],[136.56,-16.967],[136.544,-16.784],[136.549,-16.505],[136.549,-16.352],[136.606,-16.102],[136.609,-16.088],[136.638,-16.091],[136.648,-16.046],[136.549,-15.94],[136.143,-15.634],[135.912,-15.507],[135.811,-15.524],[135.788,-15.528],[135.725,-15.538],[135.67,-15.697],[135.494,-15.761],[135.439,-15.768],[135.439,-15.771],[135.434,-15.837]]]},"properties":{"NAME":"Binbinga","SUBJECTO":"Binbinga","PARTOF":"Binbinga","ABBREVN":"Binbinga","BORDERPRECISION":3,"fid":434}},
{"type":"Feature","geometry":{"type":"Polygon","coordinates":[[[136.698,-18.069],[136.731,-18.07],[136.714,-17.895],[136.725,-17.613],[136.745,-17.263],[136.675,-17.24],[136.583,-17.156],[136.582,-17.162],[136.527,-17.141],[136.033,-16.857],[136.033,-16.952],[135.967,-17.162],[135.758,-17.361],[135.615,-17.539],[135.583,-17.561],[135.697,-17.67],[135.802,-17.686],[136.121,-17.811],[136.362,-17.958],[136.637,-18.052],[136.698,-18.069]]]},"properties":{"NAME":"Gunindiri","SUBJECTO":"Gunindiri","PARTOF":"Gunindiri","ABBREVN":"Gunindiri","BORDERPRECISION":3,"fid":435}},
{"type":"Feature","geometry":{"type":"Polygon","coordinates":[[[145.519,-20.518],[145.283,-20.448],[144.899,-20.406],[144.307,-20.466],[144.086,-20.489],[144.103,-20.45],[143.668,-20.489],[143.097,-20.468],[143.088,-20.539],[143.08,-20.605],[143.064,-20.736],[143.119,-21.054],[143.262,-21.279],[143.317,-21.494],[143.321,-21.619],[143.324,-21.682],[143.328,-21.78],[143.328,-22.086],[143.219,-22.397],[143.364,-22.195],[143.41,-22.131],[143.839,-22.009],[144.465,-21.969],[144.893,-21.969],[145.3,-22.131],[145.75,-22.335],[145.84,-22.37],[145.885,-22.388],[145.887,-22.37],[145.865,-22.157],[145.778,-22.014],[145.69,-21.923],[145.613,-21.759],[145.596,-21.706],[145.591,-21.688],[145.547,-21.545],[145.47,-21.279],[145.47,-20.941],[145.613,-20.561],[145.588,-20.516],[145.558,-20.53],[145.519,-20.518]]]},"properties":{"NAME":"Yirandali","SUBJECTO":"Yirandali","PARTOF":"Yirandali","ABBREVN":"Yirandali","BORDERPRECISION":3,"fid":436}},
{"type":"Feature","geometry":{"type":"Polygon","coordinates":[[[145.396,-18.122],[145.404,-18.146],[145.525,-18.355],[145.684,-18.475],[145.686,-18.447],[145.681,-18.429],[145.715,-18.428],[145.753,-18.443],[145.848,-18.513],[145.969,-18.542],[146.083,-18.512],[145.925,-18.257],[145.984,-18.006],[145.967,-18.007],[145.838,-18.028],[145.717,-18.06],[145.558,-18.143],[145.437,-18.135],[145.398,-18.118],[145.396,-18.122]]]},"properties":{"NAME":"Wargamaygan","SUBJECTO":"Wargamaygan","PARTOF":"Wargamaygan","ABBREVN":"Wargamaygan","BORDERPRECISION":3,"fid":437}},
{"type":"Feature","geometry":{"type":"Polygon","coordinates":[[[142.375,-31.41],[142.367,-31.389],[142.339,-31.316],[142.339,-31.213],[142.493,-30.996],[142.778,-30.921],[143.264,-30.867],[143.264,-30.849],[143.262,-30.761],[143.262,-30.43],[143.295,-29.945],[143.348,-29.79],[143.364,-29.745],[143.064,-29.717],[142.383,-29.631],[142.174,-29.631],[142.138,-29.631],[142.064,-29.631],[142.064,-29.65],[142.139,-29.65],[142.141,-29.65],[142.141,-29.732],[142.141,-29.76],[142.141,-29.898],[141.987,-30.278],[141.724,-30.676],[141.394,-31.034],[141.152,-31.279],[141.089,-31.319],[141.042,-31.349],[141.119,-31.401],[141.592,-31.41],[141.801,-31.429],[142.326,-31.429],[142.328,-31.419],[142.376,-31.411],[142.375,-31.41]]]},"properties":{"NAME":"Bandjigali","SUBJECTO":"Bandjigali","PARTOF":"Bandjigali","ABBREVN":"Bandjigali","BORDERPRECISION":3,"fid":438}},
{"type":"Feature","geometry":{"type":"Polygon","coordinates":[[[148.755,-24.257],[149.023,-24.379],[149.052,-24.392],[149.073,-24.402],[149.167,-23.986],[149.271,-23.836],[149.431,-23.946],[149.612,-24.107],[149.678,-24.212],[149.738,-24.532],[149.837,-24.936],[149.941,-24.929],[149.943,-24.929],[149.991,-24.925],[150.002,-24.925],[150.117,-24.916],[150.408,-24.842],[150.579,-24.797],[150.614,-24.789],[150.646,-24.781],[150.71,-24.767],[150.82,-24.637],[150.837,-24.477],[150.837,-24.332],[150.776,-24.222],[150.755,-24.162],[150.747,-24.143],[150.738,-24.117],[150.601,-23.75],[150.568,-23.703],[150.545,-23.669],[150.507,-23.614],[150.34,-23.568],[150.323,-23.564],[150.084,-23.499],[149.705,-23.549],[149.562,-23.463],[149.442,-23.393],[149.337,-23.282],[149.293,-23.171],[149.275,-23.178],[149.208,-23.207],[148.964,-23.312],[148.612,-23.448],[148.543,-23.522],[148.513,-23.553],[148.508,-23.559],[148.513,-23.75],[148.535,-23.901],[148.601,-24.107],[148.686,-24.19],[148.726,-24.228],[148.755,-24.257]]]},"properties":{"NAME":"Gangulu","SUBJECTO":"Gangulu","PARTOF":"Gangulu","ABBREVN":"Gangulu","BORDERPRECISION":3,"fid":439}},
{"type":"Feature","geometry":{"type":"Polygon","coordinates":[[[116.031,-31.417],[115.983,-31.422],[115.818,-31.422],[115.59,-31.412],[115.508,-31.436],[115.493,-31.546],[115.561,-31.661],[115.677,-31.928],[115.747,-32.208],[115.757,-32.474],[115.758,-32.494],[115.796,-32.491],[116.027,-32.436],[116.14,-32.388],[116.163,-32.378],[116.268,-32.292],[116.548,-32.148],[116.599,-32.145],[116.669,-31.989],[116.702,-31.831],[116.708,-31.658],[116.625,-31.574],[116.499,-31.508],[116.392,-31.471],[116.261,-31.433],[116.158,-31.466],[116.031,-31.417]]]},"properties":{"NAME":"Wajuk","SUBJECTO":"Wajuk","PARTOF":"Wajuk","ABBREVN":"Wajuk","BORDERPRECISION":3,"fid":440}},
{"type":"Feature","geometry":{"type":"Polygon","coordinates":[[[140.801,-17.728],[140.802,-17.745],[140.812,-17.926],[140.823,-18.167],[140.827,-18.175],[140.863,-18.244],[140.9,-18.313],[140.999,-18.625],[141.031,-18.813],[141.108,-19.228],[141.108,-19.355],[141.108,-19.396],[141.108,-19.404],[141.122,-19.4],[141.14,-19.394],[141.471,-19.29],[141.779,-19.27],[142.262,-19.311],[142.581,-19.394],[142.822,-19.508],[142.846,-19.449],[142.853,-19.431],[142.943,-19.207],[142.954,-18.948],[142.936,-18.809],[142.932,-18.782],[142.889,-18.773],[142.712,-18.74],[142.339,-18.657],[142.031,-18.521],[141.757,-18.375],[141.592,-18.282],[141.383,-18.156],[141.306,-17.947],[141.306,-17.811],[141.306,-17.634],[141.262,-17.53],[141.256,-17.517],[141.229,-17.455],[141.173,-17.487],[141.162,-17.493],[140.966,-17.602],[140.839,-17.699],[140.801,-17.728]]]},"properties":{"NAME":"Mayi-Kulan","SUBJECTO":"Mayi-Kulan","PARTOF":"Mayi-Kulan","ABBREVN":"Mayi-Kulan","BORDERPRECISION":3,"fid":441}},
{"type":"Feature","geometry":{"type":"Polygon","coordinates":[[[134.397,-17.873],[134.44,-17.811],[134.441,-17.804],[134.448,-17.777],[134.506,-17.539],[134.506,-17.235],[134.488,-17.201],[134.485,-17.196],[134.451,-17.214],[134.308,-16.973],[134.011,-16.71],[133.868,-16.562],[133.66,-16.383],[133.512,-16.241],[133.492,-16.234],[133.429,-16.394],[133.393,-16.422],[133.418,-16.562],[133.407,-16.784],[133.412,-16.962],[133.451,-17.13],[133.5,-17.314],[133.456,-17.503],[133.38,-17.644],[133.287,-17.7],[133.279,-17.744],[133.352,-17.749],[133.341,-17.947],[133.341,-18.167],[133.419,-18.251],[133.432,-18.247],[133.495,-18.031],[133.988,-18.146],[133.989,-18.145],[133.792,-17.979],[134.231,-17.937],[134.347,-17.944],[134.397,-17.873]]]},"properties":{"NAME":"Jingili","SUBJECTO":"Jingili","PARTOF":"Jingili","ABBREVN":"Jingili","BORDERPRECISION":3,"fid":442}},
{"type":"Feature","geometry":{"type":"Polygon","coordinates":[[[145.222,-15.664],[145.199,-15.399],[145.124,-15.48],[145.146,-15.591],[145.031,-15.771],[144.866,-15.887],[144.804,-15.914],[144.773,-15.927],[144.63,-15.988],[144.272,-16.099],[144.025,-16.093],[143.871,-16.12],[143.871,-16.124],[143.87,-16.144],[143.866,-16.246],[143.893,-16.31],[143.884,-16.489],[143.89,-16.489],[143.943,-16.489],[144.009,-16.636],[144.218,-16.868],[144.371,-17.12],[144.591,-17.319],[144.725,-17.409],[144.76,-17.433],[144.833,-17.414],[145.282,-17.362],[145.31,-17.359],[145.382,-17.351],[145.361,-17.311],[145.336,-17.262],[145.322,-17.235],[145.268,-17.112],[145.267,-17.102],[145.272,-16.967],[145.344,-16.626],[145.394,-16.549],[145.363,-16.523],[145.326,-16.49],[145.346,-16.014],[145.238,-15.709],[145.222,-15.664]]]},"properties":{"NAME":"Kuku-yalanji","SUBJECTO":"Kuku-yalanji","PARTOF":"Kuku-yalanji","ABBREVN":"Kuku-yalanji","BORDERPRECISION":3,"fid":443}},
{"type":"Feature","geometry":{"type":"Polygon","coordinates":[[[142.176,-12.085],[142.278,-12.125],[142.331,-12.171],[142.413,-12.273],[142.589,-12.388],[142.621,-12.452],[142.638,-12.488],[142.638,-12.496],[142.858,-12.622],[142.924,-12.622],[142.939,-12.622],[142.943,-12.622],[142.927,-12.498],[142.88,-12.343],[142.861,-12.308],[142.849,-12.284],[142.811,-12.214],[142.74,-12.066],[142.71,-12.004],[142.71,-12.021],[142.689,-12.021],[142.63,-12.023],[142.354,-12.018],[142.2,-12.006],[142.16,-12.003],[142.15,-12.002],[142.147,-12.026],[142.147,-12.061],[142.162,-12.087],[142.169,-12.082],[142.176,-12.085]]]},"properties":{"NAME":"Mpalitjanh","SUBJECTO":"Mpalitjanh","PARTOF":"Mpalitjanh","ABBREVN":"Mpalitjanh","BORDERPRECISION":3,"fid":444}},
{"type":"Feature","geometry":{"type":"Polygon","coordinates":[[[116.448,-21.293],[116.444,-21.207],[116.301,-20.982],[116.251,-20.924],[116.201,-20.95],[116.135,-20.984],[115.871,-21.194],[115.567,-21.456],[115.349,-21.602],[114.8,-21.883],[114.685,-21.953],[114.785,-22.055],[114.895,-22.187],[115.126,-22.401],[115.291,-22.401],[115.304,-22.401],[115.315,-22.401],[115.389,-22.34],[115.642,-22.116],[115.928,-21.79],[116.104,-21.576],[116.268,-21.392],[116.345,-21.351],[116.373,-21.31],[116.45,-21.326],[116.448,-21.293]]]},"properties":{"NAME":"Nhuwala","SUBJECTO":"Nhuwala","PARTOF":"Nhuwala","ABBREVN":"Nhuwala","BORDERPRECISION":3,"fid":445}},
{"type":"Feature","geometry":{"type":"Polygon","coordinates":[[[149.42,-26.19],[149.494,-26.178],[149.529,-26.126],[149.683,-26.126],[149.848,-26.096],[149.974,-25.993],[149.98,-25.913],[149.982,-25.894],[149.985,-25.849],[150.001,-25.694],[150.002,-25.681],[150.043,-25.69],[150.046,-25.622],[150.007,-25.379],[150.007,-25.18],[150.007,-24.961],[150.002,-24.925],[149.991,-24.925],[149.943,-24.944],[149.941,-24.944],[149.897,-24.961],[149.606,-25.036],[149.15,-25.14],[149.037,-25.176],[149.03,-25.178],[149.027,-25.179],[149.024,-25.18],[149.024,-25.195],[149.024,-25.294],[149.019,-25.542],[148.986,-25.78],[148.975,-25.963],[148.92,-26.089],[148.909,-26.116],[149.03,-26.16],[149.211,-26.185],[149.42,-26.19]]]},"properties":{"NAME":"Yiman","SUBJECTO":"Yiman","PARTOF":"Yiman","ABBREVN":"Yiman","BORDERPRECISION":3,"fid":446}},
{"type":"Feature","geometry":{"type":"Polygon","coordinates":[[[126.303,-18.94],[126.304,-18.948],[126.31,-19.021],[126.442,-19.104],[126.595,-19.104],[126.694,-19.083],[126.826,-19.156],[126.829,-19.157],[126.849,-19.167],[127.057,-19.27],[127.354,-19.363],[127.727,-19.425],[127.78,-19.419],[127.796,-19.418],[127.958,-19.311],[128.408,-19.239],[128.738,-19.239],[128.749,-19.25],[128.77,-19.249],[128.859,-19.166],[129.144,-18.917],[129.155,-18.448],[129.133,-18.177],[129.034,-18.01],[129.151,-18.168],[129.265,-18.323],[129.276,-18.219],[129.199,-17.926],[129.054,-17.834],[129.056,-17.853],[128.996,-17.82],[128.979,-17.811],[128.881,-17.78],[128.782,-17.665],[128.639,-17.613],[128.43,-17.56],[128.328,-17.552],[128.294,-17.562],[128.232,-17.717],[128.057,-17.937],[127.864,-18.021],[127.683,-18.172],[127.546,-18.261],[127.386,-18.334],[127.2,-18.412],[127.029,-18.469],[126.892,-18.48],[126.811,-18.48],[126.773,-18.556],[126.716,-18.667],[126.508,-18.782],[126.387,-18.834],[126.299,-18.885],[126.303,-18.94]]]},"properties":{"NAME":"Jaru","SUBJECTO":"Jaru","PARTOF":"Jaru","ABBREVN":"Jaru","BORDERPRECISION":3,"fid":447}},
{"type":"Feature","geometry":{"type":"MultiPolygon","coordinates":[[[[130.103,-14.129],[130.106,-14.128],[130.106,-14.117],[130.046,-14.092],[130.037,-14.095],[129.989,-14.11],[129.924,-14.102],[129.889,-14.097],[129.872,-14.126],[129.858,-14.198],[129.861,-14.267],[129.872,-14.326],[129.9,-14.368],[129.927,-14.36],[129.977,-14.381],[130.02,-14.413],[130.012,-14.387],[129.99,-14.344],[130.012,-14.28],[130.034,-14.2],[130.095,-14.131],[130.103,-14.129]]],[[[129.997,-14.434],[130.032,-14.437],[130.026,-14.432],[130.02,-14.414],[129.997,-14.434]]]]},"properties":{"NAME":"Ngan’gikurunggurr","SUBJECTO":"Ngan’gikurunggurr","PARTOF":"Ngan’gikurunggurr","ABBREVN":"Ngan’gikurunggurr","BORDERPRECISION":3,"fid":448}},
{"type":"Feature","geometry":{"type":"Polygon","coordinates":[[[143.477,-33.687],[143.47,-33.697],[143.608,-33.784],[143.871,-33.934],[144.086,-34.112],[144.169,-34.144],[144.178,-34.148],[144.294,-34.194],[144.448,-34.194],[144.564,-34.153],[144.613,-34.103],[144.655,-34.073],[144.658,-34.024],[144.668,-33.889],[144.932,-33.669],[145.063,-33.56],[144.514,-33.193],[144.314,-32.96],[144.272,-32.956],[144.174,-33.082],[143.899,-33.303],[143.558,-33.642],[143.542,-33.651],[143.477,-33.687]]]},"properties":{"NAME":"Yitha Yitha","SUBJECTO":"Yitha Yitha","PARTOF":"Yitha Yitha","ABBREVN":"Yitha Yitha","BORDERPRECISION":3,"fid":449}},
{"type":"Feature","geometry":{"type":"MultiPolygon","coordinates":[[[[142.597,-13.066],[142.596,-13.066],[142.593,-13.075],[142.608,-13.074],[142.61,-13.074],[142.597,-13.066]]],[[[142.129,-12.816],[142.094,-12.831],[142.05,-12.881],[142.044,-12.897],[142.042,-12.902],[142.048,-12.908],[142.02,-12.962],[141.99,-13.057],[141.99,-13.074],[141.986,-13.092],[141.982,-13.146],[141.975,-13.197],[141.978,-13.204],[141.982,-13.192],[142.256,-13.106],[142.349,-13.098],[142.289,-13.039],[142.229,-12.959],[142.158,-12.863],[142.139,-12.812],[142.129,-12.816]]]]},"properties":{"NAME":"Mbeiwum","SUBJECTO":"Mbeiwum","PARTOF":"Mbeiwum","ABBREVN":"Mbeiwum","BORDERPRECISION":3,"fid":450}},
{"type":"Feature","geometry":{"type":"Polygon","coordinates":[[[132.215,-12.796],[132.218,-12.771],[132.242,-12.576],[132.242,-12.426],[132.216,-12.341],[132.176,-12.344],[131.817,-12.368],[131.676,-12.385],[131.635,-12.39],[131.616,-12.442],[131.616,-12.63],[131.611,-12.79],[131.611,-12.914],[131.659,-12.93],[131.721,-12.951],[131.814,-13.005],[131.913,-13.021],[132.072,-12.962],[132.127,-12.876],[132.215,-12.796]]]},"properties":{"NAME":"Limilngan","SUBJECTO":"Limilngan","PARTOF":"Limilngan","ABBREVN":"Limilngan","BORDERPRECISION":3,"fid":451}},
{"type":"Feature","geometry":{"type":"Polygon","coordinates":[[[118.216,-30.862],[118.265,-30.907],[118.352,-31.067],[118.498,-31.217],[118.65,-31.343],[118.77,-31.427],[118.869,-31.53],[119.122,-31.699],[119.506,-31.895],[119.917,-32.18],[120.023,-32.059],[120.169,-31.893],[120.279,-31.743],[120.422,-31.64],[120.698,-31.405],[120.962,-31.246],[121.094,-31.189],[121.215,-31.114],[121.201,-31.1],[121.034,-30.932],[120.739,-30.634],[120.509,-30.06],[120.004,-29.325],[119.436,-28.763],[119.421,-28.748],[119.394,-28.741],[118.69,-28.557],[118.372,-28.384],[118.224,-28.304],[117.889,-28.353],[117.532,-28.575],[117.182,-28.844],[117.105,-28.903],[116.84,-29.007],[116.31,-29.215],[116.328,-29.249],[116.52,-29.598],[116.764,-30],[116.779,-30.025],[116.827,-30.052],[116.949,-30.119],[117.049,-30.216],[117.23,-30.304],[117.317,-30.36],[117.428,-30.396],[117.484,-30.418],[117.785,-30.572],[117.922,-30.666],[117.978,-30.693],[118.079,-30.741],[118.087,-30.744],[118.216,-30.862]]]},"properties":{"NAME":"Kalaamaya","SUBJECTO":"Kalaamaya","PARTOF":"Kalaamaya","ABBREVN":"Kalaamaya","BORDERPRECISION":3,"fid":452}},
{"type":"Feature","geometry":{"type":"Polygon","coordinates":[[[116.542,-23.018],[116.455,-22.969],[116.252,-22.893],[116.087,-22.796],[116.005,-22.72],[115.955,-22.639],[115.927,-22.631],[115.904,-22.624],[115.873,-22.71],[115.812,-22.827],[115.732,-22.844],[115.727,-22.853],[115.768,-22.872],[115.776,-22.921],[115.977,-23.014],[116.279,-23.211],[116.691,-23.398],[117.032,-23.564],[117.148,-23.618],[117.18,-23.514],[117.185,-23.371],[117.186,-23.352],[117.188,-23.332],[117.098,-23.307],[116.856,-23.206],[116.669,-23.09],[116.587,-23.043],[116.542,-23.018]]]},"properties":{"NAME":"Jiwarli","SUBJECTO":"Jiwarli","PARTOF":"Jiwarli","ABBREVN":"Jiwarli","BORDERPRECISION":3,"fid":453}},
{"type":"Feature","geometry":{"type":"Polygon","coordinates":[[[125.108,-15.205],[125.096,-15.259],[125.222,-15.215],[125.359,-15.215],[125.464,-15.332],[125.414,-15.464],[125.612,-15.586],[125.745,-15.732],[125.848,-15.507],[125.903,-15.305],[125.947,-14.87],[126.002,-14.741],[126.002,-14.687],[126.002,-14.647],[126.002,-14.541],[125.968,-14.48],[125.922,-14.573],[125.863,-14.695],[125.497,-14.677],[125.317,-14.728],[125.156,-14.805],[125.174,-15.04],[125.108,-15.205]]]},"properties":{"NAME":"Wunambul","SUBJECTO":"Wunambul","PARTOF":"Wunambul","ABBREVN":"Wunambul","BORDERPRECISION":3,"fid":454}},
{"type":"Feature","geometry":{"type":"Polygon","coordinates":[[[139.263,-21.516],[139.263,-22.083],[139.307,-22.004],[139.493,-22.004],[140.01,-22.086],[140.219,-22.113],[140.24,-22.116],[140.293,-22.16],[140.306,-22.045],[140.304,-21.953],[140.295,-21.923],[140.372,-21.776],[140.325,-21.786],[140.24,-21.805],[140.059,-21.719],[139.614,-21.596],[139.263,-21.516]]]},"properties":{"NAME":"Yalarrnga","SUBJECTO":"Yalarrnga","PARTOF":"Yalarrnga","ABBREVN":"Yalarrnga","BORDERPRECISION":3,"fid":455}},
{"type":"Feature","geometry":{"type":"Polygon","coordinates":[[[133.019,-17.729],[133.033,-17.728],[133.259,-17.717],[133.287,-17.7],[133.38,-17.644],[133.456,-17.503],[133.5,-17.314],[133.451,-17.13],[133.412,-16.962],[133.407,-16.784],[133.418,-16.562],[133.393,-16.422],[133.391,-16.41],[133.367,-16.419],[133.187,-16.489],[132.88,-16.489],[132.632,-16.415],[132.534,-16.257],[132.429,-16.162],[132.391,-16.19],[132.231,-16.31],[131.929,-16.436],[131.782,-16.432],[131.743,-16.431],[131.697,-16.497],[130.979,-17.55],[130.979,-17.832],[130.985,-17.875],[130.99,-17.906],[131.21,-17.937],[131.407,-17.947],[131.486,-17.965],[131.509,-17.97],[131.638,-17.911],[132.012,-17.801],[132.281,-17.686],[133.019,-17.729]]]},"properties":{"NAME":"Mudburra","SUBJECTO":"Mudburra","PARTOF":"Mudburra","ABBREVN":"Mudburra","BORDERPRECISION":3,"fid":456}},
{"type":"Feature","geometry":{"type":"Polygon","coordinates":[[[135.777,-35.107],[135.944,-34.844],[136.106,-34.532],[136.4,-34.277],[136.646,-34.115],[136.659,-34.098],[136.802,-33.952],[136.792,-33.949],[136.703,-33.962],[136.494,-33.962],[136.187,-33.715],[136.011,-33.514],[135.945,-33.312],[135.791,-33.138],[135.516,-32.889],[135.494,-32.867],[135.472,-32.852],[135.462,-32.836],[135.374,-32.75],[135.198,-32.602],[135.011,-32.482],[134.934,-32.376],[134.835,-32.436],[134.418,-32.778],[134.154,-33.046],[134.111,-33.025],[134.108,-33.028],[134.146,-33.149],[134.208,-33.257],[134.237,-33.269],[134.421,-33.291],[134.631,-33.269],[134.71,-33.364],[134.844,-33.695],[135.153,-34.05],[135.239,-34.197],[135.357,-34.457],[135.528,-35.055],[135.595,-35.111],[135.777,-35.107]]]},"properties":{"NAME":"Nawu","SUBJECTO":"Nawu","PARTOF":"Nawu","ABBREVN":"Nawu","BORDERPRECISION":3,"fid":457}},
{"type":"Feature","geometry":{"type":"Polygon","coordinates":[[[134.681,-13.939],[134.793,-13.904],[134.918,-13.865],[135.137,-13.795],[135.255,-13.669],[135.269,-13.654],[135.297,-13.625],[135.344,-13.559],[135.306,-13.537],[135.22,-13.486],[135.055,-13.272],[135.055,-13.112],[135.027,-13.122],[134.874,-13.117],[134.747,-13.181],[134.473,-13.331],[134.331,-13.419],[134.33,-13.422],[134.346,-13.635],[134.368,-13.785],[134.451,-13.891],[134.681,-13.939]]]},"properties":{"NAME":"Ngalkbun","SUBJECTO":"Ngalkbun","PARTOF":"Ngalkbun","ABBREVN":"Ngalkbun","BORDERPRECISION":3,"fid":458}},
{"type":"Feature","geometry":{"type":"Polygon","coordinates":[[[140.521,-24.445],[140.24,-24.507],[139.883,-24.632],[139.642,-24.712],[139.598,-24.646],[139.597,-24.647],[139.603,-24.667],[139.537,-24.886],[139.46,-25.066],[139.37,-25.221],[139.482,-25.205],[139.856,-25.195],[140.219,-25.314],[140.504,-25.423],[140.602,-25.487],[140.614,-25.463],[140.702,-25.245],[140.735,-24.966],[140.647,-24.767],[140.526,-24.497],[140.521,-24.445]]]},"properties":{"NAME":"Mithaka","SUBJECTO":"Mithaka","PARTOF":"Mithaka","ABBREVN":"Mithaka","BORDERPRECISION":3,"fid":459}},
{"type":"Feature","geometry":{"type":"Polygon","coordinates":[[[149.023,-24.379],[148.991,-24.587],[148.991,-24.876],[148.986,-25.115],[149.028,-25.175],[149.027,-25.177],[149.03,-25.177],[149.03,-25.178],[149.037,-25.176],[149.15,-25.14],[149.606,-25.036],[149.897,-24.961],[149.941,-24.944],[149.941,-24.929],[149.837,-24.936],[149.738,-24.532],[149.678,-24.212],[149.612,-24.107],[149.431,-23.946],[149.271,-23.836],[149.167,-23.986],[149.073,-24.402],[149.052,-24.392],[149.023,-24.379]]]},"properties":{"NAME":"Wadjigu","SUBJECTO":"Wadjigu","PARTOF":"Wadjigu","ABBREVN":"Wadjigu","BORDERPRECISION":3,"fid":460}},
{"type":"Feature","geometry":{"type":"Polygon","coordinates":[[[138.332,-33.308],[138.367,-33.193],[138.362,-33.013],[138.263,-32.704],[138.186,-32.5],[138.12,-32.324],[138.163,-32.272],[138.161,-32.27],[138.145,-32.276],[138.027,-32.341],[137.865,-32.415],[137.714,-32.454],[137.653,-32.496],[137.642,-32.57],[137.642,-32.699],[137.659,-32.792],[137.714,-32.889],[137.769,-32.944],[137.764,-32.99],[137.796,-33.009],[137.826,-33.024],[137.868,-32.747],[138.02,-32.969],[138.166,-33.192],[138.189,-33.294],[138.17,-33.324],[138.323,-33.298],[138.332,-33.308]]]},"properties":{"NAME":"Nukunu","SUBJECTO":"Nukunu","PARTOF":"Nukunu","ABBREVN":"Nukunu","BORDERPRECISION":3,"fid":461}},
{"type":"Feature","geometry":{"type":"Polygon","coordinates":[[[143.364,-29.745],[143.348,-29.79],[143.295,-29.945],[143.262,-30.43],[143.262,-30.761],[143.264,-30.849],[143.264,-30.867],[143.273,-31.222],[143.414,-31.382],[143.428,-31.397],[143.495,-31.472],[143.531,-31.513],[143.547,-31.532],[143.866,-31.607],[143.991,-31.611],[144.069,-31.614],[144.382,-31.625],[144.707,-31.56],[144.734,-31.532],[144.804,-31.461],[144.855,-31.41],[145.063,-31.015],[145.118,-30.78],[144.91,-30.468],[144.948,-30.269],[144.987,-30.274],[144.987,-30.183],[144.988,-30.165],[145.031,-29.764],[145.096,-29.478],[145.382,-29.123],[145.452,-28.967],[145.481,-28.902],[145.431,-28.897],[145.042,-28.854],[144.688,-28.787],[144.572,-28.766],[144.481,-28.748],[143.921,-28.748],[143.686,-28.738],[143.645,-28.736],[143.503,-28.729],[143.374,-28.771],[143.369,-28.772],[143.295,-28.797],[143.317,-29.171],[143.394,-29.659],[143.364,-29.745]]]},"properties":{"NAME":"Barundji","SUBJECTO":"Barundji","PARTOF":"Barundji","ABBREVN":"Barundji","BORDERPRECISION":3,"fid":462}},
{"type":"Feature","geometry":{"type":"Polygon","coordinates":[[[152.972,-25.874],[152.904,-25.63],[152.831,-25.471],[152.761,-25.421],[152.722,-25.411],[152.699,-25.443],[152.633,-25.587],[152.65,-25.731],[152.661,-25.914],[152.693,-26.017],[152.924,-25.889],[152.972,-25.874]]]},"properties":{"NAME":"Badtjala","SUBJECTO":"Badtjala","PARTOF":"Badtjala","ABBREVN":"Badtjala","BORDERPRECISION":3,"fid":463}},
{"type":"Feature","geometry":{"type":"Polygon","coordinates":[[[118.57,-24.337],[118.573,-24.39],[118.614,-24.397],[118.878,-24.457],[119.075,-24.537],[119.301,-24.687],[119.482,-24.787],[119.713,-24.933],[119.718,-24.926],[119.828,-24.707],[119.883,-24.427],[119.861,-24.167],[119.806,-23.936],[119.696,-23.665],[119.627,-23.529],[119.619,-23.529],[119.471,-23.539],[119.141,-23.549],[118.845,-23.54],[118.79,-23.584],[118.724,-23.73],[118.652,-23.901],[118.575,-24.127],[118.57,-24.337]]]},"properties":{"NAME":"Ngalawangka","SUBJECTO":"Ngalawangka","PARTOF":"Ngalawangka","ABBREVN":"Ngalawangka","BORDERPRECISION":3,"fid":464}},
{"type":"Feature","geometry":{"type":"Polygon","coordinates":[[[141.093,-26.26],[141.196,-26.392],[141.471,-26.539],[141.68,-26.687],[141.931,-26.938],[141.944,-26.951],[141.954,-26.961],[142.13,-26.53],[142.262,-26.421],[142.416,-26.421],[142.57,-26.421],[142.712,-26.51],[143.525,-25.602],[143.677,-25.472],[143.687,-25.428],[143.708,-25.331],[143.712,-25.314],[143.755,-25.284],[143.756,-25.265],[143.284,-24.747],[143.056,-24.47],[142.954,-24.557],[142.943,-24.567],[142.559,-24.307],[142.499,-24.265],[142.424,-24.212],[142.24,-24.427],[142.042,-24.857],[141.757,-25.135],[141.383,-25.562],[141.262,-25.919],[141.089,-26.187],[141.064,-26.224],[141.093,-26.26]]]},"properties":{"NAME":"Birria","SUBJECTO":"Birria","PARTOF":"Birria","ABBREVN":"Birria","BORDERPRECISION":3,"fid":465}},
{"type":"Feature","geometry":{"type":"Polygon","coordinates":[[[122.844,-18.537],[122.811,-18.756],[122.739,-19],[122.751,-19.015],[122.764,-19.033],[123.146,-19.135],[123.333,-19.363],[123.585,-19.674],[123.805,-20.035],[123.838,-20.417],[123.838,-20.53],[124.255,-20.53],[124.717,-20.221],[124.9,-20.202],[124.955,-20.196],[125.002,-20.149],[125.112,-19.875],[124.964,-19.316],[124.86,-19.223],[124.799,-18.958],[124.805,-18.782],[124.86,-18.698],[124.86,-18.61],[124.86,-18.589],[124.815,-18.58],[124.7,-18.558],[124.645,-18.433],[124.59,-18.349],[124.459,-18.245],[124.375,-18.216],[124.362,-18.211],[124.354,-18.208],[124.146,-18.344],[124.052,-18.516],[124.014,-18.698],[123.876,-18.802],[123.651,-18.677],[123.464,-18.511],[123.322,-18.443],[123.26,-18.441],[123.216,-18.44],[123.14,-18.438],[122.968,-18.447],[122.932,-18.448],[122.917,-18.463],[122.914,-18.466],[122.896,-18.484],[122.844,-18.537]]]},"properties":{"NAME":"Mangala","SUBJECTO":"Mangala","PARTOF":"Mangala","ABBREVN":"Mangala","BORDERPRECISION":3,"fid":466}},
{"type":"Feature","geometry":{"type":"Polygon","coordinates":[[[132.891,-12.769],[132.872,-12.729],[132.855,-12.745],[132.789,-12.731],[132.734,-12.71],[132.704,-12.697],[132.696,-12.686],[132.709,-12.742],[132.67,-12.764],[132.682,-12.78],[132.709,-12.796],[132.715,-12.806],[132.723,-12.81],[132.764,-12.801],[132.83,-12.817],[132.84,-12.83],[132.856,-12.811],[132.863,-12.777],[132.884,-12.777],[132.891,-12.769]]]},"properties":{"NAME":"Bukurnidja","SUBJECTO":"Bukurnidja","PARTOF":"Bukurnidja","ABBREVN":"Bukurnidja","BORDERPRECISION":3,"fid":467}},
{"type":"Feature","geometry":{"type":"Polygon","coordinates":[[[121.239,-31.1],[121.619,-31.1],[122.278,-31.044],[122.805,-30.978],[123.194,-30.938],[123.354,-30.921],[123.552,-30.949],[123.559,-30.902],[123.519,-30.732],[123.508,-30.638],[123.508,-30.468],[123.475,-30.363],[123.409,-30.107],[123.201,-29.755],[123.102,-29.583],[122.97,-29.382],[122.838,-29.152],[122.728,-28.941],[122.64,-28.854],[122.633,-28.728],[122.631,-28.696],[122.542,-28.652],[122.317,-28.697],[122.3,-28.7],[122.144,-28.753],[122.102,-28.768],[121.849,-28.845],[121.355,-28.864],[121.201,-28.816],[121.102,-28.777],[120.85,-28.797],[120.586,-28.797],[120.355,-28.806],[120.015,-28.845],[119.872,-28.854],[119.729,-28.97],[119.757,-28.994],[120.223,-29.401],[120.652,-29.86],[120.74,-30.155],[120.959,-30.581],[120.992,-30.732],[121.034,-30.932],[121.201,-31.1],[121.239,-31.1]]]},"properties":{"NAME":"Wangkathaa","SUBJECTO":"Wangkathaa","PARTOF":"Wangkathaa","ABBREVN":"Wangkathaa","BORDERPRECISION":3,"fid":468}},
{"type":"Feature","geometry":{"type":"Polygon","coordinates":[[[137.764,-32.99],[137.769,-32.944],[137.714,-32.889],[137.659,-32.792],[137.642,-32.699],[137.642,-32.57],[137.653,-32.496],[137.714,-32.454],[137.865,-32.415],[138.027,-32.341],[138.145,-32.276],[138.161,-32.27],[138.163,-32.272],[138.167,-32.268],[138.4,-32.19],[138.494,-32.145],[138.647,-32.124],[138.774,-32.063],[138.786,-32.057],[138.84,-32.031],[138.84,-31.873],[138.647,-31.728],[138.629,-31.721],[138.562,-31.693],[138.535,-31.682],[138.477,-31.658],[138.461,-31.647],[138.367,-31.583],[138.224,-31.513],[138.027,-31.405],[137.785,-31.279],[137.612,-31.229],[137.604,-31.227],[137.602,-31.218],[137.6,-31.206],[137.595,-31.21],[137.472,-31.307],[137.076,-31.625],[136.78,-31.756],[136.187,-31.878],[136.049,-31.811],[135.659,-31.961],[135.363,-32.12],[134.944,-32.37],[134.934,-32.376],[135.011,-32.482],[135.198,-32.602],[135.374,-32.75],[135.462,-32.836],[135.494,-32.867],[135.516,-32.889],[135.791,-33.138],[135.945,-33.312],[136.011,-33.514],[136.187,-33.715],[136.494,-33.962],[136.703,-33.962],[136.792,-33.949],[136.923,-33.93],[137.054,-33.87],[137.181,-33.761],[137.263,-33.596],[137.411,-33.358],[137.444,-33.28],[137.538,-33.17],[137.719,-33.105],[137.763,-33.004],[137.764,-32.99]]]},"properties":{"NAME":"Banggarla","SUBJECTO":"Banggarla","PARTOF":"Banggarla","ABBREVN":"Banggarla","BORDERPRECISION":3,"fid":469}},
{"type":"Feature","geometry":{"type":"Polygon","coordinates":[[[140.889,-22.431],[140.821,-22.541],[140.68,-22.766],[140.515,-23.282],[140.537,-23.574],[140.527,-23.901],[140.526,-23.916],[140.577,-23.928],[140.834,-23.986],[141.075,-24.056],[141.372,-24.127],[141.669,-24.107],[141.987,-24.077],[142.207,-24.077],[142.361,-24.167],[142.424,-24.212],[142.499,-24.265],[142.559,-24.307],[142.943,-24.567],[142.954,-24.557],[143.056,-24.47],[143.152,-24.387],[143.317,-23.986],[143.438,-23.82],[143.409,-23.781],[143.333,-23.68],[143.179,-23.438],[143.069,-23.115],[143.091,-22.872],[143.168,-22.629],[143.178,-22.579],[143.189,-22.523],[142.954,-22.523],[142.493,-22.655],[142.097,-22.817],[141.592,-22.573],[141.273,-22.35],[141.04,-22.278],[141.01,-22.269],[140.979,-22.31],[140.928,-22.378],[140.889,-22.431]]]},"properties":{"NAME":"Maiawali","SUBJECTO":"Maiawali","PARTOF":"Maiawali","ABBREVN":"Maiawali","BORDERPRECISION":3,"fid":471}},
{"type":"Feature","geometry":{"type":"Polygon","coordinates":[[[136.731,-18.07],[136.731,-18.077],[136.868,-18.115],[137.175,-18.323],[137.347,-18.415],[137.681,-18.375],[137.801,-18.441],[137.802,-18.438],[138.057,-18.519],[138.11,-18.52],[138.142,-18.521],[138.406,-18.24],[138.406,-18],[138.401,-17.987],[138.379,-17.927],[138.318,-17.759],[138.186,-17.602],[138.077,-17.566],[138.054,-17.573],[137.856,-17.639],[137.736,-17.518],[137.56,-17.513],[137.357,-17.482],[137.137,-17.419],[136.945,-17.303],[136.846,-17.291],[136.818,-17.288],[136.745,-17.263],[136.725,-17.613],[136.714,-17.895],[136.731,-18.07]]]},"properties":{"NAME":"Waanyi","SUBJECTO":"Waanyi","PARTOF":"Waanyi","ABBREVN":"Waanyi","BORDERPRECISION":3,"fid":472}},
{"type":"Feature","geometry":{"type":"Polygon","coordinates":[[[142.071,-28.381],[141.768,-28.556],[141.603,-28.623],[141.35,-28.71],[141.152,-28.816],[140.974,-28.866],[140.971,-28.867],[140.988,-28.917],[141.031,-29.047],[141.026,-29.258],[140.949,-29.468],[140.817,-29.607],[140.46,-29.779],[140.301,-29.831],[140.246,-29.864],[140.191,-30.055],[140.173,-30.091],[140.237,-30.065],[140.273,-30.05],[140.845,-29.86],[141.658,-29.65],[142.046,-29.65],[142.064,-29.65],[142.064,-29.631],[142.138,-29.631],[142.136,-29.516],[142.13,-29.262],[142.108,-29.066],[142.103,-28.686],[142.118,-28.42],[142.088,-28.402],[142.086,-28.401],[142.071,-28.381]]]},"properties":{"NAME":"Wadigali","SUBJECTO":"Wadigali","PARTOF":"Wadigali","ABBREVN":"Wadigali","BORDERPRECISION":3,"fid":473}},
{"type":"Feature","geometry":{"type":"Polygon","coordinates":[[[151.574,-33.215],[151.596,-33.192],[151.518,-33.181],[151.427,-33.162],[151.406,-33.205],[151.381,-33.262],[151.243,-33.395],[151.201,-33.385],[151.194,-33.409],[151.111,-33.546],[151.068,-33.665],[151.024,-33.737],[151.022,-33.741],[151.026,-33.743],[151.103,-33.765],[151.191,-33.784],[151.31,-33.774],[151.312,-33.765],[151.364,-33.521],[151.563,-33.232],[151.574,-33.215]]]},"properties":{"NAME":"Guringai","SUBJECTO":"Guringai","PARTOF":"Guringai","ABBREVN":"Guringai","BORDERPRECISION":3,"fid":474}},
{"type":"Feature","geometry":{"type":"Polygon","coordinates":[[[115.803,-23.866],[115.81,-23.842],[115.768,-23.836],[115.791,-23.78],[115.802,-23.754],[115.719,-23.72],[115.439,-23.67],[115.274,-23.569],[115.054,-23.423],[114.922,-23.398],[114.785,-23.352],[114.74,-23.338],[114.706,-23.327],[114.675,-23.317],[114.637,-23.373],[114.648,-23.544],[114.521,-23.876],[114.521,-23.916],[114.521,-23.977],[114.631,-23.996],[114.868,-24.107],[115.098,-24.337],[115.258,-24.487],[115.323,-24.632],[115.313,-24.807],[115.215,-24.961],[115.263,-24.966],[115.374,-24.994],[115.377,-24.995],[115.422,-24.886],[115.483,-24.697],[115.521,-24.622],[115.576,-24.442],[115.637,-24.217],[115.708,-24.137],[115.768,-24.001],[115.803,-23.866]]]},"properties":{"NAME":"Tharrgari","SUBJECTO":"Tharrgari","PARTOF":"Tharrgari","ABBREVN":"Tharrgari","BORDERPRECISION":3,"fid":475}},
{"type":"Feature","geometry":{"type":"Polygon","coordinates":[[[144.76,-17.433],[144.778,-17.445],[144.805,-17.55],[144.91,-17.55],[145.173,-17.529],[145.202,-17.567],[145.216,-17.561],[145.22,-17.547],[145.256,-17.503],[145.289,-17.427],[145.29,-17.422],[145.282,-17.362],[144.833,-17.414],[144.76,-17.433]]]},"properties":{"NAME":"Mbabaram","SUBJECTO":"Mbabaram","PARTOF":"Mbabaram","ABBREVN":"Mbabaram","BORDERPRECISION":3,"fid":476}},
{"type":"Feature","geometry":{"type":"Polygon","coordinates":[[[125.702,-15.783],[125.728,-15.771],[125.745,-15.732],[125.612,-15.586],[125.414,-15.464],[125.464,-15.332],[125.359,-15.215],[125.222,-15.215],[125.096,-15.259],[125.084,-15.308],[125.059,-15.421],[125.109,-15.625],[125.018,-15.644],[124.689,-15.467],[124.614,-15.499],[124.425,-15.658],[124.364,-15.887],[124.395,-16.02],[124.338,-16.262],[124.531,-16.325],[124.56,-16.343],[124.755,-16.331],[124.792,-16.344],[124.783,-16.236],[124.816,-15.94],[125.002,-15.792],[125.222,-15.813],[125.563,-15.845],[125.702,-15.783]]]},"properties":{"NAME":"Worora","SUBJECTO":"Worora","PARTOF":"Worora","ABBREVN":"Worora","BORDERPRECISION":3,"fid":477}},
{"type":"Feature","geometry":{"type":"Polygon","coordinates":[[[150.614,-24.789],[150.601,-24.926],[150.612,-25.12],[150.688,-25.404],[150.71,-25.602],[150.75,-25.648],[150.829,-25.643],[150.848,-25.642],[150.873,-25.661],[150.881,-25.651],[150.947,-25.542],[151.068,-25.399],[151.227,-25.24],[151.348,-25.096],[151.562,-25.021],[151.567,-25.021],[151.6,-25.006],[151.627,-25.023],[151.716,-25.026],[151.782,-25.12],[151.789,-25.15],[151.795,-25.151],[151.864,-25.165],[152.15,-25.135],[152.38,-25.056],[152.399,-25.046],[152.397,-24.971],[152.397,-24.951],[152.318,-24.818],[152.073,-24.742],[151.969,-24.551],[151.859,-24.291],[151.73,-24.157],[151.458,-24.088],[151.214,-23.95],[151.2,-23.942],[151.174,-23.92],[150.941,-24.046],[150.747,-24.143],[150.755,-24.162],[150.776,-24.222],[150.837,-24.332],[150.837,-24.477],[150.82,-24.637],[150.71,-24.767],[150.646,-24.781],[150.614,-24.789]]]},"properties":{"NAME":"Gureng Gureng","SUBJECTO":"Gureng Gureng","PARTOF":"Gureng Gureng","ABBREVN":"Gureng Gureng","BORDERPRECISION":3,"fid":478}},
{"type":"Feature","geometry":{"type":"Polygon","coordinates":[[[137.955,-21.739],[137.966,-21.739],[138.362,-21.514],[138.647,-21.433],[138.933,-21.269],[139.087,-21.002],[139.082,-20.959],[139.077,-20.915],[139.043,-20.612],[138.911,-20.365],[138.905,-20.365],[138.933,-20.437],[138.829,-20.447],[138.406,-20.489],[138.021,-20.633],[137.758,-20.838],[137.241,-20.951],[136.749,-20.864],[136.736,-20.879],[136.717,-20.892],[136.89,-21.064],[136.978,-21.412],[137.014,-21.646],[137.296,-21.637],[137.692,-21.637],[137.937,-21.726],[137.944,-21.729],[137.955,-21.739]]]},"properties":{"NAME":"Bularnu","SUBJECTO":"Bularnu","PARTOF":"Bularnu","ABBREVN":"Bularnu","BORDERPRECISION":3,"fid":479}},
{"type":"Feature","geometry":{"type":"Polygon","coordinates":[[[125.496,-18.41],[125.563,-18.349],[125.656,-18.24],[125.728,-18.141],[125.744,-18.12],[125.685,-18.09],[125.651,-18.073],[125.579,-17.984],[125.48,-17.906],[125.398,-17.77],[125.349,-17.67],[125.337,-17.65],[125.335,-17.645],[125.277,-17.539],[125.206,-17.445],[125.046,-17.398],[124.887,-17.403],[124.7,-17.419],[124.552,-17.419],[124.49,-17.412],[124.459,-17.409],[124.398,-17.403],[123.86,-17.319],[123.673,-17.235],[123.635,-17.21],[123.569,-17.167],[123.558,-17.209],[123.534,-17.389],[123.519,-17.503],[123.426,-17.691],[123.168,-17.859],[123.064,-18.026],[123.058,-18.036],[123.051,-18.065],[123.003,-18.266],[122.893,-18.454],[122.908,-18.463],[122.914,-18.466],[122.917,-18.463],[122.932,-18.448],[122.968,-18.447],[123.14,-18.438],[123.216,-18.44],[123.234,-18.428],[123.26,-18.441],[123.322,-18.443],[123.464,-18.511],[123.651,-18.677],[123.876,-18.802],[124.014,-18.698],[124.052,-18.516],[124.146,-18.344],[124.354,-18.208],[124.362,-18.211],[124.365,-18.208],[124.375,-18.216],[124.459,-18.245],[124.59,-18.349],[124.645,-18.433],[124.7,-18.558],[124.815,-18.58],[124.882,-18.48],[124.909,-18.474],[125.035,-18.49],[125.31,-18.485],[125.453,-18.417],[125.485,-18.421],[125.496,-18.41]]]},"properties":{"NAME":"Nyikina","SUBJECTO":"Nyikina","PARTOF":"Nyikina","ABBREVN":"Nyikina","BORDERPRECISION":3,"fid":480}},
{"type":"Feature","geometry":{"type":"Polygon","coordinates":[[[143.322,-37.086],[143.289,-37.103],[143.02,-37.064],[142.973,-37.063],[142.954,-37.064],[142.734,-37.064],[142.632,-37.055],[142.572,-37.055],[142.569,-37.057],[142.526,-37.143],[142.526,-37.3],[142.526,-37.449],[142.526,-37.562],[142.427,-37.623],[142.267,-37.614],[142.185,-37.571],[142.059,-37.571],[141.971,-37.64],[141.937,-37.709],[141.941,-37.71],[142.031,-37.725],[142.119,-37.764],[142.278,-37.81],[142.408,-37.875],[142.564,-37.92],[142.674,-37.968],[142.71,-37.983],[142.71,-38.001],[142.762,-37.992],[142.855,-37.801],[142.98,-37.715],[142.975,-37.69],[142.965,-37.64],[142.888,-37.497],[142.993,-37.409],[143.086,-37.313],[143.251,-37.213],[143.307,-37.213],[143.306,-37.192],[143.302,-37.171],[143.308,-37.156],[143.315,-37.144],[143.336,-37.137],[143.347,-37.129],[143.322,-37.086]]]},"properties":{"NAME":"Djabwurung","SUBJECTO":"Djabwurung","PARTOF":"Djabwurung","ABBREVN":"Djabwurung","BORDERPRECISION":3,"fid":481}},
{"type":"Feature","geometry":{"type":"Polygon","coordinates":[[[123.988,-16.81],[123.964,-16.741],[123.97,-16.641],[123.915,-16.568],[123.772,-16.51],[123.684,-16.468],[123.566,-16.415],[123.556,-16.442],[123.553,-16.696],[123.632,-16.804],[123.82,-16.884],[123.86,-16.857],[123.959,-16.815],[123.986,-16.815],[123.988,-16.81]]]},"properties":{"NAME":"Unggarangi","SUBJECTO":"Unggarangi","PARTOF":"Unggarangi","ABBREVN":"Unggarangi","BORDERPRECISION":3,"fid":482}},
{"type":"Feature","geometry":{"type":"Polygon","coordinates":[[[122.891,-17.036],[122.838,-17.099],[122.805,-17.261],[122.803,-17.317],[122.801,-17.369],[122.8,-17.408],[122.811,-17.618],[122.817,-17.666],[122.823,-17.716],[122.838,-17.843],[122.921,-18.005],[123.051,-18.065],[123.058,-18.036],[123.064,-18.026],[123.168,-17.859],[123.426,-17.691],[123.519,-17.503],[123.534,-17.389],[123.53,-17.377],[123.498,-17.319],[123.419,-17.58],[123.301,-17.466],[123.079,-16.979],[123.061,-16.94],[123.047,-16.946],[122.932,-16.989],[122.891,-17.036]]]},"properties":{"NAME":"Nimanburu","SUBJECTO":"Nimanburu","PARTOF":"Nimanburu","ABBREVN":"Nimanburu","BORDERPRECISION":3,"fid":483}},
{"type":"Feature","geometry":{"type":"Polygon","coordinates":[[[136.638,-16.091],[136.609,-16.088],[136.606,-16.102],[136.549,-16.352],[136.549,-16.505],[136.544,-16.784],[136.56,-16.967],[136.56,-17.059],[136.56,-17.136],[136.583,-17.156],[136.675,-17.24],[136.745,-17.263],[136.818,-17.288],[136.846,-17.291],[136.945,-17.303],[137.137,-17.419],[137.357,-17.482],[137.56,-17.513],[137.736,-17.518],[137.856,-17.639],[138.054,-17.573],[138.077,-17.566],[138.109,-17.555],[138.175,-17.403],[138.224,-17.23],[138.29,-16.925],[138.312,-16.878],[138.318,-16.864],[138.281,-16.85],[138.26,-16.842],[138.236,-16.824],[138.137,-16.805],[137.823,-16.615],[137.686,-16.415],[137.329,-16.304],[137.06,-16.172],[136.884,-16.12],[136.638,-16.091]]]},"properties":{"NAME":"Garawa","SUBJECTO":"Garawa","PARTOF":"Garawa","ABBREVN":"Garawa","BORDERPRECISION":3,"fid":484}},
{"type":"Feature","geometry":{"type":"Polygon","coordinates":[[[142.367,-31.389],[142.384,-31.41],[142.385,-31.41],[142.614,-31.372],[142.943,-31.354],[143.229,-31.354],[143.41,-31.382],[143.414,-31.382],[143.273,-31.222],[143.264,-30.867],[142.778,-30.921],[142.493,-30.996],[142.339,-31.213],[142.339,-31.316],[142.367,-31.389]]]},"properties":{"NAME":"Wandjiwalgu","SUBJECTO":"Wandjiwalgu","PARTOF":"Wandjiwalgu","ABBREVN":"Wandjiwalgu","BORDERPRECISION":3,"fid":485}},
{"type":"Feature","geometry":{"type":"Polygon","coordinates":[[[138.903,-20.361],[139.065,-20.396],[139.548,-20.242],[139.9,-20.231],[139.979,-20.197],[140.062,-20.16],[140.065,-20.159],[140.064,-20.158],[140.022,-20.114],[140.01,-20.1],[139.989,-20.078],[139.757,-19.829],[139.46,-19.415],[139.208,-19.16],[139.168,-19.119],[139.142,-19.093],[138.571,-18.782],[138.164,-18.553],[138.103,-18.533],[138.057,-18.519],[137.802,-18.438],[137.801,-18.441],[137.911,-18.5],[137.908,-18.514],[137.845,-18.782],[137.703,-19.104],[137.626,-19.311],[137.538,-19.612],[137.758,-19.694],[138.165,-19.846],[138.178,-19.85],[138.538,-19.87],[138.801,-20.097],[138.883,-20.309],[138.903,-20.361]]]},"properties":{"NAME":"Wakabunga","SUBJECTO":"Wakabunga","PARTOF":"Wakabunga","ABBREVN":"Wakabunga","BORDERPRECISION":3,"fid":486}},
{"type":"Feature","geometry":{"type":"Polygon","coordinates":[[[130.671,-27.46],[130.64,-27.485],[130.584,-27.529],[130.441,-27.645],[130.221,-27.849],[129.847,-28.256],[129.845,-28.296],[129.841,-28.37],[129.825,-28.633],[129.902,-29.133],[129.99,-29.468],[130.298,-29.745],[130.514,-29.865],[130.561,-29.891],[130.66,-29.945],[131.023,-30.117],[131.353,-30.222],[131.358,-30.223],[131.373,-30.228],[131.41,-30.24],[131.44,-30.25],[131.847,-30.373],[133.231,-30.496],[134.319,-30.883],[134.945,-31.081],[135.868,-31.597],[136.013,-31.779],[136.033,-31.803],[136.049,-31.811],[136.187,-31.878],[136.78,-31.756],[137.076,-31.625],[137.472,-31.307],[137.595,-31.21],[137.6,-31.206],[137.725,-31.109],[137.736,-30.865],[137.648,-30.638],[137.472,-30.373],[137.241,-30.221],[136.978,-30.041],[136.791,-29.879],[136.729,-29.796],[136.71,-29.772],[136.582,-29.602],[136.417,-29.516],[136.143,-29.526],[135.923,-29.602],[135.385,-29.593],[135.11,-29.449],[134.857,-29.171],[134.714,-29.018],[134.577,-28.956],[134.532,-28.935],[134.352,-28.854],[134.11,-28.691],[133.627,-28.546],[133.561,-28.43],[133.464,-28.392],[133.264,-28.314],[133.249,-28.315],[132.924,-28.343],[132.605,-28.401],[132.124,-28.401],[132.119,-28.4],[131.715,-28.246],[131.276,-28.043],[130.979,-27.771],[130.781,-27.537],[130.704,-27.483],[130.686,-27.47],[130.671,-27.46]]]},"properties":{"NAME":"Kokatha","SUBJECTO":"Kokatha","PARTOF":"Kokatha","ABBREVN":"Kokatha","BORDERPRECISION":3,"fid":487}},
{"type":"Feature","geometry":{"type":"Polygon","coordinates":[[[142.04,-12.899],[142.015,-12.871],[141.894,-12.871],[141.833,-12.849],[141.764,-12.882],[141.7,-12.913],[141.599,-13.046],[141.588,-13.149],[141.589,-13.152],[141.622,-13.261],[141.622,-13.35],[141.652,-13.344],[141.663,-13.392],[141.655,-13.419],[141.655,-13.48],[141.688,-13.515],[141.762,-13.515],[141.888,-13.491],[141.932,-13.358],[141.972,-13.224],[141.975,-13.197],[141.982,-13.146],[141.986,-13.092],[141.987,-13.066],[141.99,-13.057],[142.02,-12.962],[142.048,-12.908],[142.042,-12.902],[142.04,-12.899]]]},"properties":{"NAME":"Winda Winda","SUBJECTO":"Winda Winda","PARTOF":"Winda Winda","ABBREVN":"Winda Winda","BORDERPRECISION":3,"fid":488}},
{"type":"Feature","geometry":{"type":"Polygon","coordinates":[[[143.723,-27.893],[143.739,-27.902],[143.756,-27.912],[143.926,-27.96],[144.151,-27.981],[144.176,-27.983],[144.196,-27.985],[144.52,-28.033],[144.767,-28.062],[144.862,-28.078],[144.9,-28.084],[144.943,-28.091],[145.146,-28.082],[145.267,-27.96],[145.338,-27.645],[145.281,-27.49],[145.245,-27.391],[145.195,-27.02],[145.135,-26.804],[145.109,-26.482],[144.91,-26.539],[144.371,-26.647],[143.976,-26.657],[143.635,-26.667],[143.563,-26.654],[143.536,-26.697],[143.536,-26.853],[143.525,-27.225],[143.558,-27.479],[143.624,-27.654],[143.657,-27.771],[143.734,-27.888],[143.723,-27.893]]]},"properties":{"NAME":"Margany","SUBJECTO":"Margany","PARTOF":"Margany","ABBREVN":"Margany","BORDERPRECISION":3,"fid":489}},
{"type":"Feature","geometry":{"type":"Polygon","coordinates":[[[134.022,-12.056],[133.762,-11.997],[133.759,-12.007],[133.808,-12.088],[133.879,-12.157],[134.006,-12.254],[134,-12.266],[134.004,-12.268],[134.019,-12.266],[134.039,-12.263],[134.044,-12.061],[134.022,-12.056]]]},"properties":{"NAME":"Gunbalang","SUBJECTO":"Gunbalang","PARTOF":"Gunbalang","ABBREVN":"Gunbalang","BORDERPRECISION":3,"fid":490}},
{"type":"Feature","geometry":{"type":"Polygon","coordinates":[[[118.728,-28.1],[118.652,-28.033],[118.537,-27.844],[118.328,-27.713],[118.098,-27.391],[118.021,-27.206],[118.029,-27.187],[118.013,-27.182],[117.977,-27.206],[117.746,-27.25],[117.57,-27.464],[117.202,-27.722],[116.757,-27.951],[116.235,-28.3],[115.882,-28.574],[115.856,-28.594],[115.818,-28.569],[115.818,-28.609],[115.873,-28.705],[115.977,-28.864],[116.076,-29.023],[116.274,-29.267],[116.312,-29.254],[116.328,-29.249],[116.31,-29.215],[116.84,-29.007],[116.917,-28.965],[117.182,-28.844],[117.532,-28.575],[117.889,-28.353],[118.224,-28.304],[118.372,-28.384],[118.416,-28.372],[118.532,-28.304],[118.647,-28.145],[118.728,-28.1]]]},"properties":{"NAME":"Badimaya","SUBJECTO":"Badimaya","PARTOF":"Badimaya","ABBREVN":"Badimaya","BORDERPRECISION":3,"fid":491}},
{"type":"Feature","geometry":{"type":"Polygon","coordinates":[[[130.984,-12.983],[130.978,-12.981],[130.803,-12.935],[130.485,-12.892],[130.403,-12.861],[130.386,-12.889],[130.233,-13.147],[130.232,-13.281],[130.274,-13.363],[130.234,-13.434],[130.218,-13.462],[130.224,-13.462],[130.281,-13.435],[130.293,-13.426],[130.305,-13.417],[130.32,-13.406],[130.356,-13.39],[130.364,-13.388],[130.385,-13.385],[130.396,-13.384],[130.468,-13.374],[130.605,-13.374],[130.726,-13.395],[130.814,-13.411],[130.957,-13.443],[131.166,-13.454],[131.397,-13.5],[131.405,-13.48],[131.468,-13.422],[131.517,-13.407],[131.528,-13.32],[131.556,-13.277],[131.523,-13.229],[131.325,-13.144],[131.166,-13.037],[130.984,-12.983]]]},"properties":{"NAME":"Kungarakany","SUBJECTO":"Kungarakany","PARTOF":"Kungarakany","ABBREVN":"Kungarakany","BORDERPRECISION":3,"fid":492}},
{"type":"Feature","geometry":{"type":"Polygon","coordinates":[[[133.469,-14.309],[133.555,-14.392],[133.731,-14.514],[133.918,-14.637],[134.028,-14.716],[134.067,-14.741],[134.143,-14.722],[134.146,-14.723],[134.297,-14.796],[134.495,-14.934],[134.725,-15.115],[134.897,-15.162],[134.908,-15.165],[134.967,-15.056],[134.995,-14.934],[134.929,-14.732],[134.844,-14.647],[134.808,-14.61],[134.621,-14.504],[134.39,-14.334],[134.214,-14.195],[133.962,-14.046],[133.802,-13.929],[133.637,-13.685],[133.638,-13.71],[133.588,-13.95],[133.577,-14.11],[133.484,-14.283],[133.469,-14.309]]]},"properties":{"NAME":"Ngalakan","SUBJECTO":"Ngalakan","PARTOF":"Ngalakan","ABBREVN":"Ngalakan","BORDERPRECISION":3,"fid":493}},
{"type":"Feature","geometry":{"type":"Polygon","coordinates":[[[124.222,-31.034],[124.328,-32.02],[124.431,-32.944],[124.75,-32.897],[125.019,-32.727],[125.359,-32.6],[125.495,-32.561],[125.718,-32.412],[126.013,-32.271],[126.219,-32.229],[126.412,-32.284],[126.711,-32.303],[127.314,-32.267],[127.672,-32.141],[127.997,-32.079],[128.418,-31.94],[128.903,-31.709],[129.558,-31.612],[130.11,-31.575],[130.371,-31.588],[130.604,-31.586],[130.782,-31.617],[131.024,-31.546],[131.082,-31.49],[131.111,-31.462],[131.188,-31.466],[131.336,-30.986],[131.243,-30.808],[131.026,-30.768],[128.687,-30.336],[127.13,-30.368],[126.359,-30.384],[125.189,-30.647],[124.42,-30.955],[124.222,-31.034]]]},"properties":{"NAME":"Mirning","SUBJECTO":"Mirning","PARTOF":"Mirning","ABBREVN":"Mirning","BORDERPRECISION":3,"fid":494}},
{"type":"Feature","geometry":{"type":"Polygon","coordinates":[[[152.308,-32.696],[152.445,-32.507],[152.537,-32.208],[152.58,-32.144],[152.518,-32.162],[152.199,-32.138],[152.029,-32.157],[151.913,-32.143],[151.788,-32.049],[151.71,-32.222],[151.688,-32.324],[151.611,-32.519],[151.602,-32.516],[151.606,-32.524],[151.595,-32.746],[151.591,-32.752],[151.579,-32.774],[151.688,-32.801],[151.826,-32.847],[151.926,-32.845],[152.012,-32.843],[152.166,-32.806],[152.254,-32.741],[152.308,-32.696]]]},"properties":{"NAME":"Worimi","SUBJECTO":"Worimi","PARTOF":"Worimi","ABBREVN":"Worimi","BORDERPRECISION":3,"fid":495}},
{"type":"Feature","geometry":{"type":"Polygon","coordinates":[[[143.508,-16.609],[143.525,-16.594],[143.701,-16.489],[143.884,-16.489],[143.893,-16.31],[143.866,-16.246],[143.87,-16.144],[143.712,-16.151],[143.58,-16.088],[143.58,-16.011],[143.558,-16.004],[143.218,-16.004],[142.833,-16.162],[142.734,-16.299],[142.954,-16.383],[143.306,-16.51],[143.492,-16.594],[143.508,-16.609]]]},"properties":{"NAME":"Kokomini","SUBJECTO":"Kokomini","PARTOF":"Kokomini","ABBREVN":"Kokomini","BORDERPRECISION":3,"fid":496}},
{"type":"Feature","geometry":{"type":"Polygon","coordinates":[[[136.729,-29.796],[136.923,-29.736],[137.19,-29.656],[137.274,-29.631],[137.266,-29.566],[137.252,-29.459],[137.153,-29.162],[137.054,-28.874],[136.901,-28.517],[136.89,-28.314],[136.901,-28.014],[136.901,-27.837],[136.89,-27.839],[136.816,-27.733],[136.802,-27.713],[136.725,-27.537],[136.582,-27.401],[136.252,-27.294],[136.139,-27.24],[135.879,-27.372],[135.374,-27.352],[135.279,-27.25],[135.212,-27.177],[135.011,-27.44],[134.923,-27.888],[134.769,-28.401],[134.626,-28.816],[134.532,-28.935],[134.577,-28.956],[134.714,-29.018],[134.857,-29.171],[135.11,-29.449],[135.385,-29.593],[135.923,-29.602],[136.143,-29.526],[136.417,-29.516],[136.582,-29.602],[136.71,-29.772],[136.729,-29.796]]]},"properties":{"NAME":"Arabana","SUBJECTO":"Arabana","PARTOF":"Arabana","ABBREVN":"Arabana","BORDERPRECISION":3,"fid":497}},
{"type":"Feature","geometry":{"type":"Polygon","coordinates":[[[135.63,-14.532],[135.655,-14.511],[135.692,-14.464],[135.739,-14.419],[135.881,-14.203],[135.965,-13.891],[135.829,-13.733],[135.829,-13.729],[135.706,-13.705],[135.423,-13.606],[135.344,-13.559],[135.297,-13.625],[135.269,-13.654],[135.324,-13.694],[135.428,-13.838],[135.494,-14.025],[135.593,-14.179],[135.588,-14.355],[135.52,-14.446],[135.555,-14.456],[135.632,-14.499],[135.63,-14.532]]]},"properties":{"NAME":"Nunggubuyu","SUBJECTO":"Nunggubuyu","PARTOF":"Nunggubuyu","ABBREVN":"Nunggubuyu","BORDERPRECISION":3,"fid":498}},
{"type":"Feature","geometry":{"type":"Polygon","coordinates":[[[130.446,-15.692],[130.622,-15.697],[130.924,-15.655],[131.155,-15.655],[131.386,-15.659],[131.336,-15.549],[131.27,-15.438],[131.111,-15.38],[131.073,-15.325],[130.984,-15.422],[130.803,-15.438],[130.551,-15.485],[130.392,-15.492],[130.419,-15.528],[130.446,-15.66],[130.446,-15.692]]]},"properties":{"NAME":"Nungali","SUBJECTO":"Nungali","PARTOF":"Nungali","ABBREVN":"Nungali","BORDERPRECISION":3,"fid":499}},
{"type":"Feature","geometry":{"type":"Polygon","coordinates":[[[147.713,-22.482],[147.612,-22.482],[147.458,-22.482],[147.26,-22.511],[147.277,-22.528],[147.217,-22.705],[147.162,-22.989],[147.156,-23.302],[147.159,-23.327],[147.168,-23.332],[147.371,-23.256],[147.673,-23.176],[147.832,-23.06],[147.998,-22.87],[147.898,-22.746],[147.899,-22.729],[147.87,-22.746],[147.777,-22.65],[147.728,-22.543],[147.713,-22.482]]]},"properties":{"NAME":"Wangan","SUBJECTO":"Wangan","PARTOF":"Wangan","ABBREVN":"Wangan","BORDERPRECISION":3,"fid":500}},
{"type":"Feature","geometry":{"type":"Polygon","coordinates":[[[148.445,-27.615],[148.454,-27.619],[148.47,-27.632],[148.474,-27.634],[148.474,-27.64],[148.479,-27.647],[148.487,-27.667],[148.485,-27.671],[148.484,-27.673],[148.488,-27.689],[148.489,-27.695],[148.49,-27.699],[148.477,-27.743],[148.497,-27.782],[148.541,-27.81],[148.544,-27.809],[148.548,-27.804],[148.555,-27.799],[148.567,-27.798],[148.575,-27.799],[148.579,-27.803],[148.583,-27.81],[148.588,-27.811],[148.601,-27.809],[148.608,-27.804],[148.612,-27.797],[148.617,-27.791],[148.622,-27.789],[148.627,-27.791],[148.63,-27.796],[148.629,-27.804],[148.626,-27.807],[148.62,-27.817],[148.616,-27.824],[148.614,-27.832],[148.617,-27.837],[148.625,-27.831],[148.633,-27.831],[148.642,-27.832],[148.652,-27.833],[148.661,-27.833],[148.669,-27.83],[148.669,-27.829],[148.668,-27.824],[148.667,-27.818],[148.664,-27.815],[148.662,-27.81],[148.668,-27.81],[148.676,-27.812],[148.682,-27.809],[148.684,-27.799],[148.681,-27.787],[148.686,-27.782],[148.694,-27.783],[148.699,-27.779],[148.701,-27.772],[148.705,-27.765],[148.716,-27.759],[148.722,-27.749],[148.729,-27.745],[148.738,-27.742],[148.745,-27.741],[148.75,-27.743],[148.752,-27.742],[148.75,-27.737],[148.746,-27.733],[148.739,-27.728],[148.738,-27.72],[148.737,-27.714],[148.735,-27.71],[148.73,-27.698],[148.732,-27.694],[148.736,-27.693],[148.742,-27.692],[148.743,-27.69],[148.741,-27.688],[148.737,-27.683],[148.74,-27.675],[148.738,-27.669],[148.736,-27.66],[148.736,-27.651],[148.741,-27.643],[148.744,-27.635],[148.743,-27.63],[148.743,-27.627],[148.756,-27.624],[148.782,-27.622],[148.837,-27.623],[148.877,-27.649],[148.892,-27.683],[148.902,-27.746],[148.913,-27.808],[148.923,-27.878],[148.968,-27.904],[148.99,-27.932],[148.989,-27.964],[148.994,-27.98],[149.005,-27.995],[149.038,-27.993],[149.07,-27.97],[149.111,-27.965],[149.17,-27.973],[149.199,-27.981],[149.248,-27.971],[149.29,-27.947],[149.314,-27.925],[149.342,-27.864],[149.351,-27.826],[149.359,-27.812],[149.413,-27.79],[149.414,-27.79],[149.381,-27.727],[149.392,-27.464],[149.418,-27.332],[149.271,-27.377],[149.299,-27.176],[149.315,-26.839],[149.42,-26.48],[149.42,-26.323],[149.404,-26.315],[149.331,-26.296],[149.216,-26.316],[149.088,-26.26],[148.988,-26.244],[148.912,-26.183],[148.829,-26.121],[148.718,-26.075],[148.705,-26.068],[148.609,-26.009],[148.547,-26.009],[148.482,-26.015],[148.4,-26.025],[148.345,-26.04],[148.332,-26.05],[148.332,-26.069],[148.372,-26.082],[148.38,-26.093],[148.399,-26.118],[148.39,-26.173],[148.372,-26.332],[148.359,-26.506],[148.36,-26.516],[148.365,-26.526],[148.382,-26.58],[148.384,-26.616],[148.404,-26.686],[148.425,-26.76],[148.451,-26.9],[148.481,-26.973],[148.51,-26.993],[148.518,-27.089],[148.552,-27.206],[148.57,-27.313],[148.609,-27.392],[148.605,-27.432],[148.566,-27.461],[148.549,-27.473],[148.549,-27.478],[148.514,-27.502],[148.472,-27.522],[148.431,-27.545],[148.427,-27.548],[148.417,-27.592],[148.437,-27.609],[148.445,-27.615]]]},"properties":{"NAME":"Mandandanji","SUBJECTO":"Mandandanji","PARTOF":"Mandandanji","ABBREVN":"Mandandanji","BORDERPRECISION":3,"fid":501}},
{"type":"Feature","geometry":{"type":"Polygon","coordinates":[[[140.999,-36.314],[140.801,-36.342],[140.515,-36.342],[140.295,-36.342],[140.126,-36.332],[140.172,-36.545],[140.238,-36.836],[140.339,-36.836],[140.477,-36.847],[140.592,-36.851],[140.677,-36.855],[140.718,-36.894],[140.79,-36.858],[140.9,-36.783],[140.988,-36.749],[140.999,-36.518],[140.999,-36.314]]]},"properties":{"NAME":"Bindjali","SUBJECTO":"Bindjali","PARTOF":"Bindjali","ABBREVN":"Bindjali","BORDERPRECISION":3,"fid":502}},
{"type":"Feature","geometry":{"type":"Polygon","coordinates":[[[139.989,-20.078],[140.01,-19.849],[140.021,-19.477],[140.021,-19.031],[139.933,-18.792],[139.904,-18.492],[139.9,-18.448],[140.042,-18.409],[139.999,-18.219],[139.812,-17.989],[139.712,-17.963],[139.669,-17.952],[139.493,-17.906],[139.359,-17.923],[139.331,-17.926],[139.329,-17.926],[139.274,-18.24],[139.263,-18.563],[139.329,-18.823],[139.168,-19.119],[139.208,-19.16],[139.46,-19.415],[139.757,-19.829],[139.989,-20.078]]]},"properties":{"NAME":"Mayi-Kutuna","SUBJECTO":"Mayi-Kutuna","PARTOF":"Mayi-Kutuna","ABBREVN":"Mayi-Kutuna","BORDERPRECISION":3,"fid":503}},
{"type":"Feature","geometry":{"type":"Polygon","coordinates":[[[117.094,-21.039],[117.074,-21.04],[117.026,-21.043],[117.01,-21.11],[116.977,-21.177],[116.911,-21.284],[116.889,-21.341],[116.882,-21.386],[116.878,-21.411],[116.944,-21.422],[117.098,-21.53],[117.142,-21.637],[117.263,-21.734],[117.482,-21.816],[117.675,-21.943],[117.807,-22.056],[117.843,-22.073],[117.894,-22.04],[118.015,-22.04],[118.202,-22.081],[118.586,-22.223],[118.911,-22.33],[118.924,-22.336],[118.93,-22.33],[118.911,-22.279],[118.922,-22.187],[118.927,-22.131],[118.982,-22.06],[119.028,-22.015],[119.028,-22.009],[118.96,-21.984],[118.938,-21.897],[118.894,-21.836],[118.828,-21.79],[118.718,-21.719],[118.652,-21.708],[118.645,-21.637],[118.616,-21.627],[118.394,-21.55],[118.114,-21.433],[117.982,-21.332],[117.962,-21.317],[117.905,-21.274],[117.675,-21.192],[117.565,-21.146],[117.422,-21.1],[117.18,-21.033],[117.094,-21.039]]]},"properties":{"NAME":"Yindjibarndi","SUBJECTO":"Yindjibarndi","PARTOF":"Yindjibarndi","ABBREVN":"Yindjibarndi","BORDERPRECISION":3,"fid":504}},
{"type":"Feature","geometry":{"type":"Polygon","coordinates":[[[122.887,-18.462],[122.882,-18.448],[122.75,-18.365],[122.509,-18.261],[122.234,-18.188],[122.225,-18.19],[122.221,-18.191],[122.196,-18.244],[121.761,-18.537],[121.576,-18.703],[121.546,-18.771],[121.544,-18.786],[121.838,-18.844],[122.487,-18.958],[122.736,-19.025],[122.751,-19.015],[122.739,-19],[122.811,-18.756],[122.844,-18.537],[122.896,-18.484],[122.887,-18.462]]]},"properties":{"NAME":"Karajarri","SUBJECTO":"Karajarri","PARTOF":"Karajarri","ABBREVN":"Karajarri","BORDERPRECISION":3,"fid":505}},
{"type":"Feature","geometry":{"type":"Polygon","coordinates":[[[150.226,-22.48],[150.125,-22.424],[150.2,-22.594],[150.189,-22.786],[149.996,-22.862],[149.799,-22.872],[149.584,-22.852],[149.398,-22.685],[149.343,-22.462],[149.299,-22.372],[149.288,-22.35],[149.282,-22.35],[149.112,-22.36],[148.876,-22.36],[148.874,-22.362],[148.849,-22.392],[148.799,-22.452],[148.87,-22.609],[148.925,-22.68],[149.03,-22.807],[149.03,-22.948],[149.189,-23.181],[149.208,-23.207],[149.275,-23.178],[149.293,-23.171],[149.337,-23.282],[149.442,-23.393],[149.562,-23.463],[149.705,-23.549],[150.084,-23.499],[150.323,-23.564],[150.34,-23.568],[150.507,-23.614],[150.545,-23.669],[150.568,-23.703],[150.639,-23.66],[150.776,-23.569],[150.8,-23.558],[150.797,-23.504],[150.754,-22.812],[150.694,-22.678],[150.611,-22.621],[150.356,-22.552],[150.226,-22.48]]]},"properties":{"NAME":"Darumbal","SUBJECTO":"Darumbal","PARTOF":"Darumbal","ABBREVN":"Darumbal","BORDERPRECISION":3,"fid":506}},
{"type":"Feature","geometry":{"type":"MultiPolygon","coordinates":[[[[144.614,-37.938],[144.619,-37.949],[144.606,-38.028],[144.731,-38.077],[144.78,-38.06],[144.97,-38.066],[145.252,-38.231],[145.504,-38.442],[145.537,-38.512],[145.536,-38.723],[145.934,-38.881],[146.526,-39.181],[146.432,-39.059],[146.299,-38.894],[146.428,-38.9],[146.635,-38.877],[146.635,-38.874],[146.628,-38.761],[146.453,-38.75],[146.327,-38.75],[146.217,-38.728],[146.245,-38.625],[146.294,-38.441],[146.307,-38.384],[146.052,-38.359],[145.679,-38.212],[145.393,-38.031],[145.151,-37.944],[144.987,-37.858],[144.888,-37.875],[144.734,-37.918],[144.614,-37.938]]],[[[144.577,-38.499],[144.748,-38.456],[144.612,-38.371],[144.591,-38.38],[144.586,-38.381],[144.569,-38.411],[144.577,-38.499]]]]},"properties":{"NAME":"Boonwurrung","SUBJECTO":"Boonwurrung","PARTOF":"Boonwurrung","ABBREVN":"Boonwurrung","BORDERPRECISION":3,"fid":507}},
{"type":"Feature","geometry":{"type":"Polygon","coordinates":[[[140.372,-21.776],[140.295,-21.923],[140.304,-21.953],[140.306,-22.045],[140.293,-22.16],[140.548,-22.37],[140.928,-22.378],[140.979,-22.31],[140.955,-22.299],[140.966,-22.147],[140.944,-21.953],[140.949,-21.938],[140.856,-21.963],[140.79,-21.77],[140.766,-21.719],[140.729,-21.739],[140.422,-21.765],[140.372,-21.776]]]},"properties":{"NAME":"Yanda","SUBJECTO":"Yanda","PARTOF":"Yanda","ABBREVN":"Yanda","BORDERPRECISION":3,"fid":508}},
{"type":"Feature","geometry":{"type":"Polygon","coordinates":[[[144.487,-18.331],[144.481,-18.502],[144.481,-18.511],[144.492,-18.782],[144.492,-19.041],[144.426,-19.259],[144.272,-19.467],[144.219,-19.547],[144.163,-19.632],[144.162,-19.648],[144.152,-19.953],[144.119,-20.242],[144.119,-20.417],[144.103,-20.45],[144.086,-20.489],[144.307,-20.466],[144.899,-20.406],[145.283,-20.448],[145.519,-20.518],[145.558,-20.53],[145.588,-20.516],[145.844,-20.396],[146.074,-20.355],[146.338,-20.345],[146.602,-20.448],[146.924,-20.548],[146.93,-20.55],[146.931,-20.551],[147.063,-20.623],[147.137,-20.568],[147.161,-20.551],[147.217,-20.509],[147.25,-20.324],[147.272,-20.087],[147.223,-19.911],[147.209,-19.86],[147.206,-19.849],[147.019,-19.88],[146.81,-19.839],[146.811,-19.822],[146.821,-19.612],[146.854,-19.498],[146.854,-19.404],[146.791,-19.387],[146.709,-19.364],[146.674,-19.355],[146.667,-19.353],[146.601,-19.336],[146.568,-19.327],[146.503,-19.311],[146.349,-19.239],[146.206,-19.093],[145.964,-18.885],[145.854,-18.677],[145.828,-18.646],[145.69,-18.48],[145.684,-18.475],[145.525,-18.355],[145.404,-18.146],[145.396,-18.122],[145.398,-18.118],[145.395,-18.117],[145.36,-18.01],[145.338,-17.853],[145.283,-17.675],[145.211,-17.579],[145.202,-17.567],[145.173,-17.529],[144.91,-17.55],[144.805,-17.55],[144.772,-17.55],[144.646,-17.55],[144.569,-17.696],[144.569,-17.895],[144.492,-18.177],[144.487,-18.331]]]},"properties":{"NAME":"Gugu-Badhun","SUBJECTO":"Gugu-Badhun","PARTOF":"Gugu-Badhun","ABBREVN":"Gugu-Badhun","BORDERPRECISION":3,"fid":509}},
{"type":"Feature","geometry":{"type":"Polygon","coordinates":[[[120.53,-32.959],[120.377,-33.009],[120.201,-33.082],[120.193,-33.086],[120.035,-33.148],[120.015,-33.156],[119.948,-33.153],[119.608,-33.138],[119.169,-33.138],[118.477,-33.11],[118.491,-33.136],[118.575,-33.285],[118.688,-33.538],[118.784,-33.752],[119.074,-33.986],[119.508,-34.336],[119.592,-34.222],[119.771,-34.12],[120.074,-34.1],[120.28,-34.119],[120.702,-34.048],[121.41,-33.971],[121.74,-33.963],[121.872,-34.001],[122.171,-34.179],[122.351,-34.096],[122.768,-34.031],[123.014,-34.037],[123.186,-34.04],[123.46,-33.994],[123.623,-33.915],[123.922,-33.521],[123.955,-33.479],[123.827,-33.376],[123.651,-33.138],[122.828,-33.055],[122.827,-33.055],[122.8,-33.165],[122.755,-33.391],[122.622,-33.382],[122.467,-33.382],[122.301,-33.4],[122.201,-33.374],[121.99,-33.326],[121.841,-33.283],[121.747,-33.236],[121.702,-33.215],[121.558,-33.159],[121.405,-33.115],[121.261,-33.115],[121.128,-33.124],[120.974,-33.125],[120.808,-33.143],[120.713,-33.172],[120.582,-33.052],[120.538,-32.969],[120.53,-32.959]]]},"properties":{"NAME":"Wudjari","SUBJECTO":"Wudjari","PARTOF":"Wudjari","ABBREVN":"Wudjari","BORDERPRECISION":3,"fid":510}},
{"type":"Feature","geometry":{"type":"Polygon","coordinates":[[[130.291,-17.122],[130.282,-17.179],[130.287,-17.183],[130.287,-17.288],[130.485,-17.319],[130.726,-17.382],[130.935,-17.372],[130.94,-17.394],[130.968,-17.393],[131.177,-17.088],[131.32,-16.857],[131.385,-16.773],[131.391,-16.7],[131.364,-16.715],[131.347,-16.615],[131.265,-16.552],[131.078,-16.468],[130.96,-16.422],[130.957,-16.441],[130.913,-16.489],[130.682,-16.694],[130.501,-16.915],[130.331,-17.094],[130.291,-17.122]]]},"properties":{"NAME":"Bilinara","SUBJECTO":"Bilinara","PARTOF":"Bilinara","ABBREVN":"Bilinara","BORDERPRECISION":3,"fid":511}},
{"type":"Feature","geometry":{"type":"MultiPolygon","coordinates":[[[[130.385,-13.385],[130.402,-13.392],[130.396,-13.384],[130.385,-13.385]]],[[[130.305,-13.417],[130.304,-13.43],[130.32,-13.435],[130.334,-13.448],[130.364,-13.388],[130.356,-13.39],[130.32,-13.406],[130.305,-13.417]]]]},"properties":{"NAME":"Tjerratj","SUBJECTO":"Tjerratj","PARTOF":"Tjerratj","ABBREVN":"Tjerratj","BORDERPRECISION":3,"fid":512}},
{"type":"Feature","geometry":{"type":"Polygon","coordinates":[[[152.982,-31.297],[152.984,-31.268],[152.946,-31.25],[152.578,-31.26],[152.342,-31.171],[152.001,-31.091],[151.765,-31.072],[151.655,-31.062],[151.653,-31.062],[151.614,-31.061],[151.425,-31.053],[151.315,-31.109],[151.336,-31.162],[151.458,-31.457],[151.427,-31.613],[151.425,-31.625],[151.348,-31.636],[151.441,-31.663],[151.556,-31.738],[151.655,-31.859],[151.771,-32.036],[151.785,-32.047],[151.788,-32.049],[151.913,-32.143],[152.029,-32.157],[152.199,-32.138],[152.518,-32.162],[152.58,-32.144],[152.582,-32.141],[152.834,-31.768],[152.972,-31.418],[152.982,-31.297]]]},"properties":{"NAME":"Biripi","SUBJECTO":"Biripi","PARTOF":"Biripi","ABBREVN":"Biripi","BORDERPRECISION":3,"fid":513}},
{"type":"Feature","geometry":{"type":"Polygon","coordinates":[[[142.118,-28.42],[142.103,-28.686],[142.108,-29.066],[142.13,-29.262],[142.136,-29.516],[142.138,-29.631],[142.174,-29.631],[142.383,-29.631],[143.064,-29.717],[143.364,-29.745],[143.394,-29.659],[143.317,-29.171],[143.295,-28.797],[143.369,-28.772],[143.017,-28.736],[142.954,-28.729],[142.663,-28.671],[142.405,-28.594],[142.319,-28.527],[142.311,-28.536],[142.274,-28.514],[142.118,-28.42]]]},"properties":{"NAME":"Karenggapa","SUBJECTO":"Karenggapa","PARTOF":"Karenggapa","ABBREVN":"Karenggapa","BORDERPRECISION":3,"fid":514}},
{"type":"Feature","geometry":{"type":"Polygon","coordinates":[[[149.03,-25.178],[149.03,-25.177],[149.027,-25.177],[148.856,-25.204],[148.857,-25.23],[148.859,-25.25],[148.865,-25.298],[148.857,-25.372],[148.861,-25.409],[148.839,-25.439],[148.825,-25.462],[148.819,-25.48],[148.828,-25.501],[148.851,-25.531],[148.87,-25.582],[148.891,-25.638],[148.911,-25.695],[148.925,-25.737],[148.945,-25.754],[148.952,-25.77],[148.956,-25.808],[148.958,-25.831],[148.949,-25.871],[148.943,-25.895],[148.941,-25.897],[148.94,-25.898],[148.936,-25.898],[148.901,-25.887],[148.833,-25.874],[148.759,-25.862],[148.71,-25.858],[148.664,-25.853],[148.638,-25.855],[148.62,-25.862],[148.56,-25.884],[148.542,-25.889],[148.503,-25.9],[148.42,-25.922],[148.368,-25.959],[148.331,-26.026],[148.332,-26.05],[148.345,-26.04],[148.4,-26.025],[148.482,-26.015],[148.547,-26.009],[148.609,-26.009],[148.705,-26.068],[148.881,-26.086],[148.92,-26.089],[148.975,-25.963],[148.986,-25.78],[149.019,-25.542],[149.024,-25.294],[149.024,-25.195],[149.024,-25.18],[149.027,-25.179],[149.03,-25.178]]]},"properties":{"NAME":"Gungabula","SUBJECTO":"Gungabula","PARTOF":"Gungabula","ABBREVN":"Gungabula","BORDERPRECISION":3,"fid":515}},
{"type":"Feature","geometry":{"type":"Polygon","coordinates":[[[142.872,-13.093],[142.883,-13.133],[142.899,-13.352],[142.921,-13.534],[142.921,-13.758],[142.927,-13.966],[142.953,-14.185],[142.954,-14.185],[143.185,-14.105],[143.295,-14.09],[143.344,-14.083],[143.355,-14.019],[143.394,-13.821],[143.396,-13.812],[143.405,-13.769],[143.421,-13.48],[143.421,-13.395],[143.421,-13.379],[143.406,-13.344],[143.344,-13.203],[143.19,-12.983],[143.157,-12.956],[143.137,-12.939],[143.113,-12.919],[142.98,-12.99],[142.974,-12.994],[142.943,-13.01],[142.858,-13.074],[142.866,-13.074],[142.872,-13.093]]]},"properties":{"NAME":"Kaantju","SUBJECTO":"Kaantju","PARTOF":"Kaantju","ABBREVN":"Kaantju","BORDERPRECISION":3,"fid":516}},
{"type":"Feature","geometry":{"type":"Polygon","coordinates":[[[144.307,-32.953],[144.314,-32.96],[144.514,-33.193],[145.063,-33.56],[144.932,-33.669],[144.668,-33.889],[144.658,-34.024],[144.655,-34.073],[144.646,-34.198],[144.756,-34.633],[144.784,-34.673],[144.798,-34.693],[144.855,-34.775],[144.855,-34.776],[144.877,-34.805],[144.998,-34.976],[145.11,-35.22],[145.129,-35.264],[145.135,-35.302],[145.195,-35.729],[145.547,-35.925],[145.798,-35.988],[145.817,-35.992],[146.184,-36.085],[146.953,-36.12],[147.205,-36.102],[147.225,-36.1],[147.437,-36.085],[147.81,-36.085],[147.986,-36.085],[148.005,-36.006],[148.096,-35.639],[148.14,-35.335],[148.14,-35.205],[148.14,-35.147],[148.14,-34.976],[148.14,-34.687],[148.271,-34.452],[148.4,-34.381],[148.469,-34.343],[148.531,-34.336],[148.755,-34.307],[148.873,-34.289],[149.04,-34.263],[149.106,-34.253],[149.678,-34.089],[149.875,-33.797],[149.999,-33.231],[150.008,-33.187],[150.051,-32.99],[150.096,-32.816],[150.11,-32.76],[150.117,-32.732],[149.959,-32.443],[149.939,-32.406],[149.854,-32.25],[149.724,-32.103],[149.705,-32.082],[149.656,-32.027],[149.174,-31.837],[149.042,-31.785],[148.755,-31.672],[148.052,-31.672],[147.305,-31.672],[147.25,-31.682],[147.126,-31.705],[146.689,-31.784],[146.008,-32.027],[144.954,-32.602],[144.866,-32.88],[144.343,-32.864],[144.23,-32.861],[144.229,-32.861],[144.23,-32.862],[144.29,-32.933],[144.307,-32.953]]]},"properties":{"NAME":"Wiradjuri","SUBJECTO":"Wiradjuri","PARTOF":"Wiradjuri","ABBREVN":"Wiradjuri","BORDERPRECISION":3,"fid":517}},
{"type":"Feature","geometry":{"type":"Polygon","coordinates":[[[146.674,-19.355],[146.709,-19.363],[146.709,-19.364],[146.791,-19.387],[146.796,-19.355],[146.63,-19.26],[146.629,-19.27],[146.601,-19.336],[146.667,-19.353],[146.674,-19.355]]]},"properties":{"NAME":"Wulgurukaba","SUBJECTO":"Wulgurukaba","PARTOF":"Wulgurukaba","ABBREVN":"Wulgurukaba","BORDERPRECISION":3,"fid":518}},
{"type":"Feature","geometry":{"type":"Polygon","coordinates":[[[138.936,-26.195],[138.889,-26.195],[138.889,-26.343],[138.735,-26.372],[138.472,-26.362],[138.219,-26.362],[138.135,-26.4],[138.153,-26.431],[138.156,-26.463],[138.164,-26.569],[138.23,-26.755],[138.307,-26.981],[138.373,-27.264],[138.402,-27.375],[138.417,-27.362],[138.571,-27.362],[138.834,-27.372],[139.186,-27.382],[139.395,-27.323],[139.603,-27.255],[139.779,-27.225],[139.977,-27.233],[139.993,-27.162],[140.087,-26.814],[140.224,-26.461],[140.339,-26.274],[140.345,-26.264],[140.36,-26.23],[140.197,-26.284],[139.779,-26.284],[139.471,-26.205],[139.131,-26.195],[138.994,-26.195],[138.936,-26.195]]]},"properties":{"NAME":"Ngamini","SUBJECTO":"Ngamini","PARTOF":"Ngamini","ABBREVN":"Ngamini","BORDERPRECISION":3,"fid":519}},
{"type":"Feature","geometry":{"type":"Polygon","coordinates":[[[143.148,-38.747],[143.152,-38.754],[143.256,-38.728],[143.344,-38.643],[143.448,-38.574],[143.443,-38.535],[143.442,-38.529],[143.438,-38.501],[143.398,-38.49],[143.395,-38.487],[143.391,-38.488],[143.328,-38.471],[143.223,-38.454],[143.036,-38.402],[142.998,-38.368],[143.015,-38.264],[143.02,-38.165],[143.053,-38.113],[143.08,-38.048],[143.08,-37.914],[143.08,-37.811],[143.047,-37.801],[143.031,-37.797],[142.987,-37.749],[142.98,-37.715],[142.855,-37.801],[142.762,-37.992],[142.71,-38.001],[142.71,-38.024],[142.664,-38.053],[142.661,-38.063],[142.677,-38.098],[142.69,-38.15],[142.674,-38.205],[142.673,-38.248],[142.663,-38.28],[142.637,-38.305],[142.618,-38.333],[142.6,-38.352],[142.587,-38.383],[142.552,-38.398],[142.547,-38.399],[142.531,-38.471],[142.635,-38.54],[142.69,-38.6],[142.806,-38.643],[142.987,-38.66],[143.13,-38.711],[143.148,-38.747]]]},"properties":{"NAME":"Giraiwurung","SUBJECTO":"Giraiwurung","PARTOF":"Giraiwurung","ABBREVN":"Giraiwurung","BORDERPRECISION":3,"fid":520}},
{"type":"Feature","geometry":{"type":"Polygon","coordinates":[[[142.98,-12.99],[143.113,-12.919],[143.137,-12.939],[143.157,-12.956],[143.221,-12.927],[143.289,-12.897],[143.361,-12.865],[143.378,-12.843],[143.376,-12.833],[143.371,-12.814],[143.292,-12.687],[142.971,-12.535],[143.112,-12.246],[143.103,-12.24],[143.1,-12.238],[142.907,-12.276],[142.849,-12.284],[142.861,-12.308],[142.88,-12.343],[142.927,-12.498],[142.943,-12.622],[142.939,-12.622],[142.968,-12.678],[142.979,-12.825],[142.984,-12.978],[142.98,-12.99]]]},"properties":{"NAME":"Kuuku-ya’u","SUBJECTO":"Kuuku-ya’u","PARTOF":"Kuuku-ya’u","ABBREVN":"Kuuku-ya’u","BORDERPRECISION":3,"fid":521}},
{"type":"Feature","geometry":{"type":"Polygon","coordinates":[[[121.333,-21.994],[121.22,-22.012],[121.195,-22.017],[121.146,-22.025],[121.121,-22.056],[121.08,-22.106],[121.104,-22.199],[121.124,-22.279],[121.124,-22.553],[121.124,-22.786],[121.124,-23.049],[121.003,-23.302],[121.002,-23.304],[120.954,-23.357],[120.96,-23.388],[120.97,-23.438],[121.064,-23.559],[121.19,-23.765],[121.454,-24.001],[121.712,-24.267],[121.954,-24.527],[122.261,-24.797],[122.838,-25.299],[122.872,-25.334],[122.91,-25.374],[122.95,-25.402],[122.981,-25.423],[123.003,-25.399],[123.096,-25.294],[123.184,-25.19],[123.354,-25.021],[124.266,-24.257],[125.255,-24.467],[125.469,-24.57],[125.528,-24.599],[125.607,-24.637],[125.881,-24.487],[126.156,-24.227],[128.013,-24.107],[127.966,-24.059],[127.895,-23.986],[127.826,-23.916],[127.43,-23.655],[127.046,-23.302],[126.925,-23.009],[126.727,-22.634],[126.563,-22.35],[126.31,-22.045],[126.198,-21.962],[126.157,-21.932],[125.991,-21.811],[125.841,-21.811],[125.519,-21.811],[125.387,-21.811],[125.211,-21.963],[124.827,-22.116],[124.387,-22.289],[124.091,-22.35],[124.08,-22.157],[124.08,-21.943],[123.893,-21.637],[123.607,-21.422],[123.409,-21.361],[123.289,-21.371],[123.274,-21.372],[123.168,-21.381],[122.761,-21.984],[122.542,-22.411],[122.201,-22.401],[121.63,-22.218],[121.399,-22.147],[121.333,-21.994]]]},"properties":{"NAME":"Mardu","SUBJECTO":"Mardu","PARTOF":"Mardu","ABBREVN":"Mardu","BORDERPRECISION":3,"fid":522}},
{"type":"Feature","geometry":{"type":"Polygon","coordinates":[[[118.884,-34.282],[118.922,-34.289],[118.976,-34.389],[119.075,-34.484],[119.136,-34.52],[119.354,-34.546],[119.46,-34.401],[119.394,-34.33],[119.163,-34.103],[119.074,-33.986],[118.784,-33.752],[118.688,-33.538],[118.674,-33.523],[118.438,-33.165],[118.371,-33.151],[118.174,-33.255],[118.088,-33.28],[117.861,-33.395],[117.633,-33.496],[117.529,-33.553],[117.488,-33.587],[117.449,-33.651],[117.653,-33.811],[117.665,-33.947],[117.691,-33.989],[117.672,-34.022],[117.675,-34.048],[117.581,-34.262],[118.57,-34.225],[118.73,-34.254],[118.867,-34.257],[118.884,-34.282]]]},"properties":{"NAME":"Goreng","SUBJECTO":"Goreng","PARTOF":"Goreng","ABBREVN":"Goreng","BORDERPRECISION":3,"fid":523}},
{"type":"Feature","geometry":{"type":"Polygon","coordinates":[[[134,-12.266],[134.006,-12.254],[133.879,-12.157],[133.808,-12.088],[133.759,-12.007],[133.762,-11.997],[133.726,-11.989],[133.559,-11.951],[133.537,-11.942],[133.448,-11.903],[133.171,-11.854],[133.142,-11.857],[133.102,-11.862],[133.098,-11.866],[133.073,-11.888],[133.056,-11.902],[133.05,-11.908],[133.044,-11.959],[133.033,-11.999],[133.026,-12.03],[133.014,-12.077],[133.025,-12.123],[133.066,-12.152],[133.138,-12.198],[133.19,-12.241],[133.253,-12.329],[133.33,-12.479],[133.325,-12.576],[133.303,-12.667],[133.319,-12.726],[133.319,-12.806],[133.374,-12.833],[133.403,-12.847],[133.407,-12.849],[133.44,-12.881],[133.451,-12.892],[133.49,-12.904],[133.521,-12.913],[133.522,-12.914],[133.577,-12.994],[133.592,-12.969],[133.622,-12.92],[133.698,-12.796],[133.781,-12.646],[133.835,-12.555],[133.907,-12.42],[133.956,-12.351],[133.998,-12.268],[134,-12.266]]]},"properties":{"NAME":"Gunwinggu","SUBJECTO":"Gunwinggu","PARTOF":"Gunwinggu","ABBREVN":"Gunwinggu","BORDERPRECISION":3,"fid":524}},
{"type":"Feature","geometry":{"type":"Polygon","coordinates":[[[115.82,-25.204],[115.768,-25.17],[115.752,-25.177],[115.763,-25.17],[115.719,-25.145],[115.565,-25.086],[115.439,-25.011],[115.377,-24.995],[115.374,-24.994],[115.263,-24.966],[115.215,-24.961],[115.03,-24.94],[114.868,-24.921],[114.697,-24.847],[114.494,-24.772],[114.137,-24.672],[113.901,-24.692],[113.758,-24.727],[113.632,-24.782],[113.612,-24.808],[113.555,-24.881],[113.621,-25.091],[113.752,-25.324],[113.955,-25.634],[114.005,-25.711],[114.214,-25.765],[114.445,-25.765],[114.571,-25.765],[114.727,-25.752],[114.728,-25.749],[114.73,-25.711],[114.917,-25.666],[115.131,-25.676],[115.439,-25.651],[115.604,-25.622],[115.714,-25.592],[115.823,-25.552],[115.856,-25.483],[115.812,-25.294],[115.842,-25.227],[115.829,-25.21],[115.82,-25.204]],[[115.752,-25.177],[115.746,-25.18],[115.719,-25.19],[115.752,-25.177]]]},"properties":{"NAME":"Yinggarda","SUBJECTO":"Yinggarda","PARTOF":"Yinggarda","ABBREVN":"Yinggarda","BORDERPRECISION":3,"fid":525}},
{"type":"Feature","geometry":{"type":"Polygon","coordinates":[[[145.869,-17.195],[145.718,-16.978],[145.706,-17.02],[145.668,-17.062],[145.607,-17.151],[145.585,-17.23],[145.548,-17.242],[145.643,-17.285],[145.723,-17.335],[145.822,-17.382],[145.945,-17.427],[145.961,-17.429],[145.869,-17.195]]]},"properties":{"NAME":"Yidinjdji","SUBJECTO":"Yidinjdji","PARTOF":"Yidinjdji","ABBREVN":"Yidinjdji","BORDERPRECISION":3,"fid":526}},
{"type":"Feature","geometry":{"type":"Polygon","coordinates":[[[133.192,-22.911],[132.627,-22.776],[132.539,-22.796],[132.304,-23.013],[132.275,-23.039],[132.27,-23.042],[132.034,-23.181],[132.034,-23.665],[132.209,-23.926],[132.495,-24.307],[132.869,-24.547],[133.132,-25.026],[133.242,-25.443],[133.55,-25.76],[133.77,-26.017],[133.794,-26.032],[133.872,-26.078],[134.165,-26.254],[134.692,-26.687],[135.066,-27.02],[135.212,-27.177],[135.279,-27.25],[135.374,-27.352],[135.879,-27.372],[136.139,-27.24],[136.187,-27.216],[136.187,-27.202],[136.187,-26.726],[136.274,-26.136],[136.274,-25.642],[136.274,-25.086],[136.271,-25.059],[136.165,-24.307],[136.165,-23.745],[136.165,-23.302],[136.12,-23.126],[136.099,-23.039],[135.088,-23.019],[134.319,-23.019],[133.983,-22.977],[133.835,-22.958],[133.22,-22.918],[133.192,-22.911]]]},"properties":{"NAME":"Arrernte","SUBJECTO":"Arrernte","PARTOF":"Arrernte","ABBREVN":"Arrernte","BORDERPRECISION":3,"fid":527}},
{"type":"Feature","geometry":{"type":"MultiPolygon","coordinates":[[[[142.644,-11.093],[142.338,-10.915],[142.267,-10.99],[142.306,-11.038],[142.413,-11.071],[142.517,-11.079],[142.622,-11.089],[142.646,-11.098],[142.644,-11.093]]],[[[142.686,-11.183],[142.693,-11.27],[142.699,-11.429],[142.699,-11.545],[142.699,-11.695],[142.689,-11.767],[142.77,-11.741],[142.792,-11.738],[142.77,-11.614],[142.749,-11.321],[142.686,-11.183]]]]},"properties":{"NAME":"Yadhaigana","SUBJECTO":"Yadhaigana","PARTOF":"Yadhaigana","ABBREVN":"Yadhaigana","BORDERPRECISION":3,"fid":528}},
{"type":"Feature","geometry":{"type":"Polygon","coordinates":[[[139.13,-34.534],[138.966,-34.602],[138.774,-34.657],[138.79,-34.687],[138.79,-34.859],[138.713,-34.994],[138.653,-35.174],[138.582,-35.335],[138.577,-35.343],[138.996,-35.079],[139.1,-35.077],[139.142,-35.003],[139.164,-34.733],[139.13,-34.534]]]},"properties":{"NAME":"Peramangk","SUBJECTO":"Peramangk","PARTOF":"Peramangk","ABBREVN":"Peramangk","BORDERPRECISION":3,"fid":529}},
{"type":"Feature","geometry":{"type":"Polygon","coordinates":[[[138.578,-22.113],[138.45,-22.106],[138.296,-22.381],[138.252,-22.655],[138.252,-23.039],[138.263,-23.292],[138.329,-23.473],[138.362,-23.645],[138.362,-23.669],[138.362,-23.916],[138.373,-24.307],[138.373,-24.577],[138.373,-24.707],[138.384,-24.707],[138.406,-24.847],[138.428,-24.936],[138.472,-25.245],[138.593,-25.523],[138.724,-25.741],[138.814,-25.909],[138.845,-25.968],[138.828,-25.97],[138.847,-25.986],[138.862,-25.998],[138.916,-25.928],[139.109,-25.681],[139.197,-25.552],[139.32,-25.313],[139.351,-25.255],[139.37,-25.221],[139.46,-25.066],[139.537,-24.886],[139.603,-24.667],[139.597,-24.647],[139.595,-24.642],[139.493,-24.487],[139.395,-24.387],[139.257,-24.267],[139.12,-24.077],[139.026,-23.896],[138.983,-23.725],[138.735,-23.388],[138.856,-23.211],[139.059,-22.948],[139.169,-22.629],[139.175,-22.386],[139.201,-22.263],[139.222,-22.161],[139.208,-22.147],[138.737,-22.121],[138.578,-22.113]]]},"properties":{"NAME":"Wangkamana","SUBJECTO":"Wangkamana","PARTOF":"Wangkamana","ABBREVN":"Wangkamana","BORDERPRECISION":3,"fid":530}},
{"type":"Feature","geometry":{"type":"Polygon","coordinates":[[[132.218,-12.771],[132.297,-12.785],[132.372,-12.806],[132.429,-12.748],[132.43,-12.741],[132.407,-12.721],[132.396,-12.571],[132.396,-12.372],[132.4,-12.328],[132.398,-12.329],[132.216,-12.341],[132.242,-12.426],[132.242,-12.576],[132.218,-12.771]]]},"properties":{"NAME":"Konbudj","SUBJECTO":"Konbudj","PARTOF":"Konbudj","ABBREVN":"Konbudj","BORDERPRECISION":3,"fid":531}},
{"type":"Feature","geometry":{"type":"Polygon","coordinates":[[[147.129,-23.347],[147.129,-23.559],[147.162,-23.78],[147.195,-23.951],[147.215,-23.99],[147.235,-23.991],[147.428,-24.004],[147.597,-24.021],[147.845,-24.034],[147.985,-24.027],[148.036,-24.046],[148.102,-24.079],[148.143,-24.097],[148.213,-24.12],[148.281,-24.17],[148.314,-24.218],[148.398,-24.287],[148.481,-24.375],[148.499,-24.384],[148.542,-24.407],[148.559,-24.419],[148.634,-24.337],[148.726,-24.228],[148.686,-24.19],[148.601,-24.107],[148.535,-23.901],[148.513,-23.75],[148.508,-23.559],[148.513,-23.553],[148.543,-23.522],[148.53,-23.483],[148.381,-23.307],[148.211,-23.044],[148.079,-22.888],[148.053,-22.873],[148.013,-22.852],[147.998,-22.87],[147.832,-23.06],[147.673,-23.176],[147.371,-23.256],[147.168,-23.332],[147.16,-23.336],[147.129,-23.347]]]},"properties":{"NAME":"Gayiri","SUBJECTO":"Gayiri","PARTOF":"Gayiri","ABBREVN":"Gayiri","BORDERPRECISION":3,"fid":532}},
{"type":"Feature","geometry":{"type":"Polygon","coordinates":[[[137.19,-29.656],[137.538,-29.573],[138.12,-29.573],[138.45,-29.602],[138.461,-29.571],[138.485,-29.504],[138.604,-29.171],[138.658,-28.883],[138.658,-28.7],[138.691,-28.478],[138.428,-28.13],[138.263,-27.859],[138.23,-27.771],[138.182,-27.7],[138.154,-27.656],[138.076,-27.732],[137.725,-27.79],[137.428,-27.761],[136.901,-27.837],[136.901,-28.014],[136.89,-28.314],[136.901,-28.517],[137.054,-28.874],[137.153,-29.162],[137.252,-29.459],[137.266,-29.566],[137.274,-29.631],[137.19,-29.656]]]},"properties":{"NAME":"Dhirari","SUBJECTO":"Dhirari","PARTOF":"Dhirari","ABBREVN":"Dhirari","BORDERPRECISION":3,"fid":533}},
{"type":"Feature","geometry":{"type":"Polygon","coordinates":[[[127.072,-26.584],[127.31,-26.589],[127.43,-26.579],[127.338,-26.53],[127.252,-26.498],[127.046,-26.421],[126.683,-26.244],[126.31,-25.998],[125.837,-25.681],[125.662,-25.374],[125.519,-25.046],[125.508,-24.617],[125.515,-24.611],[125.508,-24.597],[125.469,-24.57],[125.255,-24.467],[124.266,-24.257],[123.354,-25.021],[123.184,-25.19],[123.096,-25.294],[123.003,-25.399],[122.981,-25.423],[122.95,-25.402],[122.97,-25.533],[122.97,-25.78],[122.948,-26.027],[122.794,-26.007],[122.777,-26.007],[122.778,-26.03],[122.783,-26.155],[122.893,-26.49],[122.956,-26.561],[123.058,-26.675],[123.157,-26.785],[123.728,-27.157],[124.167,-27.352],[124.357,-27.464],[124.365,-27.469],[124.393,-27.397],[124.486,-27.157],[124.53,-26.853],[124.64,-26.608],[124.706,-26.421],[124.882,-26.136],[125.255,-25.909],[125.486,-25.909],[125.782,-26.096],[126.112,-26.224],[126.376,-26.441],[126.837,-26.579],[126.949,-26.581],[127.072,-26.584]]]},"properties":{"NAME":"Ngaanyatjarra","SUBJECTO":"Ngaanyatjarra","PARTOF":"Ngaanyatjarra","ABBREVN":"Ngaanyatjarra","BORDERPRECISION":3,"fid":534}},
{"type":"Feature","geometry":{"type":"Polygon","coordinates":[[[148.706,-20.845],[148.695,-20.829],[148.635,-20.862],[148.647,-20.881],[148.689,-20.946],[148.843,-21.161],[149.03,-21.494],[149.072,-21.591],[149.128,-21.586],[149.136,-21.595],[149.183,-21.571],[149.279,-21.541],[149.2,-21.314],[149.101,-21.06],[148.711,-20.847],[148.706,-20.845]]]},"properties":{"NAME":"Yuwi","SUBJECTO":"Yuwi","PARTOF":"Yuwi","ABBREVN":"Yuwi","BORDERPRECISION":3,"fid":535}},
{"type":"Feature","geometry":{"type":"Polygon","coordinates":[[[125.666,-17.083],[125.685,-17.069],[125.771,-17.004],[125.859,-16.931],[125.936,-16.836],[126.145,-16.857],[126.288,-16.952],[126.53,-16.899],[126.661,-16.773],[126.859,-16.562],[126.936,-16.331],[126.958,-16.088],[127.079,-16.004],[127.299,-16.004],[127.464,-16.004],[127.508,-16.004],[127.518,-16.004],[127.738,-15.982],[127.846,-15.922],[127.938,-15.871],[128.024,-15.824],[128.112,-15.655],[128.117,-15.583],[128.119,-15.558],[128.123,-15.517],[128.051,-15.448],[128.048,-15.445],[128.024,-15.422],[127.826,-15.56],[127.716,-15.464],[127.716,-15.295],[127.661,-15.241],[127.65,-15.231],[127.617,-15.199],[127.441,-15.178],[127.375,-14.934],[127.375,-14.701],[127.291,-14.482],[127.277,-14.445],[127.244,-14.438],[126.991,-14.381],[126.749,-14.381],[126.748,-14.381],[126.747,-14.381],[126.694,-14.381],[126.354,-14.541],[126.046,-14.637],[126.026,-14.683],[126.002,-14.741],[125.947,-14.87],[125.903,-15.305],[125.848,-15.507],[125.745,-15.732],[125.728,-15.771],[125.702,-15.783],[125.563,-15.845],[125.222,-15.813],[125.002,-15.792],[124.816,-15.94],[124.783,-16.236],[124.792,-16.344],[124.794,-16.373],[124.805,-16.499],[124.817,-16.511],[124.846,-16.53],[124.833,-16.527],[125.057,-16.741],[125.497,-17.015],[125.618,-17.12],[125.666,-17.083]]]},"properties":{"NAME":"Ngarinyin","SUBJECTO":"Ngarinyin","PARTOF":"Ngarinyin","ABBREVN":"Ngarinyin","BORDERPRECISION":3,"fid":536}},
{"type":"Feature","geometry":{"type":"Polygon","coordinates":[[[152.805,-27.281],[152.812,-27.295],[152.802,-27.31],[152.796,-27.325],[152.807,-27.351],[152.827,-27.366],[152.836,-27.382],[152.847,-27.397],[152.852,-27.411],[152.848,-27.427],[152.838,-27.436],[152.821,-27.444],[152.821,-27.46],[152.831,-27.465],[152.843,-27.47],[152.862,-27.475],[152.879,-27.476],[152.886,-27.485],[152.881,-27.499],[152.976,-27.541],[153.006,-27.526],[153.003,-27.499],[153.016,-27.493],[152.998,-27.482],[153.013,-27.47],[153.026,-27.47],[152.946,-27.341],[152.981,-27.278],[152.962,-27.275],[152.948,-27.275],[152.925,-27.27],[152.907,-27.261],[152.882,-27.251],[152.873,-27.24],[152.852,-27.226],[152.83,-27.217],[152.805,-27.281]]]},"properties":{"NAME":"Turrbal","SUBJECTO":"Turrbal","PARTOF":"Turrbal","ABBREVN":"Turrbal","BORDERPRECISION":3,"fid":537}},
{"type":"Feature","geometry":{"type":"Polygon","coordinates":[[[126.274,-17.718],[126.222,-17.728],[126.057,-17.926],[125.957,-18.039],[125.949,-18.048],[125.936,-18.062],[125.991,-18.115],[126.255,-18.094],[126.486,-18.135],[126.595,-18.25],[126.705,-18.386],[126.738,-18.48],[126.775,-18.48],[126.811,-18.48],[126.892,-18.48],[127.029,-18.469],[127.2,-18.412],[127.386,-18.334],[127.546,-18.261],[127.683,-18.172],[127.864,-18.021],[128.057,-17.937],[128.232,-17.717],[128.294,-17.562],[128.298,-17.55],[128.328,-17.552],[128.43,-17.56],[128.639,-17.613],[128.782,-17.665],[128.881,-17.78],[128.979,-17.811],[128.996,-17.82],[129.056,-17.853],[129.054,-17.834],[129.023,-17.623],[128.947,-17.393],[128.892,-17.172],[128.859,-16.983],[128.826,-16.815],[128.804,-16.699],[128.903,-16.647],[129.111,-16.626],[129.215,-16.626],[129.254,-16.626],[129.265,-16.626],[129.342,-16.457],[129.287,-16.341],[129.267,-16.319],[129.221,-16.267],[129.167,-16.235],[129.012,-16.141],[128.628,-16.077],[128.331,-15.993],[128.079,-15.877],[127.938,-15.871],[127.846,-15.922],[127.738,-15.982],[127.518,-16.004],[127.508,-16.004],[127.458,-16.041],[127.408,-16.077],[127.354,-16.415],[127.321,-16.668],[127.365,-16.91],[127.496,-17.204],[127.343,-17.33],[127.145,-17.382],[126.958,-17.497],[126.705,-17.571],[126.453,-17.686],[126.309,-17.712],[126.274,-17.718]]]},"properties":{"NAME":"Kija","SUBJECTO":"Kija","PARTOF":"Kija","ABBREVN":"Kija","BORDERPRECISION":3,"fid":538}},
{"type":"Feature","geometry":{"type":"Polygon","coordinates":[[[131.992,-13.966],[131.949,-13.889],[131.861,-13.827],[131.819,-13.782],[131.723,-13.673],[131.55,-13.502],[131.53,-13.41],[131.528,-13.403],[131.517,-13.407],[131.468,-13.422],[131.405,-13.48],[131.397,-13.5],[131.342,-13.633],[131.337,-13.644],[131.311,-13.715],[131.155,-13.766],[131.031,-13.774],[130.908,-13.779],[130.87,-13.801],[130.855,-13.809],[130.856,-13.814],[130.864,-13.905],[130.877,-14.017],[130.908,-14.182],[130.891,-14.32],[130.792,-14.397],[130.545,-14.483],[130.457,-14.488],[130.386,-14.488],[130.343,-14.511],[130.342,-14.511],[130.336,-14.514],[130.336,-14.573],[130.347,-14.669],[130.351,-14.716],[130.353,-14.748],[130.388,-14.754],[130.424,-14.759],[130.512,-14.759],[130.627,-14.754],[130.754,-14.764],[130.847,-14.764],[130.957,-14.796],[130.988,-14.82],[131.018,-14.787],[131.028,-14.775],[131.298,-14.679],[131.506,-14.605],[131.792,-14.584],[131.896,-14.569],[131.88,-14.488],[131.885,-14.429],[131.946,-14.291],[131.957,-14.115],[131.982,-14.008],[131.992,-13.966]]]},"properties":{"NAME":"Wagiman","SUBJECTO":"Wagiman","PARTOF":"Wagiman","ABBREVN":"Wagiman","BORDERPRECISION":3,"fid":539}},
{"type":"Feature","geometry":{"type":"Polygon","coordinates":[[[141.915,-12.109],[141.898,-12.102],[141.863,-12.1],[141.859,-12.108],[141.825,-12.163],[141.844,-12.171],[141.905,-12.176],[141.93,-12.178],[141.926,-12.154],[141.917,-12.127],[141.915,-12.116],[141.915,-12.109]]]},"properties":{"NAME":"Yupangathi","SUBJECTO":"Yupangathi","PARTOF":"Yupangathi","ABBREVN":"Yupangathi","BORDERPRECISION":3,"fid":540}},
{"type":"Feature","geometry":{"type":"Polygon","coordinates":[[[132.715,-12.806],[132.709,-12.796],[132.682,-12.78],[132.662,-12.769],[132.632,-12.785],[132.479,-12.785],[132.468,-12.776],[132.413,-12.801],[132.336,-12.887],[132.336,-12.978],[132.342,-12.983],[132.347,-12.962],[132.407,-12.994],[132.556,-13.015],[132.665,-13.015],[132.715,-12.908],[132.715,-12.812],[132.717,-12.811],[132.715,-12.806]]]},"properties":{"NAME":"Ngombur","SUBJECTO":"Ngombur","PARTOF":"Ngombur","ABBREVN":"Ngombur","BORDERPRECISION":3,"fid":541}},
{"type":"Feature","geometry":{"type":"Polygon","coordinates":[[[136.907,-22.576],[137.065,-22.391],[137.043,-21.841],[137.023,-21.709],[137.014,-21.646],[136.978,-21.412],[136.89,-21.064],[136.717,-20.892],[136.677,-20.852],[136.56,-20.736],[136.384,-20.715],[136.292,-20.756],[136.25,-20.775],[135.879,-20.941],[135.066,-21.555],[134.67,-21.8],[134.407,-22.126],[134.097,-22.308],[134.016,-22.354],[133.989,-22.37],[133.945,-22.837],[133.959,-22.888],[133.983,-22.977],[134.319,-23.019],[135.088,-23.019],[136.099,-23.039],[136.12,-23.126],[136.494,-23.06],[136.907,-22.576]]]},"properties":{"NAME":"Alyawarre","SUBJECTO":"Alyawarre","PARTOF":"Alyawarre","ABBREVN":"Alyawarre","BORDERPRECISION":3,"fid":542}},
{"type":"Feature","geometry":{"type":"Polygon","coordinates":[[[145.336,-17.262],[145.432,-17.183],[145.492,-17.185],[145.532,-17.228],[145.544,-17.24],[145.548,-17.242],[145.585,-17.23],[145.607,-17.151],[145.668,-17.062],[145.706,-17.02],[145.718,-16.978],[145.686,-16.933],[145.451,-16.598],[145.394,-16.549],[145.344,-16.626],[145.272,-16.967],[145.267,-17.102],[145.268,-17.112],[145.322,-17.235],[145.336,-17.262]]]},"properties":{"NAME":"Djabuganjdji","SUBJECTO":"Djabuganjdji","PARTOF":"Djabuganjdji","ABBREVN":"Djabuganjdji","BORDERPRECISION":3,"fid":543}},
{"type":"Feature","geometry":{"type":"Polygon","coordinates":[[[149.959,-32.443],[150.183,-32.375],[150.557,-32.259],[150.853,-32.259],[151.04,-32.315],[151.304,-32.426],[151.556,-32.502],[151.602,-32.516],[151.611,-32.519],[151.688,-32.324],[151.71,-32.222],[151.788,-32.049],[151.785,-32.047],[151.771,-32.036],[151.655,-31.859],[151.556,-31.738],[151.441,-31.663],[151.348,-31.636],[151.293,-31.644],[150.864,-31.78],[150.529,-31.836],[150.282,-31.892],[149.963,-32.022],[149.724,-32.103],[149.854,-32.25],[149.939,-32.406],[149.959,-32.443]]]},"properties":{"NAME":"Geawegal","SUBJECTO":"Geawegal","PARTOF":"Geawegal","ABBREVN":"Geawegal","BORDERPRECISION":3,"fid":544}},
{"type":"Feature","geometry":{"type":"Polygon","coordinates":[[[134.646,-17.692],[134.659,-17.686],[134.686,-17.686],[134.967,-17.644],[135.187,-17.644],[135.453,-17.644],[135.472,-17.634],[135.583,-17.561],[135.615,-17.539],[135.758,-17.361],[135.967,-17.162],[136.033,-16.952],[136.033,-16.857],[136.033,-16.813],[136.033,-16.773],[135.857,-16.615],[135.67,-16.457],[135.46,-16.366],[135.45,-16.362],[135.396,-16.362],[135.242,-16.51],[135.022,-16.752],[134.912,-16.91],[134.703,-17.078],[134.672,-17.095],[134.659,-17.109],[134.488,-17.201],[134.506,-17.235],[134.506,-17.539],[134.448,-17.777],[134.57,-17.725],[134.615,-17.696],[134.646,-17.692]]]},"properties":{"NAME":"Ngandji","SUBJECTO":"Ngandji","PARTOF":"Ngandji","ABBREVN":"Ngandji","BORDERPRECISION":3,"fid":545}},
{"type":"Feature","geometry":{"type":"MultiPolygon","coordinates":[[[[144.707,-31.56],[144.492,-31.784],[144.382,-32.138],[144.283,-32.361],[144.218,-32.75],[144.23,-32.861],[144.343,-32.864],[144.866,-32.88],[144.954,-32.602],[146.008,-32.027],[146.689,-31.784],[147.126,-31.705],[147.25,-31.682],[147.211,-31.597],[147.222,-31.391],[147.189,-31.185],[147.052,-30.987],[146.986,-30.803],[146.986,-30.699],[146.986,-30.572],[146.827,-30.444],[146.558,-30.288],[146.31,-30.131],[146.261,-30.022],[146.247,-30],[146.214,-29.95],[146.212,-29.945],[145.97,-29.95],[145.679,-30.093],[145.595,-30.168],[145.536,-30.221],[145.511,-30.228],[145.206,-30.307],[144.996,-30.276],[144.987,-30.274],[144.948,-30.269],[144.91,-30.468],[145.118,-30.78],[145.063,-31.015],[144.855,-31.41],[144.804,-31.461],[144.734,-31.532],[144.707,-31.56]]],[[[144.272,-32.956],[144.314,-32.96],[144.307,-32.953],[144.29,-32.933],[144.23,-32.862],[144.238,-32.938],[144.24,-32.953],[144.272,-32.956]]]]},"properties":{"NAME":"Wongaibon","SUBJECTO":"Wongaibon","PARTOF":"Wongaibon","ABBREVN":"Wongaibon","BORDERPRECISION":3,"fid":546}},
{"type":"Feature","geometry":{"type":"Polygon","coordinates":[[[145.96,-28.038],[146.003,-28.111],[146.195,-28.343],[146.402,-28.516],[146.721,-28.772],[146.856,-28.838],[146.986,-28.874],[147.116,-28.9],[147.263,-29.004],[147.395,-29.043],[147.439,-29.042],[147.439,-29.035],[147.469,-29.03],[147.746,-28.99],[147.809,-28.959],[147.914,-28.854],[148.123,-28.642],[148.266,-28.464],[148.388,-28.292],[148.382,-28.271],[148.232,-28.099],[148.151,-27.961],[148.117,-27.859],[148.05,-27.793],[147.981,-27.762],[147.901,-27.772],[147.802,-27.824],[147.735,-27.849],[147.679,-27.831],[147.594,-27.749],[147.537,-27.696],[147.535,-27.696],[147.43,-27.645],[147.386,-27.542],[147.335,-27.457],[147.282,-27.435],[147.254,-27.459],[147.238,-27.487],[147.18,-27.542],[147.114,-27.593],[147.086,-27.6],[147.056,-27.501],[147.019,-27.33],[147.001,-27.232],[146.983,-27.176],[146.898,-27.145],[146.864,-27.138],[146.806,-27.153],[146.618,-27.268],[146.433,-27.248],[146.377,-27.162],[146.382,-27.146],[146.314,-27.17],[146.209,-27.231],[146.126,-27.279],[146.036,-27.342],[145.962,-27.393],[145.893,-27.445],[145.845,-27.495],[145.809,-27.554],[145.81,-27.579],[145.813,-27.638],[145.833,-27.703],[145.86,-27.868],[145.951,-28.023],[145.96,-28.038]]]},"properties":{"NAME":"Kooma","SUBJECTO":"Kooma","PARTOF":"Kooma","ABBREVN":"Kooma","BORDERPRECISION":3,"fid":547}},
{"type":"Feature","geometry":{"type":"Polygon","coordinates":[[[141.816,-12.602],[141.831,-12.617],[141.877,-12.603],[141.943,-12.565],[142.012,-12.538],[142.046,-12.538],[142.039,-12.517],[142.037,-12.499],[142.026,-12.42],[142.004,-12.34],[141.99,-12.249],[141.988,-12.19],[141.988,-12.183],[141.936,-12.179],[141.93,-12.178],[141.905,-12.176],[141.844,-12.171],[141.825,-12.163],[141.812,-12.183],[141.693,-12.379],[141.679,-12.468],[141.816,-12.602]]]},"properties":{"NAME":"Anguthimri","SUBJECTO":"Anguthimri","PARTOF":"Anguthimri","ABBREVN":"Anguthimri","BORDERPRECISION":3,"fid":548}},
{"type":"Feature","geometry":{"type":"Polygon","coordinates":[[[145.452,-28.967],[145.602,-28.979],[145.606,-28.973],[145.558,-28.931],[145.565,-28.919],[145.767,-28.585],[145.909,-28.246],[145.954,-28.063],[145.951,-28.023],[145.86,-27.868],[145.833,-27.703],[145.813,-27.638],[145.81,-27.579],[145.69,-27.557],[145.322,-27.479],[145.281,-27.49],[145.338,-27.645],[145.267,-27.96],[145.146,-28.082],[144.943,-28.091],[144.9,-28.084],[144.862,-28.078],[144.783,-28.256],[144.712,-28.517],[144.602,-28.729],[144.572,-28.766],[144.688,-28.787],[145.042,-28.854],[145.431,-28.897],[145.481,-28.902],[145.452,-28.967]]]},"properties":{"NAME":"Kunja","SUBJECTO":"Kunja","PARTOF":"Kunja","ABBREVN":"Kunja","BORDERPRECISION":3,"fid":549}},
{"type":"Feature","geometry":{"type":"Polygon","coordinates":[[[133.142,-11.857],[133.174,-11.773],[133.174,-11.728],[133.136,-11.702],[133.093,-11.673],[132.929,-11.533],[132.816,-11.566],[132.776,-11.578],[132.764,-11.573],[132.661,-11.534],[132.384,-11.299],[132.206,-11.319],[132.041,-11.383],[132.025,-11.478],[132.134,-11.541],[132.303,-11.503],[132.515,-11.623],[132.611,-11.732],[132.626,-11.75],[132.643,-11.749],[132.756,-11.655],[132.803,-11.607],[132.858,-11.628],[132.913,-11.695],[132.94,-11.752],[132.979,-11.822],[133.033,-11.878],[133.056,-11.902],[133.073,-11.888],[133.098,-11.866],[133.102,-11.862],[133.142,-11.857]]]},"properties":{"NAME":"Iwaidja","SUBJECTO":"Iwaidja","PARTOF":"Iwaidja","ABBREVN":"Iwaidja","BORDERPRECISION":3,"fid":550}},
{"type":"Feature","geometry":{"type":"Polygon","coordinates":[[[138.774,-32.063],[138.801,-32.148],[139.406,-32.092],[139.713,-32.092],[139.975,-32.074],[139.988,-32.073],[140.061,-32.073],[140.164,-32.073],[140.151,-31.977],[140.138,-31.883],[140.12,-31.747],[140.054,-31.494],[140.032,-31.307],[139.878,-31.025],[139.878,-30.808],[140.021,-30.335],[140.051,-30.23],[140.065,-30.183],[140.093,-30.123],[140.142,-30.022],[140.142,-29.85],[140.142,-29.793],[140.219,-29.564],[139.977,-29.516],[139.724,-29.507],[139.628,-29.5],[139.592,-29.497],[139.571,-29.507],[139.493,-29.542],[139.485,-29.545],[139.433,-29.569],[139.318,-29.683],[139.114,-29.831],[138.983,-30.06],[138.757,-30.321],[138.51,-30.581],[138.439,-30.865],[138.428,-31.109],[138.45,-31.358],[138.472,-31.48],[138.527,-31.574],[138.562,-31.693],[138.629,-31.721],[138.647,-31.728],[138.84,-31.873],[138.84,-32.031],[138.786,-32.057],[138.774,-32.063]]]},"properties":{"NAME":"Andyamathanha","SUBJECTO":"Andyamathanha","PARTOF":"Andyamathanha","ABBREVN":"Andyamathanha","BORDERPRECISION":3,"fid":551}},
{"type":"Feature","geometry":{"type":"Polygon","coordinates":[[[132.438,-13.131],[132.451,-13.133],[132.505,-13.147],[132.649,-13.16],[132.667,-13.168],[132.718,-13.136],[132.762,-13.085],[132.805,-12.997],[132.833,-12.964],[132.834,-12.932],[132.825,-12.919],[132.836,-12.907],[132.836,-12.903],[132.849,-12.843],[132.84,-12.83],[132.83,-12.817],[132.764,-12.801],[132.723,-12.81],[132.717,-12.811],[132.715,-12.812],[132.715,-12.908],[132.665,-13.015],[132.556,-13.015],[132.407,-12.994],[132.347,-12.962],[132.342,-12.983],[132.325,-13.053],[132.292,-13.074],[132.29,-13.088],[132.369,-13.096],[132.438,-13.131]]]},"properties":{"NAME":"Mbukarla","SUBJECTO":"Mbukarla","PARTOF":"Mbukarla","ABBREVN":"Mbukarla","BORDERPRECISION":3,"fid":552}},
{"type":"Feature","geometry":{"type":"MultiPolygon","coordinates":[[[[115.835,-23.846],[115.803,-23.866],[115.768,-24.001],[115.708,-24.137],[115.637,-24.217],[115.576,-24.442],[115.521,-24.622],[115.483,-24.697],[115.422,-24.886],[115.377,-24.995],[115.439,-25.011],[115.565,-25.086],[115.719,-25.145],[115.763,-25.17],[115.752,-25.177],[115.768,-25.17],[115.82,-25.204],[115.854,-25.199],[115.895,-25.105],[116.06,-24.966],[116.136,-24.762],[116.29,-24.647],[116.337,-24.617],[116.367,-24.562],[116.345,-24.462],[116.45,-24.182],[116.433,-23.976],[116.356,-23.916],[116.274,-23.876],[115.895,-23.856],[115.835,-23.846]]],[[[115.752,-25.177],[115.719,-25.19],[115.746,-25.18],[115.752,-25.177]]]]},"properties":{"NAME":"Warriyangga","SUBJECTO":"Warriyangga","PARTOF":"Warriyangga","ABBREVN":"Warriyangga","BORDERPRECISION":3,"fid":553}},
{"type":"Feature","geometry":{"type":"Polygon","coordinates":[[[143.97,-19.586],[143.888,-19.487],[143.789,-19.342],[143.646,-19.114],[143.602,-18.969],[143.514,-18.698],[143.487,-18.532],[143.394,-18.594],[143.13,-18.693],[143.032,-18.733],[143.02,-18.823],[142.936,-18.809],[142.954,-18.948],[142.943,-19.207],[142.853,-19.431],[142.903,-19.465],[142.91,-19.456],[143.053,-19.456],[143.295,-19.508],[143.558,-19.57],[143.954,-19.58],[143.97,-19.586]]]},"properties":{"NAME":"Yanga","SUBJECTO":"Yanga","PARTOF":"Yanga","ABBREVN":"Yanga","BORDERPRECISION":3,"fid":554}},
{"type":"Feature","geometry":{"type":"Polygon","coordinates":[[[148.695,-20.829],[148.567,-20.654],[148.69,-20.4],[148.756,-20.292],[148.704,-20.203],[148.19,-20.172],[148.175,-20.167],[148.299,-20.273],[148.398,-20.422],[148.508,-20.612],[148.59,-20.792],[148.635,-20.862],[148.695,-20.829]]]},"properties":{"NAME":"Giya","SUBJECTO":"Giya","PARTOF":"Giya","ABBREVN":"Giya","BORDERPRECISION":3,"fid":555}},
{"type":"Feature","geometry":{"type":"Polygon","coordinates":[[[132.67,-12.764],[132.709,-12.742],[132.696,-12.686],[132.691,-12.662],[132.671,-12.576],[132.676,-12.517],[132.698,-12.453],[132.715,-12.335],[132.731,-12.222],[132.725,-12.201],[132.699,-12.219],[132.628,-12.271],[132.426,-12.322],[132.4,-12.328],[132.396,-12.372],[132.396,-12.571],[132.407,-12.721],[132.43,-12.741],[132.468,-12.776],[132.479,-12.785],[132.632,-12.785],[132.662,-12.769],[132.67,-12.764]]]},"properties":{"NAME":"Gagudju","SUBJECTO":"Gagudju","PARTOF":"Gagudju","ABBREVN":"Gagudju","BORDERPRECISION":3,"fid":556}},
{"type":"Feature","geometry":{"type":"Polygon","coordinates":[[[139.1,-35.077],[138.996,-35.079],[138.577,-35.343],[138.558,-35.355],[138.494,-35.395],[138.458,-35.483],[138.43,-35.552],[138.226,-35.732],[138.235,-35.738],[138.422,-35.72],[138.576,-35.693],[138.79,-35.657],[138.941,-35.703],[139.127,-35.608],[139.368,-35.614],[139.381,-35.806],[139.444,-36.041],[139.743,-36.372],[139.826,-36.595],[139.863,-36.78],[139.841,-37.027],[139.84,-37.042],[139.966,-37.042],[140.041,-37.053],[140.216,-37.079],[140.408,-37.081],[140.625,-37.069],[140.665,-37.046],[140.705,-37.022],[140.718,-37.006],[140.731,-36.965],[140.735,-36.933],[140.723,-36.898],[140.718,-36.894],[140.677,-36.855],[140.592,-36.851],[140.477,-36.847],[140.339,-36.836],[140.238,-36.836],[140.172,-36.545],[140.126,-36.332],[140.087,-36.329],[139.999,-36.324],[139.845,-36.173],[139.768,-35.987],[139.658,-35.72],[139.57,-35.47],[139.482,-35.29],[139.384,-35.219],[139.41,-35.194],[139.307,-35.174],[139.102,-35.143],[139.065,-35.138],[139.1,-35.077]]]},"properties":{"NAME":"Ngarrindjeri","SUBJECTO":"Ngarrindjeri","PARTOF":"Ngarrindjeri","ABBREVN":"Ngarrindjeri","BORDERPRECISION":3,"fid":557}},
{"type":"Feature","geometry":{"type":"Polygon","coordinates":[[[122.927,-16.734],[122.869,-16.659],[122.761,-16.597],[122.731,-16.649],[122.734,-16.715],[122.76,-16.741],[122.786,-16.741],[122.863,-16.734],[122.927,-16.734]]]},"properties":{"NAME":"Bardi","SUBJECTO":"Bardi","PARTOF":"Bardi","ABBREVN":"Bardi","BORDERPRECISION":3,"fid":558}},
{"type":"Feature","geometry":{"type":"Polygon","coordinates":[[[133.448,-11.903],[133.397,-11.882],[133.174,-11.728],[133.174,-11.773],[133.142,-11.857],[133.171,-11.854],[133.448,-11.903]]]},"properties":{"NAME":"Maung","SUBJECTO":"Maung","PARTOF":"Maung","ABBREVN":"Maung","BORDERPRECISION":3,"fid":559}},
{"type":"Feature","geometry":{"type":"Polygon","coordinates":[[[118.689,-20.34],[118.621,-20.375],[118.674,-20.422],[118.757,-20.499],[118.806,-20.617],[118.801,-20.987],[118.74,-21.151],[118.696,-21.315],[118.636,-21.54],[118.642,-21.6],[118.645,-21.637],[118.652,-21.708],[118.718,-21.719],[118.828,-21.79],[118.894,-21.836],[118.938,-21.897],[118.96,-21.984],[119.028,-22.009],[119.033,-22.011],[119.125,-22.045],[119.284,-22.045],[119.669,-22.07],[119.932,-22.111],[120.081,-22.091],[120.405,-22.086],[120.685,-22.111],[120.954,-22.162],[121.069,-22.233],[121.104,-22.199],[121.08,-22.106],[121.121,-22.056],[121.146,-22.025],[121.195,-22.017],[121.135,-21.953],[121.135,-21.841],[121.113,-21.596],[121.058,-21.289],[120.905,-20.982],[120.674,-20.828],[120.476,-20.694],[120.223,-20.52],[120.026,-20.283],[119.957,-20.144],[119.944,-20.118],[119.927,-20.113],[119.888,-20.175],[119.828,-20.262],[119.718,-20.345],[119.636,-20.391],[119.383,-20.355],[119.191,-20.283],[119.026,-20.236],[118.883,-20.149],[118.828,-20.14],[118.81,-20.173],[118.734,-20.317],[118.689,-20.34]]]},"properties":{"NAME":"Nyamal","SUBJECTO":"Nyamal","PARTOF":"Nyamal","ABBREVN":"Nyamal","BORDERPRECISION":3,"fid":560}},
{"type":"Feature","geometry":{"type":"Polygon","coordinates":[[[138.932,-26.151],[138.994,-26.195],[139.131,-26.195],[139.471,-26.205],[139.779,-26.284],[140.197,-26.284],[140.36,-26.23],[140.427,-26.077],[140.502,-25.95],[140.416,-25.919],[140.482,-25.721],[140.58,-25.529],[140.602,-25.487],[140.504,-25.423],[140.219,-25.314],[139.856,-25.195],[139.482,-25.205],[139.37,-25.221],[139.351,-25.255],[139.32,-25.313],[139.197,-25.552],[139.109,-25.681],[138.916,-25.928],[138.862,-25.998],[138.847,-25.986],[138.856,-26.096],[138.932,-26.151]]]},"properties":{"NAME":"Yarluyandi","SUBJECTO":"Yarluyandi","PARTOF":"Yarluyandi","ABBREVN":"Yarluyandi","BORDERPRECISION":3,"fid":561}},
{"type":"Feature","geometry":{"type":"Polygon","coordinates":[[[147.263,-19.911],[147.349,-19.911],[147.667,-19.932],[147.739,-19.947],[147.594,-19.855],[147.467,-19.651],[147.412,-19.653],[147.288,-19.705],[147.263,-19.749],[147.258,-19.824],[147.255,-19.893],[147.263,-19.911]]]},"properties":{"NAME":"Yuru","SUBJECTO":"Yuru","PARTOF":"Yuru","ABBREVN":"Yuru","BORDERPRECISION":3,"fid":562}},
{"type":"Feature","geometry":{"type":"Polygon","coordinates":[[[129.992,-14.434],[129.997,-14.434],[130.02,-14.414],[130.02,-14.413],[129.977,-14.381],[129.927,-14.36],[129.9,-14.368],[129.872,-14.326],[129.861,-14.267],[129.858,-14.198],[129.872,-14.126],[129.889,-14.097],[129.884,-14.097],[129.883,-14.089],[129.874,-14.05],[129.897,-13.993],[129.869,-13.983],[129.763,-14.007],[129.763,-14.019],[129.596,-14.168],[129.614,-14.267],[129.65,-14.336],[129.724,-14.405],[129.809,-14.445],[129.924,-14.429],[129.992,-14.434]]]},"properties":{"NAME":"Marringarr","SUBJECTO":"Marringarr","PARTOF":"Marringarr","ABBREVN":"Marringarr","BORDERPRECISION":3,"fid":563}},
{"type":"Feature","geometry":{"type":"MultiPolygon","coordinates":[[[[150.002,-24.925],[150.007,-24.961],[150.007,-25.18],[150.007,-25.379],[150.046,-25.622],[150.043,-25.69],[150.09,-25.701],[150.233,-25.686],[150.557,-25.661],[150.75,-25.648],[150.71,-25.602],[150.688,-25.404],[150.612,-25.12],[150.601,-24.926],[150.614,-24.789],[150.579,-24.797],[150.408,-24.842],[150.117,-24.916],[150.002,-24.925]]],[[[149.943,-24.929],[149.943,-24.944],[149.991,-24.925],[149.943,-24.929]]]]},"properties":{"NAME":"Wuli-wuli","SUBJECTO":"Wuli-wuli","PARTOF":"Wuli-wuli","ABBREVN":"Wuli-wuli","BORDERPRECISION":3,"fid":564}},
{"type":"Feature","geometry":{"type":"MultiPolygon","coordinates":[[[[143.992,-34.82],[143.998,-34.829],[143.993,-34.82],[143.992,-34.82]]],[[[143.038,-34.848],[143.044,-34.861],[143.24,-35.012],[143.317,-35.237],[143.342,-35.308],[143.487,-35.308],[143.707,-35.264],[143.833,-35.178],[143.937,-35.079],[144.036,-34.944],[144.048,-34.921],[144.011,-34.854],[143.891,-34.825],[143.83,-34.796],[143.707,-34.748],[143.578,-34.744],[143.465,-34.726],[143.407,-34.699],[143.388,-34.669],[143.383,-34.669],[143.289,-34.669],[143.168,-34.724],[143.015,-34.8],[143.038,-34.848]]]]},"properties":{"NAME":"Wadi Wadi","SUBJECTO":"Wadi Wadi","PARTOF":"Wadi Wadi","ABBREVN":"Wadi Wadi","BORDERPRECISION":3,"fid":565}},
{"type":"Feature","geometry":{"type":"Polygon","coordinates":[[[116.547,-34.865],[116.559,-34.836],[116.57,-34.633],[116.499,-34.339],[116.356,-34.303],[116.241,-34.239],[116.186,-34.216],[116.18,-34.166],[116.202,-33.936],[116.194,-33.927],[116.054,-33.802],[115.99,-33.715],[115.868,-33.67],[115.845,-33.669],[115.807,-33.738],[115.756,-33.831],[115.741,-33.859],[115.724,-33.889],[115.373,-34.085],[115.349,-34.116],[115.148,-34.382],[115.137,-34.398],[115.148,-34.425],[115.263,-34.439],[115.461,-34.493],[115.648,-34.597],[115.862,-34.809],[116.005,-34.935],[116.235,-34.994],[116.428,-35.048],[116.446,-35.027],[116.547,-34.865]]]},"properties":{"NAME":"Bibbulman","SUBJECTO":"Bibbulman","PARTOF":"Bibbulman","ABBREVN":"Bibbulman","BORDERPRECISION":3,"fid":566}},
{"type":"Feature","geometry":{"type":"Polygon","coordinates":[[[147.731,-21.821],[147.535,-21.821],[147.283,-21.821],[147.019,-21.851],[146.86,-21.872],[146.795,-21.874],[146.821,-21.923],[146.843,-22.157],[146.778,-22.33],[146.986,-22.345],[147.14,-22.396],[147.237,-22.49],[147.26,-22.511],[147.458,-22.482],[147.612,-22.482],[147.713,-22.482],[147.703,-22.443],[147.7,-22.431],[147.733,-22.36],[147.761,-22.274],[147.761,-22.142],[147.728,-22.035],[147.728,-21.897],[147.731,-21.821]]]},"properties":{"NAME":"Yambina","SUBJECTO":"Yambina","PARTOF":"Yambina","ABBREVN":"Yambina","BORDERPRECISION":3,"fid":567}},
{"type":"Feature","geometry":{"type":"Polygon","coordinates":[[[126.002,-14.687],[126.026,-14.683],[126.046,-14.637],[126.354,-14.541],[126.694,-14.381],[126.747,-14.381],[126.748,-14.381],[126.689,-14.35],[126.639,-14.238],[126.617,-14.203],[126.546,-14.35],[126.426,-14.147],[126.268,-14.071],[126.101,-14.205],[125.968,-14.48],[126.002,-14.541],[126.002,-14.647],[126.002,-14.687]]]},"properties":{"NAME":"Gamberre","SUBJECTO":"Gamberre","PARTOF":"Gamberre","ABBREVN":"Gamberre","BORDERPRECISION":3,"fid":569}},
{"type":"Feature","geometry":{"type":"Polygon","coordinates":[[[125.515,-24.611],[125.508,-24.617],[125.519,-25.046],[125.662,-25.374],[125.837,-25.681],[126.31,-25.998],[126.683,-26.244],[127.046,-26.421],[127.252,-26.498],[127.338,-26.53],[127.365,-26.539],[127.683,-26.48],[127.826,-26.382],[127.936,-26.205],[128.21,-25.998],[128.573,-25.998],[128.855,-26.005],[128.925,-26.007],[129.023,-25.898],[129.067,-25.849],[129.1,-25.572],[129.089,-25.165],[129.034,-24.797],[128.886,-24.43],[128.881,-24.417],[128.866,-24.395],[128.496,-24.267],[128.145,-24.127],[127.966,-24.059],[128.013,-24.107],[126.156,-24.227],[125.881,-24.487],[125.607,-24.637],[125.528,-24.599],[125.515,-24.611]]]},"properties":{"NAME":"Ngatatjara","SUBJECTO":"Ngatatjara","PARTOF":"Ngatatjara","ABBREVN":"Ngatatjara","BORDERPRECISION":3,"fid":570}},
{"type":"Feature","geometry":{"type":"Polygon","coordinates":[[[121.002,-23.304],[120.981,-23.282],[120.718,-23.352],[120.278,-23.403],[119.949,-23.373],[119.806,-23.373],[119.666,-23.395],[119.641,-23.399],[119.619,-23.403],[119.619,-23.458],[119.619,-23.514],[119.627,-23.529],[119.696,-23.665],[119.806,-23.936],[119.861,-24.167],[119.883,-24.427],[119.828,-24.707],[119.718,-24.926],[119.713,-24.933],[119.773,-24.971],[119.763,-24.99],[119.696,-25.12],[119.647,-25.175],[119.465,-25.26],[119.339,-25.334],[119.3,-25.345],[119.128,-25.426],[119.009,-25.547],[118.954,-25.646],[118.93,-25.74],[118.916,-25.79],[118.913,-25.81],[119.235,-25.81],[119.641,-25.998],[119.949,-26.096],[120.41,-26.244],[120.608,-26.313],[120.782,-26.414],[120.795,-26.421],[120.826,-26.431],[121.025,-26.49],[121.201,-26.471],[121.289,-26.402],[121.52,-26.362],[121.772,-26.274],[121.937,-26.096],[122.278,-26.047],[122.498,-26.007],[122.624,-26.007],[122.777,-26.007],[122.794,-26.007],[122.948,-26.027],[122.97,-25.78],[122.97,-25.533],[122.95,-25.402],[122.91,-25.374],[122.872,-25.334],[122.838,-25.299],[122.261,-24.797],[121.954,-24.527],[121.712,-24.267],[121.454,-24.001],[121.19,-23.765],[121.064,-23.559],[120.97,-23.438],[120.96,-23.388],[120.954,-23.357],[121.002,-23.304]]]},"properties":{"NAME":"Wawula","SUBJECTO":"Wawula","PARTOF":"Wawula","ABBREVN":"Wawula","BORDERPRECISION":3,"fid":571}},
{"type":"Feature","geometry":{"type":"Polygon","coordinates":[[[123.289,-21.356],[123.563,-21.054],[123.706,-20.9],[123.838,-20.746],[123.838,-20.679],[123.838,-20.53],[123.838,-20.417],[123.805,-20.035],[123.585,-19.674],[123.333,-19.363],[123.146,-19.135],[122.764,-19.033],[122.736,-19.025],[122.487,-18.958],[121.838,-18.844],[121.544,-18.786],[121.54,-18.785],[121.517,-18.836],[121.386,-19.116],[121.194,-19.377],[120.872,-19.677],[120.71,-19.773],[120.223,-19.983],[119.973,-20.065],[119.926,-20.081],[119.944,-20.118],[119.957,-20.144],[120.026,-20.283],[120.223,-20.52],[120.476,-20.694],[120.674,-20.828],[120.905,-20.982],[121.058,-21.289],[121.113,-21.596],[121.135,-21.841],[121.135,-21.953],[121.195,-22.017],[121.22,-22.012],[121.333,-21.994],[121.399,-22.147],[121.63,-22.218],[122.201,-22.401],[122.542,-22.411],[122.761,-21.984],[123.168,-21.381],[123.274,-21.372],[123.289,-21.356]]]},"properties":{"NAME":"Nyangumarda","SUBJECTO":"Nyangumarda","PARTOF":"Nyangumarda","ABBREVN":"Nyangumarda","BORDERPRECISION":3,"fid":572}},
{"type":"Feature","geometry":{"type":"Polygon","coordinates":[[[138.493,-22.043],[138.582,-22.065],[138.737,-22.121],[139.208,-22.147],[139.222,-22.161],[139.224,-22.152],[139.238,-22.127],[139.263,-22.083],[139.263,-21.516],[139.257,-21.514],[139.208,-21.543],[139.153,-21.576],[139.142,-21.187],[139.09,-20.968],[139.082,-20.959],[139.087,-21.002],[138.933,-21.269],[138.647,-21.433],[138.362,-21.514],[137.966,-21.739],[137.955,-21.739],[138.065,-21.841],[138.384,-21.953],[138.493,-22.043]]]},"properties":{"NAME":"Warluwarra","SUBJECTO":"Warluwarra","PARTOF":"Warluwarra","ABBREVN":"Warluwarra","BORDERPRECISION":3,"fid":573}},
{"type":"Feature","geometry":{"type":"Polygon","coordinates":[[[139.989,-20.078],[140.01,-20.1],[140.022,-20.114],[140.065,-20.108],[140.076,-20.145],[140.087,-20.18],[140.088,-20.186],[140.208,-20.149],[140.471,-19.87],[140.658,-19.715],[140.9,-19.456],[141.108,-19.396],[141.108,-19.355],[141.108,-19.228],[141.031,-18.813],[140.999,-18.625],[140.9,-18.313],[140.863,-18.244],[140.827,-18.175],[140.79,-18.271],[140.625,-18.5],[140.383,-18.459],[140.087,-18.396],[140.042,-18.409],[139.9,-18.448],[139.904,-18.492],[139.933,-18.792],[140.021,-19.031],[140.021,-19.477],[140.01,-19.849],[139.989,-20.078]]]},"properties":{"NAME":"Mayi-Yapi","SUBJECTO":"Mayi-Yapi","PARTOF":"Mayi-Yapi","ABBREVN":"Mayi-Yapi","BORDERPRECISION":3,"fid":574}},
{"type":"Feature","geometry":{"type":"Polygon","coordinates":[[[147.263,-19.911],[147.223,-19.911],[147.272,-20.087],[147.25,-20.324],[147.217,-20.509],[147.161,-20.551],[147.137,-20.568],[147.206,-20.669],[147.332,-20.854],[147.442,-20.997],[147.59,-21.182],[147.733,-21.269],[147.783,-21.356],[147.739,-21.453],[147.722,-21.571],[147.744,-21.576],[147.778,-21.585],[147.838,-21.601],[147.986,-21.657],[148.398,-21.657],[148.588,-21.66],[148.609,-21.66],[148.854,-21.663],[149.02,-21.641],[149.059,-21.636],[149.09,-21.632],[149.086,-21.622],[149.072,-21.591],[149.03,-21.494],[148.843,-21.161],[148.689,-20.946],[148.647,-20.881],[148.635,-20.862],[148.59,-20.792],[148.508,-20.612],[148.398,-20.422],[148.299,-20.273],[148.175,-20.167],[148.106,-20.143],[148.092,-20.137],[147.973,-20.096],[147.739,-19.947],[147.667,-19.932],[147.349,-19.911],[147.263,-19.911]]]},"properties":{"NAME":"Biri","SUBJECTO":"Biri","PARTOF":"Biri","ABBREVN":"Biri","BORDERPRECISION":3,"fid":575}},
{"type":"Feature","geometry":{"type":"Polygon","coordinates":[[[150.282,-28.459],[149.634,-28.797],[148.997,-28.864],[148.381,-28.883],[147.887,-28.97],[147.783,-28.985],[147.746,-28.99],[147.469,-29.03],[147.439,-29.035],[147.439,-29.042],[147.439,-29.128],[147.283,-29.337],[147,-29.547],[146.843,-29.847],[146.837,-29.859],[146.813,-29.905],[146.851,-29.941],[146.887,-29.976],[146.927,-29.998],[147.066,-30.074],[147.382,-30.119],[147.664,-30.109],[147.892,-30.055],[148.038,-30.036],[148.082,-30.069],[148.211,-30.2],[148.291,-30.366],[148.453,-30.636],[148.576,-30.598],[148.64,-30.61],[148.793,-30.737],[148.909,-30.865],[148.942,-31.062],[149.041,-31.119],[149.181,-31.257],[149.186,-31.391],[149.142,-31.508],[149.042,-31.785],[149.174,-31.837],[149.656,-32.027],[149.705,-32.082],[149.724,-32.103],[149.963,-32.022],[150.282,-31.892],[150.529,-31.836],[150.864,-31.78],[151.293,-31.644],[151.348,-31.636],[151.425,-31.625],[151.427,-31.613],[151.458,-31.457],[151.336,-31.162],[151.315,-31.109],[151.216,-30.978],[151.062,-30.808],[150.974,-30.647],[150.963,-30.344],[150.974,-30.107],[150.996,-29.888],[150.996,-29.841],[150.996,-29.798],[150.996,-29.717],[150.919,-29.516],[150.974,-29.344],[150.963,-29.143],[150.941,-28.97],[150.974,-28.777],[150.934,-28.731],[150.932,-28.727],[150.932,-28.728],[150.931,-28.727],[150.875,-28.662],[150.809,-28.546],[150.677,-28.411],[150.436,-28.391],[150.282,-28.459]]]},"properties":{"NAME":"Kamilaroi","SUBJECTO":"Kamilaroi","PARTOF":"Kamilaroi","ABBREVN":"Kamilaroi","BORDERPRECISION":3,"fid":576}},
{"type":"Feature","geometry":{"type":"Polygon","coordinates":[[[142.937,-17.252],[142.998,-17.33],[143.042,-17.382],[143.108,-17.41],[143.13,-17.42],[143.262,-17.476],[143.383,-17.602],[143.405,-17.738],[143.448,-17.989],[143.448,-18.219],[143.459,-18.355],[143.48,-18.494],[143.481,-18.5],[143.487,-18.532],[143.514,-18.698],[143.602,-18.969],[143.646,-19.114],[143.789,-19.342],[143.888,-19.487],[143.97,-19.586],[143.986,-19.605],[144.009,-19.632],[144.057,-19.613],[144.219,-19.547],[144.272,-19.467],[144.426,-19.259],[144.492,-19.041],[144.492,-18.782],[144.481,-18.511],[144.481,-18.502],[144.47,-18.428],[144.487,-18.331],[144.492,-18.177],[144.569,-17.895],[144.569,-17.696],[144.646,-17.55],[144.772,-17.55],[144.805,-17.55],[144.778,-17.445],[144.76,-17.433],[144.725,-17.409],[144.591,-17.319],[144.371,-17.12],[144.218,-16.868],[144.009,-16.636],[143.943,-16.489],[143.89,-16.489],[143.884,-16.489],[143.701,-16.489],[143.525,-16.594],[143.508,-16.609],[143.542,-16.641],[143.497,-16.687],[143.454,-16.731],[143.366,-16.862],[143.179,-17.004],[142.971,-17.199],[142.946,-17.238],[142.937,-17.252]]]},"properties":{"NAME":"Agwarmin","SUBJECTO":"Agwarmin","PARTOF":"Agwarmin","ABBREVN":"Agwarmin","BORDERPRECISION":3,"fid":577}},
{"type":"Feature","geometry":{"type":"Polygon","coordinates":[[[149.501,-37.038],[149.823,-37.101],[149.928,-37.103],[149.952,-37.075],[149.975,-37.049],[149.975,-37.047],[150.011,-36.626],[150.087,-36.154],[150.222,-35.694],[150.343,-35.547],[150.48,-35.469],[150.524,-35.385],[150.653,-35.237],[150.749,-35.198],[150.801,-35.151],[150.818,-35.108],[150.816,-35.106],[150.796,-35.086],[150.699,-35.079],[150.433,-34.976],[150.356,-34.942],[150.33,-34.935],[150.257,-34.915],[150.225,-34.923],[150.079,-34.958],[150.007,-35.003],[149.845,-35.095],[149.65,-35.213],[149.645,-35.216],[149.619,-35.231],[149.485,-35.308],[149.442,-35.333],[149.442,-35.368],[149.488,-35.372],[149.514,-35.374],[149.59,-35.38],[149.491,-35.836],[149.491,-36.315],[149.502,-36.704],[149.502,-36.982],[149.502,-37.038],[149.501,-37.038]]]},"properties":{"NAME":"Yuin","SUBJECTO":"Yuin","PARTOF":"Yuin","ABBREVN":"Yuin","BORDERPRECISION":3,"fid":578}},
{"type":"Feature","geometry":{"type":"Polygon","coordinates":[[[146.547,-21.599],[146.552,-21.657],[146.678,-21.877],[146.789,-21.874],[146.795,-21.874],[146.86,-21.872],[147.019,-21.851],[147.283,-21.821],[147.535,-21.821],[147.731,-21.821],[147.783,-21.821],[147.783,-21.82],[147.794,-21.759],[147.778,-21.585],[147.744,-21.576],[147.722,-21.571],[147.739,-21.453],[147.783,-21.356],[147.733,-21.269],[147.59,-21.182],[147.442,-20.997],[147.332,-20.854],[147.206,-20.669],[147.137,-20.568],[147.063,-20.623],[146.931,-20.551],[146.93,-20.55],[146.921,-20.552],[146.849,-20.643],[146.574,-20.694],[146.541,-20.926],[146.558,-21.192],[146.569,-21.361],[146.585,-21.52],[146.589,-21.535],[146.607,-21.601],[146.547,-21.599]]]},"properties":{"NAME":"Yangga","SUBJECTO":"Yangga","PARTOF":"Yangga","ABBREVN":"Yangga","BORDERPRECISION":3,"fid":579}},
{"type":"Feature","geometry":{"type":"Polygon","coordinates":[[[149.634,-27.274],[149.513,-27.303],[149.418,-27.332],[149.392,-27.464],[149.381,-27.727],[149.414,-27.79],[149.507,-27.965],[149.403,-27.994],[149.145,-28.043],[148.804,-28.135],[148.431,-28.135],[148.414,-28.256],[148.388,-28.292],[148.266,-28.464],[148.123,-28.642],[147.914,-28.854],[147.809,-28.959],[147.783,-28.985],[147.887,-28.97],[148.381,-28.883],[148.997,-28.864],[149.634,-28.797],[150.282,-28.459],[150.436,-28.391],[150.677,-28.411],[150.809,-28.546],[150.875,-28.662],[150.931,-28.727],[150.932,-28.728],[150.932,-28.727],[150.934,-28.724],[150.958,-28.7],[150.908,-28.657],[150.908,-28.507],[150.826,-28.251],[150.804,-28.023],[150.815,-27.834],[150.831,-27.64],[150.969,-27.537],[150.968,-27.528],[150.892,-27.547],[150.875,-27.502],[150.864,-27.474],[150.848,-27.362],[150.732,-27.284],[150.557,-27.206],[150.37,-27.206],[150.084,-27.196],[149.793,-27.235],[149.634,-27.274]]]},"properties":{"NAME":"Bigambul","SUBJECTO":"Bigambul","PARTOF":"Bigambul","ABBREVN":"Bigambul","BORDERPRECISION":3,"fid":580}},
{"type":"Feature","geometry":{"type":"Polygon","coordinates":[[[133.859,-14.893],[133.825,-14.935],[133.759,-15.019],[133.697,-15.064],[133.693,-15.067],[133.627,-15.115],[133.627,-15.358],[133.616,-15.581],[133.561,-15.792],[133.495,-16.035],[133.484,-16.215],[133.496,-16.226],[133.512,-16.241],[133.66,-16.383],[133.868,-16.562],[134.011,-16.71],[134.308,-16.973],[134.451,-17.214],[134.485,-17.196],[134.672,-17.095],[134.703,-17.078],[134.912,-16.91],[135.022,-16.752],[135.242,-16.51],[135.396,-16.362],[135.398,-16.33],[135.417,-16.046],[135.434,-15.837],[135.439,-15.771],[135.439,-15.768],[135.428,-15.57],[135.385,-15.401],[135.231,-15.284],[134.956,-15.178],[134.908,-15.165],[134.897,-15.162],[134.725,-15.115],[134.495,-14.934],[134.297,-14.796],[134.146,-14.723],[134.143,-14.722],[134.067,-14.741],[133.934,-14.775],[133.901,-14.839],[133.859,-14.893]]]},"properties":{"NAME":"Alawa","SUBJECTO":"Alawa","PARTOF":"Alawa","ABBREVN":"Alawa","BORDERPRECISION":3,"fid":581}},
{"type":"Feature","geometry":{"type":"Polygon","coordinates":[[[142.664,-38.053],[142.71,-38.024],[142.71,-38.001],[142.71,-37.983],[142.674,-37.968],[142.564,-37.92],[142.408,-37.875],[142.278,-37.81],[142.119,-37.764],[142.031,-37.725],[141.941,-37.71],[141.937,-37.709],[141.91,-37.765],[141.905,-37.775],[141.663,-37.775],[141.471,-37.671],[141.42,-37.631],[141.424,-37.643],[141.395,-37.671],[141.332,-37.67],[141.28,-37.67],[141.239,-37.682],[141.246,-37.713],[141.242,-37.747],[141.227,-37.773],[141.227,-37.776],[141.228,-37.798],[141.286,-37.877],[141.299,-37.916],[141.292,-37.967],[141.258,-37.981],[141.276,-38.029],[141.265,-38.043],[141.251,-38.061],[141.238,-38.059],[141.194,-38.053],[141.172,-38.049],[141.097,-38.021],[141.089,-38.017],[141.055,-38.003],[141.004,-37.986],[140.994,-37.989],[140.972,-37.994],[140.963,-37.996],[140.959,-38.002],[140.957,-38.004],[140.946,-38.02],[140.946,-38.063],[140.952,-38.068],[140.975,-38.086],[140.993,-38.091],[141.125,-38.173],[141.213,-38.234],[141.279,-38.337],[141.356,-38.423],[141.482,-38.454],[141.592,-38.428],[141.735,-38.372],[141.943,-38.393],[142.218,-38.462],[142.311,-38.462],[142.424,-38.462],[142.482,-38.43],[142.513,-38.411],[142.547,-38.399],[142.552,-38.398],[142.587,-38.383],[142.6,-38.352],[142.618,-38.333],[142.637,-38.305],[142.663,-38.28],[142.673,-38.248],[142.674,-38.205],[142.69,-38.15],[142.677,-38.098],[142.661,-38.063],[142.657,-38.057],[142.664,-38.053]]]},"properties":{"NAME":"Gunditjmara","SUBJECTO":"Gunditjmara","PARTOF":"Gunditjmara","ABBREVN":"Gunditjmara","BORDERPRECISION":3,"fid":582}},
{"type":"Feature","geometry":{"type":"Polygon","coordinates":[[[145.798,-35.988],[145.767,-35.996],[145.767,-36.049],[145.789,-36.091],[145.788,-36.093],[145.791,-36.095],[145.822,-36.107],[145.898,-36.24],[146.036,-36.373],[146.091,-36.488],[146.223,-36.616],[146.31,-36.721],[146.53,-36.919],[146.656,-36.989],[146.843,-36.994],[146.953,-37.02],[146.953,-37.055],[146.986,-37.055],[147.184,-37.003],[147.191,-37.009],[147.228,-36.95],[147.294,-36.774],[147.294,-36.571],[147.292,-36.533],[147.272,-36.359],[147.228,-36.129],[147.205,-36.102],[146.953,-36.12],[146.184,-36.085],[145.817,-35.992],[145.798,-35.988]]]},"properties":{"NAME":"Waveroo","SUBJECTO":"Waveroo","PARTOF":"Waveroo","ABBREVN":"Waveroo","BORDERPRECISION":3,"fid":583}},
{"type":"Feature","geometry":{"type":"Polygon","coordinates":[[[144.761,-34.683],[144.695,-34.665],[144.547,-34.66],[144.267,-34.751],[144.102,-34.809],[144.096,-34.822],[144.048,-34.921],[144.036,-34.944],[143.937,-35.079],[143.833,-35.178],[143.707,-35.264],[143.487,-35.308],[143.342,-35.308],[143.354,-35.344],[143.361,-35.362],[143.427,-35.559],[143.558,-35.747],[143.684,-35.797],[143.731,-35.796],[143.817,-35.724],[144.031,-35.568],[144.207,-35.429],[144.385,-35.306],[144.404,-35.286],[144.541,-35.163],[144.657,-35.03],[144.756,-34.899],[144.838,-34.755],[144.855,-34.776],[144.855,-34.775],[144.798,-34.693],[144.761,-34.683]]]},"properties":{"NAME":"Wemba Wemba","SUBJECTO":"Wemba Wemba","PARTOF":"Wemba Wemba","ABBREVN":"Wemba Wemba","BORDERPRECISION":3,"fid":584}},
{"type":"Feature","geometry":{"type":"Polygon","coordinates":[[[133.162,-14.902],[133.099,-14.955],[132.902,-15.03],[132.693,-15.019],[132.462,-14.977],[132.303,-15.025],[132.286,-15.03],[132.231,-15.21],[132.319,-15.485],[132.319,-15.761],[132.319,-15.893],[132.319,-15.961],[132.33,-16.109],[132.391,-16.19],[132.429,-16.162],[132.534,-16.257],[132.632,-16.415],[132.88,-16.489],[133.187,-16.489],[133.367,-16.419],[133.391,-16.41],[133.393,-16.422],[133.429,-16.394],[133.492,-16.234],[133.496,-16.226],[133.484,-16.215],[133.495,-16.035],[133.561,-15.792],[133.616,-15.581],[133.627,-15.358],[133.627,-15.115],[133.693,-15.067],[133.697,-15.064],[133.704,-14.945],[133.396,-14.913],[133.204,-14.872],[133.181,-14.897],[133.171,-14.908],[133.162,-14.902]]]},"properties":{"NAME":"Yangman","SUBJECTO":"Yangman","PARTOF":"Yangman","ABBREVN":"Yangman","BORDERPRECISION":3,"fid":585}},
{"type":"Feature","geometry":{"type":"Polygon","coordinates":[[[152.428,-27.754],[152.419,-27.635],[152.314,-27.425],[152.227,-27.235],[152.218,-27.219],[152.18,-27.149],[152.161,-27.113],[152.062,-26.966],[151.974,-26.834],[151.584,-26.628],[151.562,-26.446],[151.474,-26.244],[151.238,-25.968],[151.029,-25.78],[150.883,-25.668],[150.873,-25.661],[150.848,-25.642],[150.829,-25.643],[150.75,-25.648],[150.557,-25.661],[150.233,-25.686],[150.09,-25.701],[150.043,-25.69],[150.002,-25.681],[150.001,-25.694],[149.985,-25.849],[149.982,-25.894],[149.98,-25.913],[149.974,-25.993],[149.848,-26.096],[149.683,-26.126],[149.529,-26.126],[149.494,-26.178],[149.42,-26.288],[149.42,-26.323],[149.42,-26.48],[149.315,-26.839],[149.299,-27.176],[149.271,-27.377],[149.418,-27.332],[149.513,-27.303],[149.634,-27.274],[149.793,-27.235],[150.084,-27.196],[150.37,-27.206],[150.557,-27.206],[150.732,-27.284],[150.848,-27.362],[150.864,-27.474],[150.875,-27.502],[150.892,-27.547],[150.968,-27.528],[150.991,-27.523],[151.062,-27.533],[151.111,-27.591],[151.161,-27.669],[151.183,-27.781],[151.326,-27.839],[151.35,-27.839],[151.507,-27.839],[152.292,-27.771],[152.43,-27.771],[152.428,-27.754]]]},"properties":{"NAME":"Barunggam","SUBJECTO":"Barunggam","PARTOF":"Barunggam","ABBREVN":"Barunggam","BORDERPRECISION":3,"fid":586}},
{"type":"Feature","geometry":{"type":"Polygon","coordinates":[[[134.246,-32.8],[134.258,-32.875],[134.111,-33.025],[134.154,-33.046],[134.418,-32.778],[134.835,-32.436],[134.934,-32.376],[134.944,-32.37],[135.363,-32.12],[135.659,-31.961],[136.049,-31.811],[136.033,-31.803],[136.013,-31.779],[135.868,-31.597],[134.945,-31.081],[134.319,-30.883],[133.231,-30.496],[131.847,-30.373],[131.44,-30.25],[131.41,-30.24],[131.373,-30.228],[131.287,-30.278],[131.133,-30.496],[131.045,-30.638],[131.026,-30.768],[131.243,-30.808],[131.336,-30.986],[131.188,-31.466],[131.111,-31.462],[131.082,-31.49],[131.356,-31.671],[131.694,-31.831],[131.993,-32.066],[132.182,-32.148],[132.377,-32.161],[132.574,-32.084],[132.698,-32.09],[133.125,-32.337],[133.344,-32.368],[133.718,-32.298],[133.837,-32.342],[134.081,-32.564],[134.237,-32.742],[134.246,-32.8]]]},"properties":{"NAME":"Wirangu","SUBJECTO":"Wirangu","PARTOF":"Wirangu","ABBREVN":"Wirangu","BORDERPRECISION":3,"fid":587}},
{"type":"Feature","geometry":{"type":"Polygon","coordinates":[[[150.747,-24.143],[150.941,-24.046],[151.174,-23.92],[150.802,-23.6],[150.8,-23.558],[150.776,-23.569],[150.639,-23.66],[150.568,-23.703],[150.601,-23.75],[150.738,-24.117],[150.747,-24.143]]]},"properties":{"NAME":"Bayali","SUBJECTO":"Bayali","PARTOF":"Bayali","ABBREVN":"Bayali","BORDERPRECISION":3,"fid":588}},
{"type":"Feature","geometry":{"type":"Polygon","coordinates":[[[142.61,-20.658],[142.665,-20.658],[142.885,-20.596],[142.927,-20.584],[142.603,-20.247],[142.482,-20.123],[142.586,-19.999],[142.822,-19.798],[142.976,-19.513],[142.916,-19.473],[142.903,-19.465],[142.853,-19.431],[142.846,-19.449],[142.822,-19.508],[142.581,-19.394],[142.262,-19.311],[141.779,-19.27],[141.471,-19.29],[141.14,-19.394],[141.122,-19.4],[141.141,-19.596],[141.174,-19.793],[141.251,-19.999],[141.282,-20.057],[141.322,-20.044],[141.35,-20.035],[141.438,-20.138],[141.559,-20.386],[141.823,-20.592],[142.284,-20.612],[142.61,-20.658]]]},"properties":{"NAME":"Ngawun","SUBJECTO":"Ngawun","PARTOF":"Ngawun","ABBREVN":"Ngawun","BORDERPRECISION":3,"fid":589}},
{"type":"Feature","geometry":{"type":"Polygon","coordinates":[[[127.65,-15.231],[127.661,-15.231],[127.665,-15.227],[127.859,-15.019],[127.989,-14.857],[127.969,-14.739],[127.963,-14.703],[127.678,-14.437],[127.529,-14.196],[127.432,-14.126],[127.397,-14.1],[127.342,-14.091],[127.244,-14.275],[127.244,-14.438],[127.277,-14.445],[127.291,-14.482],[127.375,-14.701],[127.375,-14.934],[127.441,-15.178],[127.617,-15.199],[127.65,-15.231]]]},"properties":{"NAME":"Kwini","SUBJECTO":"Kwini","PARTOF":"Kwini","ABBREVN":"Kwini","BORDERPRECISION":3,"fid":590}},
{"type":"Feature","geometry":{"type":"Polygon","coordinates":[[[149.299,-22.372],[149.37,-22.35],[149.359,-22.106],[149.359,-21.943],[149.271,-21.759],[149.162,-21.627],[149.136,-21.595],[149.128,-21.586],[149.072,-21.591],[149.086,-21.622],[149.09,-21.632],[149.059,-21.636],[149.02,-21.641],[148.854,-21.663],[148.609,-21.66],[148.585,-21.77],[148.585,-21.984],[148.585,-22.192],[148.575,-22.328],[148.661,-22.309],[148.749,-22.294],[148.854,-22.33],[148.874,-22.362],[148.876,-22.36],[149.112,-22.36],[149.282,-22.35],[149.288,-22.35],[149.299,-22.372]]]},"properties":{"NAME":"Baradha","SUBJECTO":"Baradha","PARTOF":"Baradha","ABBREVN":"Baradha","BORDERPRECISION":3,"fid":591}},
{"type":"Feature","geometry":{"type":"Polygon","coordinates":[[[144.572,-28.766],[144.602,-28.729],[144.712,-28.517],[144.783,-28.256],[144.862,-28.078],[144.767,-28.062],[144.52,-28.033],[144.196,-27.985],[144.176,-27.983],[144.108,-28.043],[143.893,-28.212],[143.795,-28.29],[143.646,-28.401],[143.646,-28.527],[143.686,-28.738],[143.921,-28.748],[144.481,-28.748],[144.572,-28.766]]]},"properties":{"NAME":"Budjari","SUBJECTO":"Budjari","PARTOF":"Budjari","ABBREVN":"Budjari","BORDERPRECISION":3,"fid":592}},
{"type":"Feature","geometry":{"type":"Polygon","coordinates":[[[139.628,-29.5],[139.603,-29.296],[139.614,-28.979],[139.62,-28.912],[139.622,-28.894],[139.636,-28.739],[139.702,-28.469],[139.845,-28.237],[139.9,-27.985],[139.988,-27.645],[139.988,-27.549],[139.988,-27.489],[139.988,-27.43],[140.023,-27.274],[140.032,-27.235],[139.977,-27.233],[139.779,-27.225],[139.603,-27.255],[139.395,-27.323],[139.186,-27.382],[138.834,-27.372],[138.571,-27.362],[138.417,-27.362],[138.402,-27.375],[138.407,-27.392],[138.417,-27.43],[138.296,-27.518],[138.213,-27.599],[138.197,-27.664],[138.182,-27.7],[138.23,-27.771],[138.263,-27.859],[138.428,-28.13],[138.691,-28.478],[138.658,-28.7],[138.658,-28.883],[138.604,-29.171],[138.485,-29.504],[138.461,-29.571],[138.461,-29.573],[138.669,-29.554],[138.933,-29.545],[139.219,-29.545],[139.482,-29.545],[139.485,-29.545],[139.493,-29.542],[139.571,-29.507],[139.592,-29.497],[139.628,-29.5]]]},"properties":{"NAME":"Dieri","SUBJECTO":"Dieri","PARTOF":"Dieri","ABBREVN":"Dieri","BORDERPRECISION":3,"fid":593}},
{"type":"Feature","geometry":{"type":"Polygon","coordinates":[[[141.53,-14.476],[141.524,-14.493],[141.592,-14.493],[141.795,-14.499],[141.998,-14.499],[141.999,-14.498],[142.056,-14.49],[142.18,-14.472],[142.394,-14.472],[142.531,-14.419],[142.646,-14.355],[142.839,-14.318],[142.899,-14.286],[142.912,-14.277],[142.96,-14.243],[142.953,-14.185],[142.927,-13.966],[142.921,-13.758],[142.921,-13.534],[142.899,-13.352],[142.883,-13.133],[142.872,-13.093],[142.866,-13.074],[142.858,-13.074],[142.615,-13.074],[142.61,-13.074],[142.608,-13.074],[142.593,-13.075],[142.349,-13.098],[142.256,-13.106],[141.982,-13.192],[141.978,-13.204],[141.972,-13.224],[141.932,-13.358],[141.888,-13.491],[141.762,-13.515],[141.688,-13.515],[141.655,-13.48],[141.655,-13.419],[141.663,-13.392],[141.652,-13.344],[141.622,-13.35],[141.584,-13.358],[141.564,-13.386],[141.552,-13.498],[141.512,-13.809],[141.595,-13.987],[141.668,-14.114],[141.585,-14.331],[141.53,-14.476]]]},"properties":{"NAME":"Wik","SUBJECTO":"Wik","PARTOF":"Wik","ABBREVN":"Wik","BORDERPRECISION":3,"fid":594}},
{"type":"Feature","geometry":{"type":"Polygon","coordinates":[[[144.199,-14.464],[144.223,-14.647],[144.231,-14.803],[144.481,-14.786],[144.635,-14.87],[144.976,-14.966],[145.031,-15.042],[145.085,-15.008],[145.117,-14.977],[144.946,-14.908],[144.693,-14.724],[144.529,-14.668],[144.385,-14.369],[144.212,-14.452],[144.199,-14.464]]]},"properties":{"NAME":"Mutumui","SUBJECTO":"Mutumui","PARTOF":"Mutumui","ABBREVN":"Mutumui","BORDERPRECISION":3,"fid":595}},
{"type":"Feature","geometry":{"type":"Polygon","coordinates":[[[141.92,-12.007],[141.863,-12.1],[141.898,-12.102],[141.915,-12.109],[141.912,-12.086],[141.92,-12.039],[141.92,-12.007]]]},"properties":{"NAME":"Tjungundji","SUBJECTO":"Tjungundji","PARTOF":"Tjungundji","ABBREVN":"Tjungundji","BORDERPRECISION":3,"fid":596}},
{"type":"Feature","geometry":{"type":"MultiPolygon","coordinates":[[[[140.989,-36.763],[140.977,-36.84],[141.008,-36.889],[140.989,-36.763]]],[[[142.846,-36.58],[142.907,-36.494],[142.907,-36.489],[142.907,-36.397],[142.938,-36.352],[142.745,-36.315],[142.46,-36.315],[142.328,-36.448],[142.13,-36.616],[141.91,-36.8],[141.471,-36.8],[141.013,-36.896],[141.042,-36.941],[141.042,-36.989],[141.064,-37.125],[141.262,-37.444],[141.378,-37.597],[141.42,-37.631],[141.471,-37.671],[141.663,-37.775],[141.905,-37.775],[141.91,-37.765],[141.937,-37.709],[141.971,-37.64],[142.059,-37.571],[142.185,-37.571],[142.267,-37.614],[142.427,-37.623],[142.526,-37.562],[142.526,-37.449],[142.526,-37.3],[142.526,-37.143],[142.569,-37.057],[142.572,-37.055],[142.632,-37.055],[142.718,-37.055],[142.973,-37.063],[143.02,-37.064],[143.289,-37.103],[143.322,-37.086],[143.397,-37.045],[143.443,-37.02],[143.443,-36.937],[143.377,-36.928],[143.245,-36.919],[143.226,-36.918],[143.015,-36.902],[142.855,-36.814],[142.8,-36.704],[142.839,-36.589],[142.846,-36.58]]]]},"properties":{"NAME":"Jardwadjali","SUBJECTO":"Jardwadjali","PARTOF":"Jardwadjali","ABBREVN":"Jardwadjali","BORDERPRECISION":3,"fid":597}},
{"type":"Feature","geometry":{"type":"Polygon","coordinates":[[[141.988,-12.183],[141.988,-12.19],[141.99,-12.249],[142.004,-12.34],[142.026,-12.42],[142.037,-12.499],[142.039,-12.517],[142.046,-12.538],[142.081,-12.648],[142.125,-12.774],[142.129,-12.785],[142.139,-12.812],[142.158,-12.863],[142.229,-12.959],[142.289,-13.039],[142.349,-13.098],[142.593,-13.075],[142.596,-13.066],[142.6,-13.052],[142.611,-13.015],[142.616,-12.817],[142.638,-12.651],[142.638,-12.496],[142.638,-12.488],[142.621,-12.452],[142.589,-12.388],[142.413,-12.273],[142.331,-12.171],[142.278,-12.125],[142.176,-12.085],[142.169,-12.082],[142.162,-12.087],[142.086,-12.136],[141.987,-12.176],[141.988,-12.183]]]},"properties":{"NAME":"Luthigh","SUBJECTO":"Luthigh","PARTOF":"Luthigh","ABBREVN":"Luthigh","BORDERPRECISION":3,"fid":598}},
{"type":"Feature","geometry":{"type":"Polygon","coordinates":[[[145.12,-14.978],[145.117,-14.977],[145.085,-15.008],[145.031,-15.042],[145.046,-15.062],[145.107,-15.146],[144.943,-15.295],[144.745,-15.475],[144.745,-15.655],[144.811,-15.824],[144.804,-15.914],[144.866,-15.887],[145.031,-15.771],[145.146,-15.591],[145.124,-15.48],[145.199,-15.399],[145.185,-15.232],[145.184,-15.048],[145.138,-14.998],[145.12,-14.978]]]},"properties":{"NAME":"Guugu-Yimidhirr","SUBJECTO":"Guugu-Yimidhirr","PARTOF":"Guugu-Yimidhirr","ABBREVN":"Guugu-Yimidhirr","BORDERPRECISION":3,"fid":599}},
{"type":"Feature","geometry":{"type":"Polygon","coordinates":[[[142.936,-18.809],[143.02,-18.823],[143.032,-18.733],[143.036,-18.698],[142.999,-18.646],[142.844,-18.428],[142.685,-18.182],[142.587,-18.037],[142.581,-18.041],[142.573,-18.038],[141.954,-17.785],[141.806,-17.702],[141.262,-17.53],[141.306,-17.634],[141.306,-17.811],[141.306,-17.947],[141.383,-18.156],[141.592,-18.282],[141.757,-18.375],[142.031,-18.521],[142.339,-18.657],[142.712,-18.74],[142.889,-18.773],[142.932,-18.782],[142.936,-18.809]]]},"properties":{"NAME":"Walangama","SUBJECTO":"Walangama","PARTOF":"Walangama","ABBREVN":"Walangama","BORDERPRECISION":3,"fid":600}},
{"type":"Feature","geometry":{"type":"Polygon","coordinates":[[[142.646,-11.098],[142.622,-11.089],[142.517,-11.079],[142.413,-11.071],[142.306,-11.038],[142.267,-10.99],[142.259,-10.998],[142.212,-11.049],[142.126,-11.157],[142.093,-11.532],[141.953,-11.952],[141.947,-11.963],[141.939,-11.976],[141.969,-11.992],[142.018,-11.994],[142.116,-12],[142.15,-12.002],[142.16,-12.003],[142.2,-12.006],[142.354,-12.018],[142.63,-12.023],[142.689,-12.021],[142.71,-12.021],[142.71,-12.004],[142.712,-11.953],[142.685,-11.8],[142.687,-11.781],[142.689,-11.767],[142.699,-11.695],[142.699,-11.545],[142.699,-11.429],[142.693,-11.27],[142.686,-11.183],[142.646,-11.098]]]},"properties":{"NAME":"Anggamudi","SUBJECTO":"Anggamudi","PARTOF":"Anggamudi","ABBREVN":"Anggamudi","BORDERPRECISION":3,"fid":601}},
{"type":"Feature","geometry":{"type":"Polygon","coordinates":[[[130.978,-12.981],[131.097,-12.964],[131.204,-12.919],[131.205,-12.911],[131.177,-12.876],[131.177,-12.691],[131.169,-12.52],[131.127,-12.361],[131.063,-12.261],[131.028,-12.268],[130.859,-12.447],[130.951,-12.631],[130.84,-12.707],[130.66,-12.72],[130.518,-12.733],[130.463,-12.759],[130.403,-12.861],[130.485,-12.892],[130.803,-12.935],[130.978,-12.981]]]},"properties":{"NAME":"Larrakia","SUBJECTO":"Larrakia","PARTOF":"Larrakia","ABBREVN":"Larrakia","BORDERPRECISION":3,"fid":602}},
{"type":"Feature","geometry":{"type":"Polygon","coordinates":[[[139.222,-22.161],[139.201,-22.263],[139.175,-22.386],[139.169,-22.629],[139.059,-22.948],[138.856,-23.211],[138.735,-23.388],[138.983,-23.725],[139.026,-23.896],[139.12,-24.077],[139.257,-24.267],[139.395,-24.387],[139.493,-24.487],[139.595,-24.642],[139.597,-24.647],[139.598,-24.646],[139.642,-24.712],[139.883,-24.632],[140.24,-24.507],[140.521,-24.445],[140.603,-24.427],[140.598,-24.38],[140.57,-24.087],[140.577,-23.928],[140.526,-23.916],[140.527,-23.901],[140.537,-23.574],[140.515,-23.282],[140.68,-22.766],[140.821,-22.541],[140.889,-22.431],[140.928,-22.378],[140.548,-22.37],[140.293,-22.16],[140.24,-22.116],[140.219,-22.113],[140.01,-22.086],[139.493,-22.004],[139.307,-22.004],[139.263,-22.083],[139.238,-22.127],[139.224,-22.152],[139.222,-22.161]]]},"properties":{"NAME":"Pitta-Pitta","SUBJECTO":"Pitta-Pitta","PARTOF":"Pitta-Pitta","ABBREVN":"Pitta-Pitta","BORDERPRECISION":3,"fid":603}},
{"type":"Feature","geometry":{"type":"Polygon","coordinates":[[[151.392,-29.81],[151.512,-29.688],[151.754,-29.507],[151.788,-29.447],[151.908,-29.238],[152.007,-29.095],[152.021,-28.985],[151.982,-28.958],[151.963,-28.917],[151.963,-28.758],[151.902,-28.652],[151.823,-28.493],[151.733,-28.407],[151.691,-28.34],[151.689,-28.315],[151.501,-28.111],[151.458,-27.946],[151.35,-27.839],[151.326,-27.839],[151.183,-27.781],[151.161,-27.669],[151.111,-27.591],[151.062,-27.533],[150.991,-27.523],[150.968,-27.528],[150.969,-27.537],[150.831,-27.64],[150.815,-27.834],[150.804,-28.023],[150.826,-28.251],[150.908,-28.507],[150.908,-28.657],[150.958,-28.7],[150.934,-28.724],[150.932,-28.727],[150.934,-28.731],[150.974,-28.777],[150.941,-28.97],[150.963,-29.143],[150.974,-29.344],[150.919,-29.516],[150.996,-29.717],[150.996,-29.798],[150.996,-29.841],[151.084,-29.879],[151.144,-29.888],[151.326,-29.874],[151.381,-29.822],[151.389,-29.813],[151.392,-29.81]]]},"properties":{"NAME":"Ngarabal","SUBJECTO":"Ngarabal","PARTOF":"Ngarabal","ABBREVN":"Ngarabal","BORDERPRECISION":3,"fid":604}},
{"type":"Feature","geometry":{"type":"Polygon","coordinates":[[[114.97,-30.325],[115.016,-30.368],[115.214,-30.307],[115.483,-30.297],[115.659,-30.269],[116.153,-30.221],[116.362,-30.155],[116.505,-30.107],[116.625,-30.041],[116.641,-30.009],[116.669,-29.95],[116.554,-29.736],[116.477,-29.588],[116.384,-29.382],[116.312,-29.254],[116.274,-29.267],[116.076,-29.023],[115.977,-28.864],[115.873,-28.705],[115.818,-28.609],[115.818,-28.569],[115.73,-28.512],[115.598,-28.512],[115.395,-28.57],[115.315,-28.53],[115.298,-28.538],[115.23,-28.57],[114.955,-28.633],[114.703,-28.719],[114.597,-28.719],[114.593,-28.719],[114.543,-28.772],[114.544,-28.78],[114.63,-28.903],[114.841,-29.386],[114.912,-29.697],[114.9,-30.129],[114.917,-30.197],[114.95,-30.307],[114.97,-30.325]]]},"properties":{"NAME":"Amangu","SUBJECTO":"Amangu","PARTOF":"Amangu","ABBREVN":"Amangu","BORDERPRECISION":3,"fid":605}},
{"type":"Feature","geometry":{"type":"Polygon","coordinates":[[[143.395,-38.487],[143.377,-38.466],[143.35,-38.376],[143.344,-38.255],[143.388,-38.156],[143.459,-38.152],[143.569,-38.156],[143.641,-38.126],[143.657,-38.074],[143.558,-38.083],[143.339,-38.009],[143.168,-37.836],[143.08,-37.811],[143.08,-37.914],[143.08,-38.048],[143.053,-38.113],[143.02,-38.165],[143.015,-38.264],[142.998,-38.368],[143.036,-38.402],[143.223,-38.454],[143.328,-38.471],[143.391,-38.488],[143.395,-38.487]]]},"properties":{"NAME":"Djargurdwurung","SUBJECTO":"Djargurdwurung","PARTOF":"Djargurdwurung","ABBREVN":"Djargurdwurung","BORDERPRECISION":3,"fid":606}},
{"type":"Feature","geometry":{"type":"Polygon","coordinates":[[[135.794,-15.513],[135.811,-15.524],[135.912,-15.507],[136.143,-15.634],[136.549,-15.94],[136.648,-16.046],[136.638,-16.091],[136.884,-16.12],[137.06,-16.172],[137.329,-16.304],[137.686,-16.415],[137.823,-16.615],[138.137,-16.805],[138.236,-16.824],[137.955,-16.602],[137.76,-16.399],[137.426,-16.189],[137.074,-16.031],[136.955,-16.019],[136.798,-16.07],[136.687,-16.026],[136.459,-15.753],[136.094,-15.449],[135.945,-15.359],[135.912,-15.395],[135.824,-15.448],[135.794,-15.513]]]},"properties":{"NAME":"Yanyuwa","SUBJECTO":"Yanyuwa","PARTOF":"Yanyuwa","ABBREVN":"Yanyuwa","BORDERPRECISION":3,"fid":607}},
{"type":"Feature","geometry":{"type":"Polygon","coordinates":[[[134.392,-12.119],[134.389,-12.118],[134.387,-12.118],[134.228,-12.096],[134.214,-12.1],[134.171,-12.119],[134.144,-12.176],[134.124,-12.242],[134.121,-12.259],[134.134,-12.259],[134.187,-12.259],[134.357,-12.254],[134.368,-12.168],[134.403,-12.156],[134.403,-12.151],[134.396,-12.131],[134.392,-12.119]]]},"properties":{"NAME":"Gungurugoni","SUBJECTO":"Gungurugoni","PARTOF":"Gungurugoni","ABBREVN":"Gungurugoni","BORDERPRECISION":3,"fid":608}},
{"type":"Feature","geometry":{"type":"Polygon","coordinates":[[[142.033,-34.022],[142.119,-33.934],[142.35,-33.952],[142.372,-33.834],[142.445,-33.712],[142.471,-33.669],[142.548,-33.706],[142.581,-33.738],[142.786,-33.936],[142.843,-33.992],[142.848,-33.996],[142.85,-33.998],[142.856,-33.998],[142.905,-33.993],[142.897,-33.966],[142.891,-33.944],[142.778,-33.551],[142.679,-33.202],[142.756,-32.898],[142.965,-32.649],[143.196,-32.463],[143.58,-32.166],[143.91,-31.859],[144.069,-31.614],[143.991,-31.611],[143.866,-31.607],[143.547,-31.532],[143.531,-31.513],[143.443,-31.564],[143.284,-31.681],[143.124,-31.836],[142.943,-32.036],[142.773,-32.176],[142.504,-32.329],[142.306,-32.524],[141.773,-32.935],[141.636,-33.013],[141.443,-33.119],[141.196,-33.285],[141.086,-33.34],[140.973,-33.443],[141.021,-33.459],[141.317,-33.605],[141.515,-33.688],[142.009,-33.852],[142.047,-33.879],[142.086,-33.907],[142.033,-34.022]]]},"properties":{"NAME":"Barkindji","SUBJECTO":"Barkindji","PARTOF":"Barkindji","ABBREVN":"Barkindji","BORDERPRECISION":3,"fid":609}},
{"type":"Feature","geometry":{"type":"Polygon","coordinates":[[[143.395,-38.487],[143.398,-38.49],[143.438,-38.501],[143.442,-38.529],[143.464,-38.539],[143.531,-38.57],[143.569,-38.569],[143.601,-38.568],[143.723,-38.565],[143.871,-38.466],[144.001,-38.398],[143.975,-38.389],[143.899,-38.363],[143.893,-38.32],[144.003,-38.273],[144.02,-38.208],[144.014,-38.1],[143.992,-38.022],[143.948,-37.983],[143.811,-38.009],[143.707,-38.07],[143.671,-38.073],[143.657,-38.074],[143.641,-38.126],[143.569,-38.156],[143.459,-38.152],[143.388,-38.156],[143.344,-38.255],[143.35,-38.376],[143.377,-38.466],[143.395,-38.487]]]},"properties":{"NAME":"Gulidjan","SUBJECTO":"Gulidjan","PARTOF":"Gulidjan","ABBREVN":"Gulidjan","BORDERPRECISION":3,"fid":610}},
{"type":"Feature","geometry":{"type":"Polygon","coordinates":[[[138.332,-33.308],[138.331,-33.309],[138.329,-33.317],[138.323,-33.431],[138.395,-33.656],[138.494,-34.044],[138.549,-34.298],[138.609,-34.502],[138.669,-34.687],[138.717,-34.674],[138.774,-34.657],[138.966,-34.602],[139.13,-34.534],[139.115,-34.444],[139.098,-34.343],[139.098,-33.989],[139.076,-33.669],[139.088,-33.666],[138.933,-33.477],[138.933,-33.193],[139.296,-32.898],[139.879,-32.778],[139.921,-32.769],[140.01,-32.538],[140.032,-32.278],[140.061,-32.073],[139.988,-32.073],[139.975,-32.074],[139.713,-32.092],[139.406,-32.092],[138.801,-32.148],[138.774,-32.063],[138.647,-32.124],[138.494,-32.145],[138.4,-32.19],[138.167,-32.268],[138.163,-32.272],[138.12,-32.324],[138.186,-32.5],[138.263,-32.704],[138.362,-33.013],[138.367,-33.193],[138.332,-33.308]]]},"properties":{"NAME":"Ngadjuri","SUBJECTO":"Ngadjuri","PARTOF":"Ngadjuri","ABBREVN":"Ngadjuri","BORDERPRECISION":3,"fid":611}},
{"type":"Feature","geometry":{"type":"Polygon","coordinates":[[[122.828,-33.055],[123.651,-33.138],[123.827,-33.376],[123.955,-33.479],[123.972,-33.456],[124.001,-33.423],[124.001,-33.422],[124.099,-33.166],[124.235,-33.012],[124.431,-32.944],[124.328,-32.02],[124.222,-31.034],[123.383,-30.992],[123.306,-31.114],[123.284,-31.227],[123.229,-31.35],[123.185,-31.462],[123.152,-31.603],[123.108,-31.753],[123.042,-31.874],[123.009,-31.987],[122.998,-32.098],[122.965,-32.229],[122.921,-32.369],[122.932,-32.489],[122.91,-32.758],[122.888,-32.906],[122.833,-33.035],[122.828,-33.055]]]},"properties":{"NAME":"Ngatjumay","SUBJECTO":"Ngatjumay","PARTOF":"Ngatjumay","ABBREVN":"Ngatjumay","BORDERPRECISION":3,"fid":612}},
{"type":"Feature","geometry":{"type":"Polygon","coordinates":[[[130.759,-16.067],[130.781,-16.072],[130.889,-16.086],[130.908,-16.072],[131.1,-15.998],[131.331,-15.993],[131.369,-15.909],[131.369,-15.792],[131.401,-15.791],[131.397,-15.684],[131.396,-15.681],[131.386,-15.659],[131.155,-15.655],[130.924,-15.655],[130.622,-15.697],[130.446,-15.692],[130.446,-15.708],[130.446,-15.808],[130.485,-15.961],[130.71,-16.051],[130.759,-16.067]]]},"properties":{"NAME":"Ngaliwuru","SUBJECTO":"Ngaliwuru","PARTOF":"Ngaliwuru","ABBREVN":"Ngaliwuru","BORDERPRECISION":3,"fid":613}},
{"type":"Feature","geometry":{"type":"Polygon","coordinates":[[[115.912,-22.602],[115.95,-22.548],[116.016,-22.467],[115.985,-22.468],[115.939,-22.47],[115.807,-22.573],[115.653,-22.563],[115.444,-22.523],[115.192,-22.502],[115.31,-22.405],[115.304,-22.401],[115.291,-22.401],[115.263,-22.426],[115.093,-22.441],[114.922,-22.416],[114.796,-22.345],[114.664,-22.218],[114.631,-22.019],[114.639,-21.982],[114.456,-22.094],[114.393,-22.31],[114.309,-22.564],[114.232,-22.616],[114.075,-22.603],[114.027,-22.521],[114.023,-22.33],[113.901,-22.038],[113.872,-22.108],[113.822,-22.254],[113.625,-22.566],[113.617,-22.661],[113.665,-22.731],[113.719,-22.817],[113.783,-22.839],[113.824,-22.756],[113.961,-22.695],[114.148,-22.685],[114.291,-22.685],[114.423,-22.726],[114.593,-22.731],[114.758,-22.771],[114.793,-22.822],[114.808,-22.825],[114.862,-22.837],[115.093,-22.837],[115.345,-22.857],[115.505,-22.862],[115.598,-22.872],[115.715,-22.848],[115.732,-22.844],[115.812,-22.827],[115.873,-22.71],[115.904,-22.624],[115.911,-22.604],[115.912,-22.602]]]},"properties":{"NAME":"Thalanyji","SUBJECTO":"Thalanyji","PARTOF":"Thalanyji","ABBREVN":"Thalanyji","BORDERPRECISION":3,"fid":614}},
{"type":"Feature","geometry":{"type":"Polygon","coordinates":[[[131.635,-12.39],[131.54,-12.401],[131.183,-12.236],[131.109,-12.252],[131.063,-12.261],[131.127,-12.361],[131.169,-12.52],[131.177,-12.691],[131.177,-12.876],[131.205,-12.911],[131.21,-12.916],[131.322,-12.948],[131.611,-13.031],[131.666,-12.983],[131.66,-12.938],[131.659,-12.93],[131.611,-12.914],[131.611,-12.79],[131.616,-12.63],[131.616,-12.442],[131.635,-12.39]]]},"properties":{"NAME":"Woolna","SUBJECTO":"Woolna","PARTOF":"Woolna","ABBREVN":"Woolna","BORDERPRECISION":3,"fid":615}},
{"type":"Feature","geometry":{"type":"Polygon","coordinates":[[[134.331,-13.419],[134.473,-13.331],[134.747,-13.181],[134.874,-13.117],[135.027,-13.122],[135.055,-13.112],[135.055,-13.082],[135.055,-13.058],[135.055,-12.871],[134.934,-12.715],[134.874,-12.656],[134.769,-12.581],[134.687,-12.453],[134.687,-12.44],[134.685,-12.44],[134.684,-12.439],[134.659,-12.431],[134.637,-12.437],[134.44,-12.538],[134.275,-12.662],[134.088,-12.871],[133.962,-12.983],[133.956,-13.026],[133.945,-13.101],[133.962,-13.293],[134.061,-13.4],[134.176,-13.443],[134.319,-13.427],[134.331,-13.419]]]},"properties":{"NAME":"Rembarnga","SUBJECTO":"Rembarnga","PARTOF":"Rembarnga","ABBREVN":"Rembarnga","BORDERPRECISION":3,"fid":616}},
{"type":"Feature","geometry":{"type":"Polygon","coordinates":[[[130.043,-14.445],[130.032,-14.437],[129.997,-14.434],[129.992,-14.434],[129.924,-14.429],[129.809,-14.445],[129.724,-14.405],[129.65,-14.336],[129.614,-14.267],[129.596,-14.168],[129.581,-14.182],[129.492,-14.261],[129.427,-14.306],[129.423,-14.414],[129.459,-14.496],[129.729,-14.674],[129.794,-14.754],[129.842,-14.754],[130.062,-14.722],[130.265,-14.716],[130.351,-14.716],[130.347,-14.669],[130.336,-14.573],[130.336,-14.514],[130.342,-14.511],[130.323,-14.506],[130.281,-14.491],[130.163,-14.467],[130.07,-14.467],[130.043,-14.445]]]},"properties":{"NAME":"Murrinh-patha","SUBJECTO":"Murrinh-patha","PARTOF":"Murrinh-patha","ABBREVN":"Murrinh-patha","BORDERPRECISION":3,"fid":617}},
{"type":"Feature","geometry":{"type":"Polygon","coordinates":[[[130.576,-24.793],[130.496,-24.867],[130.232,-24.767],[129.727,-24.627],[129.331,-24.487],[129.074,-24.446],[128.886,-24.43],[129.034,-24.797],[129.089,-25.165],[129.1,-25.572],[129.067,-25.849],[129.023,-25.898],[128.925,-26.007],[128.855,-26.005],[128.892,-26.313],[128.892,-26.618],[129.111,-26.961],[129.331,-27.245],[129.716,-27.499],[130.177,-27.528],[130.507,-27.528],[130.543,-27.516],[130.64,-27.485],[130.671,-27.46],[130.686,-27.47],[130.704,-27.464],[130.704,-27.333],[130.825,-27.02],[130.869,-26.736],[130.836,-26.52],[130.803,-26.333],[130.781,-26.077],[130.825,-25.919],[130.946,-25.75],[131.041,-25.466],[131.05,-25.399],[131.061,-25.21],[131.001,-25.041],[130.847,-24.881],[130.699,-24.842],[130.576,-24.793]]]},"properties":{"NAME":"Pitjantjatjara","SUBJECTO":"Pitjantjatjara","PARTOF":"Pitjantjatjara","ABBREVN":"Pitjantjatjara","BORDERPRECISION":3,"fid":618}},
{"type":"Feature","geometry":{"type":"Polygon","coordinates":[[[141.478,-27.404],[141.372,-27.479],[141.172,-27.559],[141.07,-27.6],[140.933,-27.654],[140.526,-27.654],[140.295,-27.528],[139.988,-27.489],[139.988,-27.549],[139.988,-27.645],[139.9,-27.985],[139.845,-28.237],[139.702,-28.469],[139.636,-28.739],[139.622,-28.894],[139.62,-28.912],[139.834,-28.912],[140.219,-28.922],[140.537,-28.931],[140.746,-28.931],[140.971,-28.867],[140.974,-28.866],[141.152,-28.816],[141.35,-28.71],[141.603,-28.623],[141.768,-28.556],[142.071,-28.381],[142.055,-28.36],[141.899,-28.159],[141.625,-27.761],[141.559,-27.508],[141.494,-27.425],[141.478,-27.404]]]},"properties":{"NAME":"Yandruwandha","SUBJECTO":"Yandruwandha","PARTOF":"Yandruwandha","ABBREVN":"Yandruwandha","BORDERPRECISION":3,"fid":619}},
{"type":"Feature","geometry":{"type":"Polygon","coordinates":[[[153.152,-27.677],[153.12,-27.625],[153.064,-27.645],[152.852,-27.699],[152.754,-27.731],[152.741,-27.748],[152.688,-27.816],[152.648,-27.883],[152.619,-27.946],[152.7,-27.903],[152.796,-27.853],[152.958,-27.797],[153.05,-27.747],[153.093,-27.72],[153.129,-27.694],[153.152,-27.677]]]},"properties":{"NAME":"Yugambeh","SUBJECTO":"Yugambeh","PARTOF":"Yugambeh","ABBREVN":"Yugambeh","BORDERPRECISION":3,"fid":621}},
{"type":"Feature","geometry":{"type":"Polygon","coordinates":[[[143.701,-14.967],[143.877,-14.955],[144.174,-14.807],[144.191,-14.806],[144.231,-14.803],[144.223,-14.647],[144.199,-14.464],[144.17,-14.493],[144.065,-14.592],[143.875,-14.586],[143.743,-14.466],[143.677,-14.299],[143.673,-14.287],[143.435,-14.319],[143.438,-14.334],[143.439,-14.344],[143.459,-14.456],[143.454,-14.727],[143.421,-14.823],[143.405,-14.826],[143.405,-14.828],[143.492,-14.839],[143.701,-14.945],[143.701,-14.967]]]},"properties":{"NAME":"Lamalama","SUBJECTO":"Lamalama","PARTOF":"Lamalama","ABBREVN":"Lamalama","BORDERPRECISION":3,"fid":622}},
{"type":"Feature","geometry":{"type":"Polygon","coordinates":[[[115.767,-33.492],[115.741,-33.459],[115.717,-33.403],[115.65,-33.349],[115.647,-33.365],[115.558,-33.575],[115.409,-33.767],[115.206,-33.805],[114.986,-33.755],[114.961,-33.869],[115.022,-34.262],[115.054,-34.375],[115.148,-34.382],[115.349,-34.116],[115.367,-34.071],[115.543,-33.98],[115.741,-33.859],[115.756,-33.831],[115.763,-33.797],[115.829,-33.688],[115.817,-33.606],[115.767,-33.492]]]},"properties":{"NAME":"Wardandi","SUBJECTO":"Wardandi","PARTOF":"Wardandi","ABBREVN":"Wardandi","BORDERPRECISION":3,"fid":623}},
{"type":"Feature","geometry":{"type":"Polygon","coordinates":[[[132.751,-12.169],[132.736,-12.19],[132.786,-12.217],[132.841,-12.227],[132.845,-12.221],[132.88,-12.168],[132.929,-12.093],[133.026,-12.03],[133.033,-11.999],[133.044,-11.959],[133.05,-11.908],[133.056,-11.902],[133.033,-11.878],[132.979,-11.822],[132.94,-11.752],[132.913,-11.695],[132.858,-11.628],[132.803,-11.607],[132.756,-11.655],[132.643,-11.749],[132.626,-11.75],[132.717,-12.08],[132.732,-12.121],[132.751,-12.169]]]},"properties":{"NAME":"Amarak","SUBJECTO":"Amarak","PARTOF":"Amarak","ABBREVN":"Amarak","BORDERPRECISION":3,"fid":624}},
{"type":"Feature","geometry":{"type":"Polygon","coordinates":[[[123.576,-16.391],[123.566,-16.415],[123.684,-16.468],[123.772,-16.51],[123.915,-16.568],[123.97,-16.641],[123.964,-16.741],[123.988,-16.81],[123.99,-16.815],[124.052,-16.815],[124.195,-16.831],[124.343,-16.831],[124.448,-16.84],[124.448,-16.773],[124.448,-16.647],[124.415,-16.568],[124.396,-16.517],[124.277,-16.523],[123.979,-16.409],[123.658,-16.394],[123.576,-16.391]]]},"properties":{"NAME":"Umida","SUBJECTO":"Umida","PARTOF":"Umida","ABBREVN":"Umida","BORDERPRECISION":3,"fid":625}},
{"type":"Feature","geometry":{"type":"Polygon","coordinates":[[[132.696,-12.686],[132.704,-12.697],[132.734,-12.71],[132.789,-12.731],[132.855,-12.745],[132.872,-12.729],[132.924,-12.683],[132.965,-12.646],[132.97,-12.538],[132.968,-12.442],[132.929,-12.337],[132.869,-12.238],[132.845,-12.221],[132.841,-12.227],[132.786,-12.217],[132.736,-12.19],[132.733,-12.195],[132.725,-12.201],[132.731,-12.222],[132.715,-12.335],[132.698,-12.453],[132.676,-12.517],[132.671,-12.576],[132.691,-12.662],[132.696,-12.686]]]},"properties":{"NAME":"Kundjey’mi","SUBJECTO":"Kundjey’mi","PARTOF":"Kundjey’mi","ABBREVN":"Kundjey’mi","BORDERPRECISION":3,"fid":626}},
{"type":"Feature","geometry":{"type":"Polygon","coordinates":[[[148.037,-37.179],[147.881,-37.278],[147.794,-37.348],[147.706,-37.405],[147.546,-37.484],[147.508,-37.414],[147.42,-37.292],[147.294,-37.103],[147.204,-37.021],[147.191,-37.009],[147.184,-37.003],[146.986,-37.055],[146.953,-37.064],[146.904,-37.077],[146.678,-37.226],[146.409,-37.34],[146.162,-37.427],[146.164,-37.44],[146.173,-37.488],[146.179,-37.523],[146.294,-37.658],[146.387,-37.831],[146.409,-37.975],[146.321,-38.13],[146.321,-38.217],[146.321,-38.319],[146.321,-38.32],[146.307,-38.384],[146.294,-38.441],[146.245,-38.625],[146.217,-38.728],[146.327,-38.75],[146.453,-38.75],[146.628,-38.761],[146.651,-38.763],[146.86,-38.741],[146.914,-38.717],[146.917,-38.713],[146.934,-38.708],[146.986,-38.686],[147.112,-38.561],[147.535,-38.212],[147.744,-38.052],[148.046,-37.953],[148.326,-37.901],[148.81,-37.862],[149.057,-37.866],[149.31,-37.831],[149.311,-37.814],[149.315,-37.736],[149.255,-37.619],[148.958,-37.479],[148.7,-37.475],[148.453,-37.409],[148.386,-37.368],[148.359,-37.388],[148.256,-37.379],[148.25,-37.379],[148.085,-37.274],[148.075,-37.255],[148.037,-37.179]]]},"properties":{"NAME":"Kurnai","SUBJECTO":"Kurnai","PARTOF":"Kurnai","ABBREVN":"Kurnai","BORDERPRECISION":3,"fid":627}},
{"type":"Feature","geometry":{"type":"Polygon","coordinates":[[[118.93,-22.33],[118.934,-22.34],[118.954,-22.396],[119.009,-22.436],[119.119,-22.507],[119.24,-22.584],[119.355,-22.705],[119.465,-22.994],[119.531,-23.145],[119.597,-23.262],[119.614,-23.383],[119.641,-23.399],[119.666,-23.395],[119.806,-23.373],[119.949,-23.373],[120.278,-23.403],[120.718,-23.352],[120.981,-23.282],[121.002,-23.304],[121.003,-23.302],[121.124,-23.049],[121.124,-22.786],[121.124,-22.553],[121.124,-22.279],[121.104,-22.199],[121.069,-22.233],[120.954,-22.162],[120.685,-22.111],[120.405,-22.086],[120.081,-22.091],[119.932,-22.111],[119.669,-22.07],[119.284,-22.045],[119.125,-22.045],[119.033,-22.011],[119.028,-22.015],[118.982,-22.06],[118.927,-22.131],[118.922,-22.187],[118.911,-22.279],[118.93,-22.33]]]},"properties":{"NAME":"Palyku","SUBJECTO":"Palyku","PARTOF":"Palyku","ABBREVN":"Palyku","BORDERPRECISION":3,"fid":628}},
{"type":"Feature","geometry":{"type":"Polygon","coordinates":[[[115.842,-25.227],[115.812,-25.294],[115.856,-25.483],[115.823,-25.552],[115.714,-25.592],[115.604,-25.622],[115.439,-25.651],[115.131,-25.676],[114.917,-25.666],[114.73,-25.711],[114.728,-25.749],[114.727,-25.752],[114.719,-25.874],[114.769,-26.081],[114.769,-26.22],[114.741,-26.387],[114.677,-26.438],[114.642,-26.466],[114.643,-26.467],[114.703,-26.618],[114.796,-26.922],[114.868,-27.162],[114.917,-27.611],[114.906,-27.951],[115.049,-28.246],[115.203,-28.474],[115.273,-28.509],[115.315,-28.53],[115.395,-28.57],[115.598,-28.512],[115.73,-28.512],[115.818,-28.569],[115.856,-28.594],[115.882,-28.574],[116.235,-28.3],[116.757,-27.951],[117.202,-27.722],[117.57,-27.464],[117.746,-27.25],[117.977,-27.206],[118.013,-27.182],[118.039,-27.165],[118.229,-27.04],[118.356,-26.775],[118.625,-26.446],[118.751,-26.21],[118.883,-25.993],[118.913,-25.81],[118.916,-25.79],[118.93,-25.74],[118.954,-25.646],[119.009,-25.547],[119.128,-25.426],[119.174,-25.379],[119.3,-25.345],[119.339,-25.334],[119.465,-25.26],[119.647,-25.175],[119.696,-25.12],[119.763,-24.99],[119.773,-24.971],[119.713,-24.933],[119.482,-24.787],[119.301,-24.687],[119.075,-24.537],[118.878,-24.457],[118.614,-24.397],[118.573,-24.39],[118.444,-24.367],[118.306,-24.302],[118.004,-24.227],[117.795,-24.147],[117.675,-24.031],[117.594,-24.031],[117.581,-24.031],[117.422,-24.006],[117.361,-23.971],[117.252,-24.001],[117.197,-24.031],[117.098,-24.001],[116.988,-24.062],[116.933,-24.207],[116.933,-24.357],[116.878,-24.442],[116.834,-24.482],[116.719,-24.477],[116.505,-24.512],[116.374,-24.595],[116.337,-24.617],[116.29,-24.647],[116.136,-24.762],[116.06,-24.966],[115.895,-25.105],[115.854,-25.199],[115.842,-25.227]]]},"properties":{"NAME":"Watjarri","SUBJECTO":"Watjarri","PARTOF":"Watjarri","ABBREVN":"Watjarri","BORDERPRECISION":3,"fid":629}},
{"type":"Feature","geometry":{"type":"Polygon","coordinates":[[[140.151,-31.977],[140.427,-31.728],[140.889,-31.447],[141.042,-31.349],[141.089,-31.319],[141.152,-31.279],[141.394,-31.034],[141.724,-30.676],[141.987,-30.278],[142.141,-29.898],[142.141,-29.76],[142.141,-29.732],[142.141,-29.65],[142.139,-29.65],[142.064,-29.65],[142.046,-29.65],[141.658,-29.65],[140.845,-29.86],[140.273,-30.05],[140.237,-30.065],[140.173,-30.091],[140.093,-30.123],[140.065,-30.183],[140.051,-30.23],[140.021,-30.335],[139.878,-30.808],[139.878,-31.025],[140.032,-31.307],[140.054,-31.494],[140.12,-31.747],[140.138,-31.883],[140.151,-31.977]]]},"properties":{"NAME":"Malyangaba","SUBJECTO":"Malyangaba","PARTOF":"Malyangaba","ABBREVN":"Malyangaba","BORDERPRECISION":3,"fid":630}},
{"type":"Feature","geometry":{"type":"Polygon","coordinates":[[[143.58,-16.011],[143.58,-16.088],[143.712,-16.151],[143.87,-16.144],[143.871,-16.124],[143.871,-16.12],[144.025,-16.093],[144.272,-16.099],[144.63,-15.988],[144.773,-15.927],[144.804,-15.914],[144.811,-15.824],[144.745,-15.655],[144.745,-15.475],[144.943,-15.295],[145.107,-15.146],[145.046,-15.062],[145.031,-15.042],[144.976,-14.966],[144.635,-14.87],[144.481,-14.786],[144.231,-14.803],[144.191,-14.806],[144.174,-14.807],[143.877,-14.955],[143.701,-14.967],[143.701,-14.987],[143.701,-15.221],[143.701,-15.739],[143.658,-16.028],[143.657,-16.035],[143.58,-16.011]]]},"properties":{"NAME":"Kokowarra","SUBJECTO":"Kokowarra","PARTOF":"Kokowarra","ABBREVN":"Kokowarra","BORDERPRECISION":3,"fid":631}},
{"type":"Feature","geometry":{"type":"Polygon","coordinates":[[[140.971,-28.867],[140.746,-28.931],[140.537,-28.931],[140.219,-28.922],[139.834,-28.912],[139.62,-28.912],[139.614,-28.979],[139.603,-29.296],[139.628,-29.5],[139.724,-29.507],[139.977,-29.516],[140.219,-29.564],[140.142,-29.793],[140.142,-29.85],[140.142,-30.022],[140.093,-30.123],[140.173,-30.091],[140.191,-30.055],[140.246,-29.864],[140.301,-29.831],[140.46,-29.779],[140.817,-29.607],[140.949,-29.468],[141.026,-29.258],[141.031,-29.047],[140.988,-28.917],[140.971,-28.867]]]},"properties":{"NAME":"Pirlatapa","SUBJECTO":"Pirlatapa","PARTOF":"Pirlatapa","ABBREVN":"Pirlatapa","BORDERPRECISION":3,"fid":632}},
{"type":"Feature","geometry":{"type":"Polygon","coordinates":[[[127.738,-19.456],[127.716,-19.808],[127.716,-20.118],[127.716,-20.406],[127.76,-20.489],[127.738,-20.602],[127.739,-20.603],[127.874,-20.729],[128.419,-20.89],[128.716,-20.91],[129.144,-21.064],[129.452,-20.941],[129.587,-20.949],[129.628,-20.931],[129.667,-20.954],[129.792,-20.961],[130.089,-21.095],[130.253,-21.114],[130.397,-21.002],[130.496,-20.797],[130.496,-20.551],[130.287,-20.303],[129.869,-19.942],[129.65,-19.839],[129.276,-19.674],[128.969,-19.477],[128.716,-19.301],[128.758,-19.261],[128.749,-19.25],[128.738,-19.239],[128.408,-19.239],[127.958,-19.311],[127.796,-19.418],[127.781,-19.428],[127.738,-19.456]]]},"properties":{"NAME":"Ngarti","SUBJECTO":"Ngarti","PARTOF":"Ngarti","ABBREVN":"Ngarti","BORDERPRECISION":3,"fid":633}},
{"type":"Feature","geometry":{"type":"Polygon","coordinates":[[[151.201,-33.385],[151.221,-33.317],[151.1,-33.301],[150.93,-33.28],[150.573,-33.243],[150.134,-33.211],[150.008,-33.187],[149.999,-33.231],[149.875,-33.797],[149.678,-34.089],[149.106,-34.253],[149.04,-34.263],[149.112,-34.275],[149.343,-34.28],[149.601,-34.284],[149.98,-34.212],[150.452,-34.175],[150.568,-34.166],[150.606,-34.157],[150.685,-34.157],[150.724,-34.154],[150.743,-34.153],[150.752,-34.157],[150.815,-34.157],[150.903,-33.975],[150.919,-33.948],[150.925,-33.936],[150.98,-33.843],[151.013,-33.756],[151.022,-33.741],[151.024,-33.737],[151.068,-33.665],[151.111,-33.546],[151.194,-33.409],[151.201,-33.385]]]},"properties":{"NAME":"Dharug","SUBJECTO":"Dharug","PARTOF":"Dharug","ABBREVN":"Dharug","BORDERPRECISION":3,"fid":634}},
{"type":"Feature","geometry":{"type":"Polygon","coordinates":[[[143.307,-37.213],[143.251,-37.213],[143.086,-37.313],[142.993,-37.409],[142.888,-37.497],[142.965,-37.64],[142.975,-37.69],[142.98,-37.715],[142.987,-37.749],[143.031,-37.797],[143.047,-37.801],[143.08,-37.811],[143.168,-37.836],[143.339,-38.009],[143.558,-38.083],[143.657,-38.074],[143.671,-38.073],[143.707,-38.07],[143.811,-38.009],[143.948,-37.983],[143.992,-38.022],[144.014,-38.1],[144.02,-38.208],[144.003,-38.273],[143.893,-38.32],[143.899,-38.363],[143.975,-38.389],[144.001,-38.398],[144.102,-38.432],[144.211,-38.438],[144.256,-38.441],[144.404,-38.402],[144.586,-38.381],[144.591,-38.38],[144.612,-38.371],[144.596,-38.361],[144.411,-38.246],[144.562,-38.137],[144.696,-38.089],[144.602,-38.052],[144.606,-38.028],[144.619,-37.949],[144.614,-37.938],[144.569,-37.946],[144.525,-37.953],[144.404,-37.884],[144.349,-37.727],[144.283,-37.579],[144.251,-37.431],[144.202,-37.448],[144.12,-37.463],[144.035,-37.474],[143.961,-37.478],[143.899,-37.471],[143.852,-37.465],[143.822,-37.465],[143.804,-37.473],[143.795,-37.474],[143.797,-37.467],[143.803,-37.457],[143.808,-37.447],[143.797,-37.431],[143.781,-37.418],[143.762,-37.407],[143.75,-37.402],[143.741,-37.403],[143.729,-37.418],[143.715,-37.423],[143.683,-37.42],[143.65,-37.408],[143.629,-37.385],[143.608,-37.354],[143.581,-37.328],[143.568,-37.307],[143.549,-37.305],[143.523,-37.31],[143.482,-37.316],[143.476,-37.307],[143.486,-37.303],[143.465,-37.271],[143.453,-37.268],[143.429,-37.274],[143.411,-37.286],[143.396,-37.296],[143.382,-37.296],[143.365,-37.292],[143.339,-37.291],[143.308,-37.296],[143.315,-37.28],[143.319,-37.251],[143.312,-37.244],[143.305,-37.24],[143.304,-37.235],[143.305,-37.229],[143.307,-37.214],[143.307,-37.213]]]},"properties":{"NAME":"Wathaurong","SUBJECTO":"Wathaurong","PARTOF":"Wathaurong","ABBREVN":"Wathaurong","BORDERPRECISION":3,"fid":635}},
{"type":"Feature","geometry":{"type":"Polygon","coordinates":[[[124.459,-17.409],[124.459,-17.345],[124.448,-17.067],[124.448,-16.889],[124.448,-16.84],[124.343,-16.831],[124.195,-16.831],[124.052,-16.815],[123.99,-16.815],[123.986,-16.815],[123.959,-16.815],[123.86,-16.857],[123.82,-16.884],[123.838,-16.891],[123.885,-16.911],[123.912,-16.975],[123.827,-17.248],[123.704,-17.217],[123.596,-17.157],[123.635,-17.21],[123.673,-17.235],[123.86,-17.319],[124.398,-17.403],[124.459,-17.409]]]},"properties":{"NAME":"Warwa","SUBJECTO":"Warwa","PARTOF":"Warwa","ABBREVN":"Warwa","BORDERPRECISION":3,"fid":636}},
{"type":"Feature","geometry":{"type":"Polygon","coordinates":[[[141.779,-16.813],[141.603,-16.715],[141.405,-16.584],[141.295,-16.52],[141.288,-16.52],[141.247,-16.636],[141.132,-16.957],[140.879,-17.42],[140.881,-17.42],[140.916,-17.435],[141.037,-17.466],[141.142,-17.482],[141.173,-17.487],[141.229,-17.455],[141.256,-17.517],[141.262,-17.53],[141.806,-17.702],[141.954,-17.785],[142.573,-18.038],[142.581,-18.041],[142.587,-18.037],[142.954,-17.77],[143.13,-17.602],[143.13,-17.42],[143.108,-17.41],[143.042,-17.382],[142.998,-17.33],[142.937,-17.252],[142.855,-17.382],[142.383,-17.204],[142.064,-17.046],[141.79,-16.92],[141.789,-16.913],[141.779,-16.813]]]},"properties":{"NAME":"Kurtjar","SUBJECTO":"Kurtjar","PARTOF":"Kurtjar","ABBREVN":"Kurtjar","BORDERPRECISION":3,"fid":637}},
{"type":"Feature","geometry":{"type":"Polygon","coordinates":[[[147.209,-19.86],[147.25,-19.715],[147.332,-19.679],[147.42,-19.648],[147.467,-19.65],[147.413,-19.563],[147.078,-19.513],[146.985,-19.463],[146.949,-19.443],[146.796,-19.355],[146.791,-19.387],[146.854,-19.404],[146.854,-19.498],[146.821,-19.612],[146.811,-19.822],[146.81,-19.839],[147.019,-19.88],[147.206,-19.849],[147.209,-19.86]]]},"properties":{"NAME":"Thul Garrie Waja (Bindal)","SUBJECTO":"Thul Garrie Waja (Bindal)","PARTOF":"Thul Garrie Waja (Bindal)","ABBREVN":"Thul Garrie Waja (Bindal)","BORDERPRECISION":3,"fid":638}},
{"type":"Feature","geometry":{"type":"Polygon","coordinates":[[[134.605,-12.108],[134.555,-12.104],[134.466,-12.134],[134.403,-12.156],[134.368,-12.168],[134.357,-12.254],[134.187,-12.259],[134.134,-12.259],[134.121,-12.259],[134.072,-12.259],[134.039,-12.263],[134.019,-12.266],[134.004,-12.268],[134,-12.266],[133.998,-12.268],[133.956,-12.351],[133.907,-12.42],[133.835,-12.555],[133.781,-12.646],[133.698,-12.796],[133.622,-12.92],[133.748,-13.015],[133.956,-13.026],[133.962,-12.983],[134.088,-12.871],[134.275,-12.662],[134.44,-12.538],[134.637,-12.437],[134.659,-12.431],[134.684,-12.439],[134.685,-12.44],[134.687,-12.435],[134.687,-12.319],[134.692,-12.184],[134.7,-12.129],[134.7,-12.121],[134.692,-12.115],[134.605,-12.108]]]},"properties":{"NAME":"Dangbon","SUBJECTO":"Dangbon","PARTOF":"Dangbon","ABBREVN":"Dangbon","BORDERPRECISION":3,"fid":639}},
{"type":"Feature","geometry":{"type":"Polygon","coordinates":[[[131.896,-14.569],[131.792,-14.584],[131.506,-14.605],[131.298,-14.679],[131.028,-14.775],[131.018,-14.787],[130.988,-14.82],[130.963,-14.849],[130.974,-15.003],[131.034,-15.183],[131.034,-15.268],[131.06,-15.306],[131.073,-15.325],[131.111,-15.38],[131.27,-15.438],[131.336,-15.549],[131.386,-15.659],[131.396,-15.681],[131.397,-15.684],[131.401,-15.791],[131.402,-15.808],[131.429,-15.813],[131.523,-15.829],[131.852,-15.792],[131.94,-15.776],[132.056,-15.85],[132.137,-15.939],[132.177,-15.982],[132.155,-16.093],[132.155,-16.23],[132.303,-15.982],[132.319,-15.893],[132.319,-15.761],[132.319,-15.485],[132.231,-15.21],[132.286,-15.03],[132.303,-15.025],[132.209,-14.775],[132.038,-14.609],[131.981,-14.616],[131.907,-14.626],[131.896,-14.569]]]},"properties":{"NAME":"Wardaman","SUBJECTO":"Wardaman","PARTOF":"Wardaman","ABBREVN":"Wardaman","BORDERPRECISION":3,"fid":640}},
{"type":"Feature","geometry":{"type":"Polygon","coordinates":[[[140.839,-17.699],[140.762,-17.607],[140.751,-17.599],[140.708,-17.632],[140.69,-17.638],[140.436,-17.722],[140.25,-17.798],[140.06,-17.83],[139.818,-17.761],[139.751,-17.724],[139.719,-17.706],[139.686,-17.806],[139.686,-17.916],[139.701,-17.942],[139.712,-17.963],[139.812,-17.989],[139.999,-18.219],[140.042,-18.409],[140.087,-18.396],[140.383,-18.459],[140.625,-18.5],[140.79,-18.271],[140.827,-18.175],[140.823,-18.167],[140.812,-17.926],[140.802,-17.745],[140.801,-17.728],[140.839,-17.699]]]},"properties":{"NAME":"Kukatj","SUBJECTO":"Kukatj","PARTOF":"Kukatj","ABBREVN":"Kukatj","BORDERPRECISION":3,"fid":641}},
{"type":"Feature","geometry":{"type":"Polygon","coordinates":[[[115.986,-32.984],[115.985,-32.993],[116.049,-33.001],[116.172,-33.018],[116.269,-33.063],[116.631,-33.229],[116.678,-33.248],[117.158,-33.438],[117.21,-33.479],[117.419,-33.644],[117.425,-33.639],[117.488,-33.587],[117.529,-33.553],[117.633,-33.496],[117.96,-33.317],[118.088,-33.28],[118.174,-33.255],[118.371,-33.151],[118.412,-33.129],[118.152,-33.105],[118.109,-33.056],[117.957,-32.981],[117.795,-32.773],[117.743,-32.633],[117.669,-32.547],[117.612,-32.402],[117.53,-32.376],[117.513,-32.375],[117.304,-32.313],[117.098,-32.278],[116.9,-32.222],[116.738,-32.187],[116.628,-32.143],[116.599,-32.145],[116.548,-32.148],[116.268,-32.292],[116.163,-32.378],[116.138,-32.399],[116.098,-32.431],[116.08,-32.601],[116.076,-32.639],[115.988,-32.953],[115.986,-32.984]]]},"properties":{"NAME":"Wiilman","SUBJECTO":"Wiilman","PARTOF":"Wiilman","ABBREVN":"Wiilman","BORDERPRECISION":3,"fid":642}},
{"type":"Feature","geometry":{"type":"Polygon","coordinates":[[[134.729,-12.068],[134.703,-12.098],[134.7,-12.121],[134.7,-12.129],[134.692,-12.184],[134.687,-12.319],[134.687,-12.435],[134.685,-12.44],[134.687,-12.44],[134.687,-12.453],[134.769,-12.581],[134.874,-12.656],[134.934,-12.715],[135.055,-12.871],[135.055,-13.058],[135.055,-13.082],[135.055,-13.112],[135.055,-13.272],[135.22,-13.486],[135.306,-13.537],[135.344,-13.559],[135.423,-13.606],[135.706,-13.705],[135.829,-13.729],[135.829,-13.678],[135.831,-13.485],[136.009,-13.332],[136.238,-13.23],[136.469,-13.223],[136.523,-13.108],[136.528,-12.911],[136.607,-12.816],[136.664,-12.625],[136.86,-12.44],[136.791,-12.37],[136.64,-12.326],[136.435,-12.117],[136.353,-12.155],[136.299,-12.511],[136.091,-12.575],[135.942,-12.359],[135.649,-12.188],[135.445,-12.176],[135.192,-12.374],[135.129,-12.387],[134.94,-12.336],[134.762,-12.063],[134.735,-12.062],[134.729,-12.068]]]},"properties":{"NAME":"Yolngu","SUBJECTO":"Yolngu","PARTOF":"Yolngu","ABBREVN":"Yolngu","BORDERPRECISION":3,"fid":643}},
{"type":"Feature","geometry":{"type":"Polygon","coordinates":[[[143.208,-22.428],[143.207,-22.431],[143.189,-22.523],[143.178,-22.579],[143.168,-22.629],[143.091,-22.872],[143.069,-23.115],[143.179,-23.438],[143.333,-23.68],[143.409,-23.781],[143.438,-23.82],[143.454,-23.841],[143.773,-23.79],[144.047,-23.76],[144.41,-23.77],[144.75,-23.841],[144.915,-23.961],[145.207,-24.178],[145.234,-24.122],[145.459,-23.655],[145.916,-23.864],[146.591,-23.941],[146.602,-23.942],[146.648,-23.946],[146.585,-23.831],[146.486,-23.69],[146.387,-23.579],[146.365,-23.488],[146.376,-23.357],[146.409,-23.054],[146.212,-22.639],[146.079,-22.482],[146.063,-22.463],[146.058,-22.457],[145.885,-22.388],[145.84,-22.37],[145.75,-22.335],[145.3,-22.131],[144.893,-21.969],[144.465,-21.969],[143.839,-22.009],[143.41,-22.131],[143.364,-22.195],[143.219,-22.397],[143.212,-22.406],[143.208,-22.428]]]},"properties":{"NAME":"Iningai","SUBJECTO":"Iningai","PARTOF":"Iningai","ABBREVN":"Iningai","BORDERPRECISION":3,"fid":644}},
{"type":"Feature","geometry":{"type":"Polygon","coordinates":[[[132.071,-13.759],[132.072,-13.753],[132.078,-13.75],[132.1,-13.721],[132.198,-13.683],[132.286,-13.689],[132.407,-13.673],[132.517,-13.614],[132.621,-13.577],[132.764,-13.561],[132.847,-13.55],[132.841,-13.496],[132.748,-13.427],[132.676,-13.384],[132.561,-13.347],[132.391,-13.304],[132.264,-13.267],[132.209,-13.24],[132.2,-13.223],[131.918,-13.101],[131.765,-13.015],[131.688,-13.026],[131.644,-13.117],[131.6,-13.208],[131.556,-13.277],[131.528,-13.32],[131.517,-13.407],[131.528,-13.403],[131.53,-13.41],[131.55,-13.502],[131.723,-13.673],[131.819,-13.782],[131.861,-13.827],[131.949,-13.889],[131.992,-13.966],[132.001,-13.929],[132.045,-13.795],[132.071,-13.759]]]},"properties":{"NAME":"Warray","SUBJECTO":"Warray","PARTOF":"Warray","ABBREVN":"Warray","BORDERPRECISION":3,"fid":645}},
{"type":"Feature","geometry":{"type":"Polygon","coordinates":[[[142.849,-12.284],[142.907,-12.276],[143.1,-12.238],[143.103,-12.24],[143.117,-12.236],[143.173,-12.121],[143.127,-12.013],[142.938,-12.007],[142.823,-11.919],[142.795,-11.757],[142.792,-11.738],[142.77,-11.741],[142.689,-11.767],[142.687,-11.781],[142.685,-11.8],[142.712,-11.953],[142.71,-12.004],[142.74,-12.066],[142.811,-12.214],[142.849,-12.284]]]},"properties":{"NAME":"Wuthathi","SUBJECTO":"Wuthathi","PARTOF":"Wuthathi","ABBREVN":"Wuthathi","BORDERPRECISION":3,"fid":646}},
{"type":"Feature","geometry":{"type":"Polygon","coordinates":[[[126.453,-20.372],[126.453,-20.633],[126.277,-21.023],[126.035,-21.576],[125.841,-21.811],[125.991,-21.811],[126.157,-21.932],[126.207,-21.905],[126.211,-21.882],[126.628,-21.617],[127.024,-21.043],[127.332,-20.961],[127.617,-20.653],[127.707,-20.68],[127.739,-20.603],[127.738,-20.602],[127.76,-20.489],[127.716,-20.406],[127.716,-20.118],[127.716,-19.808],[127.738,-19.456],[127.781,-19.428],[127.78,-19.419],[127.727,-19.425],[127.354,-19.363],[127.057,-19.27],[126.849,-19.167],[126.826,-19.182],[126.804,-19.197],[126.508,-20.015],[126.365,-20.283],[126.345,-20.341],[126.453,-20.365],[126.453,-20.372]]]},"properties":{"NAME":"Kukatja","SUBJECTO":"Kukatja","PARTOF":"Kukatja","ABBREVN":"Kukatja","BORDERPRECISION":3,"fid":647}},
{"type":"Feature","geometry":{"type":"Polygon","coordinates":[[[139.335,-17.875],[139.34,-17.874],[139.359,-17.923],[139.493,-17.906],[139.669,-17.952],[139.701,-17.942],[139.686,-17.916],[139.686,-17.806],[139.719,-17.706],[139.51,-17.59],[139.466,-17.644],[139.378,-17.78],[139.335,-17.875]]]},"properties":{"NAME":"Mingin","SUBJECTO":"Mingin","PARTOF":"Mingin","ABBREVN":"Mingin","BORDERPRECISION":3,"fid":648}},
{"type":"Feature","geometry":{"type":"MultiPolygon","coordinates":[[[[142.376,-31.411],[142.384,-31.41],[142.367,-31.389],[142.375,-31.41],[142.376,-31.411]]],[[[141.042,-31.349],[140.889,-31.447],[140.427,-31.728],[140.151,-31.977],[140.164,-32.073],[140.061,-32.073],[140.032,-32.278],[140.01,-32.538],[139.921,-32.769],[139.922,-32.769],[141.218,-32.38],[141.844,-32.055],[142.009,-31.878],[142.284,-31.635],[142.326,-31.429],[141.801,-31.429],[141.592,-31.41],[141.119,-31.401],[141.042,-31.349]]]]},"properties":{"NAME":"Wiljali","SUBJECTO":"Wiljali","PARTOF":"Wiljali","ABBREVN":"Wiljali","BORDERPRECISION":3,"fid":649}},
{"type":"Feature","geometry":{"type":"Polygon","coordinates":[[[116.609,-23.004],[116.587,-23.043],[116.669,-23.09],[116.856,-23.206],[117.098,-23.307],[117.188,-23.332],[117.202,-23.206],[117.131,-23.115],[117.048,-23.019],[117.01,-22.953],[116.982,-22.933],[116.982,-22.883],[116.982,-22.874],[116.96,-22.867],[116.878,-22.787],[116.861,-22.771],[116.84,-22.781],[116.741,-22.908],[116.653,-22.923],[116.609,-23.004]]]},"properties":{"NAME":"Jurruru","SUBJECTO":"Jurruru","PARTOF":"Jurruru","ABBREVN":"Jurruru","BORDERPRECISION":3,"fid":650}},
{"type":"Feature","geometry":{"type":"Polygon","coordinates":[[[141.703,-34.609],[141.757,-34.588],[142.108,-34.669],[142.416,-34.715],[142.8,-34.805],[142.964,-34.841],[142.965,-34.832],[142.965,-34.756],[142.965,-34.693],[142.965,-34.669],[142.922,-34.634],[142.916,-34.636],[142.899,-34.642],[142.734,-34.696],[142.679,-34.715],[142.493,-34.715],[142.317,-34.606],[142.262,-34.398],[142.141,-34.235],[141.945,-34.194],[141.812,-34.452],[141.703,-34.609]]]},"properties":{"NAME":"Latje Latje","SUBJECTO":"Latje Latje","PARTOF":"Latje Latje","ABBREVN":"Latje Latje","BORDERPRECISION":3,"fid":651}},
{"type":"Feature","geometry":{"type":"Polygon","coordinates":[[[150.33,-34.935],[150.43,-34.778],[150.568,-34.547],[150.612,-34.439],[150.787,-34.175],[150.752,-34.157],[150.743,-34.153],[150.724,-34.154],[150.685,-34.157],[150.568,-34.166],[150.452,-34.175],[149.98,-34.212],[149.601,-34.284],[149.343,-34.28],[149.112,-34.275],[149.04,-34.263],[148.873,-34.289],[148.755,-34.307],[148.531,-34.336],[148.469,-34.343],[148.4,-34.381],[148.557,-34.538],[148.788,-34.719],[149.057,-34.876],[149.089,-34.894],[149.128,-34.917],[149.142,-34.927],[149.382,-35.089],[149.474,-35.151],[149.619,-35.231],[149.645,-35.216],[149.65,-35.213],[149.845,-35.095],[150.007,-35.003],[150.079,-34.958],[150.225,-34.923],[150.257,-34.915],[150.33,-34.935]]]},"properties":{"NAME":"Gundungurra","SUBJECTO":"Gundungurra","PARTOF":"Gundungurra","ABBREVN":"Gundungurra","BORDERPRECISION":3,"fid":652}},
{"type":"Feature","geometry":{"type":"Polygon","coordinates":[[[148.386,-37.368],[148.453,-37.409],[148.7,-37.475],[148.958,-37.479],[149.255,-37.619],[149.315,-37.736],[149.311,-37.814],[149.431,-37.805],[149.672,-37.758],[149.804,-37.671],[149.849,-37.643],[149.857,-37.634],[149.985,-37.347],[149.976,-37.08],[149.952,-37.075],[149.928,-37.103],[149.823,-37.101],[149.501,-37.038],[149.337,-37.073],[149.03,-37.081],[148.535,-37.257],[148.386,-37.368]]]},"properties":{"NAME":"Bidwell","SUBJECTO":"Bidwell","PARTOF":"Bidwell","ABBREVN":"Bidwell","BORDERPRECISION":3,"fid":653}},
{"type":"Feature","geometry":{"type":"Polygon","coordinates":[[[138.213,-27.599],[138.296,-27.518],[138.417,-27.43],[138.407,-27.392],[138.402,-27.375],[138.373,-27.264],[138.307,-26.981],[138.23,-26.755],[138.164,-26.569],[138.156,-26.463],[138.153,-26.431],[138.135,-26.4],[138.043,-26.244],[138.032,-26.057],[138.186,-26.017],[138.45,-26.007],[138.636,-25.998],[138.828,-25.97],[138.845,-25.968],[138.814,-25.909],[138.724,-25.741],[138.593,-25.523],[138.472,-25.245],[138.428,-24.936],[138.406,-24.847],[138.384,-24.707],[138.373,-24.707],[138.076,-24.707],[137.78,-24.727],[137.45,-24.747],[137.142,-24.827],[136.857,-24.847],[136.615,-24.916],[136.307,-25.056],[136.271,-25.059],[136.274,-25.086],[136.274,-25.642],[136.274,-26.136],[136.187,-26.726],[136.187,-27.202],[136.187,-27.216],[136.139,-27.24],[136.252,-27.294],[136.582,-27.401],[136.725,-27.537],[136.802,-27.713],[136.816,-27.733],[136.89,-27.839],[136.901,-27.837],[137.428,-27.761],[137.725,-27.79],[138.076,-27.732],[138.154,-27.656],[138.213,-27.599]]]},"properties":{"NAME":"Wangkangurru","SUBJECTO":"Wangkangurru","PARTOF":"Wangkangurru","ABBREVN":"Wangkangurru","BORDERPRECISION":3,"fid":654}},
{"type":"Feature","geometry":{"type":"Polygon","coordinates":[[[114.707,-23.287],[114.74,-23.338],[114.785,-23.352],[114.922,-23.398],[115.054,-23.423],[115.274,-23.569],[115.439,-23.67],[115.719,-23.72],[115.802,-23.754],[115.823,-23.7],[115.801,-23.579],[115.752,-23.418],[115.697,-23.251],[115.733,-22.927],[115.735,-22.903],[115.776,-22.921],[115.768,-22.872],[115.727,-22.853],[115.715,-22.848],[115.598,-22.872],[115.505,-22.862],[115.345,-22.857],[115.093,-22.837],[114.862,-22.837],[114.808,-22.825],[114.796,-22.827],[114.774,-22.928],[114.73,-23.054],[114.708,-23.201],[114.707,-23.287]]]},"properties":{"NAME":"Purduna","SUBJECTO":"Purduna","PARTOF":"Purduna","ABBREVN":"Purduna","BORDERPRECISION":3,"fid":655}},
{"type":"Feature","geometry":{"type":"Polygon","coordinates":[[[145.398,-18.118],[145.437,-18.135],[145.558,-18.143],[145.717,-18.06],[145.838,-18.028],[145.967,-18.007],[145.984,-18.006],[145.996,-17.956],[146.019,-17.862],[145.994,-17.513],[145.976,-17.468],[145.961,-17.429],[145.945,-17.427],[145.822,-17.382],[145.723,-17.335],[145.643,-17.285],[145.548,-17.242],[145.544,-17.24],[145.532,-17.228],[145.492,-17.185],[145.432,-17.183],[145.336,-17.262],[145.361,-17.311],[145.382,-17.351],[145.31,-17.359],[145.29,-17.422],[145.289,-17.427],[145.256,-17.503],[145.22,-17.547],[145.216,-17.561],[145.211,-17.579],[145.283,-17.675],[145.338,-17.853],[145.36,-18.01],[145.395,-18.117],[145.398,-18.118]]]},"properties":{"NAME":"Djirbalngan","SUBJECTO":"Djirbalngan","PARTOF":"Djirbalngan","ABBREVN":"Djirbalngan","BORDERPRECISION":3,"fid":656}},
{"type":"Feature","geometry":{"type":"Polygon","coordinates":[[[141.703,-15.333],[141.65,-15.323],[141.642,-15.336],[141.518,-15.532],[141.402,-15.857],[141.4,-15.864],[141.608,-15.872],[141.659,-15.872],[141.691,-15.538],[141.701,-15.343],[141.702,-15.337],[141.703,-15.333]]]},"properties":{"NAME":"Koko-bera","SUBJECTO":"Koko-bera","PARTOF":"Koko-bera","ABBREVN":"Koko-bera","BORDERPRECISION":3,"fid":657}},
{"type":"Feature","geometry":{"type":"Polygon","coordinates":[[[147.26,-22.511],[147.237,-22.49],[147.14,-22.396],[146.986,-22.345],[146.778,-22.33],[146.772,-22.33],[146.715,-22.331],[146.503,-22.335],[146.288,-22.386],[146.063,-22.436],[146.063,-22.463],[146.079,-22.482],[146.212,-22.639],[146.409,-23.054],[146.376,-23.357],[146.365,-23.488],[146.387,-23.579],[146.486,-23.69],[146.585,-23.831],[146.648,-23.946],[146.854,-23.967],[147.066,-23.98],[147.215,-23.99],[147.195,-23.951],[147.162,-23.78],[147.129,-23.559],[147.129,-23.347],[147.16,-23.336],[147.159,-23.327],[147.156,-23.302],[147.162,-22.989],[147.217,-22.705],[147.277,-22.528],[147.26,-22.511]]]},"properties":{"NAME":"Yagalingu","SUBJECTO":"Yagalingu","PARTOF":"Yagalingu","ABBREVN":"Yagalingu","BORDERPRECISION":3,"fid":658}},
{"type":"Feature","geometry":{"type":"Polygon","coordinates":[[[139.41,-35.194],[139.384,-35.219],[139.482,-35.29],[139.57,-35.47],[139.658,-35.72],[139.768,-35.987],[139.845,-36.173],[139.999,-36.324],[140.087,-36.329],[140.126,-36.332],[140.295,-36.342],[140.515,-36.342],[140.801,-36.342],[140.999,-36.314],[140.999,-36.255],[140.999,-36.253],[140.999,-35.96],[141.141,-35.532],[141.284,-35.21],[141.394,-34.859],[141.415,-34.816],[141.328,-34.778],[141.251,-34.642],[141.108,-34.597],[140.933,-34.615],[140.68,-34.687],[140.416,-34.687],[140.175,-34.687],[139.823,-34.669],[139.724,-34.904],[139.537,-35.219],[139.536,-35.218],[139.41,-35.194]]]},"properties":{"NAME":"Ngargad","SUBJECTO":"Ngargad","PARTOF":"Ngargad","ABBREVN":"Ngargad","BORDERPRECISION":3,"fid":659}},
{"type":"Feature","geometry":{"type":"Polygon","coordinates":[[[150.125,-22.424],[149.945,-22.324],[150.008,-22.673],[150.017,-22.73],[149.67,-22.572],[149.557,-22.433],[149.506,-22.255],[149.411,-21.918],[149.294,-21.582],[149.279,-21.541],[149.183,-21.571],[149.136,-21.595],[149.162,-21.627],[149.271,-21.759],[149.359,-21.943],[149.359,-22.106],[149.37,-22.35],[149.299,-22.372],[149.343,-22.462],[149.398,-22.685],[149.584,-22.852],[149.799,-22.872],[149.996,-22.862],[150.189,-22.786],[150.2,-22.594],[150.125,-22.424]]]},"properties":{"NAME":"Guwinmal","SUBJECTO":"Guwinmal","PARTOF":"Guwinmal","ABBREVN":"Guwinmal","BORDERPRECISION":3,"fid":660}},
{"type":"Feature","geometry":{"type":"Polygon","coordinates":[[[151.26,-34.01],[151.263,-33.991],[151.224,-33.966],[151.092,-33.934],[150.925,-33.936],[150.919,-33.948],[150.903,-33.975],[150.815,-34.157],[150.752,-34.157],[150.787,-34.175],[150.612,-34.439],[150.568,-34.547],[150.43,-34.778],[150.33,-34.935],[150.356,-34.942],[150.433,-34.976],[150.699,-35.079],[150.796,-35.086],[150.816,-35.106],[150.818,-35.106],[150.819,-35.105],[150.856,-35.011],[150.854,-34.92],[150.845,-34.897],[150.853,-34.879],[150.85,-34.718],[150.957,-34.561],[150.969,-34.47],[150.98,-34.402],[150.996,-34.346],[151.051,-34.278],[151.089,-34.225],[151.166,-34.15],[151.241,-34.071],[151.249,-34.058],[151.26,-34.01]]]},"properties":{"NAME":"Tharawal","SUBJECTO":"Tharawal","PARTOF":"Tharawal","ABBREVN":"Tharawal","BORDERPRECISION":3,"fid":661}},
{"type":"Feature","geometry":{"type":"Polygon","coordinates":[[[126.207,-21.905],[126.198,-21.962],[126.31,-22.045],[126.563,-22.35],[126.727,-22.634],[126.925,-23.009],[127.046,-23.302],[127.43,-23.655],[127.826,-23.916],[127.895,-23.986],[127.966,-24.059],[128.145,-24.127],[128.496,-24.267],[128.866,-24.395],[128.958,-24.427],[129.074,-24.446],[129.331,-24.487],[129.727,-24.627],[130.232,-24.767],[130.496,-24.867],[130.576,-24.793],[130.601,-24.771],[130.671,-24.707],[130.913,-24.387],[130.979,-24.107],[131.089,-23.765],[131.188,-23.463],[131.265,-23.15],[131.294,-22.975],[131.298,-22.949],[131.309,-22.888],[131.32,-22.756],[131.133,-22.756],[130.858,-22.624],[130.682,-22.34],[130.671,-22.075],[130.825,-21.923],[130.869,-21.637],[130.737,-21.32],[130.441,-21.136],[130.32,-21.122],[130.253,-21.114],[130.089,-21.095],[129.792,-20.961],[129.667,-20.954],[129.587,-20.949],[129.452,-20.941],[129.144,-21.064],[128.716,-20.91],[128.419,-20.89],[127.874,-20.729],[127.707,-20.68],[127.617,-20.653],[127.332,-20.961],[127.024,-21.043],[126.628,-21.617],[126.211,-21.882],[126.207,-21.905]]]},"properties":{"NAME":"Pintupi","SUBJECTO":"Pintupi","PARTOF":"Pintupi","ABBREVN":"Pintupi","BORDERPRECISION":3,"fid":662}},
{"type":"Feature","geometry":{"type":"Polygon","coordinates":[[[127.244,-14.438],[127.244,-14.275],[127.342,-14.091],[127.166,-14.063],[126.853,-13.784],[126.765,-14],[126.665,-14.102],[126.64,-14.155],[126.617,-14.203],[126.639,-14.238],[126.689,-14.35],[126.748,-14.381],[126.749,-14.381],[126.991,-14.381],[127.244,-14.438]]]},"properties":{"NAME":"Miwa","SUBJECTO":"Miwa","PARTOF":"Miwa","ABBREVN":"Miwa","BORDERPRECISION":3,"fid":663}},
{"type":"Feature","geometry":{"type":"Polygon","coordinates":[[[117.823,-22.086],[117.768,-22.121],[117.708,-22.274],[117.598,-22.447],[117.543,-22.609],[117.488,-22.685],[117.461,-22.743],[117.449,-22.77],[117.427,-22.817],[117.493,-22.913],[117.631,-22.994],[117.916,-23.161],[118.202,-23.342],[118.416,-23.458],[118.56,-23.527],[118.575,-23.534],[118.652,-23.534],[118.795,-23.539],[118.845,-23.54],[119.141,-23.549],[119.471,-23.539],[119.619,-23.529],[119.627,-23.529],[119.619,-23.514],[119.619,-23.458],[119.619,-23.403],[119.641,-23.399],[119.614,-23.383],[119.597,-23.262],[119.531,-23.145],[119.465,-22.994],[119.355,-22.705],[119.24,-22.584],[119.119,-22.507],[119.009,-22.436],[118.954,-22.396],[118.934,-22.34],[118.924,-22.336],[118.911,-22.33],[118.586,-22.223],[118.202,-22.081],[118.015,-22.04],[117.894,-22.04],[117.843,-22.073],[117.823,-22.086]]]},"properties":{"NAME":"Banjima","SUBJECTO":"Banjima","PARTOF":"Banjima","ABBREVN":"Banjima","BORDERPRECISION":3,"fid":664}},
{"type":"Feature","geometry":{"type":"Polygon","coordinates":[[[130.267,-13.634],[130.268,-13.633],[130.303,-13.55],[130.323,-13.47],[130.328,-13.46],[130.334,-13.448],[130.32,-13.435],[130.304,-13.43],[130.293,-13.426],[130.281,-13.435],[130.224,-13.462],[130.218,-13.462],[130.206,-13.484],[130.191,-13.498],[130.207,-13.523],[130.213,-13.603],[130.267,-13.634]]]},"properties":{"NAME":"Kuwema","SUBJECTO":"Kuwema","PARTOF":"Kuwema","ABBREVN":"Kuwema","BORDERPRECISION":3,"fid":665}},
{"type":"Feature","geometry":{"type":"Polygon","coordinates":[[[130.249,-17.152],[130.144,-17.067],[129.869,-17.025],[129.65,-16.899],[129.397,-16.878],[129.254,-16.794],[129.254,-16.626],[129.215,-16.626],[129.111,-16.626],[128.903,-16.647],[128.804,-16.699],[128.826,-16.815],[128.859,-16.983],[128.892,-17.172],[128.947,-17.393],[129.023,-17.623],[129.054,-17.834],[129.199,-17.926],[129.276,-18.219],[129.265,-18.323],[129.507,-18.323],[129.891,-18.313],[130.419,-18.229],[130.759,-18.188],[130.946,-18.104],[130.974,-18.123],[131.105,-18.062],[131.49,-17.979],[131.506,-17.972],[131.486,-17.965],[131.407,-17.947],[131.21,-17.937],[130.99,-17.906],[130.985,-17.875],[130.979,-17.874],[130.957,-17.728],[130.957,-17.476],[130.94,-17.394],[130.935,-17.372],[130.726,-17.382],[130.485,-17.319],[130.287,-17.288],[130.287,-17.183],[130.282,-17.179],[130.249,-17.152]]]},"properties":{"NAME":"Gurindji","SUBJECTO":"Gurindji","PARTOF":"Gurindji","ABBREVN":"Gurindji","BORDERPRECISION":3,"fid":666}},
{"type":"Feature","geometry":{"type":"Polygon","coordinates":[[[141.907,-14.918],[141.947,-14.918],[142.152,-14.87],[142.537,-14.817],[143.218,-14.807],[143.398,-14.828],[143.405,-14.826],[143.421,-14.823],[143.454,-14.727],[143.459,-14.456],[143.439,-14.344],[143.438,-14.334],[143.435,-14.319],[143.421,-14.238],[143.36,-14.115],[143.354,-14.103],[143.344,-14.083],[143.295,-14.09],[143.185,-14.105],[142.954,-14.185],[142.953,-14.185],[142.96,-14.243],[142.912,-14.277],[142.899,-14.286],[142.839,-14.318],[142.646,-14.355],[142.531,-14.419],[142.394,-14.472],[142.18,-14.472],[142.056,-14.49],[141.999,-14.498],[142.009,-14.642],[141.976,-14.796],[141.899,-14.918],[141.907,-14.918]]]},"properties":{"NAME":"Bakanh","SUBJECTO":"Bakanh","PARTOF":"Bakanh","ABBREVN":"Bakanh","BORDERPRECISION":3,"fid":667}},
{"type":"Feature","geometry":{"type":"Polygon","coordinates":[[[143.032,-18.733],[143.13,-18.693],[143.394,-18.594],[143.487,-18.532],[143.481,-18.5],[143.48,-18.494],[143.459,-18.355],[143.448,-18.219],[143.448,-17.989],[143.405,-17.738],[143.383,-17.602],[143.262,-17.476],[143.13,-17.42],[143.13,-17.602],[142.954,-17.77],[142.587,-18.037],[142.685,-18.182],[142.844,-18.428],[142.999,-18.646],[143.036,-18.698],[143.032,-18.733]]]},"properties":{"NAME":"Takalak","SUBJECTO":"Takalak","PARTOF":"Takalak","ABBREVN":"Takalak","BORDERPRECISION":3,"fid":668}},
{"type":"Feature","geometry":{"type":"Polygon","coordinates":[[[132.304,-23.013],[132.539,-22.796],[132.627,-22.776],[133.192,-22.911],[133.44,-22.898],[133.959,-22.888],[133.945,-22.837],[133.989,-22.37],[134.016,-22.354],[133.682,-22.208],[133.022,-22.126],[132.924,-21.926],[132.902,-21.963],[132.726,-21.963],[132.462,-21.963],[132.067,-22.004],[131.88,-22.289],[131.88,-22.553],[132.034,-22.746],[132.196,-22.979],[132.286,-22.979],[132.304,-23.013]]]},"properties":{"NAME":"Anmatyerre","SUBJECTO":"Anmatyerre","PARTOF":"Anmatyerre","ABBREVN":"Anmatyerre","BORDERPRECISION":3,"fid":669}},
{"type":"Feature","geometry":{"type":"Polygon","coordinates":[[[130.2,-13.888],[130.141,-13.865],[130.118,-13.821],[130.104,-13.777],[130.11,-13.713],[130.13,-13.662],[130.114,-13.619],[130.061,-13.606],[129.861,-13.715],[129.852,-13.72],[129.766,-13.816],[129.764,-13.99],[129.763,-14.007],[129.869,-13.983],[129.897,-13.993],[129.874,-14.05],[129.883,-14.089],[129.884,-14.097],[129.889,-14.097],[129.924,-14.102],[129.989,-14.11],[130.037,-14.095],[130.046,-14.092],[130.077,-14.082],[130.159,-14.054],[130.179,-14.037],[130.19,-14.027],[130.207,-14.013],[130.213,-13.992],[130.216,-13.978],[130.228,-13.933],[130.226,-13.898],[130.225,-13.898],[130.2,-13.888]]]},"properties":{"NAME":"Marrithiyel","SUBJECTO":"Marrithiyel","PARTOF":"Marrithiyel","ABBREVN":"Marrithiyel","BORDERPRECISION":3,"fid":670}},
{"type":"Feature","geometry":{"type":"Polygon","coordinates":[[[130.402,-13.392],[130.385,-13.385],[130.364,-13.388],[130.334,-13.448],[130.328,-13.46],[130.323,-13.47],[130.303,-13.55],[130.268,-13.633],[130.267,-13.634],[130.267,-13.635],[130.237,-13.713],[130.235,-13.822],[130.224,-13.881],[130.228,-13.882],[130.24,-13.887],[130.301,-13.911],[130.303,-13.891],[130.311,-13.891],[130.419,-13.886],[130.589,-13.854],[130.726,-13.801],[130.87,-13.801],[130.908,-13.779],[131.031,-13.774],[131.155,-13.766],[131.311,-13.715],[131.337,-13.644],[131.331,-13.625],[131.287,-13.571],[131.21,-13.555],[130.748,-13.491],[130.476,-13.422],[130.402,-13.392]]]},"properties":{"NAME":"Malak malak","SUBJECTO":"Malak malak","PARTOF":"Malak malak","ABBREVN":"Malak malak","BORDERPRECISION":3,"fid":671}},
{"type":"Feature","geometry":{"type":"Polygon","coordinates":[[[146.505,-26.959],[146.627,-26.9],[146.684,-26.881],[146.779,-26.849],[146.852,-26.82],[146.906,-26.789],[146.933,-26.777],[147.238,-26.784],[147.517,-26.786],[147.854,-26.769],[148.011,-26.783],[148.046,-26.779],[148.1,-26.761],[148.136,-26.743],[148.156,-26.697],[148.169,-26.643],[148.181,-26.586],[148.181,-26.561],[148.198,-26.536],[148.219,-26.523],[148.312,-26.331],[148.37,-26.21],[148.333,-26.137],[148.333,-26.105],[148.332,-26.069],[148.332,-26.05],[148.331,-26.026],[148.368,-25.959],[148.42,-25.922],[148.503,-25.9],[148.542,-25.889],[148.56,-25.884],[148.62,-25.862],[148.638,-25.855],[148.664,-25.853],[148.71,-25.858],[148.759,-25.862],[148.833,-25.874],[148.901,-25.887],[148.936,-25.898],[148.94,-25.898],[148.941,-25.897],[148.943,-25.895],[148.949,-25.871],[148.958,-25.831],[148.956,-25.808],[148.952,-25.77],[148.945,-25.754],[148.925,-25.737],[148.911,-25.695],[148.891,-25.638],[148.87,-25.582],[148.851,-25.531],[148.828,-25.501],[148.819,-25.48],[148.825,-25.462],[148.839,-25.439],[148.861,-25.409],[148.857,-25.372],[148.865,-25.298],[148.859,-25.25],[148.857,-25.23],[148.856,-25.204],[148.855,-25.172],[148.848,-25.127],[148.835,-25.082],[148.829,-25.03],[148.835,-24.991],[148.859,-24.911],[148.862,-24.879],[148.837,-24.839],[148.825,-24.787],[148.823,-24.721],[148.811,-24.675],[148.785,-24.636],[148.774,-24.59],[148.742,-24.526],[148.699,-24.484],[148.669,-24.476],[148.62,-24.462],[148.591,-24.441],[148.559,-24.419],[148.542,-24.407],[148.499,-24.384],[148.481,-24.375],[148.398,-24.287],[148.314,-24.218],[148.281,-24.17],[148.213,-24.12],[148.143,-24.097],[148.102,-24.079],[148.036,-24.046],[147.985,-24.027],[147.845,-24.034],[147.597,-24.021],[147.428,-24.004],[147.235,-23.991],[147.215,-23.99],[147.066,-23.98],[146.854,-23.967],[146.648,-23.946],[146.602,-23.942],[146.591,-23.941],[145.916,-23.864],[145.459,-23.655],[145.234,-24.122],[145.207,-24.178],[145.125,-24.347],[145.12,-24.411],[145.108,-24.467],[145.086,-24.515],[145.079,-24.643],[145.06,-24.771],[145.055,-24.799],[145.043,-24.864],[145.042,-24.865],[144.875,-25.049],[144.827,-25.183],[144.727,-25.596],[144.703,-25.692],[144.674,-25.777],[144.632,-25.841],[144.606,-25.911],[144.613,-25.935],[144.615,-25.954],[144.627,-25.973],[144.643,-25.986],[144.702,-26.008],[144.731,-26.014],[144.75,-26.055],[144.779,-26.098],[144.816,-26.147],[144.879,-26.2],[144.925,-26.204],[144.995,-26.198],[145.041,-26.181],[145.048,-26.155],[145.052,-26.122],[145.074,-26.094],[145.103,-26.084],[145.206,-26.104],[145.326,-26.142],[145.404,-26.198],[145.466,-26.264],[145.502,-26.328],[145.522,-26.368],[145.535,-26.394],[145.575,-26.466],[145.591,-26.561],[145.577,-26.609],[145.545,-26.639],[145.551,-26.66],[145.565,-26.714],[145.599,-26.832],[145.601,-26.944],[145.601,-27.013],[145.568,-27.073],[145.57,-27.113],[145.596,-27.12],[145.739,-27.122],[145.877,-27.104],[145.96,-27.087],[146.058,-27.068],[146.228,-27.04],[146.472,-26.975],[146.505,-26.959]]]},"properties":{"NAME":"Bidjara","SUBJECTO":"Bidjara","PARTOF":"Bidjara","ABBREVN":"Bidjara","BORDERPRECISION":3,"fid":672}},
{"type":"Feature","geometry":{"type":"Polygon","coordinates":[[[134.608,-12.058],[134.596,-12.057],[134.596,-12.09],[134.604,-12.106],[134.605,-12.107],[134.605,-12.108],[134.692,-12.115],[134.7,-12.121],[134.703,-12.098],[134.729,-12.068],[134.733,-12.062],[134.608,-12.058]]]},"properties":{"NAME":"Burarra","SUBJECTO":"Burarra","PARTOF":"Burarra","ABBREVN":"Burarra","BORDERPRECISION":3,"fid":673}},
{"type":"Feature","geometry":{"type":"MultiPolygon","coordinates":[[[[125.337,-17.65],[125.48,-17.67],[125.662,-17.565],[125.782,-17.45],[125.794,-17.417],[125.792,-17.414],[125.728,-17.309],[125.684,-17.214],[125.666,-17.083],[125.618,-17.12],[125.497,-17.015],[125.057,-16.741],[124.833,-16.527],[124.716,-16.496],[124.566,-16.509],[124.435,-16.516],[124.396,-16.517],[124.415,-16.568],[124.448,-16.647],[124.448,-16.773],[124.448,-16.84],[124.448,-16.889],[124.448,-17.067],[124.459,-17.345],[124.459,-17.409],[124.49,-17.412],[124.552,-17.419],[124.7,-17.419],[124.887,-17.403],[125.046,-17.398],[125.206,-17.445],[125.277,-17.539],[125.335,-17.645],[125.337,-17.65]]],[[[124.612,-16.378],[124.817,-16.511],[124.805,-16.499],[124.794,-16.373],[124.792,-16.344],[124.755,-16.331],[124.56,-16.343],[124.612,-16.378]]]]},"properties":{"NAME":"Unggumi","SUBJECTO":"Unggumi","PARTOF":"Unggumi","ABBREVN":"Unggumi","BORDERPRECISION":3,"fid":674}},
{"type":"Feature","geometry":{"type":"Polygon","coordinates":[[[122.317,-28.697],[122.542,-28.652],[122.631,-28.696],[122.629,-28.662],[122.827,-28.536],[123.014,-28.411],[123.278,-28.285],[123.882,-27.878],[124.167,-27.625],[124.368,-27.519],[124.357,-27.464],[124.167,-27.352],[123.728,-27.157],[123.157,-26.785],[123.058,-26.675],[122.956,-26.561],[122.816,-26.775],[122.498,-27.294],[122.102,-27.557],[121.937,-27.693],[121.694,-27.856],[121.756,-27.907],[121.764,-27.919],[121.805,-27.985],[121.871,-28.053],[121.959,-28.159],[122.058,-28.295],[122.135,-28.411],[122.267,-28.585],[122.317,-28.697]]]},"properties":{"NAME":"Tjalkanti","SUBJECTO":"Tjalkanti","PARTOF":"Tjalkanti","ABBREVN":"Tjalkanti","BORDERPRECISION":3,"fid":675}},
{"type":"Feature","geometry":{"type":"Polygon","coordinates":[[[122.803,-17.317],[122.758,-17.317],[122.596,-17.317],[122.396,-17.319],[122.195,-17.319],[122.161,-17.319],[122.129,-17.353],[122.101,-17.382],[122.094,-17.414],[122.11,-17.529],[122.121,-17.639],[122.151,-17.728],[122.182,-17.772],[122.19,-17.783],[122.368,-17.767],[122.552,-17.77],[122.682,-17.764],[122.708,-17.756],[122.72,-17.72],[122.724,-17.716],[122.753,-17.683],[122.802,-17.668],[122.817,-17.666],[122.811,-17.618],[122.8,-17.408],[122.801,-17.369],[122.803,-17.317]]]},"properties":{"NAME":"Ngumbarl","SUBJECTO":"Ngumbarl","PARTOF":"Ngumbarl","ABBREVN":"Ngumbarl","BORDERPRECISION":3,"fid":676}},
{"type":"Feature","geometry":{"type":"Polygon","coordinates":[[[114.677,-26.438],[114.631,-26.397],[114.527,-26.402],[114.241,-26.515],[114.016,-26.589],[113.846,-26.751],[113.734,-26.801],[113.703,-26.814],[113.736,-26.976],[113.835,-27.123],[113.939,-27.279],[114.038,-27.64],[114.038,-27.761],[114.088,-27.975],[114.28,-28.329],[114.338,-28.485],[114.452,-28.649],[114.597,-28.719],[114.703,-28.719],[114.955,-28.633],[115.23,-28.57],[115.298,-28.538],[115.273,-28.509],[115.203,-28.474],[115.049,-28.246],[114.906,-27.951],[114.917,-27.611],[114.868,-27.162],[114.796,-26.922],[114.703,-26.618],[114.643,-26.467],[114.642,-26.466],[114.677,-26.438]]]},"properties":{"NAME":"Nhanta","SUBJECTO":"Nhanta","PARTOF":"Nhanta","ABBREVN":"Nhanta","BORDERPRECISION":3,"fid":677}},
{"type":"Feature","geometry":{"type":"Polygon","coordinates":[[[151.201,-33.385],[151.243,-33.395],[151.381,-33.262],[151.406,-33.205],[151.427,-33.162],[151.463,-33.082],[151.469,-32.898],[151.448,-32.894],[151.424,-32.901],[151.403,-32.907],[151.117,-32.907],[150.815,-32.884],[150.612,-32.88],[150.298,-32.833],[150.096,-32.816],[150.051,-32.99],[150.008,-33.187],[150.134,-33.211],[150.573,-33.243],[150.93,-33.28],[151.1,-33.301],[151.221,-33.317],[151.201,-33.385]]]},"properties":{"NAME":"Darkinung","SUBJECTO":"Darkinung","PARTOF":"Darkinung","ABBREVN":"Darkinung","BORDERPRECISION":3,"fid":678}},
{"type":"Feature","geometry":{"type":"Polygon","coordinates":[[[142.319,-28.527],[142.405,-28.594],[142.663,-28.671],[142.954,-28.729],[143.017,-28.736],[143.064,-28.739],[143.322,-28.758],[143.374,-28.771],[143.503,-28.729],[143.645,-28.736],[143.686,-28.738],[143.646,-28.527],[143.646,-28.401],[143.795,-28.29],[143.893,-28.212],[144.108,-28.043],[144.176,-27.983],[144.151,-27.981],[143.926,-27.96],[143.756,-27.912],[143.739,-27.902],[143.703,-27.902],[143.547,-27.975],[143.383,-28.014],[143.262,-28.014],[143.031,-28.053],[142.8,-28.169],[142.515,-28.266],[142.416,-28.42],[142.319,-28.527]]]},"properties":{"NAME":"Kullilla","SUBJECTO":"Kullilla","PARTOF":"Kullilla","ABBREVN":"Kullilla","BORDERPRECISION":3,"fid":679}},
{"type":"Feature","geometry":{"type":"Polygon","coordinates":[[[139.84,-37.042],[139.823,-37.246],[140.004,-37.625],[140.12,-37.71],[140.127,-37.716],[140.249,-37.794],[140.326,-37.865],[140.334,-37.871],[140.455,-37.966],[140.521,-38.02],[140.588,-38.053],[140.721,-38.097],[140.795,-38.093],[140.849,-38.081],[140.948,-38.071],[140.952,-38.068],[140.946,-38.063],[140.946,-38.02],[140.957,-38.004],[140.956,-38.004],[140.959,-38.002],[140.963,-37.996],[140.972,-37.994],[140.985,-37.986],[140.994,-37.989],[141.004,-37.986],[141.055,-38.003],[141.089,-38.017],[141.194,-38.053],[141.238,-38.059],[141.265,-38.043],[141.276,-38.029],[141.258,-37.981],[141.292,-37.967],[141.299,-37.916],[141.286,-37.877],[141.228,-37.798],[141.227,-37.776],[141.045,-37.746],[140.782,-37.627],[140.639,-37.558],[140.356,-37.392],[140.205,-37.228],[140.191,-37.152],[140.186,-37.077],[140.041,-37.053],[139.966,-37.042],[139.84,-37.042]]]},"properties":{"NAME":"Buandig","SUBJECTO":"Buandig","PARTOF":"Buandig","ABBREVN":"Buandig","BORDERPRECISION":3,"fid":680}},
{"type":"Feature","geometry":{"type":"Polygon","coordinates":[[[141.659,-15.872],[141.608,-15.872],[141.4,-15.864],[141.392,-15.919],[141.314,-16.448],[141.288,-16.52],[141.295,-16.52],[141.405,-16.584],[141.603,-16.715],[141.779,-16.813],[141.768,-16.699],[141.757,-16.489],[141.658,-16.151],[141.658,-15.924],[141.658,-15.887],[141.659,-15.872]]]},"properties":{"NAME":"Koknar","SUBJECTO":"Koknar","PARTOF":"Koknar","ABBREVN":"Koknar","BORDERPRECISION":3,"fid":681}},
{"type":"Feature","geometry":{"type":"Polygon","coordinates":[[[119.944,-20.118],[119.926,-20.081],[119.813,-20.118],[119.531,-20.138],[119.136,-20.037],[118.936,-20.024],[118.865,-20.069],[118.828,-20.14],[118.883,-20.149],[119.026,-20.236],[119.191,-20.283],[119.383,-20.355],[119.636,-20.391],[119.718,-20.345],[119.828,-20.262],[119.888,-20.175],[119.927,-20.113],[119.944,-20.118]]]},"properties":{"NAME":"Ngarla","SUBJECTO":"Ngarla","PARTOF":"Ngarla","ABBREVN":"Ngarla","BORDERPRECISION":3,"fid":682}},
{"type":"Feature","geometry":{"type":"Polygon","coordinates":[[[129.693,-15.09],[129.672,-15.154],[129.732,-15.231],[129.758,-15.273],[129.814,-15.252],[129.849,-15.296],[129.886,-15.342],[129.913,-15.411],[130.012,-15.411],[130.133,-15.438],[130.155,-15.487],[130.287,-15.395],[130.358,-15.448],[130.38,-15.477],[130.392,-15.492],[130.551,-15.485],[130.803,-15.438],[130.984,-15.422],[131.073,-15.325],[131.06,-15.306],[131.034,-15.268],[131.034,-15.183],[130.974,-15.003],[130.963,-14.849],[130.988,-14.82],[130.957,-14.796],[130.847,-14.764],[130.754,-14.764],[130.627,-14.754],[130.512,-14.759],[130.424,-14.759],[130.388,-14.754],[130.353,-14.748],[130.351,-14.716],[130.265,-14.716],[130.062,-14.722],[129.842,-14.754],[129.794,-14.754],[129.817,-14.781],[129.849,-14.82],[129.839,-14.928],[129.702,-15.062],[129.693,-15.09]]]},"properties":{"NAME":"Jaminjung","SUBJECTO":"Jaminjung","PARTOF":"Jaminjung","ABBREVN":"Jaminjung","BORDERPRECISION":3,"fid":683}},
{"type":"Feature","geometry":{"type":"Polygon","coordinates":[[[118.186,-30.901],[118.079,-30.741],[117.978,-30.693],[117.591,-30.6],[117.135,-30.376],[116.848,-30.072],[116.431,-31.471],[116.574,-31.527],[116.731,-31.604],[116.731,-32.124],[117.53,-32.376],[117.612,-32.402],[117.604,-32.381],[117.537,-32.213],[117.526,-31.957],[117.724,-31.527],[117.916,-31.264],[118.186,-30.901]]]},"properties":{"NAME":"Ballardong","SUBJECTO":"Ballardong","PARTOF":"Ballardong","ABBREVN":"Ballardong","BORDERPRECISION":3,"fid":684}},
{"type":"Feature","geometry":{"type":"Polygon","coordinates":[[[143.673,-14.287],[143.582,-14.057],[143.577,-14.043],[143.443,-14.067],[143.354,-14.103],[143.36,-14.115],[143.421,-14.238],[143.435,-14.319],[143.673,-14.287]]]},"properties":{"NAME":"Umbindhamu","SUBJECTO":"Umbindhamu","PARTOF":"Umbindhamu","ABBREVN":"Umbindhamu","BORDERPRECISION":3,"fid":685}},
{"type":"Feature","geometry":{"type":"Polygon","coordinates":[[[135.52,-14.446],[135.588,-14.355],[135.593,-14.179],[135.494,-14.025],[135.428,-13.838],[135.324,-13.694],[135.269,-13.654],[135.255,-13.669],[135.137,-13.795],[134.918,-13.865],[134.793,-13.904],[134.786,-13.913],[134.852,-14.003],[134.929,-14.174],[134.945,-14.318],[135.037,-14.444],[135.137,-14.424],[135.269,-14.424],[135.439,-14.424],[135.497,-14.44],[135.52,-14.446]]]},"properties":{"NAME":"Ngandi","SUBJECTO":"Ngandi","PARTOF":"Ngandi","ABBREVN":"Ngandi","BORDERPRECISION":3,"fid":686}},
{"type":"Feature","geometry":{"type":"Polygon","coordinates":[[[143.501,-13.785],[143.498,-13.773],[143.435,-13.797],[143.396,-13.812],[143.394,-13.821],[143.355,-14.019],[143.344,-14.083],[143.354,-14.103],[143.443,-14.067],[143.577,-14.043],[143.538,-13.945],[143.501,-13.785]]]},"properties":{"NAME":"Kuuku-yani","SUBJECTO":"Kuuku-yani","PARTOF":"Kuuku-yani","ABBREVN":"Kuuku-yani","BORDERPRECISION":3,"fid":687}},
{"type":"Feature","geometry":{"type":"MultiPolygon","coordinates":[[[[146.106,-18.549],[146.083,-18.512],[145.969,-18.542],[145.848,-18.513],[145.753,-18.443],[145.715,-18.428],[145.681,-18.429],[145.686,-18.447],[145.684,-18.475],[145.69,-18.48],[145.828,-18.646],[145.854,-18.677],[145.964,-18.885],[146.206,-19.093],[146.349,-19.239],[146.503,-19.311],[146.568,-19.327],[146.516,-19.271],[146.418,-19.179],[146.354,-19.101],[146.322,-19.082],[146.282,-19.013],[146.259,-18.986],[146.179,-18.889],[146.121,-18.789],[146.15,-18.711],[146.157,-18.702],[146.134,-18.633],[146.106,-18.549]]],[[[146.709,-19.364],[146.709,-19.363],[146.674,-19.355],[146.709,-19.364]]]]},"properties":{"NAME":"Nyawaygi","SUBJECTO":"Nyawaygi","PARTOF":"Nyawaygi","ABBREVN":"Nyawaygi","BORDERPRECISION":3,"fid":688}},
{"type":"Feature","geometry":{"type":"Polygon","coordinates":[[[145.615,-21.685],[145.596,-21.706],[145.613,-21.759],[145.69,-21.923],[145.778,-22.014],[145.865,-22.157],[145.887,-22.37],[145.885,-22.388],[146.058,-22.457],[146.063,-22.463],[146.063,-22.436],[146.288,-22.386],[146.503,-22.335],[146.715,-22.331],[146.772,-22.33],[146.778,-22.33],[146.843,-22.157],[146.821,-21.923],[146.795,-21.874],[146.789,-21.874],[146.678,-21.877],[146.552,-21.657],[146.547,-21.599],[146.349,-21.591],[145.948,-21.642],[145.615,-21.685]]]},"properties":{"NAME":"Miyan","SUBJECTO":"Miyan","PARTOF":"Miyan","ABBREVN":"Miyan","BORDERPRECISION":3,"fid":689}},
{"type":"Feature","geometry":{"type":"Polygon","coordinates":[[[123.289,-21.356],[123.289,-21.371],[123.409,-21.361],[123.607,-21.422],[123.893,-21.637],[124.08,-21.943],[124.08,-22.157],[124.091,-22.35],[124.387,-22.289],[124.827,-22.116],[125.211,-21.963],[125.387,-21.811],[125.519,-21.811],[125.841,-21.811],[126.035,-21.576],[126.277,-21.023],[126.453,-20.633],[126.453,-20.372],[126.453,-20.365],[126.345,-20.341],[126.079,-20.283],[125.42,-20.2],[125.112,-20.18],[124.955,-20.196],[124.9,-20.202],[124.717,-20.221],[124.255,-20.53],[123.838,-20.53],[123.838,-20.679],[123.838,-20.746],[123.706,-20.9],[123.563,-21.054],[123.289,-21.356]]]},"properties":{"NAME":"Yulparitja","SUBJECTO":"Yulparitja","PARTOF":"Yulparitja","ABBREVN":"Yulparitja","BORDERPRECISION":3,"fid":690}},
{"type":"Feature","geometry":{"type":"Polygon","coordinates":[[[148.726,-24.228],[148.634,-24.337],[148.559,-24.419],[148.591,-24.441],[148.62,-24.462],[148.669,-24.476],[148.699,-24.484],[148.742,-24.526],[148.774,-24.59],[148.785,-24.636],[148.811,-24.675],[148.823,-24.721],[148.825,-24.787],[148.837,-24.839],[148.862,-24.879],[148.859,-24.911],[148.835,-24.991],[148.829,-25.03],[148.835,-25.082],[148.848,-25.127],[148.855,-25.172],[148.856,-25.204],[149.027,-25.177],[149.028,-25.175],[148.986,-25.115],[148.991,-24.876],[148.991,-24.587],[149.023,-24.379],[148.755,-24.257],[148.726,-24.228]]]},"properties":{"NAME":"Garingbal","SUBJECTO":"Garingbal","PARTOF":"Garingbal","ABBREVN":"Garingbal","BORDERPRECISION":3,"fid":691}},
{"type":"Feature","geometry":{"type":"Polygon","coordinates":[[[144.617,-36.527],[144.676,-36.468],[144.77,-36.37],[144.803,-36.282],[144.846,-36.142],[144.846,-36.14],[144.857,-36.112],[144.868,-36.08],[144.822,-36.051],[144.706,-35.98],[144.555,-35.925],[144.525,-35.853],[144.575,-35.742],[144.668,-35.581],[144.921,-35.447],[145.113,-35.322],[145.135,-35.302],[145.129,-35.264],[145.11,-35.22],[144.998,-34.976],[144.877,-34.805],[144.855,-34.776],[144.838,-34.755],[144.756,-34.899],[144.657,-35.03],[144.541,-35.163],[144.465,-35.25],[144.385,-35.306],[144.207,-35.429],[144.031,-35.568],[143.817,-35.724],[143.731,-35.796],[143.715,-35.81],[143.778,-35.836],[143.954,-35.862],[143.998,-35.987],[143.973,-36.038],[143.998,-36.071],[144.031,-36.129],[144.071,-36.128],[144.072,-36.139],[144.127,-36.142],[144.15,-36.172],[144.188,-36.19],[144.262,-36.19],[144.265,-36.177],[144.337,-36.178],[144.335,-36.201],[144.574,-36.199],[144.697,-36.332],[144.719,-36.356],[144.641,-36.465],[144.617,-36.527]]]},"properties":{"NAME":"Baraba Baraba","SUBJECTO":"Baraba Baraba","PARTOF":"Baraba Baraba","ABBREVN":"Baraba Baraba","BORDERPRECISION":3,"fid":692}},
{"type":"Feature","geometry":{"type":"Polygon","coordinates":[[[141.162,-17.493],[141.142,-17.482],[141.037,-17.466],[140.916,-17.435],[140.881,-17.42],[140.879,-17.42],[140.801,-17.562],[140.751,-17.599],[140.762,-17.607],[140.839,-17.699],[140.966,-17.602],[141.162,-17.493]]]},"properties":{"NAME":"Kuthant","SUBJECTO":"Kuthant","PARTOF":"Kuthant","ABBREVN":"Kuthant","BORDERPRECISION":3,"fid":693}},
{"type":"Feature","geometry":{"type":"Polygon","coordinates":[[[149.959,-32.443],[150.117,-32.732],[150.11,-32.76],[150.096,-32.816],[150.298,-32.833],[150.612,-32.88],[150.815,-32.884],[151.117,-32.907],[151.403,-32.907],[151.424,-32.901],[151.448,-32.894],[151.523,-32.87],[151.579,-32.774],[151.591,-32.752],[151.595,-32.746],[151.606,-32.524],[151.602,-32.516],[151.556,-32.502],[151.304,-32.426],[151.04,-32.315],[150.853,-32.259],[150.557,-32.259],[150.183,-32.375],[149.959,-32.443]]]},"properties":{"NAME":"Wonnarua","SUBJECTO":"Wonnarua","PARTOF":"Wonnarua","ABBREVN":"Wonnarua","BORDERPRECISION":3,"fid":694}},
{"type":"Feature","geometry":{"type":"Polygon","coordinates":[[[133.078,-13.293],[133.113,-13.28],[133.232,-13.301],[133.259,-13.304],[133.467,-13.288],[133.55,-13.299],[133.572,-13.327],[133.61,-13.317],[133.66,-13.245],[133.671,-13.106],[133.654,-13.037],[133.592,-12.969],[133.577,-12.994],[133.522,-12.914],[133.521,-12.913],[133.506,-12.911],[133.49,-12.904],[133.451,-12.892],[133.44,-12.881],[133.403,-12.847],[133.374,-12.833],[133.322,-12.825],[133.259,-12.809],[133.209,-12.801],[133.119,-12.78],[133.042,-12.769],[132.976,-12.769],[132.913,-12.777],[132.884,-12.777],[132.863,-12.777],[132.856,-12.811],[132.849,-12.839],[132.849,-12.843],[132.836,-12.903],[132.836,-12.907],[132.834,-12.932],[132.833,-12.964],[132.805,-12.997],[132.762,-13.085],[132.718,-13.136],[132.667,-13.168],[132.686,-13.177],[132.808,-13.235],[132.979,-13.304],[133.078,-13.293]]]},"properties":{"NAME":"Wuningangk","SUBJECTO":"Wuningangk","PARTOF":"Wuningangk","ABBREVN":"Wuningangk","BORDERPRECISION":3,"fid":695}},
{"type":"Feature","geometry":{"type":"Polygon","coordinates":[[[142.384,-31.41],[142.376,-31.411],[142.328,-31.419],[142.326,-31.429],[142.284,-31.635],[142.009,-31.878],[141.844,-32.055],[141.218,-32.38],[139.922,-32.769],[139.921,-32.769],[139.879,-32.778],[139.296,-32.898],[138.933,-33.193],[138.933,-33.477],[139.088,-33.666],[139.127,-33.655],[139.208,-33.633],[139.515,-33.468],[139.966,-33.349],[140.317,-33.294],[140.801,-33.386],[140.892,-33.416],[140.973,-33.443],[141.086,-33.34],[141.196,-33.285],[141.443,-33.119],[141.636,-33.013],[141.773,-32.935],[142.306,-32.524],[142.504,-32.329],[142.773,-32.176],[142.943,-32.036],[143.124,-31.836],[143.284,-31.681],[143.443,-31.564],[143.531,-31.513],[143.495,-31.472],[143.428,-31.397],[143.41,-31.382],[143.229,-31.354],[142.943,-31.354],[142.614,-31.372],[142.385,-31.41],[142.384,-31.41]]]},"properties":{"NAME":"Danggali","SUBJECTO":"Danggali","PARTOF":"Danggali","ABBREVN":"Danggali","BORDERPRECISION":3,"fid":696}},
{"type":"Feature","geometry":{"type":"Polygon","coordinates":[[[146.851,-29.941],[146.813,-29.905],[146.837,-29.859],[146.777,-29.831],[146.656,-29.736],[146.459,-29.707],[146.063,-29.669],[145.854,-29.64],[145.796,-29.673],[145.794,-29.745],[145.679,-29.955],[145.596,-30.164],[145.568,-30.185],[145.595,-30.168],[145.679,-30.093],[145.97,-29.95],[146.212,-29.945],[146.214,-29.95],[146.678,-29.926],[146.851,-29.941]]]},"properties":{"NAME":"Barranbinya","SUBJECTO":"Barranbinya","PARTOF":"Barranbinya","ABBREVN":"Barranbinya","BORDERPRECISION":3,"fid":697}},
{"type":"Feature","geometry":{"type":"Polygon","coordinates":[[[130.032,-14.437],[130.043,-14.445],[130.07,-14.467],[130.163,-14.467],[130.281,-14.491],[130.323,-14.506],[130.342,-14.511],[130.343,-14.511],[130.386,-14.488],[130.457,-14.488],[130.545,-14.483],[130.792,-14.397],[130.891,-14.32],[130.908,-14.182],[130.877,-14.017],[130.864,-13.905],[130.856,-13.814],[130.855,-13.809],[130.87,-13.801],[130.726,-13.801],[130.589,-13.854],[130.419,-13.886],[130.311,-13.891],[130.303,-13.891],[130.301,-13.911],[130.292,-14.003],[130.21,-14.094],[130.106,-14.128],[130.103,-14.129],[130.095,-14.131],[130.034,-14.2],[130.012,-14.28],[129.99,-14.344],[130.012,-14.387],[130.02,-14.413],[130.02,-14.414],[130.026,-14.432],[130.032,-14.437]]]},"properties":{"NAME":"Ngan’giwumirri","SUBJECTO":"Ngan’giwumirri","PARTOF":"Ngan’giwumirri","ABBREVN":"Ngan’giwumirri","BORDERPRECISION":3,"fid":698}},
{"type":"Feature","geometry":{"type":"Polygon","coordinates":[[[151.596,-33.192],[151.765,-33.005],[151.767,-33.004],[151.79,-32.974],[151.845,-32.893],[151.926,-32.845],[151.826,-32.847],[151.688,-32.801],[151.579,-32.774],[151.523,-32.87],[151.448,-32.894],[151.469,-32.898],[151.463,-33.082],[151.427,-33.162],[151.518,-33.181],[151.596,-33.192]]]},"properties":{"NAME":"Awabakal","SUBJECTO":"Awabakal","PARTOF":"Awabakal","ABBREVN":"Awabakal","BORDERPRECISION":3,"fid":699}},
{"type":"Feature","geometry":{"type":"Polygon","coordinates":[[[115.969,-32.981],[115.985,-32.923],[116.018,-32.827],[116.024,-32.76],[116.08,-32.601],[116.098,-32.431],[116.138,-32.399],[116.14,-32.388],[116.027,-32.436],[115.796,-32.491],[115.758,-32.494],[115.767,-32.755],[115.715,-33.018],[115.834,-32.981],[115.969,-32.981]]]},"properties":{"NAME":"Pinjarup","SUBJECTO":"Pinjarup","PARTOF":"Pinjarup","ABBREVN":"Pinjarup","BORDERPRECISION":3,"fid":700}},
{"type":"Feature","geometry":{"type":"Polygon","coordinates":[[[140.949,-21.938],[140.944,-21.953],[140.966,-22.147],[140.955,-22.299],[140.979,-22.31],[141.01,-22.269],[141.04,-22.278],[141.273,-22.35],[141.592,-22.573],[142.097,-22.817],[142.493,-22.655],[142.954,-22.523],[143.189,-22.523],[143.207,-22.431],[143.208,-22.428],[143.212,-22.406],[143.219,-22.397],[143.328,-22.086],[143.328,-21.78],[143.324,-21.682],[143.24,-21.698],[142.976,-21.729],[142.756,-21.841],[142.537,-21.882],[142.174,-21.861],[142.042,-21.77],[141.658,-21.708],[141.372,-21.749],[141.119,-21.892],[141.026,-21.917],[140.949,-21.938]]]},"properties":{"NAME":"Guwa","SUBJECTO":"Guwa","PARTOF":"Guwa","ABBREVN":"Guwa","BORDERPRECISION":3,"fid":701}},
{"type":"Feature","geometry":{"type":"Polygon","coordinates":[[[128.453,-30.114],[128.474,-29.783],[128.342,-29.497],[127.859,-29.056],[127.639,-28.787],[127.446,-28.59],[127.418,-28.56],[127.375,-28.517],[127.369,-28.52],[127.282,-28.562],[127.134,-28.633],[126.936,-28.825],[126.65,-28.883],[126.563,-28.825],[126.299,-28.671],[125.925,-28.556],[125.793,-28.478],[125.464,-28.285],[125.266,-28.13],[125.068,-28.033],[124.827,-27.781],[124.607,-27.606],[124.422,-27.524],[124.387,-27.508],[124.368,-27.519],[124.167,-27.625],[123.882,-27.878],[123.278,-28.285],[123.014,-28.411],[122.827,-28.536],[122.629,-28.662],[122.631,-28.696],[122.633,-28.728],[122.64,-28.854],[122.728,-28.941],[122.838,-29.152],[122.97,-29.382],[123.102,-29.583],[123.201,-29.755],[123.409,-30.107],[123.475,-30.363],[123.508,-30.468],[123.508,-30.638],[123.519,-30.732],[123.559,-30.902],[123.563,-30.921],[124.036,-30.949],[124.42,-30.955],[125.189,-30.647],[126.359,-30.384],[127.13,-30.368],[127.617,-30.24],[128.167,-30.126],[128.452,-30.126],[128.453,-30.114]]]},"properties":{"NAME":"Nyanganyatjara","SUBJECTO":"Nyanganyatjara","PARTOF":"Nyanganyatjara","ABBREVN":"Nyanganyatjara","BORDERPRECISION":3,"fid":702}},
{"type":"Feature","geometry":{"type":"MultiPolygon","coordinates":[[[[123.383,-30.992],[124.222,-31.034],[124.42,-30.955],[124.036,-30.949],[123.563,-30.921],[123.559,-30.902],[123.552,-30.949],[123.354,-30.921],[123.194,-30.938],[123.251,-30.954],[123.383,-30.992]]],[[[120.395,-32.761],[120.394,-32.773],[120.328,-32.953],[120.193,-33.086],[120.201,-33.082],[120.377,-33.009],[120.53,-32.959],[120.461,-32.877],[120.406,-32.776],[120.395,-32.761]]],[[[142.129,-12.816],[142.139,-12.812],[142.129,-12.785],[142.129,-12.816]]],[[[142.04,-12.899],[142.042,-12.902],[142.044,-12.897],[142.04,-12.899]]],[[[117.72,-23.99],[117.594,-24.031],[117.675,-24.031],[117.795,-24.147],[118.004,-24.227],[118.306,-24.302],[118.444,-24.367],[118.573,-24.39],[118.57,-24.337],[118.575,-24.127],[118.652,-23.901],[118.724,-23.73],[118.79,-23.584],[118.845,-23.54],[118.795,-23.539],[118.652,-23.534],[118.575,-23.534],[118.56,-23.527],[118.504,-23.629],[118.323,-23.74],[118.185,-23.805],[118.076,-23.901],[117.883,-24.031],[117.72,-23.99]]],[[[136.907,-22.576],[136.494,-23.06],[136.12,-23.126],[136.165,-23.302],[136.165,-23.745],[136.165,-24.307],[136.271,-25.059],[136.307,-25.056],[136.615,-24.916],[136.857,-24.847],[137.142,-24.827],[137.45,-24.747],[137.78,-24.727],[138.076,-24.707],[138.373,-24.707],[138.373,-24.577],[138.373,-24.307],[138.362,-23.916],[138.362,-23.669],[138.329,-23.675],[137.977,-23.655],[137.615,-23.544],[137.186,-23.342],[136.967,-22.888],[136.907,-22.576]]],[[[122.55,-16.936],[122.547,-16.928],[122.543,-16.917],[122.537,-16.923],[122.55,-16.936]]],[[[118.532,-28.304],[118.416,-28.372],[118.372,-28.384],[118.69,-28.557],[119.394,-28.741],[119.202,-28.642],[118.883,-28.517],[118.51,-28.401],[118.466,-28.396],[118.532,-28.304]]],[[[119.436,-28.763],[120.004,-29.325],[120.509,-30.06],[120.739,-30.634],[121.034,-30.932],[120.992,-30.732],[120.959,-30.581],[120.74,-30.155],[120.652,-29.86],[120.223,-29.401],[119.757,-28.994],[119.685,-29.008],[119.52,-28.806],[119.436,-28.763]]],[[[113.783,-22.839],[113.719,-22.817],[113.665,-22.731],[113.617,-22.661],[113.61,-22.731],[113.725,-23.017],[113.743,-23.248],[113.747,-23.231],[113.758,-23.014],[113.774,-22.857],[113.783,-22.839]]],[[[113.373,-24.264],[113.362,-24.283],[113.379,-24.614],[113.433,-24.874],[113.592,-25.185],[113.896,-25.59],[113.955,-25.634],[113.752,-25.324],[113.621,-25.091],[113.555,-24.881],[113.612,-24.808],[113.566,-24.792],[113.494,-24.652],[113.373,-24.447],[113.373,-24.264]]],[[[152.919,-27.043],[152.93,-27.059],[152.886,-27.137],[152.842,-27.186],[152.83,-27.217],[152.852,-27.226],[152.873,-27.24],[152.882,-27.251],[152.907,-27.261],[152.925,-27.27],[152.948,-27.275],[152.962,-27.275],[152.981,-27.278],[153.028,-27.195],[153.057,-27.102],[153.001,-27.084],[152.919,-27.043]]],[[[133.637,-13.685],[133.802,-13.929],[133.962,-14.046],[134.214,-14.195],[134.39,-14.334],[134.621,-14.504],[134.808,-14.61],[134.844,-14.647],[134.874,-14.61],[134.951,-14.514],[135.027,-14.445],[135.037,-14.444],[134.945,-14.318],[134.929,-14.174],[134.852,-14.003],[134.786,-13.913],[134.793,-13.904],[134.681,-13.939],[134.451,-13.891],[134.368,-13.785],[134.346,-13.635],[134.33,-13.422],[134.331,-13.419],[134.319,-13.427],[134.176,-13.443],[134.061,-13.4],[133.962,-13.293],[133.945,-13.101],[133.956,-13.026],[133.748,-13.015],[133.622,-12.92],[133.592,-12.969],[133.654,-13.037],[133.671,-13.106],[133.66,-13.245],[133.61,-13.317],[133.572,-13.327],[133.638,-13.411],[133.632,-13.555],[133.637,-13.685]]],[[[132.038,-14.609],[132.209,-14.775],[132.303,-15.025],[132.462,-14.977],[132.693,-15.019],[132.902,-15.03],[133.099,-14.955],[133.162,-14.902],[132.929,-14.743],[132.775,-14.663],[132.424,-14.552],[132.275,-14.573],[132.111,-14.6],[132.038,-14.609]]],[[[132.29,-13.088],[132.292,-13.074],[132.325,-13.053],[132.342,-12.983],[132.336,-12.978],[132.336,-12.887],[132.413,-12.801],[132.468,-12.776],[132.43,-12.741],[132.429,-12.748],[132.372,-12.806],[132.297,-12.785],[132.218,-12.771],[132.215,-12.796],[132.127,-12.876],[132.072,-12.962],[131.913,-13.021],[131.814,-13.005],[131.721,-12.951],[131.659,-12.93],[131.66,-12.938],[131.666,-12.983],[131.611,-13.031],[131.322,-12.948],[131.21,-12.916],[131.205,-12.911],[131.204,-12.919],[131.097,-12.964],[130.978,-12.981],[130.984,-12.983],[131.166,-13.037],[131.325,-13.144],[131.523,-13.229],[131.556,-13.277],[131.6,-13.208],[131.644,-13.117],[131.688,-13.026],[131.765,-13.015],[131.918,-13.101],[132.2,-13.223],[132.182,-13.192],[132.231,-13.128],[132.259,-13.085],[132.29,-13.088]]],[[[142.846,-36.58],[142.839,-36.589],[142.8,-36.704],[142.855,-36.814],[143.015,-36.902],[143.226,-36.918],[143.241,-36.909],[143.223,-36.877],[143.248,-36.877],[143.165,-36.7],[143.154,-36.682],[143.155,-36.665],[143.147,-36.654],[143.124,-36.654],[143.114,-36.642],[143.1,-36.634],[143.085,-36.633],[143.067,-36.643],[143.065,-36.653],[143.052,-36.667],[143.037,-36.671],[143.007,-36.669],[142.979,-36.644],[142.961,-36.635],[142.928,-36.622],[142.911,-36.58],[142.892,-36.585],[142.871,-36.586],[142.85,-36.582],[142.846,-36.58]]],[[[142.984,-36.361],[142.938,-36.352],[142.907,-36.397],[142.907,-36.489],[142.91,-36.483],[142.928,-36.473],[142.939,-36.447],[142.956,-36.444],[142.977,-36.436],[142.993,-36.41],[142.985,-36.392],[142.988,-36.381],[142.978,-36.37],[142.984,-36.361]]],[[[116.446,-35.027],[116.428,-35.048],[116.235,-34.994],[116.005,-34.935],[115.862,-34.809],[115.648,-34.597],[115.461,-34.493],[115.263,-34.439],[115.148,-34.425],[115.137,-34.398],[115.148,-34.382],[115.054,-34.375],[115.022,-34.262],[115.047,-34.422],[115.115,-34.454],[115.283,-34.473],[115.616,-34.631],[115.967,-34.936],[116.251,-35.101],[116.561,-35.189],[116.848,-35.214],[117.53,-35.251],[117.741,-35.22],[117.169,-35.201],[116.724,-35.187],[116.45,-35.115],[116.411,-35.084],[116.446,-35.027]]],[[[118.73,-34.254],[118.57,-34.225],[117.581,-34.262],[117.675,-34.048],[117.672,-34.022],[117.565,-34.207],[117.394,-34.28],[116.807,-34.289],[116.433,-34.307],[116.197,-34.194],[116.213,-33.948],[116.202,-33.936],[116.18,-34.166],[116.186,-34.216],[116.241,-34.239],[116.356,-34.303],[116.499,-34.339],[116.57,-34.633],[116.559,-34.836],[116.547,-34.865],[116.57,-34.827],[116.576,-34.602],[116.526,-34.421],[116.526,-34.366],[116.521,-34.33],[116.746,-34.307],[117.026,-34.307],[117.488,-34.294],[117.587,-34.275],[118.021,-34.266],[118.334,-34.266],[118.652,-34.253],[118.73,-34.254]]],[[[119.008,-34.615],[119.175,-34.637],[119.33,-34.579],[119.354,-34.546],[119.136,-34.52],[119.075,-34.484],[118.976,-34.389],[118.922,-34.289],[118.884,-34.282],[119.031,-34.493],[119.114,-34.525],[119.008,-34.615]]],[[[113.06,-26.116],[113.035,-26.163],[113.158,-26.425],[113.595,-26.883],[113.925,-27.385],[114.022,-27.626],[113.965,-28.033],[114.061,-28.147],[114.332,-28.478],[114.338,-28.485],[114.28,-28.329],[114.088,-27.975],[114.038,-27.761],[114.038,-27.64],[113.939,-27.279],[113.835,-27.123],[113.736,-26.976],[113.703,-26.814],[113.734,-26.801],[113.599,-26.76],[113.5,-26.687],[113.176,-26.284],[113.06,-26.116]]],[[[122.326,-18.061],[122.248,-18.06],[122.213,-18.049],[122.228,-18.144],[122.308,-18.073],[122.326,-18.061]]],[[[122.224,-18.183],[122.221,-18.191],[122.225,-18.19],[122.224,-18.183]]],[[[117.665,-33.947],[117.653,-33.811],[117.449,-33.651],[117.488,-33.587],[117.425,-33.639],[117.559,-33.775],[117.665,-33.947]]],[[[122.182,-17.772],[122.151,-17.728],[122.121,-17.639],[122.11,-17.529],[122.094,-17.414],[122.101,-17.382],[122.085,-17.398],[122.093,-17.621],[122.182,-17.918],[122.193,-17.906],[122.16,-17.843],[122.157,-17.791],[122.182,-17.772]]],[[[145.109,-26.482],[145.135,-26.804],[145.195,-27.02],[145.245,-27.391],[145.281,-27.49],[145.322,-27.479],[145.69,-27.557],[145.81,-27.579],[145.809,-27.554],[145.845,-27.495],[145.893,-27.445],[145.962,-27.393],[146.036,-27.342],[146.126,-27.279],[146.209,-27.231],[146.314,-27.17],[146.382,-27.146],[146.43,-27.008],[146.505,-26.959],[146.472,-26.975],[146.228,-27.04],[146.058,-27.068],[145.96,-27.087],[145.877,-27.104],[145.739,-27.122],[145.596,-27.12],[145.57,-27.113],[145.568,-27.073],[145.601,-27.013],[145.601,-26.944],[145.599,-26.832],[145.565,-26.714],[145.551,-26.66],[145.545,-26.639],[145.577,-26.609],[145.591,-26.561],[145.575,-26.466],[145.535,-26.394],[145.522,-26.368],[145.316,-26.421],[145.109,-26.482]]],[[[138.054,-34.164],[138.054,-34.189],[138.01,-34.307],[137.944,-34.507],[137.92,-34.632],[138.101,-34.356],[138.213,-34.515],[138.271,-34.579],[138.192,-34.43],[138.115,-34.253],[138.054,-34.164]]],[[[152.714,-27.331],[152.715,-27.443],[152.763,-27.449],[152.852,-27.485],[152.881,-27.499],[152.886,-27.485],[152.879,-27.476],[152.862,-27.475],[152.843,-27.47],[152.831,-27.465],[152.821,-27.46],[152.821,-27.444],[152.838,-27.436],[152.848,-27.427],[152.852,-27.411],[152.847,-27.397],[152.836,-27.382],[152.827,-27.366],[152.807,-27.351],[152.796,-27.325],[152.802,-27.31],[152.812,-27.295],[152.805,-27.281],[152.798,-27.299],[152.737,-27.333],[152.714,-27.331]]],[[[141.494,-14.575],[141.478,-14.617],[141.468,-14.757],[141.554,-14.887],[141.548,-14.86],[141.494,-14.575]]],[[[141.898,-14.93],[141.947,-14.918],[141.907,-14.918],[141.898,-14.93]]],[[[118.412,-33.129],[118.371,-33.151],[118.438,-33.165],[118.674,-33.523],[118.688,-33.538],[118.575,-33.285],[118.491,-33.136],[118.412,-33.129]]],[[[117.743,-32.633],[117.795,-32.773],[117.957,-32.981],[118.109,-33.056],[118.037,-32.976],[117.743,-32.633]]],[[[118.216,-30.862],[118.087,-30.744],[118.079,-30.741],[118.186,-30.901],[118.216,-30.862]]],[[[142.6,-13.052],[142.596,-13.066],[142.597,-13.066],[142.61,-13.074],[142.615,-13.074],[142.6,-13.052]]],[[[141.008,-36.889],[140.977,-36.84],[140.989,-36.763],[140.988,-36.756],[140.988,-36.749],[140.9,-36.783],[140.79,-36.858],[140.718,-36.894],[140.723,-36.898],[140.735,-36.933],[140.731,-36.965],[140.718,-37.006],[140.705,-37.022],[140.665,-37.046],[140.625,-37.069],[140.408,-37.081],[140.216,-37.079],[140.041,-37.053],[140.186,-37.077],[140.191,-37.152],[140.205,-37.228],[140.356,-37.392],[140.639,-37.558],[140.782,-37.627],[141.045,-37.746],[141.227,-37.776],[141.227,-37.773],[141.242,-37.747],[141.246,-37.713],[141.239,-37.682],[141.28,-37.67],[141.332,-37.67],[141.395,-37.671],[141.424,-37.643],[141.42,-37.631],[141.378,-37.597],[141.262,-37.444],[141.064,-37.125],[141.042,-36.989],[141.042,-36.941],[141.013,-36.896],[141.01,-36.897],[141.008,-36.889]]],[[[148.549,-27.473],[148.566,-27.461],[148.605,-27.432],[148.609,-27.392],[148.57,-27.313],[148.552,-27.206],[148.518,-27.089],[148.51,-26.993],[148.481,-26.973],[148.451,-26.9],[148.425,-26.76],[148.404,-26.686],[148.384,-26.616],[148.382,-26.58],[148.365,-26.526],[148.36,-26.516],[148.375,-26.601],[148.383,-26.752],[148.439,-26.93],[148.519,-27.162],[148.539,-27.343],[148.552,-27.426],[148.549,-27.473]]],[[[147.537,-27.696],[147.594,-27.749],[147.679,-27.831],[147.735,-27.849],[147.802,-27.824],[147.901,-27.772],[147.981,-27.762],[148.05,-27.793],[148.117,-27.859],[148.151,-27.961],[148.232,-28.099],[148.382,-28.271],[148.388,-28.292],[148.414,-28.256],[148.431,-28.135],[148.804,-28.135],[149.145,-28.043],[149.403,-27.994],[149.507,-27.965],[149.414,-27.79],[149.413,-27.79],[149.359,-27.812],[149.351,-27.826],[149.342,-27.864],[149.314,-27.925],[149.29,-27.947],[149.248,-27.971],[149.199,-27.981],[149.17,-27.973],[149.111,-27.965],[149.07,-27.97],[149.038,-27.993],[149.005,-27.995],[148.994,-27.98],[148.989,-27.964],[148.99,-27.932],[148.968,-27.904],[148.923,-27.878],[148.913,-27.808],[148.902,-27.746],[148.892,-27.683],[148.877,-27.649],[148.837,-27.623],[148.782,-27.622],[148.756,-27.624],[148.743,-27.627],[148.743,-27.63],[148.744,-27.635],[148.741,-27.643],[148.736,-27.651],[148.736,-27.66],[148.738,-27.669],[148.74,-27.675],[148.737,-27.683],[148.741,-27.688],[148.743,-27.69],[148.742,-27.692],[148.736,-27.693],[148.732,-27.694],[148.73,-27.698],[148.735,-27.71],[148.737,-27.714],[148.738,-27.72],[148.739,-27.728],[148.746,-27.733],[148.75,-27.737],[148.752,-27.742],[148.75,-27.743],[148.745,-27.741],[148.738,-27.742],[148.729,-27.745],[148.722,-27.749],[148.716,-27.759],[148.705,-27.765],[148.701,-27.772],[148.699,-27.779],[148.694,-27.783],[148.686,-27.782],[148.681,-27.787],[148.684,-27.799],[148.682,-27.809],[148.676,-27.812],[148.668,-27.81],[148.662,-27.81],[148.664,-27.815],[148.667,-27.818],[148.668,-27.824],[148.669,-27.829],[148.669,-27.83],[148.661,-27.833],[148.652,-27.833],[148.642,-27.832],[148.633,-27.831],[148.625,-27.831],[148.617,-27.837],[148.614,-27.832],[148.616,-27.824],[148.62,-27.817],[148.626,-27.807],[148.629,-27.804],[148.63,-27.796],[148.627,-27.791],[148.622,-27.789],[148.617,-27.791],[148.612,-27.797],[148.608,-27.804],[148.601,-27.809],[148.588,-27.811],[148.583,-27.81],[148.579,-27.803],[148.575,-27.799],[148.567,-27.798],[148.555,-27.799],[148.548,-27.804],[148.544,-27.809],[148.541,-27.81],[148.542,-27.811],[148.484,-27.833],[148.435,-27.857],[148.404,-27.87],[148.284,-27.78],[148.141,-27.72],[148.018,-27.71],[147.911,-27.71],[147.678,-27.7],[147.537,-27.696]]],[[[128.453,-30.114],[128.452,-30.126],[128.167,-30.126],[127.617,-30.24],[127.13,-30.368],[128.687,-30.336],[131.026,-30.768],[131.045,-30.638],[131.133,-30.496],[131.287,-30.278],[131.373,-30.228],[131.358,-30.223],[131.353,-30.222],[131.254,-30.212],[131.087,-30.199],[130.869,-30.183],[130.155,-30.117],[129.727,-30.107],[129.342,-30.088],[129.056,-30.098],[128.782,-30.107],[128.463,-30.126],[128.453,-30.114]]],[[[143.148,-38.747],[143.13,-38.711],[142.987,-38.66],[142.806,-38.643],[142.69,-38.6],[142.635,-38.54],[142.531,-38.471],[142.547,-38.399],[142.513,-38.411],[142.482,-38.43],[142.424,-38.462],[142.311,-38.462],[142.218,-38.462],[141.943,-38.393],[141.735,-38.372],[141.592,-38.428],[141.482,-38.454],[141.356,-38.423],[141.279,-38.337],[141.213,-38.234],[141.125,-38.173],[140.993,-38.091],[140.975,-38.086],[140.952,-38.068],[140.948,-38.071],[140.849,-38.081],[140.795,-38.093],[140.721,-38.097],[140.588,-38.053],[140.521,-38.02],[140.455,-37.966],[140.334,-37.871],[140.326,-37.865],[140.652,-38.164],[140.887,-38.298],[141.225,-38.457],[141.547,-38.533],[141.567,-38.481],[141.675,-38.411],[141.904,-38.43],[142.393,-38.569],[142.694,-38.671],[143.093,-38.868],[143.365,-38.97],[143.464,-38.957],[143.893,-38.758],[144.311,-38.565],[144.577,-38.499],[144.569,-38.411],[144.586,-38.381],[144.404,-38.402],[144.256,-38.441],[144.211,-38.438],[144.168,-38.488],[144.058,-38.57],[143.943,-38.686],[143.734,-38.831],[143.52,-38.912],[143.344,-38.887],[143.218,-38.857],[143.108,-38.771],[143.148,-38.747]]],[[[122.76,-16.741],[122.734,-16.715],[122.731,-16.649],[122.761,-16.597],[122.738,-16.583],[122.653,-16.736],[122.665,-16.736],[122.728,-16.741],[122.76,-16.741]]],[[[131.782,-16.432],[131.929,-16.436],[132.231,-16.31],[132.391,-16.19],[132.33,-16.109],[132.319,-15.961],[132.319,-15.893],[132.303,-15.982],[132.155,-16.23],[132.155,-16.093],[132.177,-15.982],[132.137,-15.939],[132.144,-16.004],[132.111,-16.109],[132.039,-16.23],[131.94,-16.315],[131.782,-16.432]]],[[[131.391,-16.7],[131.385,-16.773],[131.32,-16.857],[131.177,-17.088],[130.968,-17.393],[130.94,-17.394],[130.957,-17.476],[130.957,-17.728],[130.979,-17.874],[130.985,-17.875],[130.979,-17.832],[130.979,-17.55],[131.697,-16.497],[131.561,-16.605],[131.391,-16.7]]],[[[115.315,-22.401],[115.304,-22.401],[115.31,-22.405],[115.315,-22.401]]],[[[143.405,-14.828],[143.405,-14.826],[143.398,-14.828],[143.405,-14.828]]],[[[136.985,-35.396],[136.947,-35.473],[137.062,-35.46],[137.15,-35.453],[137.239,-35.383],[137.598,-35.382],[137.683,-35.331],[137.72,-35.214],[137.67,-35.255],[137.538,-35.308],[137.318,-35.344],[136.985,-35.396]]],[[[152.428,-27.754],[152.43,-27.771],[152.292,-27.771],[151.507,-27.839],[151.35,-27.839],[151.458,-27.946],[151.501,-28.111],[151.689,-28.315],[151.684,-28.251],[151.726,-28.189],[151.777,-28.164],[151.821,-28.134],[151.867,-28.044],[151.976,-27.99],[152.071,-27.97],[152.255,-27.973],[152.416,-27.972],[152.541,-27.987],[152.619,-27.946],[152.648,-27.883],[152.688,-27.816],[152.741,-27.748],[152.687,-27.754],[152.566,-27.754],[152.428,-27.754]]],[[[114.97,-30.325],[114.95,-30.307],[114.917,-30.197],[114.9,-30.129],[114.9,-30.142],[114.965,-30.518],[115.058,-30.804],[115.493,-31.546],[115.508,-31.436],[115.59,-31.412],[115.818,-31.422],[115.983,-31.422],[116.031,-31.417],[115.917,-31.372],[115.433,-31.391],[115.351,-31.246],[115.304,-31.14],[115.115,-30.78],[114.991,-30.404],[114.972,-30.342],[114.97,-30.325]]],[[[116.764,-30],[116.52,-29.598],[116.328,-29.249],[116.312,-29.254],[116.384,-29.382],[116.477,-29.588],[116.554,-29.736],[116.669,-29.95],[116.641,-30.009],[116.716,-29.998],[116.764,-30]]],[[[116.261,-31.433],[116.392,-31.471],[116.499,-31.508],[116.625,-31.574],[116.708,-31.658],[116.702,-31.831],[116.669,-31.989],[116.599,-32.145],[116.628,-32.143],[116.738,-32.187],[116.9,-32.222],[117.098,-32.278],[117.304,-32.313],[117.513,-32.375],[117.53,-32.376],[116.731,-32.124],[116.731,-31.604],[116.574,-31.527],[116.431,-31.471],[116.848,-30.072],[117.135,-30.376],[117.591,-30.6],[117.978,-30.693],[117.922,-30.666],[117.785,-30.572],[117.484,-30.418],[117.428,-30.396],[117.317,-30.36],[117.23,-30.304],[117.049,-30.216],[116.949,-30.119],[116.827,-30.052],[116.829,-30.055],[116.823,-30.095],[116.68,-30.411],[116.554,-30.846],[116.389,-31.391],[116.261,-31.433]]],[[[141.173,-17.487],[141.142,-17.482],[141.162,-17.493],[141.173,-17.487]]],[[[114.685,-21.953],[114.639,-21.982],[114.631,-22.019],[114.664,-22.218],[114.796,-22.345],[114.922,-22.416],[115.093,-22.441],[115.263,-22.426],[115.291,-22.401],[115.126,-22.401],[114.895,-22.187],[114.785,-22.055],[114.685,-21.953]]],[[[148.92,-26.089],[148.881,-26.086],[148.705,-26.068],[148.718,-26.075],[148.829,-26.121],[148.912,-26.183],[148.988,-26.244],[149.088,-26.26],[149.216,-26.316],[149.331,-26.296],[149.404,-26.315],[149.42,-26.323],[149.42,-26.288],[149.494,-26.178],[149.42,-26.19],[149.211,-26.185],[149.03,-26.16],[148.909,-26.116],[148.92,-26.089]]],[[[141.975,-13.197],[141.972,-13.224],[141.978,-13.204],[141.975,-13.197]]],[[[141.99,-13.057],[141.987,-13.066],[141.986,-13.092],[141.99,-13.074],[141.99,-13.057]]],[[[135.595,-35.111],[135.712,-35.207],[135.777,-35.107],[135.595,-35.111]]],[[[134.237,-33.269],[134.314,-33.302],[134.421,-33.291],[134.237,-33.269]]],[[[136.646,-34.115],[136.731,-34.06],[137.067,-33.951],[137.193,-33.805],[137.279,-33.594],[137.317,-33.524],[137.457,-33.314],[137.69,-33.18],[137.82,-33.065],[137.826,-33.024],[137.796,-33.009],[137.764,-32.99],[137.763,-33.004],[137.719,-33.105],[137.538,-33.17],[137.444,-33.28],[137.411,-33.358],[137.263,-33.596],[137.181,-33.761],[137.054,-33.87],[136.923,-33.93],[136.792,-33.949],[136.802,-33.952],[136.659,-34.098],[136.646,-34.115]]],[[[132.884,-12.777],[132.913,-12.777],[132.976,-12.769],[133.042,-12.769],[133.119,-12.78],[133.209,-12.801],[133.259,-12.809],[133.322,-12.825],[133.374,-12.833],[133.319,-12.806],[133.319,-12.726],[133.303,-12.667],[133.325,-12.576],[133.33,-12.479],[133.253,-12.329],[133.19,-12.241],[133.138,-12.198],[133.066,-12.152],[133.025,-12.123],[133.014,-12.077],[133.026,-12.03],[132.929,-12.093],[132.88,-12.168],[132.845,-12.221],[132.869,-12.238],[132.929,-12.337],[132.968,-12.442],[132.97,-12.538],[132.965,-12.646],[132.924,-12.683],[132.872,-12.729],[132.891,-12.769],[132.884,-12.777]]],[[[132.84,-12.83],[132.849,-12.843],[132.849,-12.839],[132.856,-12.811],[132.84,-12.83]]],[[[123.635,-17.21],[123.596,-17.157],[123.508,-17.109],[123.498,-17.319],[123.53,-17.377],[123.534,-17.389],[123.558,-17.209],[123.569,-17.167],[123.635,-17.21]]],[[[123.986,-16.815],[123.99,-16.815],[123.988,-16.81],[123.986,-16.815]]],[[[141.588,-13.149],[141.564,-13.386],[141.584,-13.358],[141.622,-13.35],[141.622,-13.261],[141.589,-13.152],[141.588,-13.149]]],[[[130.396,-13.384],[130.402,-13.392],[130.476,-13.422],[130.748,-13.491],[131.21,-13.555],[131.287,-13.571],[131.331,-13.625],[131.337,-13.644],[131.342,-13.633],[131.397,-13.5],[131.166,-13.454],[130.957,-13.443],[130.814,-13.411],[130.726,-13.395],[130.605,-13.374],[130.468,-13.374],[130.396,-13.384]]],[[[130.293,-13.426],[130.304,-13.43],[130.305,-13.417],[130.293,-13.426]]],[[[124.431,-32.944],[124.235,-33.012],[124.099,-33.166],[124.001,-33.422],[124.001,-33.423],[124.248,-33.144],[124.411,-33.055],[124.605,-33.016],[124.847,-32.952],[125.195,-32.773],[125.642,-32.562],[126.059,-32.434],[126.231,-32.415],[126.589,-32.421],[127.265,-32.381],[127.733,-32.266],[128.17,-32.15],[128.615,-31.952],[128.91,-31.856],[129.185,-31.798],[129.979,-31.771],[130.28,-31.77],[130.857,-31.731],[131.182,-31.635],[131.28,-31.635],[131.356,-31.671],[131.082,-31.49],[131.024,-31.546],[130.782,-31.617],[130.604,-31.586],[130.371,-31.588],[130.11,-31.575],[129.558,-31.612],[128.903,-31.709],[128.418,-31.94],[127.997,-32.079],[127.672,-32.141],[127.314,-32.267],[126.711,-32.303],[126.412,-32.284],[126.219,-32.229],[126.013,-32.271],[125.718,-32.412],[125.495,-32.561],[125.359,-32.6],[125.019,-32.727],[124.75,-32.897],[124.431,-32.944]]],[[[151.926,-32.845],[151.845,-32.893],[151.79,-32.974],[151.767,-33.004],[151.974,-32.96],[152.176,-32.877],[152.308,-32.696],[152.254,-32.741],[152.166,-32.806],[152.012,-32.843],[151.926,-32.845]]],[[[135.655,-14.511],[135.709,-14.464],[135.739,-14.419],[135.692,-14.464],[135.655,-14.511]]],[[[139.712,-17.963],[139.701,-17.942],[139.669,-17.952],[139.712,-17.963]]],[[[121.546,-18.771],[121.54,-18.785],[121.544,-18.786],[121.546,-18.771]]],[[[144.606,-38.028],[144.602,-38.052],[144.696,-38.089],[144.731,-38.077],[144.606,-38.028]]],[[[146.635,-38.877],[146.665,-38.874],[146.821,-38.841],[146.914,-38.717],[146.86,-38.741],[146.651,-38.763],[146.628,-38.761],[146.635,-38.874],[146.635,-38.877]]],[[[146.601,-19.336],[146.629,-19.27],[146.63,-19.26],[146.354,-19.101],[146.418,-19.179],[146.516,-19.271],[146.568,-19.327],[146.601,-19.336]]],[[[147.223,-19.911],[147.263,-19.911],[147.255,-19.893],[147.258,-19.824],[147.263,-19.749],[147.288,-19.705],[147.412,-19.653],[147.467,-19.651],[147.467,-19.65],[147.42,-19.648],[147.332,-19.679],[147.25,-19.715],[147.209,-19.86],[147.223,-19.911]]],[[[123.186,-34.04],[123.359,-34.043],[123.46,-33.994],[123.186,-34.04]]],[[[119.074,-33.986],[119.163,-34.103],[119.394,-34.33],[119.46,-34.401],[119.508,-34.336],[119.074,-33.986]]],[[[143.112,-12.246],[143.117,-12.236],[143.103,-12.24],[143.112,-12.246]]],[[[118.088,-33.28],[117.96,-33.317],[117.633,-33.496],[117.861,-33.395],[118.088,-33.28]]],[[[133.403,-12.847],[133.44,-12.881],[133.407,-12.849],[133.403,-12.847]]],[[[133.49,-12.904],[133.506,-12.911],[133.521,-12.913],[133.49,-12.904]]],[[[138.226,-35.732],[138.197,-35.757],[138.272,-35.833],[138.352,-35.865],[138.506,-35.839],[138.774,-35.788],[138.941,-35.703],[138.79,-35.657],[138.576,-35.693],[138.422,-35.72],[138.235,-35.738],[138.226,-35.732]]],[[[150.48,-35.469],[150.613,-35.394],[150.762,-35.253],[150.801,-35.151],[150.749,-35.198],[150.653,-35.237],[150.524,-35.385],[150.48,-35.469]]],[[[149.952,-37.075],[149.976,-37.08],[149.975,-37.049],[149.952,-37.075]]],[[[150.818,-35.108],[150.819,-35.105],[150.818,-35.106],[150.816,-35.106],[150.818,-35.108]]],[[[140.959,-38.002],[140.956,-38.004],[140.957,-38.004],[140.959,-38.002]]],[[[140.994,-37.989],[140.985,-37.986],[140.972,-37.994],[140.994,-37.989]]],[[[141.194,-38.053],[141.089,-38.017],[141.097,-38.021],[141.172,-38.049],[141.194,-38.053]]],[[[141.265,-38.043],[141.238,-38.059],[141.251,-38.061],[141.265,-38.043]]],[[[114.597,-28.719],[114.452,-28.649],[114.544,-28.78],[114.543,-28.772],[114.593,-28.719],[114.597,-28.719]]],[[[146.934,-38.708],[147.117,-38.655],[147.805,-38.232],[148.037,-38.098],[148.274,-38.027],[148.643,-38.014],[149.165,-37.974],[149.504,-37.929],[149.712,-37.794],[149.849,-37.643],[149.804,-37.671],[149.672,-37.758],[149.431,-37.805],[149.311,-37.814],[149.31,-37.831],[149.057,-37.866],[148.81,-37.862],[148.326,-37.901],[148.046,-37.953],[147.744,-38.052],[147.535,-38.212],[147.112,-38.561],[146.986,-38.686],[146.934,-38.708]]],[[[134.735,-12.062],[134.733,-12.062],[134.729,-12.068],[134.735,-12.062]]],[[[150.957,-34.561],[151.003,-34.495],[151.217,-34.208],[151.249,-34.058],[151.241,-34.071],[151.166,-34.15],[151.089,-34.225],[151.051,-34.278],[150.996,-34.346],[150.98,-34.402],[150.969,-34.47],[150.957,-34.561]]],[[[150.854,-34.92],[150.853,-34.879],[150.845,-34.897],[150.854,-34.92]]],[[[140.004,-37.625],[140.012,-37.642],[140.127,-37.716],[140.12,-37.71],[140.004,-37.625]]],[[[146.282,-19.013],[146.23,-18.924],[146.157,-18.702],[146.15,-18.711],[146.121,-18.789],[146.179,-18.889],[146.259,-18.986],[146.282,-19.013]]]]},"properties":{"NAME":"Australian aboriginal hunter-gatherers","SUBJECTO":"Australian aboriginal hunter-gatherers","PARTOF":"Australian aboriginal hunter-gatherers","ABBREVN":"Australian aboriginal hunter-gatherers","BORDERPRECISION":1,"fid":704}},
{"type":"Feature","geometry":{"type":"MultiPolygon","coordinates":[[[[36.8,21.915],[36.66,22.167],[36.473,22.338],[36.29,22.572],[36.111,22.648],[35.746,22.914],[35.689,23.021],[35.576,23.232],[35.468,23.721],[35.488,23.791],[35.616,23.835],[35.725,23.912],[35.657,23.994],[35.453,24.153],[35.19,24.4],[34.997,24.717],[34.515,25.574],[34.104,26.355],[33.929,26.564],[33.804,26.932],[33.567,27.37],[33.354,27.91],[32.935,28.379],[32.649,28.766],[32.591,28.937],[32.318,29.54],[32.438,29.776],[32.648,29.852],[32.737,29.694],[32.814,29.478],[32.944,29.198],[33.178,28.996],[33.331,28.551],[33.504,28.329],[33.856,28.025],[34.058,27.79],[34.241,27.759],[34.322,27.829],[34.399,28.096],[34.549,28.732],[34.764,29.247],[34.936,29.418],[34.954,29.437],[34.985,29.467],[35.073,29.419],[35.095,29.343],[35.072,29.211],[35.026,28.949],[34.886,28.357],[34.799,28.23],[34.764,28.097],[34.876,28.097],[35.112,28.072],[35.436,27.73],[35.595,27.514],[35.831,27.095],[36.312,26.423],[36.33,26.403],[36.669,26.017],[37.005,25.535],[37.218,25.167],[37.269,24.97],[37.201,24.658],[37.419,24.398],[37.557,24.271],[37.782,24.215],[37.988,24.114],[38.329,23.835],[38.49,23.613],[38.915,22.87],[39.056,22.572],[39.102,22.4],[39.103,22],[39.13,21.651],[39.167,21.219],[39.527,20.692],[39.764,20.407],[40.336,20.097],[40.694,19.869],[40.82,19.685],[41.033,19.285],[41.399,18.441],[41.629,18.047],[42.009,17.737],[42.207,17.515],[42.535,17.071],[42.764,16.645],[42.814,16.404],[42.828,16.321],[42.884,15.985],[42.764,15.667],[42.796,15.47],[43.053,14.607],[43.207,14.079],[43.348,13.851],[43.384,13.565],[43.303,13.241],[43.341,13.127],[43.484,12.93],[43.56,12.86],[43.605,12.829],[43.841,12.664],[44.063,12.614],[44.441,12.64],[44.681,12.825],[44.789,12.806],[44.964,12.825],[45.193,12.934],[45.396,13.074],[45.519,13.208],[45.692,13.348],[45.826,13.405],[46.079,13.399],[46.601,13.401],[46.878,13.474],[46.711,13.936],[46.335,14.097],[45.261,13.828],[44.509,14.097],[43.488,16.622],[43.066,18.654],[41.923,20.767],[41.812,21.713],[41.07,22.263],[40.648,24.153],[38.814,24.841],[37.421,27.834],[37.364,27.957],[36.593,29.787],[36.525,31.162],[37.212,33.566],[38.036,34.597],[39.342,34.597],[40.029,34.391],[44.083,30.337],[44.839,29.993],[45.87,29.856],[46.905,29.438],[46.744,29.225],[46.509,28.97],[47.255,28.854],[47.439,28.829],[47.589,28.551],[47.672,28.443],[48.469,26.695],[49.395,26.078],[49.704,24.41],[50.569,23.854],[50.968,24.436],[50.907,24.433],[50.778,24.471],[50.706,24.56],[50.607,24.68],[50.619,24.871],[50.429,25.184],[50.382,25.461],[50.214,25.588],[50.147,25.536],[50.011,25.835],[49.937,25.956],[49.992,26.045],[50.076,26.312],[49.934,26.483],[49.984,26.596],[50.09,26.611],[50.122,26.738],[49.931,26.934],[49.533,27.01],[49.427,27.131],[49.322,27.162],[49.239,27.288],[49.152,27.372],[49.244,27.479],[49.132,27.536],[48.855,27.523],[48.832,27.573],[48.752,27.872],[48.588,28.094],[48.463,28.386],[48.444,28.44],[48.129,29.268],[47.992,29.277],[47.804,29.185],[47.614,29.272],[47.845,29.503],[47.996,29.49],[47.936,29.801],[47.911,29.89],[47.957,29.948],[48.028,29.973],[48.212,29.948],[48.511,29.993],[48.554,29.995],[48.714,30],[48.801,30.083],[48.946,30.388],[49.02,30.433],[49.222,30.477],[49.235,30.223],[49.321,30.103],[49.452,30.078],[49.478,30.053],[49.557,34.256],[50.469,36.748],[50.252,36.895],[50.111,37.098],[50.039,37.225],[49.848,37.268],[49.476,37.292],[49.06,37.398],[48.837,37.511],[48.745,37.727],[48.809,37.989],[48.832,38.306],[48.825,38.31],[48.988,38.719],[48.946,38.836],[48.999,38.879],[49.052,38.932],[49.02,39.006],[49.041,39.145],[49.116,39.187],[49.18,39.145],[49.222,39.038],[49.275,39.017],[49.307,39.134],[49.339,39.283],[49.382,39.326],[49.488,39.294],[49.499,39.379],[49.403,39.485],[49.446,39.655],[49.488,39.762],[49.541,39.879],[49.552,40.091],[49.573,40.176],[49.669,40.24],[49.85,40.272],[49.914,40.325],[50.031,40.347],[50.126,40.347],[50.307,40.325],[50.467,40.262],[50.467,40.325],[50.424,40.411],[50.318,40.496],[50.19,40.57],[50.02,40.602],[49.807,40.581],[49.605,40.687],[49.605,40.762],[49.478,40.836],[49.35,40.953],[49.286,41.059],[49.244,41.293],[49.116,41.432],[48.999,41.517],[48.892,41.687],[48.683,41.836],[48.662,41.902],[48.5,41.929],[48.42,42.091],[48.222,42.279],[48.132,42.405],[47.97,42.594],[47.844,42.621],[47.79,42.855],[47.736,42.9],[47.565,43.008],[47.583,43.188],[47.655,43.277],[47.601,43.322],[47.574,43.502],[47.673,43.664],[47.736,43.862],[47.664,43.853],[47.61,43.754],[47.565,43.601],[47.52,43.511],[47.493,43.583],[47.195,43.376],[47.249,42.785],[48.224,41.471],[48.201,41.464],[48.063,41.315],[47.988,41.219],[47.818,41.198],[47.616,41.261],[47.35,41.304],[47.35,41.442],[47.222,41.57],[47.169,41.57],[47.127,41.623],[46.914,41.751],[46.85,41.836],[46.765,41.836],[46.669,41.815],[46.659,41.889],[46.556,41.878],[46.499,41.964],[46.393,41.995],[46.286,41.985],[46.159,42.006],[46.042,42.049],[45.914,42.123],[45.754,42.251],[45.808,42.389],[45.861,42.474],[45.808,42.538],[45.648,42.549],[45.478,42.549],[45.382,42.623],[45.297,42.676],[45.201,42.676],[45.138,42.719],[45.031,42.772],[44.978,42.772],[44.935,42.74],[44.872,42.666],[44.786,42.729],[44.669,42.761],[44.51,42.761],[44.414,42.729],[44.372,42.687],[44.297,42.612],[44.17,42.612],[44.053,42.559],[43.957,42.591],[42.878,41.546],[42.694,41.564],[42.352,41.402],[42.25,41.369],[42.029,41.4],[41.484,41.437],[41.293,41.286],[40.61,41.028],[40.361,40.963],[40.007,40.956],[39.663,41],[39.37,41.064],[39.139,41.044],[38.651,40.922],[38.314,40.921],[37.822,41.01],[37.253,41.028],[36.817,41.29],[36.641,41.315],[36.383,41.238],[36.161,41.353],[35.958,41.686],[35.678,41.621],[35.411,41.627],[35.286,41.671],[35.099,41.806],[35.002,42.043],[34.663,41.876],[34.304,41.894],[33.897,41.951],[33.556,41.983],[33.155,41.95],[32.688,41.846],[32.419,41.749],[31.871,41.491],[31.666,41.395],[31.386,41.285],[31.404,41.164],[31.218,41.054],[30.745,41.04],[30.256,41.185],[30.138,41.132],[29.578,41.153],[29.161,41.216],[29.015,40.979],[29.29,40.807],[29.32,40.741],[29.417,40.741],[29.683,40.752],[29.883,40.746],[29.713,40.694],[29.525,40.688],[28.902,40.62],[28.778,40.525],[28.873,40.472],[29.084,40.456],[29.122,40.414],[29.052,40.335],[28.927,40.356],[28.756,40.376],[28.478,40.395],[28.004,40.362],[27.908,40.351],[28.006,40.451],[27.954,40.488],[27.808,40.504],[27.679,40.461],[27.8,40.403],[27.83,40.345],[27.764,40.287],[27.526,40.297],[27.45,40.31],[27.329,40.356],[27.272,40.451],[27.056,40.43],[26.996,40.372],[26.765,40.377],[26.482,40.187],[26.403,40.176],[26.32,39.992],[26.186,39.997],[26.128,39.879],[26.141,39.75],[26.142,39.661],[26.085,39.604],[26.064,39.456],[26.139,39.44],[26.546,39.513],[26.804,39.567],[26.958,39.548],[26.926,39.477],[26.854,39.461],[26.72,39.337],[26.602,39.256],[26.704,39.25],[26.708,39.182],[26.797,39.13],[26.871,39.056],[26.79,39.024],[26.785,38.94],[26.937,38.925],[27.004,38.885],[27.035,38.821],[26.966,38.77],[26.709,38.699],[26.696,38.641],[26.829,38.583],[26.82,38.527],[26.997,38.4],[26.742,38.278],[26.527,38.418],[26.469,38.445],[26.392,38.219],[26.393,38.104],[26.512,38.066],[26.679,38.105],[26.961,37.946],[27.14,37.889],[27.18,37.774],[27.141,37.647],[27.123,37.494],[27.16,37.36],[27.365,37.329],[27.493,37.24],[27.526,37.131],[27.269,37.042],[27.308,36.921],[27.553,36.915],[27.999,36.909],[28.051,36.833],[27.942,36.756],[27.912,36.699],[28.014,36.527],[28.267,36.712],[28.47,36.738],[28.814,36.535],[29.002,36.695],[29.298,36.173],[29.472,36.091],[29.662,36.078],[30.166,36.188],[30.28,36.118],[30.395,36.118],[30.473,36.188],[30.497,36.373],[30.54,36.647],[30.594,36.762],[30.905,36.794],[31.371,36.712],[31.902,36.497],[32.335,36.128],[32.64,36.008],[32.904,35.977],[33.171,35.971],[33.482,36.054],[33.753,36.147],[33.834,36.071],[33.836,36.107],[33.891,36.139],[33.954,36.16],[33.952,36.252],[34.103,36.38],[34.485,36.627],[34.662,36.648],[34.87,36.577],[35.071,36.488],[35.221,36.388],[35.354,36.414],[35.389,36.454],[35.417,36.433],[35.495,36.443],[35.548,36.54],[35.506,36.559],[35.568,36.587],[35.672,36.606],[35.891,36.771],[35.957,36.747],[36.082,36.622],[36.105,36.561],[36.095,36.482],[35.817,36.301],[35.709,36.212],[35.665,36.134],[35.719,36.092],[35.829,35.885],[35.856,35.835],[35.74,35.69],[35.691,35.685],[35.733,35.585],[35.68,35.528],[35.664,35.459],[35.607,35.418],[35.796,35.271],[35.841,35.043],[35.809,35.014],[35.751,34.747],[35.852,34.493],[35.873,34.422],[35.821,34.344],[35.716,34.312],[35.532,34.119],[35.524,33.975],[35.492,33.831],[35.43,33.744],[35.349,33.744],[35.356,33.64],[35.208,33.334],[35.132,33.232],[35.089,33.069],[34.972,32.938],[34.959,32.797],[34.957,32.705],[34.895,32.663],[34.843,32.671],[34.759,32.301],[34.681,32.046],[34.599,31.818],[34.501,31.621],[34.195,31.238],[34.146,31.209],[33.917,31.07],[33.71,30.996],[33.558,30.968],[33.255,31.027],[33.13,31.052],[33.021,31.132],[32.769,30.952],[32.597,30.964],[32.309,31.084],[32.077,31.014],[31.808,31.178],[31.717,31.388],[31.392,31.444],[31.151,31.444],[30.996,31.469],[30.827,31.437],[30.476,31.315],[30.099,31.232],[29.683,31.053],[29.359,30.811],[29.249,30.754],[28.966,30.785],[28.517,30.962],[28.1,30.999],[27.919,30.999],[27.763,31.183],[27.439,31.252],[27.088,31.307],[26.824,31.359],[26.143,31.491],[25.79,31.49],[25.507,31.445],[25.258,31.438],[25.107,31.514],[24.982,31.647],[24.952,31.818],[24.816,31.907],[24.237,31.925],[24.034,31.937],[23.742,32.064],[23.714,32.076],[23.289,32.133],[23.153,32.139],[23.027,32.253],[23.007,32.482],[22.923,32.558],[22.543,32.722],[22.216,32.791],[21.673,32.816],[21.054,32.63],[20.765,32.496],[20.516,32.388],[20.366,32.298],[20.068,32.037],[19.961,31.795],[19.942,31.611],[19.992,31.351],[20.117,31.071],[20.117,30.957],[19.982,30.722],[19.664,30.442],[19.323,30.257],[19.319,30.255],[19.125,30.199],[18.915,30.205],[18.885,30.221],[18.537,30.414],[17.957,30.768],[17.709,30.895],[17.422,30.996],[16.984,31.097],[16.783,31.128],[16.318,31.165],[16.013,31.228],[15.843,31.285],[15.533,31.551],[15.358,31.805],[15.241,32.173],[15.164,32.275],[15.01,32.363],[14.791,32.363],[14.433,32.464],[14.157,32.679],[13.459,32.78],[13.187,32.792],[12.799,32.734],[12.565,32.74],[12.117,32.879],[11.471,33.144],[11.209,33.252],[11.099,33.537],[10.957,33.575],[10.778,33.473],[10.65,33.498],[10.413,33.631],[10.149,33.878],[10.019,34.081],[10.116,34.234],[10.574,34.648],[10.839,34.801],[11.083,35.145],[11.125,35.241],[10.989,35.622],[10.831,35.679],[10.603,35.889],[10.511,36.086],[10.509,36.214],[10.633,36.424],[10.92,36.654],[11.039,36.909],[11.024,37.068],[10.843,36.991],[10.581,36.793],[10.393,36.717],[10.272,36.755],[10.159,36.996],[10.133,37.105],[10.021,37.2],[9.732,37.282],[9.416,37.275],[9.15,37.173],[8.866,36.968],[8.637,36.885],[8.145,36.814],[7.913,36.775],[7.792,36.832],[7.719,36.953],[7.545,37.042],[7.307,37.061],[7.205,36.99],[7.063,36.882],[6.923,36.818],[6.771,36.862],[6.323,37.091],[6.047,36.842],[5.73,36.752],[5.383,36.675],[5.144,36.668],[4.777,36.743],[4.632,36.794],[4.533,36.813],[4.395,36.838],[4.164,36.831],[3.741,36.837],[3.587,36.792],[3.324,36.651],[3.07,36.619],[2.81,36.714],[2.524,36.573],[2.294,36.541],[1.58,36.514],[1.058,36.462],[0.781,36.385],[0.474,36.225],[0.199,36.033],[0.015,35.804],[-0.092,35.74],[-0.204,35.751],[-0.283,35.758],[-0.429,35.86],[-0.734,35.738],[-0.917,35.668],[-1.147,35.629],[-1.329,35.489],[-1.495,35.234],[-1.738,35.119],[-2.035,35.055],[-2.193,35.054],[-2.077,34.826],[-1.823,34.7],[-1.738,34.605],[-1.664,34.205],[-1.674,33.83],[-1.681,33.258],[-1.61,33.048],[-1.341,32.694],[-1.113,32.549],[-1.081,32.454],[-1.066,32.45],[0.873,31.986],[6.269,31.873],[8.021,33.02],[8.771,33.189],[13.078,31.826],[13.174,31.735],[13.877,31.059],[13.675,26.143],[9.457,25.184],[9.67,24.218],[15.145,25.097],[15.634,30.518],[15.649,30.523],[17.581,30.343],[18.859,29.562],[19.97,29.723],[20.281,30.331],[20.365,30.338],[21.197,31.077],[22.122,31.077],[22.429,31.265],[26.171,30.316],[29.426,22.664],[30.346,22.111],[29.466,20.766],[29.466,19.173],[30.691,16.845],[31.671,15.864],[31.426,13.291],[31.671,11.576],[33.142,11.576],[33.999,13.659],[33.632,15.742],[34.612,18.07],[33.877,19.663],[32.161,20.643],[31.617,21.295],[31.645,21.277],[32.662,21],[35.251,21.369],[36.8,21.915]]],[[[40.633,46.688],[40.508,47.437],[39.259,48.437],[37.885,49.186],[36.399,49.036],[36.008,48.996],[34.163,47.811],[32.865,48.185],[29.316,48.286],[27.648,48.752],[27.486,48.752],[27.486,48.671],[27.108,48.833],[27.108,48.644],[26.989,48.681],[26.524,48.827],[26.163,48.941],[25.666,48.692],[24.161,48.987],[23.889,49.259],[21.771,49.592],[21.771,49.743],[21.317,49.864],[21.287,49.773],[21.135,49.834],[20.984,49.743],[20.893,49.834],[20.803,49.834],[20.893,49.743],[20.681,49.652],[20.53,49.803],[20.349,49.743],[20.016,49.803],[19.895,49.471],[19.713,49.531],[19.562,49.531],[19.562,49.713],[19.381,49.803],[19.138,49.713],[19.108,49.592],[18.927,49.622],[18.522,49.561],[18.25,49.181],[18.223,48.99],[18.314,48.279],[18.186,48.056],[17.517,47.642],[16.535,46.365],[16.448,46.104],[16.209,46.147],[16.079,45.886],[16.209,45.734],[16.122,45.582],[15.47,45.734],[15.424,45.43],[14.88,45.484],[14.798,45.865],[14.527,45.783],[14.354,45.323],[14.525,45.266],[14.815,45.078],[14.946,44.927],[14.907,44.723],[14.989,44.54],[15.286,44.329],[15.548,44.229],[15.274,44.237],[15.149,44.24],[15.412,43.935],[15.494,43.888],[15.75,44.098],[16.185,43.908],[16.701,43.847],[16.712,43.771],[16.64,43.39],[16.992,43.323],[17.054,43.473],[17.163,43.391],[17.326,43.337],[17.304,43.076],[17.548,42.92],[17.596,42.889],[17.646,42.865],[18.001,42.694],[18.249,42.527],[18.514,42.362],[18.529,42.353],[18.91,42.218],[19.136,42],[19.143,41.932],[19.338,41.862],[19.368,41.846],[19.458,41.798],[19.607,41.762],[19.619,41.559],[19.499,41.524],[19.417,41.345],[19.53,41.218],[19.445,40.965],[19.527,40.866],[19.339,40.589],[19.494,40.403],[19.484,40.296],[19.38,40.324],[19.369,40.26],[19.804,40.017],[20.029,39.814],[20.091,39.603],[20.122,39.551],[20.212,39.405],[20.678,39.08],[20.901,39.062],[21.007,39.113],[21.16,39.005],[21.105,38.922],[21.007,38.871],[20.893,38.896],[20.772,38.851],[21.172,38.348],[21.364,38.412],[21.661,38.438],[21.826,38.464],[22.334,38.427],[22.876,38.205],[22.997,38.179],[23.116,38.157],[22.899,37.998],[22.747,37.953],[21.997,38.251],[21.906,38.27],[21.714,38.135],[21.44,38.18],[21.228,37.905],[21.221,37.828],[21.296,37.727],[21.517,37.536],[21.614,37.415],[21.627,37.307],[21.531,37.115],[21.588,36.981],[21.781,36.823],[21.984,37.02],[22.191,36.855],[22.39,36.524],[22.524,36.722],[22.674,36.754],[22.983,36.615],[22.887,37.047],[22.793,37.139],[22.813,37.212],[22.726,37.289],[22.639,37.492],[22.642,37.585],[22.713,37.543],[22.942,37.518],[23.025,37.48],[22.971,37.385],[23.11,37.347],[23.186,37.375],[23.185,37.427],[23.418,37.469],[23.312,37.548],[23.322,37.637],[23.221,37.602],[23.151,37.59],[23.049,37.643],[23.045,37.774],[23.04,37.858],[22.898,37.9],[22.981,37.958],[23.196,38.005],[23.419,38.068],[23.496,38.068],[23.541,38.004],[23.634,37.879],[23.734,37.858],[23.836,37.685],[23.918,37.685],[23.987,37.763],[23.88,38.115],[23.967,38.152],[23.961,38.21],[23.804,38.347],[23.683,38.347],[23.556,38.352],[23.494,38.483],[23.356,38.49],[23.191,38.61],[23.169,38.667],[23.1,38.672],[22.984,38.667],[22.899,38.767],[22.723,38.793],[22.602,38.856],[22.49,38.877],[22.784,38.94],[22.871,39.024],[22.835,39.166],[22.766,39.203],[22.72,39.287],[22.851,39.366],[22.919,39.345],[22.981,39.329],[23.045,39.271],[23.1,39.187],[23.052,39.103],[23.158,39.14],[23.236,39.203],[23.074,39.413],[22.813,39.603],[22.754,39.818],[22.695,39.834],[22.555,39.987],[22.526,40.064],[22.467,40.118],[22.49,40.231],[22.602,40.397],[22.492,40.498],[22.701,40.577],[22.77,40.667],[22.852,40.651],[22.875,40.596],[22.864,40.535],[22.748,40.482],[22.96,40.315],[23.141,40.266],[23.215,40.182],[23.276,40.05],[23.261,39.971],[23.374,39.955],[23.597,39.934],[23.639,39.96],[23.592,40.002],[23.523,40.018],[23.436,40.045],[23.367,40.108],[23.321,40.155],[23.259,40.229],[23.293,40.245],[23.292,40.287],[23.349,40.282],[23.442,40.256],[23.596,40.192],[23.796,39.987],[23.907,39.997],[23.92,40.055],[23.869,40.161],[23.804,40.155],[23.652,40.229],[23.659,40.287],[23.627,40.345],[23.722,40.348],[23.775,40.393],[23.924,40.345],[24.048,40.308],[24.055,40.261],[24.221,40.145],[24.295,40.176],[23.924,40.451],[23.785,40.477],[23.709,40.63],[23.633,40.713],[23.635,40.773],[23.748,40.804],[23.886,40.733],[24.025,40.746],[24.219,40.83],[24.354,40.971],[24.505,40.984],[24.519,40.873],[24.701,40.878],[24.812,40.933],[25.019,41.017],[25.046,40.952],[25.301,40.896],[25.636,40.877],[25.993,40.852],[26.021,40.669],[26.124,40.603],[26.418,40.578],[26.455,40.584],[26.556,40.498],[26.458,40.435],[26.195,40.303],[26.223,40.224],[26.214,40.161],[26.141,40.045],[26.255,40.082],[26.376,40.213],[26.514,40.282],[26.614,40.398],[26.889,40.525],[27.264,40.667],[27.313,40.79],[27.474,40.963],[27.932,40.958],[28.026,41.026],[28.173,41.058],[28.596,40.947],[28.828,40.915],[28.964,40.989],[29.081,41.201],[29.012,41.255],[28.74,41.325],[28.371,41.433],[28.104,41.593],[28.07,41.625],[28.018,41.753],[28.026,41.882],[27.918,41.978],[27.913,42.078],[27.738,42.247],[27.723,42.316],[27.608,42.417],[27.495,42.401],[27.502,42.516],[27.654,42.684],[27.836,42.736],[27.87,42.8],[27.887,43.064],[28.035,43.392],[28.187,43.45],[28.328,43.438],[28.446,43.476],[28.481,43.592],[28.51,43.743],[28.53,43.843],[28.573,44.198],[28.686,44.488],[28.918,44.766],[29.09,44.876],[29.262,44.895],[29.458,44.915],[29.579,45.058],[29.711,45.258],[29.683,45.375],[29.616,45.41],[29.536,45.452],[29.5,45.523],[29.63,45.75],[29.73,45.77],[30.069,45.861],[30.433,46.176],[30.52,46.251],[30.833,46.577],[31.087,46.636],[31.538,46.701],[31.781,46.702],[31.951,46.865],[32.189,46.592],[31.926,46.41],[32.114,46.216],[32.202,46.17],[32.516,46.126],[32.973,46.146],[33.333,46.166],[33.528,46.134],[33.639,45.927],[33.539,45.875],[33.192,45.79],[32.902,45.673],[32.503,45.445],[32.575,45.361],[32.643,45.381],[32.926,45.388],[33.013,45.381],[33.398,45.253],[33.517,45.124],[33.559,44.936],[33.395,44.6],[33.66,44.524],[34.014,44.492],[34.135,44.537],[34.372,44.757],[34.614,44.841],[35.067,44.862],[35.387,45.082],[35.6,45.102],[35.865,45.031],[36.005,45.044],[36.265,45.097],[36.367,45.161],[36.415,45.272],[36.521,45.388],[36.323,45.44],[35.85,45.445],[35.546,45.38],[35.317,45.321],[35.063,45.34],[34.99,45.45],[35.032,45.534],[35.008,45.612],[34.127,46.064],[33.839,46.193],[34.064,46.265],[34.496,46.279],[34.692,46.253],[34.907,46.273],[35.046,46.358],[35.212,46.637],[35.416,46.495],[35.624,46.521],[35.851,46.664],[36.354,46.776],[36.865,46.809],[37.193,46.894],[37.422,47.077],[37.859,47.104],[38.21,47.15],[38.8,47.229],[39.16,47.269],[39.194,47.243],[39.282,47.074],[38.723,46.878],[38.401,46.721],[38.032,46.669],[37.867,46.655],[37.757,46.603],[37.97,46.441],[38.265,46.319],[38.459,46.079],[38.227,46.02],[37.99,46.007],[37.868,45.793],[37.706,45.578],[37.661,45.345],[37.461,45.312],[37.228,45.312],[36.96,45.227],[37.318,44.924],[37.474,44.692],[39.633,45.689],[40.383,45.439],[40.633,46.688]]],[[[38.527,18.161],[38.307,18.25],[38.029,18.478],[37.761,18.643],[37.48,18.82],[37.398,18.915],[37.255,19.652],[37.165,20.764],[36.695,20.398],[35.96,19.418],[36.45,18.07],[37.431,17.702],[38.527,18.161]]],[[[25.766,36.338],[25.873,36.356],[25.789,36.405],[25.736,36.387],[25.713,36.35],[25.766,36.338]]],[[[25.493,36.331],[25.493,36.423],[25.371,36.497],[25.333,36.46],[25.318,36.399],[25.386,36.319],[25.493,36.331]]],[[[26.025,36.96],[25.949,36.911],[25.858,36.838],[25.751,36.814],[25.751,36.783],[25.835,36.783],[25.956,36.844],[26.086,36.899],[26.025,36.96]]],[[[24.679,36.759],[24.588,36.869],[24.428,36.795],[24.299,36.753],[24.466,36.649],[24.679,36.759]]],[[[24.976,36.637],[24.877,36.68],[24.824,36.661],[24.824,36.637],[24.945,36.57],[24.976,36.637]]],[[[25.105,36.637],[25.196,36.674],[25.166,36.741],[25.044,36.661],[25.059,36.619],[25.105,36.637]]],[[[25.432,36.698],[25.295,36.808],[25.249,36.759],[25.242,36.753],[25.265,36.704],[25.386,36.637],[25.432,36.698]]],[[[24.428,37.208],[24.444,37.099],[24.535,37.117],[24.428,37.208]]],[[[24.261,37.541],[24.383,37.571],[24.398,37.667],[24.299,37.661],[24.261,37.541]]],[[[24.36,37.396],[24.36,37.305],[24.489,37.396],[24.398,37.468],[24.36,37.396]]],[[[24.846,37.366],[25.044,37.378],[24.945,37.51],[24.862,37.529],[24.846,37.366]]],[[[25.47,37.438],[25.272,37.565],[24.763,38.003],[24.656,37.901],[24.923,37.691],[25.318,37.402],[25.47,37.438]]],[[[24.679,36.905],[24.786,36.948],[24.717,37.051],[24.649,37.014],[24.679,36.905]]],[[[25.113,36.941],[25.31,37.002],[25.31,37.196],[25.151,37.172],[24.938,36.96],[25.113,36.941]]],[[[25.599,37.026],[25.607,37.124],[25.538,37.22],[25.379,37.117],[25.341,37.087],[25.363,37.008],[25.455,36.923],[25.546,36.96],[25.599,37.026]]],[[[27.73,35.913],[27.733,35.911],[27.769,35.894],[27.781,35.89],[27.787,35.891],[27.8,35.893],[27.839,35.912],[27.843,35.914],[27.866,35.932],[27.893,35.961],[27.899,35.976],[27.906,35.988],[27.932,36.019],[27.946,36.035],[27.957,36.045],[28.009,36.069],[28.064,36.112],[28.123,36.186],[28.141,36.211],[28.187,36.3],[28.207,36.344],[28.238,36.431],[28.234,36.441],[28.226,36.453],[28.219,36.457],[28.216,36.458],[28.213,36.456],[28.211,36.452],[28.207,36.442],[28.107,36.419],[28.068,36.405],[27.909,36.34],[27.896,36.332],[27.876,36.32],[27.806,36.271],[27.803,36.268],[27.789,36.252],[27.72,36.166],[27.741,36.104],[27.731,35.979],[27.721,35.949],[27.719,35.941],[27.722,35.93],[27.729,35.917],[27.73,35.913]]],[[[26.919,36.947],[26.936,36.932],[26.946,36.928],[26.97,36.924],[26.976,36.924],[27.046,36.944],[27.049,36.946],[27.05,36.949],[27.05,36.991],[27.048,36.994],[26.986,37.044],[26.961,37.056],[26.891,37.076],[26.887,37.073],[26.882,37.069],[26.919,36.947]]],[[[26.946,36.679],[26.953,36.675],[26.967,36.672],[26.971,36.672],[26.966,36.682],[26.966,36.704],[26.971,36.736],[26.972,36.74],[26.974,36.743],[26.981,36.747],[26.992,36.751],[27.028,36.764],[27.036,36.766],[27.218,36.82],[27.243,36.827],[27.279,36.834],[27.302,36.837],[27.329,36.843],[27.344,36.849],[27.355,36.859],[27.356,36.865],[27.353,36.872],[27.347,36.881],[27.341,36.885],[27.284,36.901],[27.177,36.889],[27.168,36.887],[27.152,36.881],[27.064,36.839],[27.061,36.837],[26.922,36.761],[26.918,36.755],[26.919,36.716],[26.921,36.709],[26.923,36.706],[26.946,36.679]]],[[[26.849,37.098],[26.854,37.097],[26.864,37.095],[26.887,37.097],[26.889,37.099],[26.89,37.102],[26.889,37.109],[26.872,37.151],[26.861,37.177],[26.858,37.181],[26.855,37.183],[26.821,37.187],[26.786,37.191],[26.781,37.19],[26.778,37.188],[26.769,37.176],[26.768,37.173],[26.769,37.169],[26.821,37.111],[26.849,37.098]]],[[[32.817,34.539],[32.915,34.541],[32.915,34.636],[32.959,34.659],[33.131,34.68],[33.484,34.796],[33.539,34.944],[33.686,34.935],[33.733,34.909],[33.792,34.957],[33.925,34.953],[33.773,35.129],[33.78,35.208],[34.048,35.408],[34.245,35.512],[34.458,35.645],[34.217,35.574],[33.907,35.437],[33.539,35.332],[33.374,35.306],[33.077,35.319],[32.795,35.361],[32.819,35.282],[32.78,35.153],[32.745,35.114],[32.597,35.156],[32.483,35.153],[32.301,35.016],[32.234,35.014],[32.18,35.058],[32.144,35.043],[32.199,34.861],[32.271,34.814],[32.271,34.72],[32.357,34.68],[32.603,34.615],[32.784,34.625],[32.817,34.539]]],[[[23.665,35.667],[23.669,35.612],[23.671,35.572],[23.529,35.57],[23.467,35.318],[23.513,35.276],[23.568,35.255],[23.786,35.263],[24.013,35.21],[24.324,35.208],[24.69,35.092],[24.716,35.035],[24.693,34.94],[25.591,35.016],[25.742,35.009],[25.899,35.045],[26.16,35.024],[26.243,35.145],[26.236,35.229],[26.274,35.313],[26.169,35.247],[26.099,35.216],[26.064,35.239],[25.935,35.213],[25.789,35.137],[25.742,35.137],[25.668,35.187],[25.714,35.327],[25.673,35.349],[25.512,35.295],[25.374,35.318],[25.1,35.347],[25.014,35.362],[24.997,35.421],[24.769,35.428],[24.388,35.373],[24.23,35.391],[24.22,35.449],[24.178,35.47],[24.113,35.486],[24.073,35.496],[24.091,35.52],[24.136,35.522],[24.153,35.564],[24.082,35.612],[24.033,35.598],[24.039,35.562],[23.957,35.528],[23.879,35.552],[23.743,35.562],[23.734,35.627],[23.697,35.698],[23.665,35.667]]],[[[23.242,39.044],[23.014,38.961],[22.87,38.837],[23.121,38.867],[23.463,38.624],[23.638,38.523],[23.6,38.457],[23.661,38.404],[24.025,38.386],[24.193,38.153],[24.314,37.985],[24.527,37.967],[24.588,38.153],[24.292,38.195],[24.208,38.552],[24.132,38.653],[23.79,38.719],[23.41,38.944],[23.242,39.044]]]]},"properties":{"NAME":"Ottoman Empire","SUBJECTO":"Ottoman Empire","PARTOF":"Ottoman Empire","ABBREVN":"Ottoman Emp","BORDERPRECISION":1,"fid":705}},
{"type":"Feature","geometry":{"type":"Polygon","coordinates":[[[56.96,73.357],[57.33,73.485],[57.823,73.781],[57.799,73.924],[57.405,74.052],[57.671,74.188],[58.009,74.149],[58.191,74.085],[58.733,74.287],[58.882,74.391],[58.603,74.504],[58.656,74.608],[58.851,74.689],[59.772,74.659],[60.009,74.675],[60.434,74.838],[60.623,74.935],[60.334,75.033],[60.463,75.156],[60.887,75.247],[61.833,75.357],[62.661,75.499],[63.616,75.633],[64.6,75.76],[66.548,75.98],[67.722,76.175],[68.328,76.318],[68.571,76.394],[68.937,76.606],[68.867,76.766],[68.668,76.868],[68.457,76.927],[67.572,76.891],[66.442,76.83],[66.273,76.762],[65.926,76.507],[65.087,76.455],[64.105,76.344],[63.673,76.326],[62.805,76.182],[62.593,76.165],[61.819,76.289],[61.426,76.23],[61.303,76.238],[60.949,75.961],[60.617,75.894],[60.043,75.918],[59.456,75.866],[59.018,75.799],[58.559,75.682],[58.17,75.532],[57.729,75.291],[57.327,75.298],[57.226,75.331],[56.995,75.273],[56.303,74.871],[56.539,74.766],[56.652,74.693],[56.269,74.612],[55.965,74.603],[55.776,74.539],[55.619,74.417],[55.946,74.265],[55.885,74.105],[55.188,74.104],[54.894,74.063],[54.349,73.87],[54.018,73.734],[54.479,73.519],[54.664,73.472],[54.994,73.536],[55.425,73.553],[55.757,73.577],[56.265,73.515],[56.695,73.42],[56.96,73.357]]]},"properties":{"BORDERPRECISION":3,"fid":706}},
{"type":"Feature","geometry":{"type":"Polygon","coordinates":[[[-5.104,55.439],[-5.093,55.442],[-5.079,55.452],[-5.076,55.455],[-5.074,55.459],[-5.075,55.463],[-5.084,55.553],[-5.085,55.557],[-5.155,55.673],[-5.16,55.679],[-5.168,55.684],[-5.185,55.693],[-5.198,55.699],[-5.228,55.71],[-5.239,55.714],[-5.252,55.716],[-5.266,55.717],[-5.295,55.717],[-5.326,55.702],[-5.33,55.7],[-5.371,55.677],[-5.378,55.672],[-5.381,55.669],[-5.396,55.629],[-5.4,55.618],[-5.401,55.609],[-5.4,55.601],[-5.357,55.504],[-5.342,55.477],[-5.34,55.475],[-5.293,55.451],[-5.283,55.447],[-5.237,55.432],[-5.232,55.43],[-5.224,55.43],[-5.172,55.429],[-5.104,55.439]]]},"properties":{"BORDERPRECISION":3,"fid":707}},
{"type":"Feature","geometry":{"type":"Polygon","coordinates":[[[-6.122,55.879],[-6.123,55.895],[-6.119,55.922],[-6.122,55.929],[-6.129,55.934],[-6.137,55.934],[-6.142,55.934],[-6.163,55.927],[-6.192,55.916],[-6.31,55.864],[-6.37,55.869],[-6.442,55.854],[-6.45,55.849],[-6.495,55.734],[-6.5,55.721],[-6.51,55.691],[-6.509,55.682],[-6.505,55.677],[-6.501,55.673],[-6.491,55.669],[-6.485,55.669],[-6.473,55.67],[-6.463,55.674],[-6.449,55.68],[-6.411,55.704],[-6.393,55.717],[-6.38,55.728],[-6.367,55.741],[-6.361,55.75],[-6.356,55.758],[-6.353,55.765],[-6.348,55.771],[-6.346,55.775],[-6.338,55.78],[-6.332,55.781],[-6.325,55.781],[-6.265,55.778],[-6.259,55.777],[-6.254,55.775],[-6.251,55.771],[-6.251,55.767],[-6.253,55.764],[-6.286,55.707],[-6.321,55.619],[-6.322,55.615],[-6.327,55.589],[-6.326,55.587],[-6.317,55.582],[-6.301,55.577],[-6.274,55.573],[-6.229,55.592],[-6.077,55.65],[-6.038,55.67],[-6.027,55.678],[-6.025,55.681],[-6.03,55.721],[-6.05,55.764],[-6.052,55.767],[-6.059,55.772],[-6.076,55.777],[-6.088,55.784],[-6.093,55.79],[-6.098,55.797],[-6.102,55.807],[-6.103,55.811],[-6.122,55.879]]]},"properties":{"BORDERPRECISION":3,"fid":708}},
{"type":"Feature","geometry":{"type":"Polygon","coordinates":[[[-5.947,55.83],[-5.904,55.883],[-5.846,55.949],[-5.752,56.057],[-5.746,56.064],[-5.73,56.078],[-5.717,56.089],[-5.708,56.096],[-5.702,56.099],[-5.691,56.107],[-5.686,56.113],[-5.684,56.117],[-5.684,56.122],[-5.685,56.126],[-5.694,56.147],[-5.706,56.151],[-5.711,56.15],[-5.745,56.137],[-5.755,56.133],[-5.809,56.11],[-5.902,56.061],[-5.906,56.058],[-5.956,56.031],[-5.968,56.024],[-6.079,55.906],[-6.084,55.894],[-6.088,55.882],[-6.088,55.877],[-6.079,55.827],[-6.076,55.816],[-6.074,55.812],[-6.071,55.808],[-6.063,55.804],[-6.053,55.8],[-6.032,55.793],[-6.027,55.792],[-5.972,55.788],[-5.947,55.83]]]},"properties":{"BORDERPRECISION":3,"fid":709}},
{"type":"Feature","geometry":{"type":"Polygon","coordinates":[[[-7.467,56.941],[-7.439,56.943],[-7.435,56.945],[-7.376,56.979],[-7.378,56.982],[-7.415,57.041],[-7.419,57.044],[-7.44,57.054],[-7.446,57.056],[-7.554,56.966],[-7.56,56.96],[-7.561,56.956],[-7.559,56.951],[-7.55,56.947],[-7.531,56.944],[-7.515,56.943],[-7.475,56.941],[-7.467,56.941]]]},"properties":{"BORDERPRECISION":3,"fid":710}},
{"type":"Feature","geometry":{"type":"Polygon","coordinates":[[[-7.223,57.337],[-7.224,57.342],[-7.267,57.372],[-7.272,57.375],[-7.286,57.381],[-7.336,57.396],[-7.368,57.401],[-7.412,57.39],[-7.422,57.385],[-7.425,57.382],[-7.421,57.218],[-7.419,57.187],[-7.417,57.182],[-7.396,57.132],[-7.393,57.125],[-7.387,57.115],[-7.381,57.109],[-7.363,57.1],[-7.356,57.099],[-7.334,57.1],[-7.303,57.106],[-7.287,57.106],[-7.266,57.104],[-7.23,57.095],[-7.226,57.097],[-7.215,57.11],[-7.215,57.114],[-7.259,57.152],[-7.288,57.322],[-7.285,57.336],[-7.259,57.327],[-7.252,57.327],[-7.246,57.328],[-7.231,57.333],[-7.223,57.337]]]},"properties":{"BORDERPRECISION":3,"fid":711}},
{"type":"Feature","geometry":{"type":"Polygon","coordinates":[[[-7.269,57.399],[-7.245,57.402],[-7.239,57.404],[-7.204,57.415],[-7.202,57.419],[-7.202,57.457],[-7.205,57.461],[-7.244,57.476],[-7.276,57.481],[-7.301,57.484],[-7.351,57.489],[-7.358,57.488],[-7.4,57.47],[-7.404,57.468],[-7.406,57.464],[-7.41,57.452],[-7.409,57.448],[-7.405,57.442],[-7.388,57.424],[-7.378,57.42],[-7.32,57.401],[-7.314,57.4],[-7.283,57.397],[-7.269,57.399]]]},"properties":{"BORDERPRECISION":3,"fid":712}},
{"type":"Feature","geometry":{"type":"Polygon","coordinates":[[[-7.189,57.687],[-7.197,57.687],[-7.245,57.677],[-7.271,57.659],[-7.275,57.656],[-7.433,57.653],[-7.473,57.655],[-7.484,57.652],[-7.491,57.646],[-7.543,57.596],[-7.543,57.591],[-7.54,57.588],[-7.536,57.586],[-7.486,57.566],[-7.477,57.562],[-7.468,57.562],[-7.456,57.564],[-7.412,57.568],[-7.348,57.551],[-7.325,57.544],[-7.327,57.527],[-7.326,57.508],[-7.321,57.505],[-7.315,57.504],[-7.234,57.504],[-7.168,57.508],[-7.154,57.509],[-7.147,57.515],[-7.066,57.633],[-7.067,57.637],[-7.075,57.642],[-7.189,57.687]]]},"properties":{"BORDERPRECISION":3,"fid":713}},
{"type":"Feature","geometry":{"type":"Polygon","coordinates":[[[-7.006,57.881],[-6.999,57.887],[-6.997,57.891],[-6.994,57.914],[-6.994,57.919],[-6.999,57.92],[-7.007,57.92],[-7.027,57.917],[-7.033,57.916],[-7.074,57.896],[-7.077,57.893],[-7.078,57.88],[-7.074,57.878],[-7.006,57.881]]]},"properties":{"BORDERPRECISION":3,"fid":714}},
{"type":"Feature","geometry":{"type":"Polygon","coordinates":[[[-6.802,58.203],[-6.794,58.203],[-6.791,58.207],[-6.794,58.218],[-6.81,58.229],[-6.854,58.25],[-6.86,58.251],[-6.882,58.254],[-6.89,58.252],[-6.89,58.249],[-6.889,58.244],[-6.873,58.206],[-6.869,58.204],[-6.839,58.202],[-6.802,58.203]]]},"properties":{"BORDERPRECISION":3,"fid":715}},
{"type":"Feature","geometry":{"type":"Polygon","coordinates":[[[-6.204,58.356],[-6.166,58.421],[-6.166,58.425],[-6.223,58.496],[-6.235,58.504],[-6.244,58.509],[-6.253,58.512],[-6.26,58.513],[-6.267,58.512],[-6.272,58.511],[-6.277,58.508],[-6.293,58.488],[-6.311,58.479],[-6.355,58.457],[-6.55,58.363],[-6.56,58.36],[-6.647,58.342],[-6.652,58.349],[-6.658,58.349],[-6.673,58.349],[-6.798,58.302],[-6.816,58.285],[-6.818,58.28],[-6.808,58.26],[-6.787,58.229],[-6.745,58.197],[-6.75,58.185],[-6.805,58.196],[-6.873,58.179],[-6.86,58.108],[-6.862,58.104],[-6.868,58.106],[-6.874,58.111],[-6.936,58.188],[-6.92,58.204],[-6.908,58.206],[-6.906,58.21],[-6.908,58.213],[-6.92,58.216],[-7.001,58.234],[-7.008,58.235],[-7.032,58.238],[-7.041,58.233],[-7.056,58.223],[-7.059,58.22],[-7.094,58.182],[-7.128,58.135],[-7.128,58.13],[-7.127,58.123],[-7.094,58.071],[-7.058,58.036],[-7.056,58.02],[-7.084,58.008],[-7.114,57.987],[-7.113,57.984],[-7.075,57.962],[-7.036,57.953],[-7.03,57.952],[-7.022,57.952],[-6.993,57.959],[-6.985,57.959],[-6.946,57.953],[-6.935,57.95],[-6.879,57.932],[-6.834,57.904],[-6.83,57.901],[-7.029,57.832],[-7.066,57.821],[-7.084,57.825],[-7.092,57.833],[-7.104,57.837],[-7.118,57.838],[-7.125,57.838],[-7.127,57.833],[-7.124,57.821],[-7.123,57.817],[-7.12,57.814],[-6.984,57.728],[-6.978,57.726],[-6.973,57.725],[-6.966,57.726],[-6.961,57.727],[-6.735,57.826],[-6.662,57.881],[-6.661,57.885],[-6.665,57.901],[-6.678,57.926],[-6.68,57.928],[-6.685,57.934],[-6.696,57.942],[-6.705,57.947],[-6.719,57.949],[-6.723,57.951],[-6.726,57.954],[-6.761,57.998],[-6.689,58.055],[-6.684,58.057],[-6.678,58.058],[-6.67,58.058],[-6.608,58.055],[-6.6,58.054],[-6.595,58.052],[-6.59,58.05],[-6.594,58.046],[-6.599,58.045],[-6.615,58.046],[-6.622,58.048],[-6.629,58.048],[-6.653,58.048],[-6.659,58.047],[-6.663,58.044],[-6.694,58.024],[-6.697,58.021],[-6.706,58.008],[-6.707,57.999],[-6.705,57.987],[-6.699,57.967],[-6.692,57.958],[-6.666,57.927],[-6.662,57.924],[-6.653,57.92],[-6.628,57.915],[-6.621,57.914],[-6.577,57.911],[-6.571,57.911],[-6.544,57.915],[-6.538,57.916],[-6.474,57.94],[-6.473,57.944],[-6.474,57.948],[-6.458,57.968],[-6.386,58.009],[-6.357,58.03],[-6.354,58.033],[-6.391,58.099],[-6.396,58.105],[-6.402,58.106],[-6.41,58.106],[-6.42,58.102],[-6.497,58.087],[-6.595,58.078],[-6.619,58.078],[-6.62,58.082],[-6.601,58.085],[-6.548,58.092],[-6.497,58.097],[-6.382,58.13],[-6.377,58.132],[-6.375,58.136],[-6.367,58.159],[-6.329,58.183],[-6.264,58.177],[-6.225,58.184],[-6.172,58.207],[-6.164,58.212],[-6.158,58.218],[-6.147,58.253],[-6.148,58.256],[-6.16,58.26],[-6.168,58.261],[-6.173,58.258],[-6.209,58.241],[-6.221,58.234],[-6.265,58.227],[-6.274,58.224],[-6.277,58.223],[-6.281,58.222],[-6.285,58.223],[-6.322,58.231],[-6.325,58.232],[-6.328,58.233],[-6.328,58.235],[-6.328,58.238],[-6.324,58.264],[-6.28,58.288],[-6.232,58.318],[-6.204,58.356]]]},"properties":{"BORDERPRECISION":3,"fid":716}},
{"type":"Feature","geometry":{"type":"Polygon","coordinates":[[[-2.918,58.732],[-2.914,58.734],[-2.877,58.82],[-2.878,58.824],[-2.886,58.832],[-2.894,58.837],[-2.899,58.838],[-2.916,58.839],[-2.975,58.835],[-3.004,58.833],[-3.01,58.832],[-3.029,58.823],[-3.034,58.821],[-3.037,58.818],[-2.98,58.75],[-2.971,58.742],[-2.958,58.735],[-2.948,58.731],[-2.939,58.73],[-2.918,58.732]]]},"properties":{"BORDERPRECISION":3,"fid":717}},
{"type":"Feature","geometry":{"type":"Polygon","coordinates":[[[-3.231,58.776],[-3.181,58.779],[-3.16,58.781],[-3.142,58.785],[-3.137,58.787],[-3.135,58.801],[-3.136,58.804],[-3.215,58.874],[-3.228,58.885],[-3.233,58.887],[-3.336,58.927],[-3.349,58.927],[-3.398,58.917],[-3.412,58.911],[-3.418,58.904],[-3.433,58.879],[-3.433,58.875],[-3.431,58.871],[-3.301,58.778],[-3.296,58.776],[-3.289,58.776],[-3.231,58.776]]]},"properties":{"BORDERPRECISION":3,"fid":718}},
{"type":"Feature","geometry":{"type":"Polygon","coordinates":[[[-2.793,58.951],[-2.852,58.976],[-2.947,58.998],[-2.996,59.056],[-2.995,59.067],[-2.998,59.07],[-3.073,59.119],[-3.077,59.122],[-3.196,59.147],[-3.202,59.149],[-3.219,59.149],[-3.239,59.146],[-3.272,59.141],[-3.278,59.14],[-3.317,59.129],[-3.35,59.11],[-3.351,59.106],[-3.368,59.014],[-3.368,59.01],[-3.363,58.996],[-3.361,58.992],[-3.346,58.966],[-3.313,58.95],[-3.303,58.946],[-3.195,58.911],[-3.188,58.91],[-3.172,58.911],[-3.12,58.919],[-3.12,58.923],[-3.111,58.928],[-3.057,58.936],[-3.008,58.94],[-2.97,58.939],[-2.869,58.893],[-2.824,58.879],[-2.756,58.918],[-2.793,58.951]]]},"properties":{"BORDERPRECISION":3,"fid":719}},
{"type":"Feature","geometry":{"type":"Polygon","coordinates":[[[-2.681,59.196],[-2.625,59.234],[-2.621,59.236],[-2.577,59.242],[-2.571,59.242],[-2.496,59.245],[-2.39,59.28],[-2.39,59.283],[-2.397,59.303],[-2.4,59.31],[-2.402,59.313],[-2.407,59.314],[-2.414,59.314],[-2.534,59.305],[-2.556,59.303],[-2.593,59.291],[-2.684,59.221],[-2.691,59.214],[-2.692,59.21],[-2.694,59.197],[-2.692,59.19],[-2.69,59.187],[-2.686,59.184],[-2.681,59.196]]]},"properties":{"BORDERPRECISION":3,"fid":720}},
{"type":"Feature","geometry":{"type":"Polygon","coordinates":[[[-2.89,59.295],[-2.897,59.3],[-3.049,59.329],[-3.072,59.331],[-3.076,59.331],[-3.076,59.327],[-3.074,59.324],[-3.028,59.285],[-3.003,59.264],[-2.999,59.261],[-2.992,59.262],[-2.988,59.264],[-2.977,59.273],[-2.974,59.281],[-2.976,59.285],[-2.972,59.287],[-2.966,59.288],[-2.959,59.288],[-2.937,59.284],[-2.877,59.259],[-2.873,59.256],[-2.873,59.252],[-2.877,59.229],[-2.853,59.249],[-2.85,59.268],[-2.89,59.295]]]},"properties":{"BORDERPRECISION":3,"fid":721}},
{"type":"Feature","geometry":{"type":"Polygon","coordinates":[[[-1.296,60.491],[-1.287,60.613],[-1.294,60.631],[-1.296,60.635],[-1.302,60.637],[-1.411,60.607],[-1.416,60.605],[-1.547,60.536],[-1.593,60.508],[-1.61,60.481],[-1.612,60.477],[-1.61,60.474],[-1.565,60.473],[-1.558,60.473],[-1.554,60.476],[-1.502,60.47],[-1.446,60.461],[-1.32,60.356],[-1.346,60.34],[-1.427,60.321],[-1.446,60.319],[-1.475,60.315],[-1.59,60.306],[-1.597,60.308],[-1.628,60.307],[-1.655,60.303],[-1.667,60.3],[-1.691,60.288],[-1.693,60.284],[-1.693,60.28],[-1.678,60.246],[-1.674,60.239],[-1.665,60.231],[-1.655,60.226],[-1.648,60.225],[-1.589,60.216],[-1.52,60.201],[-1.527,60.194],[-1.528,60.191],[-1.527,60.187],[-1.52,60.181],[-1.491,60.168],[-1.454,60.152],[-1.449,60.151],[-1.358,60.192],[-1.353,60.209],[-1.364,60.23],[-1.387,60.237],[-1.41,60.249],[-1.414,60.252],[-1.41,60.255],[-1.403,60.256],[-1.291,60.241],[-1.285,60.22],[-1.262,60.131],[-1.26,60.124],[-1.261,60.116],[-1.263,60.107],[-1.268,60.094],[-1.306,60.013],[-1.308,60.009],[-1.311,60.007],[-1.316,60.009],[-1.322,60.008],[-1.326,60.004],[-1.33,60],[-1.332,59.997],[-1.378,59.906],[-1.378,59.902],[-1.372,59.892],[-1.307,59.857],[-1.269,59.851],[-1.262,59.858],[-1.26,59.862],[-1.221,60.022],[-1.212,60.103],[-1.187,60.127],[-1.171,60.137],[-1.163,60.137],[-1.153,60.133],[-1.147,60.132],[-1.129,60.144],[-1.126,60.148],[-1.126,60.152],[-1.157,60.195],[-1.181,60.225],[-1.186,60.231],[-1.198,60.256],[-1.201,60.263],[-1.199,60.268],[-1.195,60.271],[-1.187,60.27],[-1.166,60.262],[-1.164,60.258],[-1.101,60.276],[-1.066,60.358],[-1.038,60.44],[-1.037,60.444],[-1.041,60.447],[-1.164,60.454],[-1.287,60.471],[-1.296,60.491]]]},"properties":{"BORDERPRECISION":3,"fid":722}},
{"type":"Feature","geometry":{"type":"Polygon","coordinates":[[[-1.029,60.496],[-1.026,60.499],[-1.023,60.503],[-1.019,60.515],[-1.018,60.519],[-0.983,60.651],[-0.982,60.656],[-0.991,60.72],[-0.997,60.725],[-1.057,60.731],[-1.085,60.732],[-1.092,60.731],[-1.099,60.73],[-1.11,60.726],[-1.177,60.637],[-1.179,60.633],[-1.181,60.624],[-1.184,60.603],[-1.182,60.595],[-1.17,60.527],[-1.143,60.492],[-1.14,60.489],[-1.127,60.486],[-1.105,60.486],[-1.029,60.496]]]},"properties":{"BORDERPRECISION":3,"fid":723}},
{"type":"Feature","geometry":{"type":"Polygon","coordinates":[[[-0.82,60.689],[-0.764,60.793],[-0.757,60.814],[-0.758,60.818],[-0.768,60.829],[-0.773,60.831],[-0.806,60.841],[-0.878,60.844],[-0.883,60.842],[-0.939,60.794],[-0.96,60.711],[-0.966,60.688],[-0.959,60.682],[-0.936,60.674],[-0.835,60.673],[-0.82,60.689]]]},"properties":{"BORDERPRECISION":3,"fid":724}},
{"type":"Feature","geometry":{"type":"MultiPolygon","coordinates":[[[[-6.655,61.389],[-6.642,61.397],[-6.642,61.401],[-6.655,61.433],[-6.709,61.558],[-6.724,61.573],[-6.729,61.576],[-6.889,61.645],[-6.912,61.644],[-6.926,61.641],[-6.945,61.637],[-6.96,61.623],[-6.963,61.619],[-6.958,61.599],[-6.846,61.468],[-6.719,61.407],[-6.668,61.389],[-6.66,61.388],[-6.655,61.389]]],[[[-6.604,61.822],[-6.604,61.826],[-6.652,61.854],[-6.661,61.859],[-6.777,61.895],[-6.783,61.897],[-6.856,61.907],[-6.864,61.907],[-6.905,61.908],[-6.908,61.905],[-6.909,61.901],[-6.866,61.837],[-6.841,61.817],[-6.836,61.818],[-6.705,61.777],[-6.652,61.743],[-6.639,61.751],[-6.63,61.761],[-6.604,61.822]]],[[[-7.05,62.068],[-7.041,62.083],[-7.04,62.088],[-7.041,62.091],[-7.045,62.094],[-7.056,62.099],[-7.163,62.129],[-7.223,62.159],[-7.231,62.16],[-7.426,62.145],[-7.434,62.144],[-7.435,62.14],[-7.434,62.128],[-7.434,62.124],[-7.431,62.116],[-7.382,62.068],[-7.378,62.065],[-7.352,62.054],[-7.346,62.052],[-7.251,62.043],[-7.233,62.06],[-7.232,62.065],[-7.227,62.064],[-7.212,62.057],[-7.198,62.05],[-7.194,62.043],[-7.192,62.04],[-7.192,62.031],[-7.202,62.019],[-7.186,62.02],[-7.165,62.024],[-7.063,62.049],[-7.055,62.06],[-7.05,62.068]]],[[[-6.707,61.937],[-6.702,61.94],[-6.696,61.975],[-6.696,61.979],[-6.719,62.029],[-6.725,62.035],[-6.735,62.044],[-6.841,62.124],[-6.916,62.154],[-6.946,62.168],[-6.974,62.182],[-6.991,62.193],[-7.037,62.234],[-7.042,62.24],[-7.045,62.243],[-7.052,62.258],[-7.058,62.272],[-7.062,62.279],[-7.066,62.282],[-7.071,62.285],[-7.088,62.291],[-7.128,62.302],[-7.135,62.304],[-7.192,62.308],[-7.196,62.305],[-7.211,62.285],[-7.233,62.198],[-7.234,62.193],[-7.235,62.18],[-7.235,62.176],[-7.232,62.172],[-7.13,62.126],[-7.035,62.112],[-6.961,62.047],[-6.869,61.997],[-6.773,61.95],[-6.725,61.934],[-6.718,61.933],[-6.707,61.937]]],[[[-6.62,62.23],[-6.619,62.234],[-6.62,62.238],[-6.626,62.253],[-6.632,62.259],[-6.721,62.331],[-6.712,62.294],[-6.686,62.245],[-6.681,62.242],[-6.658,62.234],[-6.632,62.227],[-6.624,62.227],[-6.62,62.23]]],[[[-6.657,62.092],[-6.657,62.096],[-6.654,62.1],[-6.65,62.102],[-6.588,62.134],[-6.598,62.194],[-6.601,62.197],[-6.735,62.26],[-6.807,62.29],[-6.938,62.334],[-6.95,62.338],[-6.958,62.339],[-7.06,62.314],[-7.062,62.296],[-7.029,62.244],[-7.025,62.238],[-7.011,62.226],[-6.964,62.193],[-6.948,62.182],[-6.922,62.167],[-6.753,62.093],[-6.67,62.059],[-6.657,62.056],[-6.657,62.092]]],[[[-6.419,62.184],[-6.412,62.185],[-6.409,62.189],[-6.407,62.192],[-6.39,62.246],[-6.389,62.251],[-6.389,62.255],[-6.392,62.258],[-6.398,62.26],[-6.43,62.269],[-6.489,62.288],[-6.493,62.291],[-6.522,62.318],[-6.537,62.342],[-6.542,62.357],[-6.574,62.35],[-6.549,62.301],[-6.551,62.251],[-6.588,62.24],[-6.582,62.225],[-6.572,62.212],[-6.556,62.197],[-6.527,62.174],[-6.518,62.169],[-6.419,62.184]]],[[[-6.586,62.256],[-6.572,62.259],[-6.566,62.265],[-6.562,62.273],[-6.561,62.277],[-6.561,62.281],[-6.566,62.296],[-6.574,62.306],[-6.632,62.371],[-6.638,62.373],[-6.646,62.374],[-6.655,62.374],[-6.661,62.372],[-6.666,62.352],[-6.667,62.347],[-6.668,62.334],[-6.668,62.33],[-6.664,62.322],[-6.62,62.267],[-6.613,62.261],[-6.608,62.259],[-6.595,62.256],[-6.586,62.256]]],[[[-6.406,62.284],[-6.392,62.297],[-6.489,62.381],[-6.498,62.386],[-6.519,62.397],[-6.525,62.396],[-6.531,62.394],[-6.545,62.387],[-6.547,62.384],[-6.489,62.307],[-6.48,62.298],[-6.423,62.286],[-6.415,62.284],[-6.406,62.284]]]]},"properties":{"BORDERPRECISION":3,"fid":725}},
{"type":"Feature","geometry":{"type":"Polygon","coordinates":[[[129.716,28.451],[129.704,28.479],[129.696,28.491],[129.69,28.498],[129.667,28.477],[129.619,28.448],[129.62,28.454],[129.622,28.477],[129.575,28.462],[129.327,28.352],[129.257,28.321],[129.143,28.255],[129.144,28.25],[129.158,28.235],[129.369,28.116],[129.376,28.115],[129.381,28.118],[129.466,28.211],[129.512,28.295],[129.584,28.37],[129.622,28.397],[129.65,28.404],[129.663,28.404],[129.708,28.424],[129.717,28.429],[129.718,28.436],[129.718,28.441],[129.716,28.451]]]},"properties":{"BORDERPRECISION":3,"fid":726}},
{"type":"Feature","geometry":{"type":"Polygon","coordinates":[[[129.963,29.957],[129.968,29.96],[129.971,29.965],[129.967,29.974],[129.949,29.992],[129.942,30],[129.934,30.002],[129.929,30],[129.925,29.996],[129.924,29.99],[129.924,29.984],[129.927,29.974],[129.935,29.967],[129.951,29.958],[129.957,29.956],[129.963,29.957]]]},"properties":{"BORDERPRECISION":3,"fid":727}},
{"type":"Feature","geometry":{"type":"Polygon","coordinates":[[[129.896,29.874],[129.891,29.877],[129.879,29.874],[129.876,29.872],[129.863,29.873],[129.859,29.869],[129.853,29.859],[129.852,29.852],[129.855,29.848],[129.872,29.834],[129.877,29.831],[129.889,29.826],[129.916,29.818],[129.922,29.82],[129.923,29.825],[129.907,29.857],[129.902,29.866],[129.896,29.874]]]},"properties":{"BORDERPRECISION":3,"fid":728}},
{"type":"Feature","geometry":{"type":"Polygon","coordinates":[[[130.906,30.355],[130.97,30.391],[131.055,30.633],[131.074,30.689],[131.077,30.701],[131.083,30.748],[131.086,30.801],[131.085,30.806],[131.072,30.827],[131.069,30.831],[131.065,30.835],[131.06,30.838],[131.054,30.84],[131.049,30.838],[131.04,30.831],[131.008,30.789],[130.945,30.683],[130.943,30.677],[130.943,30.671],[130.948,30.626],[130.954,30.601],[130.955,30.596],[130.952,30.583],[130.947,30.57],[130.931,30.545],[130.904,30.507],[130.887,30.483],[130.883,30.479],[130.877,30.477],[130.869,30.47],[130.866,30.457],[130.863,30.438],[130.862,30.415],[130.862,30.409],[130.862,30.404],[130.871,30.368],[130.872,30.363],[130.879,30.355],[130.899,30.354],[130.906,30.355]]]},"properties":{"BORDERPRECISION":3,"fid":729}},
{"type":"Feature","geometry":{"type":"Polygon","coordinates":[[[130.559,30.236],[130.565,30.237],[130.594,30.242],[130.6,30.244],[130.604,30.247],[130.646,30.284],[130.649,30.288],[130.657,30.304],[130.661,30.325],[130.671,30.367],[130.672,30.373],[130.67,30.378],[130.666,30.382],[130.643,30.399],[130.633,30.405],[130.592,30.425],[130.55,30.442],[130.543,30.443],[130.524,30.443],[130.52,30.452],[130.511,30.459],[130.49,30.461],[130.484,30.46],[130.474,30.455],[130.387,30.397],[130.383,30.394],[130.38,30.388],[130.382,30.377],[130.384,30.367],[130.387,30.352],[130.389,30.347],[130.44,30.253],[130.445,30.25],[130.452,30.247],[130.489,30.241],[130.519,30.237],[130.526,30.236],[130.559,30.236]]]},"properties":{"BORDERPRECISION":3,"fid":730}},
{"type":"Feature","geometry":{"type":"Polygon","coordinates":[[[120.352,24.028],[120.312,23.953],[120.284,23.898],[120.279,23.889],[120.24,23.83],[120.222,23.819],[120.196,23.786],[120.193,23.781],[120.116,23.631],[120.111,23.62],[120.111,23.614],[120.116,23.569],[120.124,23.514],[120.125,23.509],[120.129,23.493],[120.135,23.466],[120.147,23.397],[120.148,23.392],[120.148,23.327],[120.145,23.323],[120.141,23.32],[120.13,23.317],[120.11,23.287],[120.1,23.267],[120.083,23.228],[120.057,23.159],[120.056,23.153],[120.056,23.147],[120.059,23.143],[120.062,23.139],[120.067,23.137],[120.082,23.135],[120.088,23.132],[120.092,23.129],[120.094,23.125],[120.1,23.094],[120.099,23.088],[120.096,23.085],[120.087,23.079],[120.067,23.079],[120.057,23.076],[120.053,23.072],[120.049,23.061],[120.051,23.05],[120.053,23.045],[120.056,23.041],[120.064,23.035],[120.108,23.014],[120.136,23.023],[120.164,22.954],[120.167,22.908],[120.173,22.882],[120.2,22.787],[120.206,22.773],[120.229,22.737],[120.252,22.69],[120.252,22.684],[120.251,22.677],[120.239,22.661],[120.24,22.649],[120.245,22.64],[120.253,22.628],[120.262,22.616],[120.266,22.613],[120.271,22.61],[120.296,22.597],[120.313,22.572],[120.322,22.554],[120.33,22.536],[120.333,22.526],[120.331,22.521],[120.324,22.526],[120.307,22.545],[120.305,22.55],[120.3,22.558],[120.303,22.551],[120.307,22.54],[120.329,22.519],[120.342,22.507],[120.346,22.504],[120.377,22.483],[120.382,22.481],[120.386,22.479],[120.393,22.478],[120.417,22.483],[120.423,22.475],[120.429,22.467],[120.445,22.453],[120.476,22.432],[120.481,22.43],[120.489,22.429],[120.506,22.422],[120.553,22.383],[120.573,22.366],[120.576,22.362],[120.61,22.313],[120.621,22.295],[120.629,22.277],[120.675,22.182],[120.678,22.172],[120.691,22.115],[120.693,22.104],[120.686,22.054],[120.698,21.946],[120.7,21.941],[120.707,21.934],[120.711,21.931],[120.716,21.928],[120.723,21.928],[120.824,21.928],[120.88,22.034],[120.882,22.039],[120.885,22.098],[120.879,22.233],[120.873,22.275],[120.871,22.292],[120.872,22.317],[120.873,22.324],[120.879,22.341],[120.956,22.536],[120.97,22.568],[121.014,22.635],[121.03,22.656],[121.079,22.709],[121.108,22.722],[121.119,22.725],[121.129,22.728],[121.137,22.735],[121.168,22.762],[121.259,22.9],[121.356,23.087],[121.453,23.327],[121.473,23.401],[121.476,23.415],[121.476,23.422],[121.496,23.485],[121.537,23.701],[121.562,23.785],[121.382,23.747],[121.007,23.637],[120.656,22.714],[120.489,22.879],[120.681,23.859],[120.67,23.865],[120.352,24.028]]]},"properties":{"NAME":"Dutch Formosa","SUBJECTO":"Netherlands","PARTOF":"Dutch Formosa","ABBREVN":"Dutch Formosa","BORDERPRECISION":3,"fid":731}},
{"type":"Feature","geometry":{"type":"Polygon","coordinates":[[[128.901,32.643],[128.902,32.648],[128.9,32.653],[128.886,32.686],[128.844,32.752],[128.813,32.792],[128.787,32.791],[128.661,32.782],[128.649,32.778],[128.648,32.771],[128.647,32.756],[128.647,32.712],[128.652,32.697],[128.622,32.665],[128.619,32.661],[128.616,32.655],[128.601,32.619],[128.61,32.612],[128.638,32.605],[128.67,32.6],[128.742,32.589],[128.901,32.643]]]},"properties":{"BORDERPRECISION":3,"fid":732}},
{"type":"Feature","geometry":{"type":"Polygon","coordinates":[[[123.871,24.252],[123.875,24.255],[123.902,24.284],[123.925,24.321],[123.936,24.352],[123.937,24.357],[123.931,24.365],[123.927,24.368],[123.922,24.371],[123.902,24.377],[123.792,24.405],[123.784,24.416],[123.778,24.417],[123.771,24.418],[123.767,24.414],[123.679,24.316],[123.718,24.277],[123.858,24.252],[123.866,24.251],[123.871,24.252]]]},"properties":{"BORDERPRECISION":3,"fid":733}},
{"type":"Feature","geometry":{"type":"Polygon","coordinates":[[[125.356,24.777],[125.352,24.779],[125.348,24.783],[125.327,24.806],[125.324,24.809],[125.288,24.866],[125.281,24.875],[125.269,24.884],[125.263,24.884],[125.262,24.879],[125.252,24.738],[125.257,24.729],[125.261,24.726],[125.273,24.721],[125.301,24.717],[125.308,24.716],[125.32,24.716],[125.345,24.717],[125.444,24.731],[125.448,24.734],[125.451,24.74],[125.45,24.745],[125.445,24.754],[125.44,24.756],[125.402,24.775],[125.388,24.777],[125.364,24.775],[125.356,24.777]]]},"properties":{"BORDERPRECISION":3,"fid":734}},
{"type":"Feature","geometry":{"type":"Polygon","coordinates":[[[124.262,24.457],[124.275,24.488],[124.278,24.493],[124.296,24.528],[124.303,24.536],[124.307,24.539],[124.324,24.551],[124.327,24.555],[124.329,24.561],[124.331,24.574],[124.329,24.584],[124.324,24.587],[124.317,24.588],[124.313,24.585],[124.309,24.582],[124.287,24.559],[124.284,24.555],[124.246,24.496],[124.219,24.447],[124.215,24.443],[124.195,24.437],[124.189,24.436],[124.151,24.434],[124.146,24.435],[124.095,24.439],[124.084,24.438],[124.079,24.436],[124.076,24.431],[124.076,24.425],[124.078,24.42],[124.122,24.345],[124.126,24.341],[124.142,24.334],[124.154,24.329],[124.16,24.327],[124.167,24.327],[124.179,24.328],[124.219,24.335],[124.23,24.338],[124.234,24.342],[124.239,24.351],[124.252,24.387],[124.253,24.394],[124.252,24.405],[124.254,24.417],[124.262,24.457]]]},"properties":{"BORDERPRECISION":3,"fid":735}},
{"type":"Feature","geometry":{"type":"Polygon","coordinates":[[[128.253,26.639],[128.271,26.658],[128.331,26.752],[128.334,26.758],[128.336,26.765],[128.333,26.797],[128.331,26.807],[128.329,26.812],[128.313,26.837],[128.31,26.842],[128.3,26.848],[128.287,26.855],[128.247,26.84],[128.123,26.716],[128.105,26.695],[128.102,26.69],[128.101,26.684],[128.101,26.678],[128.104,26.674],[128.106,26.67],[128.105,26.663],[128.067,26.642],[128.024,26.631],[127.997,26.635],[127.991,26.637],[127.987,26.641],[127.986,26.646],[127.984,26.657],[127.987,26.663],[127.998,26.675],[127.997,26.68],[127.994,26.684],[127.962,26.695],[127.955,26.696],[127.943,26.694],[127.908,26.689],[127.884,26.667],[127.877,26.627],[127.876,26.621],[127.878,26.616],[127.882,26.612],[127.888,26.61],[127.912,26.6],[127.944,26.602],[127.948,26.599],[127.964,26.584],[127.967,26.58],[127.966,26.568],[127.961,26.55],[127.959,26.544],[127.801,26.442],[127.795,26.441],[127.764,26.439],[127.721,26.436],[127.717,26.435],[127.716,26.429],[127.718,26.413],[127.725,26.382],[127.734,26.347],[127.744,26.312],[127.744,26.307],[127.726,26.272],[127.724,26.271],[127.672,26.231],[127.64,26.209],[127.652,26.088],[127.653,26.083],[127.678,26.079],[127.684,26.079],[127.702,26.08],[127.714,26.082],[127.719,26.084],[127.729,26.089],[127.776,26.116],[127.787,26.127],[127.813,26.156],[127.818,26.181],[127.818,26.187],[127.813,26.19],[127.807,26.19],[127.779,26.237],[127.836,26.419],[127.838,26.425],[127.842,26.429],[127.85,26.436],[127.864,26.444],[127.875,26.447],[127.946,26.451],[128.147,26.569],[128.24,26.629],[128.253,26.639]]]},"properties":{"BORDERPRECISION":3,"fid":736}},
{"type":"Feature","geometry":{"type":"Polygon","coordinates":[[[126.762,26.387],[126.755,26.388],[126.747,26.386],[126.735,26.386],[126.729,26.385],[126.724,26.383],[126.699,26.373],[126.694,26.371],[126.692,26.366],[126.692,26.361],[126.698,26.352],[126.702,26.349],[126.781,26.298],[126.787,26.297],[126.792,26.3],[126.81,26.336],[126.811,26.342],[126.81,26.347],[126.789,26.376],[126.762,26.387]]]},"properties":{"BORDERPRECISION":3,"fid":737}},
{"type":"Feature","geometry":{"type":"Polygon","coordinates":[[[128.951,27.676],[128.956,27.678],[128.986,27.701],[129.007,27.727],[129.02,27.745],[129.023,27.75],[129.029,27.769],[129.03,27.774],[128.961,27.899],[128.958,27.903],[128.954,27.906],[128.947,27.907],[128.942,27.906],[128.937,27.904],[128.934,27.901],[128.899,27.898],[128.89,27.882],[128.886,27.862],[128.882,27.837],[128.88,27.825],[128.881,27.819],[128.897,27.726],[128.917,27.689],[128.921,27.686],[128.938,27.678],[128.945,27.676],[128.951,27.676]]]},"properties":{"BORDERPRECISION":3,"fid":738}},
{"type":"Feature","geometry":{"type":"Polygon","coordinates":[[[128.609,27.359],[128.631,27.37],[128.636,27.373],[128.701,27.436],[128.704,27.441],[128.702,27.446],[128.696,27.449],[128.562,27.417],[128.528,27.417],[128.524,27.414],[128.522,27.374],[128.526,27.364],[128.529,27.36],[128.537,27.353],[128.551,27.349],[128.566,27.347],[128.609,27.359]]]},"properties":{"BORDERPRECISION":3,"fid":739}},
{"type":"Feature","geometry":{"type":"Polygon","coordinates":[[[129.992,28.282],[129.999,28.291],[130.032,28.353],[130.033,28.358],[130.032,28.363],[130.027,28.366],[130.016,28.364],[130.011,28.361],[130.006,28.356],[129.943,28.322],[129.939,28.319],[129.919,28.301],[129.915,28.296],[129.914,28.291],[129.918,28.287],[129.954,28.281],[129.987,28.28],[129.992,28.282]]]},"properties":{"BORDERPRECISION":3,"fid":740}},
{"type":"Feature","geometry":{"type":"Polygon","coordinates":[[[129.336,28.075],[129.353,28.089],[129.354,28.095],[129.352,28.1],[129.349,28.104],[129.34,28.111],[129.224,28.184],[129.198,28.191],[129.191,28.189],[129.185,28.177],[129.191,28.158],[129.219,28.098],[129.329,28.075],[129.336,28.075]]]},"properties":{"BORDERPRECISION":3,"fid":741}},
{"type":"Feature","geometry":{"type":"Polygon","coordinates":[[[129.733,29.61],[129.737,29.613],[129.741,29.618],[129.753,29.648],[129.753,29.654],[129.751,29.658],[129.747,29.662],[129.741,29.663],[129.736,29.662],[129.715,29.653],[129.71,29.652],[129.706,29.647],[129.706,29.642],[129.717,29.607],[129.722,29.606],[129.733,29.61]]]},"properties":{"BORDERPRECISION":3,"fid":742}},
{"type":"Feature","geometry":{"type":"MultiPolygon","coordinates":[[[[-172.724,65.763],[-172.184,65.589],[-171.73,65.611],[-171.2,65.561],[-171.41,65.707],[-171.606,65.809],[-171.669,65.889],[-170.976,65.678],[-170.613,66.038],[-170.449,66.053],[-169.987,66.01],[-169.832,66.025],[-169.873,66.083],[-170.066,66.178],[-170.329,66.258],[-170.473,66.295],[-171.227,66.603],[-171.54,66.764],[-171.958,66.956],[-172.378,67.014],[-172.829,66.961],[-173.174,66.99],[-173.432,67.034],[-173.875,67.159],[-174.337,67.077],[-174.371,66.944],[-174.378,66.7],[-174.091,66.524],[-174.068,66.435],[-174.202,66.369],[-174.193,66.288],[-174.635,66.405],[-175.101,66.765],[-175.006,66.957],[-175.189,67.313],[-175.389,67.505],[-175.422,67.602],[-175.514,67.669],[-175.991,67.847],[-177.709,68.292],[-178.129,68.374],[-178.891,68.642],[-180,68.917],[-180,67.963],[-180,66.963],[-180,65.963],[-180,65.382],[-180,65.311],[-180,65.259],[-179.581,65.812],[-179.379,65.996],[-178.975,66.051],[-178.697,65.832],[-178.627,65.686],[-178.654,65.54],[-178.116,65.482],[-177.512,65.52],[-177.126,65.623],[-176.783,65.638],[-176.529,65.61],[-176.137,65.457],[-175.993,65.268],[-176.071,65.188],[-175.952,65.006],[-175.827,64.934],[-175.301,64.726],[-175.187,64.849],[-174.379,64.619],[-174.261,64.461],[-173.724,64.383],[-173.545,64.419],[-173.077,64.384],[-173.025,64.506],[-173.25,64.896],[-173.165,64.968],[-172.803,64.998],[-172.437,65.02],[-172.411,65.173],[-172.47,65.376],[-172.562,65.515],[-172.815,65.631],[-172.853,65.631],[-172.983,65.748],[-173.043,65.806],[-172.724,65.763]]],[[[169.011,68.928],[147.784,60.928],[147.443,59.237],[147.919,59.261],[148.103,59.207],[148.416,59.097],[148.63,59.194],[148.747,59.297],[148.728,59.476],[149.045,59.587],[149.38,59.608],[149.73,59.595],[150.12,59.389],[150.279,59.362],[150.663,59.432],[151.14,59.44],[151.524,59.344],[151.857,59.056],[151.783,59.035],[151.393,58.979],[151.056,58.924],[151.007,58.793],[151.135,58.732],[151.354,58.691],[151.691,58.753],[152.191,58.926],[152.504,58.769],[152.828,58.948],[152.968,58.996],[153.14,59.01],[153.454,58.949],[153.924,58.922],[154.387,59.04],[154.906,59.103],[154.878,59.158],[154.753,59.281],[154.182,59.301],[153.944,59.397],[153.943,59.569],[154.092,59.776],[154.316,59.983],[154.693,60.199],[155.152,60.394],[155.734,60.555],[155.667,60.778],[155.851,60.883],[156.418,61.121],[156.381,61.205],[156.423,61.401],[156.825,61.563],[157.098,61.633],[157.528,61.669],[158.118,61.719],[158.841,61.784],[159.106,61.707],[159.231,61.546],[159.455,61.561],[159.966,61.765],[160.118,61.751],[160.149,61.66],[160.056,61.513],[159.857,61.302],[159.744,61.1],[159.816,60.981],[160.236,60.947],[160.077,60.738],[160.007,60.591],[160.119,60.564],[160.645,60.718],[161.536,61.187],[162.235,61.51],[162.451,61.559],[162.749,61.609],[162.767,61.672],[162.711,61.763],[163.009,62.178],[162.99,62.326],[163.34,62.411],[163.818,62.49],[164.138,62.533],[165.067,62.436],[165.254,62.309],[173.304,61.519],[173.343,61.552],[173.481,61.601],[173.927,61.616],[174.25,61.715],[174.349,61.799],[174.542,61.891],[174.653,61.891],[175.173,61.969],[176.549,62.38],[176.581,62.429],[176.832,62.676],[176.968,62.691],[177.19,62.67],[177.135,62.55],[177.291,62.487],[177.691,62.452],[178.25,62.383],[178.452,62.32],[178.738,62.299],[179.049,62.391],[179.242,62.526],[179.232,62.639],[179.288,62.815],[178.932,62.765],[179.004,62.97],[178.939,63.083],[178.714,63.154],[178.501,63.38],[178.344,63.458],[178.078,63.429],[178.403,63.664],[178.372,63.749],[178.288,63.913],[178.177,64.005],[178.147,64.157],[177.813,64.047],[178.011,64.192],[177.535,64.09],[177.193,64.21],[177.082,64.303],[177.082,64.517],[176.931,64.553],[176.753,64.571],[176.468,64.409],[176.044,64.501],[175.9,64.547],[176.156,64.678],[175.965,64.904],[176.18,64.868],[176.332,64.773],[176.712,64.782],[177.135,64.927],[177.026,64.844],[177.251,64.856],[177.374,64.761],[177.427,64.607],[177.844,64.583],[178.004,64.548],[178.474,64.577],[178.726,64.606],[179.016,64.773],[179.309,64.786],[180,64.953],[180,65.052],[180,65.311],[180,65.382],[180,65.963],[180,66.963],[180,67.963],[180,68.92],[179.281,69.147],[178.965,69.229],[178.629,69.259],[178.043,69.408],[177.705,69.49],[177.079,69.534],[176.546,69.623],[176.192,69.713],[175.611,69.779],[174.574,69.785],[173.637,69.761],[173.008,69.692],[172.908,69.835],[172.359,69.909],[171.848,69.938],[171.302,69.975],[170.452,70.019],[170.236,69.762],[170.056,69.611],[170.431,69.559],[170.793,69.184],[170.905,69.034],[170.833,68.922],[170.089,68.779],[169.389,68.717],[169.113,68.784],[169.011,68.928]]]]},"properties":{"NAME":"Chukchi","SUBJECTO":"Chukchi","PARTOF":"Chukchi","ABBREVN":"Chukchi","BORDERPRECISION":3,"fid":743}},
{"type":"Feature","geometry":{"type":"Polygon","coordinates":[[[53.502,73.137],[53.31,73.041],[53.08,72.907],[52.611,72.74],[53.053,72.631],[53.198,72.631],[53.089,72.473],[52.584,72.128],[52.351,72.041],[52.058,72.049],[51.915,72.095],[51.76,72.079],[51.585,71.985],[51.482,71.845],[51.534,71.658],[51.815,71.48],[52.121,71.465],[52.402,71.52],[52.55,71.59],[53.234,71.514],[53.883,71.329],[54.308,71.206],[54.353,71.198],[54.321,71.09],[53.715,70.927],[53.729,70.765],[54.032,70.719],[54.522,70.759],[54.694,70.744],[54.998,70.522],[55.266,70.561],[55.679,70.707],[56.059,70.731],[57.238,70.691],[57.251,70.818],[56.727,70.994],[56.379,71.132],[56.151,71.271],[55.721,71.642],[55.52,72.11],[55.518,72.478],[55.623,72.651],[55.822,72.754],[56.136,72.786],[56.272,72.857],[56.48,73.095],[56.509,73.174],[56.064,73.276],[55.816,73.307],[55.181,73.266],[54.736,73.258],[54.144,73.146],[53.502,73.137]]]},"properties":{"ABBREVN":"Russia","BORDERPRECISION":3,"fid":744}},
{"type":"Feature","geometry":{"type":"Polygon","coordinates":[[[137.239,53.457],[137.071,53.489],[137.122,53.589],[137.326,53.743],[137.383,53.81],[137.041,53.862],[136.77,53.695],[136.487,53.655],[136.351,53.701],[136.344,53.888],[136.492,54.455],[136.196,54.475],[135.726,54.407],[135.313,54.413],[135.095,54.433],[134.902,54.559],[134.894,54.72],[134.985,54.854],[135.27,55.029],[136.119,55.421],[136.521,55.59],[137.229,55.983],[137.602,56.24],[138.346,56.804],[138.867,57.124],[139.294,57.336],[139.365,57.366],[127.746,60.814],[124.127,59.982],[111.197,52.237],[101.822,54.78],[94.988,50.935],[92.115,51.769],[91.965,51.569],[90,51.569],[85.605,48.234],[85.535,47.181],[80.94,44.078],[69.816,41.211],[70.095,37.907],[69.232,37.368],[66.336,36.307],[69.497,35.876],[73.809,38.032],[75.246,38.032],[77.264,36.844],[79.329,35.628],[80.132,36.882],[89.616,36.882],[99.245,38.75],[99.388,39.756],[100.538,40.331],[102.119,39.756],[103.556,39.9],[107.713,43.255],[120.387,46.423],[127.581,56.615],[128.171,56.72],[128.837,56.646],[129.207,56.868],[130.39,56.054],[130.908,55.24],[130.538,53.908],[131.13,53.908],[132.018,52.429],[132.388,52.355],[133.128,52.651],[133.424,52.651],[134.237,53.464],[134.681,52.947],[135.273,53.021],[136.161,53.021],[137.239,53.457]]]},"properties":{"NAME":"central Asian khanates","SUBJECTO":"central Asian khanates","PARTOF":"central Asian khanates","ABBREVN":"central Asian khanates","BORDERPRECISION":3,"fid":745}},
{"type":"Feature","geometry":{"type":"Polygon","coordinates":[[[46.873,44.68],[47.026,44.788],[47.17,44.86],[47.251,44.986],[47.394,45.175],[47.475,45.319],[47.556,45.453],[47.655,45.543],[47.601,45.66],[47.628,45.732],[47.673,45.75],[47.754,45.714],[47.871,45.678],[48.015,45.714],[48.303,45.768],[48.482,45.885],[48.635,45.975],[48.77,45.885],[48.833,45.921],[48.833,46.02],[48.833,46.083],[48.887,46.083],[49.058,46.137],[49.238,46.263],[49.313,46.353],[49.409,46.434],[49.535,46.542],[49.723,46.533],[49.948,46.56],[50.272,46.685],[50.632,46.91],[50.82,46.919],[51.117,47.063],[51.369,47.09],[51.773,47.462],[51.745,47.508],[51.387,48.105],[51.901,49.391],[51.13,50.42],[51.387,51.063],[55.245,51.706],[57.152,51.229],[58.331,50.934],[60.82,50.859],[63.038,51.176],[63.995,52.798],[64.457,53.581],[64.687,54.272],[72.992,55.307],[74.63,54.324],[74.921,54.149],[78.65,50.806],[81.479,50.291],[84.267,49.205],[83.116,48.283],[85.383,48.148],[85.601,48.231],[85.605,48.234],[90,51.569],[91.965,51.569],[92.115,51.769],[94.988,50.935],[101.822,54.78],[111.197,52.237],[124.127,59.982],[127.746,60.814],[139.365,57.366],[140.029,57.644],[140.5,58.171],[140.587,58.239],[140.994,58.391],[141.35,58.501],[141.591,58.728],[141.924,58.941],[142.358,59.141],[142.846,59.273],[142.927,59.28],[143.303,59.267],[143.824,59.295],[144.39,59.31],[144.846,59.283],[145.404,59.326],[145.496,59.209],[145.513,59.037],[145.653,58.975],[145.957,58.983],[146.023,59.196],[146.054,59.251],[146.307,59.286],[146.706,59.225],[147,59.191],[147.352,59.233],[147.443,59.237],[147.784,60.928],[169.011,68.928],[168.986,68.963],[168.592,69.112],[168.1,69.232],[167.922,69.329],[167.503,69.569],[167.477,69.581],[167.32,69.659],[166.7,69.432],[166.309,69.378],[165.33,69.407],[164.636,69.413],[164.318,69.465],[164.054,69.66],[163.722,69.674],[163.038,69.545],[162.275,69.536],[162.118,69.559],[161.961,69.528],[161.416,69.354],[161.171,69.159],[160.862,69.083],[160.674,69.27],[160.682,69.578],[160.392,69.616],[160.017,69.622],[159.673,69.652],[159.444,69.765],[159.573,69.999],[159.628,70.22],[159.466,70.395],[159.229,70.547],[158.934,70.623],[158.409,70.814],[158.078,70.867],[157.396,70.928],[156.043,70.987],[155.049,70.939],[153.916,70.79],[153.404,70.728],[152.791,70.681],[152.134,70.664],[151.899,70.733],[151.645,70.894],[151.48,71.086],[151.119,71.255],[150.694,71.347],[149.715,71.438],[148.962,71.568],[148.711,71.629],[149.722,71.895],[149.623,71.942],[149.53,72.027],[149.104,72.089],[148.698,72.166],[148.159,72.196],[146.915,72.202],[146.186,71.842],[145.746,71.694],[145.334,71.631],[145.1,71.576],[144.801,71.591],[144.881,71.723],[145.261,71.84],[145.678,71.927],[145.815,72.098],[145.665,72.161],[145.21,72.121],[144.82,72.143],[145.6,72.426],[144.562,72.456],[144.267,72.502],[143.819,72.533],[142.903,72.617],[142.2,72.679],[141.408,72.787],[141.294,72.787],[140.589,72.495],[140.215,72.432],[139.756,72.423],[139.312,72.383],[139.168,72.344],[138.969,72.211],[139.05,72.164],[139.339,72.164],[139.848,72.236],[139.806,72.001],[139.739,71.838],[139.826,71.628],[139.744,71.404],[139.159,71.418],[138.9,71.503],[138.675,71.618],[138.446,71.61],[138.119,71.47],[138.114,71.385],[138.175,71.362],[138.076,71.246],[137.855,71.13],[137.771,71.099],[137.63,71.075],[136.765,71.406],[136.227,71.513],[135.861,71.543],[135.511,71.512],[134.623,71.301],[134.241,71.262],[133.744,71.323],[133.138,71.453],[132.791,71.592],[132.684,71.801],[132.554,71.809],[132.284,71.661],[131.792,71.188],[131.413,70.864],[131.055,70.687],[130.779,70.678],[130.172,70.815],[129.355,71.176],[128.784,71.538],[128.432,71.755],[128.17,71.832],[127.714,72.01],[127.418,72.142],[127.121,72.212],[126.69,72.219],[126.225,72.249],[126.111,72.28],[126.216,72.382],[127.314,72.714],[128.171,72.897],[128.291,72.912],[128.525,72.952],[128.499,73.126],[128.315,73.208],[127.72,73.402],[127.097,73.416],[126.487,73.383],[125.717,73.398],[125.335,73.524],[124.818,73.658],[124.457,73.705],[124.222,73.697],[123.41,73.481],[123.425,73.433],[123.442,73.33],[123.515,73.172],[122.882,72.753],[122.243,72.909],[121.7,72.9],[120.579,72.835],[120.113,72.882],[119.799,72.912],[119.417,72.967],[118.498,73.036],[118.338,73.186],[118.46,73.519],[117.919,73.534],[117.535,73.549],[116.671,73.619],[115.611,73.625],[114.934,73.56],[114.187,73.551],[113.547,73.201],[113.312,73.383],[113.308,73.613],[113.222,73.748],[112.997,73.78],[112.477,73.659],[112.093,73.635],[111.762,73.658],[111.495,73.745],[111.215,73.768],[110.944,73.943],[110.551,74.038],[110.29,73.942],[110.163,73.83],[110.178,73.798],[110.4,73.743],[110.442,73.568],[109.991,73.44],[109.595,73.392],[108.75,73.263],[107.804,73.143],[107.25,73.134],[106.502,73.061],[106.087,72.855],[105.6,72.744],[105.279,72.752],[106.208,73.259],[107.266,73.522],[108.34,73.691],[108.697,73.819],[110.055,74.254],[111.587,74.731],[112.111,74.78],[112.577,74.886],[113.625,75.273],[113.222,75.437],[113.113,75.494],[113.723,75.869],[113.533,76.094],[113.149,76.059],[112.822,76.059],[112.589,76.259],[112.057,76.451],[111.427,76.568],[110.548,76.642],[109.94,76.633],[109.656,76.691],[108.86,76.648],[108.244,76.646],[107.771,76.401],[107.666,76.443],[107.291,76.434],[106.867,76.433],[106.404,76.432],[106.537,76.567],[107.071,76.771],[107.24,76.898],[107.16,76.949],[106.243,76.913],[105.528,76.98],[104.705,76.928],[104.485,76.995],[104.782,77.149],[105.47,77.329],[105.45,77.449],[105.063,77.569],[104.394,77.567],[103.947,77.592],[103.393,77.558],[102.39,77.375],[101.69,77.203],[101.166,77.006],[101.112,76.853],[101.389,76.625],[100.83,76.455],[100.407,76.471],[99.983,76.437],[99.774,76.285],[99.833,76.21],[99.779,76.059],[99.467,75.967],[99.159,76],[98.716,76.074],[98.289,76.057],[97.684,75.955],[97.116,75.871],[96.658,75.853],[95.982,75.902],[96.139,76.086],[95.967,76.169],[95.488,76.168],[94.694,76.184],[94.31,76.074],[93.592,75.881],[92.671,75.763],[91.635,75.653],[90,75.602],[90,75.559],[89.796,75.524],[89.685,75.508],[89.285,75.466],[87.922,75.06],[87.487,74.961],[86.958,74.782],[86.813,74.54],[86.814,74.435],[86.978,74.299],[87.394,74.179],[87.541,74.1],[87.691,73.9],[87.57,73.772],[87.14,73.604],[86.905,73.556],[86.124,73.451],[86.326,73.634],[86.757,73.787],[86.492,73.874],[85.856,73.825],[85.381,73.696],[85.001,73.576],[84.829,73.6],[84.616,73.743],[83.977,73.67],[83.02,73.612],[81.877,73.602],[80.838,73.553],[80.62,73.496],[80.501,73.425],[80.464,73.314],[80.829,73.014],[80.872,72.84],[80.844,72.58],[80.982,72.447],[81.585,72.354],[82.026,72.245],[82.321,72.222],[82.436,72.051],[82.855,71.942],[83.202,71.826],[83.561,71.624],[83.253,71.283],[83.168,71.182],[83.505,70.813],[83.571,70.652],[83.657,70.598],[83.677,70.46],[83.371,70.337],[83.036,70.245],[83.076,70.582],[82.804,70.819],[82.675,70.842],[82.502,70.711],[82.196,70.358],[82.046,70.419],[82.104,70.856],[82.215,71.204],[82.529,71.32],[82.88,71.491],[82.818,71.646],[82.491,71.568],[81.671,71.574],[81.425,71.613],[80.828,71.767],[80.339,72.008],[79.703,72.178],[79.223,72.271],[78.647,72.262],[78.27,72.215],[78.086,72.175],[78.126,71.848],[77.79,71.777],[77.275,71.815],[77.075,71.892],[76.457,71.868],[76.333,71.72],[76.607,71.518],[76.866,71.449],[77.285,71.419],[78.137,71.374],[78.372,71.251],[78.609,70.85],[78.249,70.834],[78.105,70.841],[77.736,71.025],[77.002,71.063],[76.293,71.139],[75.671,71.199],[75.452,71.322],[75.284,71.446],[75.221,71.648],[75.297,71.897],[75.583,72.171],[75.666,72.414],[75.617,72.625],[75.408,72.664],[75.12,72.687],[75.016,72.719],[75.075,72.42],[74.999,72.13],[74.921,72.029],[74.587,71.872],[74.137,71.755],[73.591,71.707],[73.217,71.458],[73.271,71.373],[73.698,71.141],[74.189,70.673],[74.25,70.573],[74.122,70.366],[73.791,70.052],[73.654,69.756],[73.908,69.275],[73.915,69.154],[74.318,69.163],[74.902,69.081],[75.189,69.127],[75.598,69.21],[76.178,69.136],[76.538,69.084],[77.03,68.98],[77.406,68.936],[77.636,68.816],[77.834,68.473],[77.909,68.324],[78.007,68.257],[77.978,68.145],[77.514,67.973],[77.483,67.803],[77.689,67.758],[77.946,67.774],[78.305,67.693],[78.536,67.612],[78.478,67.479],[78.089,67.411],[77.505,67.432],[77.091,67.528],[76.955,67.653],[77.108,68.114],[77.04,68.464],[76.661,68.672],[76.328,68.776],[75.537,68.775],[74.916,68.706],[74.612,68.639],[74.505,68.593],[74.395,68.347],[74.669,68.102],[74.771,67.849],[74.742,67.686],[74.353,67.404],[73.985,67.263],[73.811,66.99],[73.69,66.865],[73.165,66.644],[72.557,66.496],[72.421,66.335],[72.209,66.173],[71.794,66.158],[71.26,66.223],[70.983,66.2],[70.474,66.236],[69.767,66.33],[69.435,66.424],[69.173,66.548],[69.085,66.688],[69.355,66.739],[69.792,66.755],[70.121,66.719],[70.84,66.551],[71.35,66.662],[71.544,66.714],[71.4,66.949],[71.647,67.067],[71.93,67.156],[72.485,67.438],[72.838,67.646],[72.988,67.794],[73.175,68.166],[73.394,68.382],[73.394,68.442],[73.309,68.517],[72.846,68.635],[72.643,68.807],[72.526,69.069],[72.551,69.656],[72.437,70.187],[72.696,70.356],[72.774,70.455],[72.68,70.824],[72.555,70.977],[72.136,71.278],[71.798,71.432],[71.898,71.587],[72.498,71.962],[72.655,72.118],[72.845,72.495],[72.853,72.644],[72.714,72.77],[72.455,72.824],[71.976,72.8],[71.663,72.831],[70.94,72.79],[70.214,72.733],[69.512,72.803],[69.343,72.834],[69.057,72.645],[68.812,72.095],[68.551,71.822],[68.316,71.635],[67.823,71.417],[67.155,71.23],[66.98,71.214],[66.818,71.105],[66.67,70.866],[66.775,70.736],[67.285,70.706],[67.398,70.599],[67.422,70.223],[67.383,70.139],[67.277,70.071],[66.965,69.956],[66.828,69.819],[66.799,69.744],[66.884,69.623],[67.779,69.557],[68.106,69.429],[68.094,69.136],[68.258,68.941],[68.512,68.837],[68.692,68.815],[69.109,68.83],[69.003,68.695],[68.488,68.224],[68.385,68.179],[68.215,68.201],[67.827,68.372],[67.172,68.647],[66.584,68.886],[66.125,68.997],[65.355,69.183],[64.873,69.228],[63.923,69.459],[63.412,69.549],[62.854,69.616],[62.281,69.705],[61.304,69.734],[61.03,69.741],[60.849,69.71],[60.552,69.543],[60.369,69.468],[60.986,69.003],[60.934,68.815],[60.756,68.673],[60.512,68.59],[60.079,68.619],[59.925,68.581],[59.892,68.402],[59.762,68.297],[59.502,68.289],[59.218,68.349],[59.12,68.393],[59.062,68.497],[59.346,68.7],[59.199,68.774],[58.77,68.856],[58.409,68.833],[57.959,68.705],[57.526,68.495],[57.364,68.457],[57.024,68.449],[56.54,68.553],[56.195,68.567],[55.723,68.536],[55.335,68.483],[55.126,68.401],[54.996,68.207],[54.877,68.11],[54.752,68.05],[54.648,68.072],[54.576,68.161],[54.38,68.161],[53.854,68.085],[53.626,68.048],[53.317,68.136],[53.316,68.233],[53.396,68.3],[53.782,68.338],[53.808,68.607],[53.889,68.787],[53.502,68.816],[53.179,68.756],[53.006,68.681],[52.939,68.471],[52.72,68.351],[52.463,68.299],[52.337,68.336],[52.245,68.545],[51.831,68.409],[51.139,68.266],[50.496,68.153],[49.63,67.936],[49.186,67.839],[48.635,67.652],[48.081,67.562],[47.953,67.377],[47.822,67.111],[47.706,66.89],[47.571,66.816],[46.973,66.778],[46.402,66.719],[46.077,66.762],[45.715,66.85],[45.386,67.099],[44.957,67.231],[44.871,67.312],[45.093,67.542],[45.463,67.639],[46.164,67.677],[46.634,67.701],[46.439,67.908],[46.162,68.108],[45.863,68.383],[45.58,68.443],[44.668,68.389],[44.012,68.492],[43.853,68.469],[43.822,68.327],[44.169,68.097],[44.261,67.83],[44.216,67.718],[43.704,67.266],[43.838,67.163],[44.219,67.09],[44.362,66.906],[44.384,66.612],[44.122,66.267],[44.053,66.041],[44.029,66.011],[43.876,66.011],[43.241,66.251],[42.419,66.381],[42.211,66.41],[42.133,66.388],[41.623,66.065],[41.354,65.955],[40.681,65.794],[40.037,65.603],[39.951,65.581],[39.823,65.436],[39.979,65.153],[40.366,64.858],[40.462,64.75],[40.44,64.564],[40.322,64.463],[39.997,64.541],[39.622,64.476],[39.193,64.511],[38.253,64.703],[37.604,64.853],[37.102,65.068],[36.884,65.068],[36.569,64.765],[36.997,64.407],[37.262,64.314],[37.463,64.3],[37.668,64.343],[37.88,64.308],[38.054,64.129],[38.054,63.986],[37.945,63.85],[37.591,63.807],[37.411,63.749],[37.247,63.785],[36.988,63.841],[36.421,63.876],[36.24,63.919],[36.015,64.197],[35.623,64.254],[35.082,64.288],[34.885,64.367],[34.815,64.46],[34.773,64.682],[34.426,65.107],[34.332,65.346],[34.293,65.396],[34.601,65.484],[34.726,65.615],[34.726,65.797],[34.544,66.001],[34.258,66.11],[33.844,66.182],[33.47,66.313],[32.971,66.583],[32.754,66.649],[32.425,66.891],[32.358,66.92],[32.219,66.994],[32.644,67.046],[32.991,66.988],[33.158,66.914],[33.437,66.702],[33.651,66.68],[34.153,66.63],[35.168,66.412],[35.772,66.259],[36.505,66.172],[37.422,66.094],[38.048,66.007],[38.782,66.001],[39.19,66.039],[39.978,66.201],[40.345,66.319],[40.836,66.561],[41.147,66.782],[41.255,66.937],[41.209,67.069],[41.017,67.202],[40.951,67.335],[40.973,67.534],[40.826,67.66],[39.918,67.94],[39.335,68.036],[38.668,68.146],[38.406,68.243],[37.689,68.63],[37.246,68.793],[36.018,69.024],[35.437,69.15],[34.934,69.149],[34.699,69.164],[34.305,69.171],[33.818,69.192],[33.628,69.215],[33.316,69.071],[33.281,69.342],[33.01,69.387],[32.596,69.424],[32.352,69.514],[32.191,69.642],[32.076,69.815],[32.072,69.883],[31.782,69.777],[31.331,69.663],[31.054,69.64],[30.735,69.752],[29.108,68.81],[29.099,68.804],[30.661,67.517],[30.603,66.665],[30.993,65.754],[30.603,65.147],[30.559,63.108],[31.123,62.804],[31.194,61.634],[31.238,61.643],[31.258,61.641],[31.286,61.615],[31.308,61.605],[31.328,61.617],[31.334,61.627],[31.365,61.627],[31.486,61.551],[31.533,61.497],[31.576,61.437],[31.604,61.423],[31.62,61.427],[31.617,61.442],[31.62,61.461],[31.637,61.463],[31.698,61.415],[31.762,61.384],[31.871,61.347],[31.899,61.324],[32.36,61.181],[32.527,61.118],[32.563,61.079],[32.581,61.045],[32.581,61.014],[32.593,60.998],[32.633,60.987],[32.641,60.969],[32.765,60.886],[32.808,60.826],[32.812,60.756],[32.844,60.712],[32.903,60.694],[32.937,60.67],[32.944,60.643],[32.907,60.586],[32.841,60.497],[32.816,60.482],[32.782,60.488],[32.722,60.521],[32.642,60.537],[32.6,60.533],[32.596,60.511],[32.618,60.476],[32.664,60.427],[32.677,60.392],[32.656,60.372],[32.595,60.355],[32.59,60.33],[32.614,60.286],[32.612,60.245],[32.584,60.209],[32.5,60.177],[32.362,60.148],[32.26,60.154],[32.196,60.195],[32.057,60.227],[31.843,60.248],[31.699,60.236],[31.599,60.17],[31.591,60.156],[31.597,60.144],[31.606,60.142],[31.606,60.134],[31.548,60.072],[31.541,60.035],[31.565,59.998],[31.567,59.967],[31.547,59.94],[31.51,59.92],[31.455,59.907],[31.401,59.911],[31.349,59.933],[31.298,59.936],[31.318,59.594],[29.995,59.463],[29.518,59.247],[29.041,59.29],[28.173,58.986],[29.518,58.075],[29.995,58.205],[30.472,57.771],[30.386,57.294],[31.167,56.73],[31.557,57.034],[32.078,56.774],[31.861,55.993],[31.21,55.732],[31.253,55.602],[31.514,55.559],[31.731,54.952],[31.427,54.908],[31.557,54.301],[32.208,54.431],[32.468,53.086],[31.383,53.26],[31.297,52.956],[31.383,52.001],[31.344,50.923],[33.169,51.43],[33.879,51.125],[33.879,50.213],[35.704,50.416],[36.211,49.909],[36.399,49.036],[37.885,49.186],[39.259,48.437],[40.508,47.437],[40.633,46.688],[42.257,46.813],[43.381,46.188],[43.88,44.814],[44.755,44.439],[46.873,44.68]],[[35.985,61.756],[36.026,61.704],[36.061,61.654],[36.109,61.611],[36.159,61.571],[36.2,61.531],[36.247,61.493],[36.312,61.459],[36.371,61.432],[36.406,61.411],[36.419,61.392],[36.428,61.373],[36.425,61.349],[36.408,61.319],[36.396,61.302],[36.383,61.285],[36.38,61.281],[36.374,61.271],[36.371,61.257],[36.378,61.242],[36.388,61.225],[36.395,61.206],[36.387,61.184],[36.364,61.16],[36.325,61.135],[36.279,61.114],[36.224,61.096],[36.163,61.083],[36.099,61.063],[36.037,61.03],[35.976,60.994],[35.915,60.967],[35.88,60.948],[35.884,60.931],[35.904,60.917],[35.91,60.902],[35.899,60.89],[35.88,60.878],[35.855,60.871],[35.829,60.867],[35.801,60.872],[35.772,60.886],[35.719,60.905],[35.635,60.918],[35.551,60.938],[35.499,60.97],[35.473,61.002],[35.45,61.023],[35.426,61.033],[35.4,61.04],[35.363,61.038],[35.316,61.028],[35.255,61.015],[35.184,61.005],[35.133,61.007],[35.117,61.022],[35.093,61.045],[35.022,61.064],[34.942,61.07],[34.896,61.047],[34.869,61.027],[34.846,61.027],[34.829,61.039],[34.815,61.055],[34.802,61.074],[34.796,61.096],[34.797,61.123],[34.804,61.15],[34.819,61.174],[34.838,61.194],[34.887,61.206],[34.974,61.212],[35.075,61.207],[35.157,61.194],[35.207,61.177],[35.231,61.165],[35.208,61.159],[35.143,61.156],[35.078,61.151],[35.053,61.141],[35.062,61.126],[35.08,61.108],[35.108,61.092],[35.142,61.077],[35.192,61.069],[35.259,61.067],[35.345,61.073],[35.441,61.063],[35.527,61.023],[35.583,61.034],[35.615,61.076],[35.632,61.108],[35.629,61.15],[35.611,61.197],[35.578,61.246],[35.537,61.292],[35.495,61.329],[35.457,61.356],[35.398,61.386],[35.304,61.43],[35.154,61.485],[34.962,61.543],[34.772,61.601],[34.63,61.654],[34.531,61.704],[34.448,61.753],[34.388,61.796],[34.345,61.831],[34.323,61.854],[34.315,61.869],[34.336,61.864],[34.385,61.843],[34.445,61.819],[34.494,61.808],[34.531,61.812],[34.562,61.824],[34.583,61.846],[34.594,61.874],[34.594,61.906],[34.586,61.938],[34.566,61.969],[34.537,61.999],[34.477,62.039],[34.381,62.093],[34.294,62.142],[34.255,62.169],[34.255,62.186],[34.262,62.21],[34.265,62.238],[34.257,62.262],[34.223,62.294],[34.165,62.339],[34.098,62.379],[34.042,62.397],[34.003,62.401],[33.978,62.408],[33.962,62.425],[33.947,62.453],[33.941,62.482],[33.944,62.5],[33.959,62.51],[33.979,62.516],[34.003,62.516],[34.027,62.512],[34.054,62.495],[34.084,62.463],[34.137,62.414],[34.218,62.352],[34.292,62.297],[34.328,62.264],[34.329,62.246],[34.321,62.227],[34.343,62.199],[34.417,62.158],[34.514,62.12],[34.591,62.096],[34.636,62.095],[34.653,62.109],[34.644,62.136],[34.632,62.182],[34.647,62.213],[34.658,62.245],[34.615,62.304],[34.609,62.339],[34.633,62.348],[34.682,62.339],[34.696,62.365],[34.66,62.406],[34.592,62.458],[34.547,62.498],[34.527,62.524],[34.52,62.542],[34.532,62.546],[34.557,62.54],[34.595,62.519],[34.641,62.489],[34.696,62.443],[34.758,62.383],[34.811,62.332],[34.841,62.31],[34.852,62.294],[34.859,62.26],[34.871,62.219],[34.892,62.187],[34.928,62.16],[34.976,62.118],[35.029,62.078],[35.075,62.054],[35.115,62.054],[35.15,62.071],[35.165,62.081],[35.168,62.097],[35.144,62.127],[35.094,62.172],[35.052,62.212],[35.046,62.229],[35.096,62.218],[35.188,62.19],[35.284,62.162],[35.341,62.149],[35.387,62.158],[35.455,62.181],[35.518,62.21],[35.554,62.236],[35.564,62.26],[35.567,62.287],[35.559,62.319],[35.54,62.354],[35.498,62.404],[35.433,62.469],[35.352,62.523],[35.271,62.545],[35.201,62.55],[35.147,62.559],[35.093,62.58],[35.024,62.613],[34.967,62.639],[34.943,62.643],[34.868,62.611],[34.839,62.591],[34.776,62.622],[34.739,62.621],[34.704,62.643],[34.658,62.68],[34.621,62.712],[34.583,62.756],[34.536,62.818],[34.48,62.874],[34.489,62.904],[34.533,62.916],[34.605,62.873],[34.703,62.844],[34.788,62.831],[34.855,62.826],[34.91,62.815],[34.958,62.797],[35.006,62.773],[35.083,62.741],[35.202,62.705],[35.326,62.666],[35.416,62.627],[35.464,62.604],[35.488,62.606],[35.495,62.619],[35.504,62.625],[35.519,62.617],[35.544,62.599],[35.585,62.576],[35.641,62.556],[35.698,62.538],[35.74,62.52],[35.771,62.496],[35.803,62.461],[35.822,62.412],[35.823,62.352],[35.8,62.281],[35.764,62.205],[35.73,62.139],[35.674,62.079],[35.689,62.04],[35.75,61.999],[35.818,61.951],[35.843,61.902],[35.871,61.855],[35.926,61.806],[35.985,61.756]],[[38.812,58.251],[38.819,58.135],[38.805,58.122],[38.779,58.135],[38.692,58.207],[38.638,58.22],[38.619,58.201],[38.698,58.133],[38.704,58.113],[38.681,58.108],[38.612,58.113],[38.383,58.122],[38.357,58.1],[38.437,58.036],[38.437,58.018],[38.415,58.016],[38.369,58.032],[38.31,58.041],[38.281,58.054],[38.259,58.071],[38.25,58.103],[38.251,58.199],[38.221,58.237],[38.149,58.249],[37.944,58.301],[37.897,58.292],[37.507,58.535],[37.417,58.613],[37.317,58.657],[37.155,58.695],[37.155,58.707],[37.169,58.726],[37.151,58.849],[37.308,58.76],[37.372,58.731],[37.423,58.727],[37.41,58.689],[37.41,58.67],[37.459,58.634],[37.538,58.613],[37.565,58.553],[37.609,58.545],[37.661,58.557],[37.667,58.572],[37.621,58.626],[37.632,58.636],[37.715,58.618],[37.768,58.618],[37.995,58.55],[38.074,58.542],[38.074,58.592],[38.103,58.619],[38.096,58.634],[37.988,58.672],[37.984,58.692],[37.945,58.72],[37.942,58.735],[37.961,58.744],[38.024,58.746],[37.996,58.862],[37.918,58.858],[37.869,58.897],[37.828,58.914],[37.777,58.926],[37.714,58.928],[37.642,58.919],[37.581,58.899],[37.501,58.845],[37.471,58.857],[37.466,58.875],[37.484,58.927],[37.499,58.944],[37.609,58.989],[37.673,59.025],[37.696,59.064],[37.676,59.102],[37.64,59.138],[37.645,59.157],[37.843,59.155],[37.94,59.174],[37.987,59.177],[38.002,59.16],[38.007,59.144],[38.027,59.128],[38.116,59.103],[38.159,59.102],[38.18,59.113],[38.18,59.132],[38.176,59.148],[38.124,59.203],[38.143,59.21],[38.183,59.203],[38.294,59.161],[38.415,59.173],[38.407,59.152],[38.332,59.093],[38.239,59.063],[38.171,59.065],[37.91,59.103],[37.866,59.094],[37.858,59.075],[37.92,59.042],[38.047,58.994],[38.119,58.955],[38.427,58.747],[38.61,58.637],[38.753,58.547],[38.989,58.496],[39.004,58.476],[38.97,58.441],[39,58.387],[39.005,58.358],[38.871,58.331],[38.83,58.296],[38.812,58.251]],[[34.563,63.816],[34.644,63.789],[34.616,63.766],[34.857,63.721],[34.861,63.688],[34.99,63.585],[34.984,63.564],[34.953,63.54],[35.013,63.506],[35.145,63.482],[35.249,63.492],[35.374,63.492],[35.413,63.448],[35.382,63.434],[35.193,63.404],[35.172,63.381],[35.099,63.383],[35.049,63.399],[34.977,63.429],[34.872,63.464],[34.829,63.434],[34.885,63.294],[34.953,63.181],[34.957,63.119],[34.946,63.033],[34.91,62.951],[34.863,62.919],[34.861,62.941],[34.867,62.976],[34.864,63.01],[34.873,63.04],[34.899,63.055],[34.891,63.107],[34.858,63.172],[34.853,63.225],[34.835,63.276],[34.804,63.326],[34.702,63.399],[34.552,63.459],[34.517,63.484],[34.525,63.502],[34.453,63.623],[34.358,63.697],[34.308,63.692],[34.266,63.656],[34.215,63.613],[34.214,63.676],[34.284,63.777],[34.347,63.851],[34.428,63.848],[34.563,63.816]],[[33.499,63.216],[33.307,63.284],[33.274,63.316],[33.274,63.341],[33.283,63.382],[33.257,63.423],[33.355,63.424],[33.441,63.444],[33.586,63.487],[33.637,63.476],[33.657,63.433],[33.697,63.409],[33.847,63.438],[33.933,63.418],[33.991,63.297],[34.066,63.229],[34.017,63.201],[33.897,63.189],[33.703,63.19],[33.572,63.203],[33.499,63.216]]]},"properties":{"NAME":"Tsardom of Muscovy","SUBJECTO":"Tsardom of Muscovy","PARTOF":"Tsardom of Muscovy","ABBREVN":"Muscovy","BORDERPRECISION":3,"fid":746}},
{"type":"Feature","geometry":{"type":"Polygon","coordinates":[[[16.632,11.104],[16.634,11.103],[20.206,12.047],[20.025,12.637],[19.845,13.223],[19.463,13.259],[17.158,13.472],[16.905,13.434],[14.728,13.102],[14.742,13.078],[14.743,13.062],[14.716,13.047],[14.694,13.024],[14.686,12.993],[14.661,12.982],[14.62,12.992],[14.603,12.991],[14.993,12.097],[16.632,11.104]]]},"properties":{"NAME":"Bagirmi","SUBJECTO":"Bagirmi","PARTOF":"Bagirmi","ABBREVN":"Bagirmi","BORDERPRECISION":3,"fid":747}},
{"type":"Feature","geometry":{"type":"MultiPolygon","coordinates":[[[[124.134,39.843],[124.209,39.738],[124.443,39.573],[124.548,39.541],[124.688,39.605],[124.86,39.618],[124.922,39.619],[125.207,39.485],[125.296,39.364],[125.211,39.211],[125.028,38.816],[125.294,38.689],[125.269,38.568],[124.929,38.465],[124.736,38.28],[124.694,38.14],[124.77,37.936],[125.077,37.771],[125.182,37.656],[125.269,37.485],[125.562,37.836],[125.741,37.785],[125.909,37.511],[126.053,37.601],[126.21,37.754],[126.33,37.661],[126.372,37.63],[126.372,37.627],[126.373,37.622],[126.375,37.617],[126.382,37.609],[126.386,37.605],[126.397,37.599],[126.41,37.594],[126.419,37.592],[126.449,37.592],[126.501,37.594],[126.514,37.597],[126.539,37.628],[126.53,37.68],[126.54,37.68],[126.546,37.652],[126.547,37.647],[126.55,37.642],[126.553,37.638],[126.572,37.62],[126.629,37.591],[126.652,37.567],[126.659,37.555],[126.663,37.541],[126.674,37.488],[126.671,37.485],[126.664,37.484],[126.632,37.487],[126.626,37.486],[126.622,37.481],[126.626,37.471],[126.656,37.411],[126.661,37.407],[126.666,37.404],[126.673,37.402],[126.717,37.386],[126.726,37.385],[126.733,37.385],[126.742,37.387],[126.722,37.328],[126.771,37.305],[126.802,37.296],[126.809,37.296],[126.815,37.297],[126.836,37.308],[126.843,37.308],[126.847,37.304],[126.864,37.272],[126.866,37.267],[126.862,37.263],[126.856,37.261],[126.766,37.232],[126.753,37.245],[126.699,37.262],[126.668,37.256],[126.662,37.254],[126.659,37.249],[126.661,37.162],[126.661,37.156],[126.688,37.124],[126.694,37.122],[126.707,37.124],[126.719,37.128],[126.723,37.132],[126.739,37.149],[126.759,37.169],[126.764,37.172],[126.77,37.174],[126.869,37.176],[126.87,37.172],[126.869,37.146],[126.865,37.141],[126.859,37.139],[126.853,37.138],[126.819,37.134],[126.782,37.126],[126.776,37.124],[126.773,37.119],[126.754,37.054],[126.753,37.049],[126.756,37.044],[126.866,36.951],[126.87,36.947],[126.908,36.919],[126.914,36.917],[126.922,36.917],[127,36.93],[126.992,36.911],[126.906,36.817],[126.846,36.752],[126.839,36.753],[126.834,36.757],[126.831,36.761],[126.829,36.766],[126.827,36.841],[126.829,36.854],[126.832,36.86],[126.834,36.873],[126.834,36.878],[126.831,36.894],[126.826,36.909],[126.823,36.914],[126.781,36.964],[126.777,36.967],[126.769,36.969],[126.761,36.97],[126.682,36.972],[126.62,36.973],[126.572,37.021],[126.567,37.025],[126.525,37.05],[126.518,37.052],[126.502,37.053],[126.499,37.05],[126.491,36.996],[126.514,36.941],[126.497,36.871],[126.496,36.864],[126.491,36.852],[126.483,36.842],[126.479,36.839],[126.472,36.839],[126.468,36.843],[126.463,36.864],[126.462,36.895],[126.462,36.898],[126.468,36.906],[126.477,36.922],[126.479,36.928],[126.478,36.934],[126.449,36.991],[126.442,37],[126.437,37.003],[126.429,37.005],[126.422,37.005],[126.393,37.005],[126.356,36.996],[126.35,36.994],[126.34,36.989],[126.335,36.986],[126.345,36.957],[126.348,36.952],[126.353,36.949],[126.383,36.929],[126.39,36.931],[126.407,36.936],[126.414,36.933],[126.414,36.915],[126.415,36.912],[126.415,36.897],[126.401,36.852],[126.325,36.804],[126.294,36.787],[126.289,36.786],[126.284,36.795],[126.28,36.804],[126.279,36.81],[126.281,36.815],[126.297,36.844],[126.314,36.868],[126.321,36.878],[126.322,36.884],[126.309,36.942],[126.304,36.962],[126.298,36.964],[126.291,36.962],[126.286,36.96],[126.188,36.882],[126.184,36.878],[126.192,36.82],[126.164,36.81],[126.129,36.752],[126.124,36.709],[126.128,36.705],[126.166,36.675],[126.173,36.673],[126.186,36.67],[126.193,36.671],[126.229,36.681],[126.235,36.682],[126.24,36.685],[126.244,36.69],[126.248,36.702],[126.251,36.707],[126.256,36.711],[126.273,36.717],[126.275,36.713],[126.299,36.639],[126.299,36.628],[126.293,36.582],[126.316,36.599],[126.337,36.646],[126.335,36.65],[126.323,36.662],[126.309,36.678],[126.305,36.687],[126.304,36.693],[126.307,36.697],[126.343,36.737],[126.347,36.74],[126.355,36.74],[126.469,36.744],[126.475,36.742],[126.497,36.724],[126.516,36.66],[126.527,36.599],[126.527,36.593],[126.525,36.587],[126.519,36.585],[126.512,36.587],[126.507,36.591],[126.5,36.592],[126.474,36.588],[126.466,36.58],[126.464,36.575],[126.481,36.481],[126.496,36.394],[126.537,36.219],[126.544,36.136],[126.674,36.005],[126.685,36],[126.689,36],[126.707,36.001],[126.739,36.006],[126.859,36.056],[126.869,36.061],[126.871,36.058],[126.873,36.055],[126.869,36.043],[126.854,36.035],[126.762,35.995],[126.705,35.985],[126.642,35.972],[126.632,35.967],[126.628,35.962],[126.615,35.926],[126.614,35.919],[126.614,35.896],[126.615,35.891],[126.62,35.889],[126.726,35.882],[126.733,35.882],[126.782,35.893],[126.788,35.895],[126.801,35.862],[126.752,35.778],[126.738,35.776],[126.707,35.771],[126.696,35.766],[126.642,35.742],[126.632,35.737],[126.479,35.64],[126.475,35.636],[126.469,35.609],[126.471,35.604],[126.477,35.596],[126.488,35.584],[126.499,35.578],[126.507,35.576],[126.515,35.576],[126.521,35.577],[126.536,35.586],[126.547,35.59],[126.644,35.595],[126.651,35.595],[126.659,35.594],[126.665,35.592],[126.669,35.588],[126.675,35.574],[126.687,35.539],[126.688,35.533],[126.684,35.529],[126.679,35.532],[126.619,35.547],[126.529,35.527],[126.523,35.525],[126.497,35.512],[126.492,35.51],[126.484,35.501],[126.457,35.462],[126.447,35.448],[126.441,35.43],[126.429,35.416],[126.425,35.412],[126.422,35.407],[126.387,35.337],[126.378,35.312],[126.364,35.228],[126.361,35.18],[126.387,35.148],[126.411,35.119],[126.421,35.112],[126.431,35.106],[126.444,35.101],[126.456,35.095],[126.459,35.091],[126.457,35.069],[126.431,35.023],[126.421,35.018],[126.416,35.02],[126.36,35.069],[126.343,35.096],[126.341,35.1],[126.343,35.106],[126.35,35.117],[126.353,35.121],[126.354,35.127],[126.353,35.132],[126.349,35.148],[126.345,35.152],[126.269,35.137],[126.264,35.135],[126.254,35.129],[126.251,35.123],[126.249,35.117],[126.248,35.11],[126.304,34.962],[126.318,34.932],[126.322,34.929],[126.333,34.922],[126.338,34.919],[126.344,34.917],[126.369,34.931],[126.376,34.941],[126.377,34.947],[126.434,34.964],[126.413,34.894],[126.379,34.809],[126.371,34.801],[126.369,34.794],[126.371,34.789],[126.376,34.786],[126.381,34.784],[126.499,34.776],[126.511,34.776],[126.515,34.779],[126.519,34.783],[126.531,34.804],[126.534,34.817],[126.54,34.873],[126.591,34.877],[126.66,34.813],[126.661,34.807],[126.635,34.782],[126.629,34.781],[126.608,34.779],[126.494,34.751],[126.477,34.725],[126.492,34.722],[126.503,34.715],[126.62,34.624],[126.618,34.619],[126.612,34.618],[126.606,34.617],[126.537,34.614],[126.529,34.614],[126.522,34.616],[126.473,34.637],[126.462,34.642],[126.451,34.648],[126.432,34.619],[126.452,34.578],[126.417,34.596],[126.351,34.699],[126.343,34.713],[126.328,34.735],[126.317,34.746],[126.311,34.749],[126.304,34.751],[126.297,34.751],[126.293,34.747],[126.289,34.742],[126.267,34.683],[126.265,34.671],[126.273,34.634],[126.288,34.59],[126.313,34.568],[126.318,34.565],[126.391,34.544],[126.463,34.485],[126.462,34.479],[126.462,34.473],[126.478,34.345],[126.525,34.316],[126.556,34.301],[126.594,34.299],[126.6,34.3],[126.684,34.434],[126.756,34.558],[126.766,34.573],[126.772,34.583],[126.777,34.586],[126.783,34.587],[126.79,34.586],[126.795,34.583],[126.799,34.579],[126.803,34.569],[126.804,34.558],[126.805,34.53],[126.8,34.492],[126.801,34.463],[126.812,34.446],[126.817,34.442],[126.889,34.412],[126.888,34.435],[126.897,34.449],[126.938,34.487],[126.966,34.504],[126.986,34.526],[126.989,34.532],[126.989,34.538],[127.01,34.602],[127.037,34.62],[127.092,34.651],[127.112,34.66],[127.217,34.707],[127.274,34.727],[127.329,34.743],[127.335,34.742],[127.338,34.738],[127.352,34.698],[127.353,34.693],[127.332,34.656],[127.329,34.652],[127.242,34.569],[127.207,34.569],[127.193,34.569],[127.192,34.575],[127.203,34.597],[127.211,34.614],[127.213,34.621],[127.213,34.627],[127.212,34.632],[127.206,34.636],[127.202,34.633],[127.132,34.565],[127.125,34.555],[127.123,34.548],[127.125,34.537],[127.129,34.528],[127.136,34.519],[127.14,34.516],[127.168,34.512],[127.244,34.511],[127.315,34.444],[127.389,34.471],[127.51,34.579],[127.514,34.591],[127.513,34.597],[127.489,34.638],[127.486,34.642],[127.429,34.677],[127.409,34.689],[127.392,34.698],[127.387,34.702],[127.364,34.751],[127.399,34.802],[127.418,34.819],[127.494,34.852],[127.522,34.857],[127.568,34.767],[127.563,34.717],[127.558,34.705],[127.556,34.692],[127.554,34.656],[127.556,34.651],[127.576,34.638],[127.635,34.615],[127.641,34.617],[127.744,34.723],[127.748,34.727],[127.769,34.795],[127.774,34.826],[127.774,34.844],[127.717,34.842],[127.711,34.841],[127.705,34.839],[127.69,34.83],[127.686,34.826],[127.673,34.816],[127.667,34.814],[127.655,34.812],[127.639,34.814],[127.611,34.841],[127.605,34.849],[127.576,34.887],[127.569,34.912],[127.569,34.918],[127.589,34.938],[127.593,34.942],[127.601,34.942],[127.606,34.939],[127.609,34.923],[127.619,34.911],[127.628,34.904],[127.635,34.902],[127.643,34.901],[127.661,34.905],[127.767,34.96],[127.831,34.947],[127.864,34.94],[127.883,34.943],[127.894,34.947],[127.909,34.955],[128.021,34.986],[128.047,34.947],[128.048,34.942],[128.05,34.937],[128.056,34.931],[128.067,34.924],[128.073,34.922],[128.154,34.894],[128.176,34.889],[128.204,34.888],[128.207,34.894],[128.208,34.9],[128.209,34.912],[128.208,34.923],[128.211,34.928],[128.216,34.931],[128.228,34.934],[128.329,34.949],[128.341,34.944],[128.351,34.931],[128.356,34.91],[128.357,34.905],[128.346,34.9],[128.336,34.871],[128.403,34.834],[128.409,34.832],[128.435,34.835],[128.446,34.839],[128.452,34.846],[128.463,34.869],[128.47,34.886],[128.501,35.008],[128.487,35.047],[128.483,35.051],[128.477,35.054],[128.466,35.05],[128.416,35.032],[128.411,35.03],[128.407,35.024],[128.405,35.018],[128.396,35.011],[128.391,35.008],[128.379,35.005],[128.372,35.005],[128.371,35.009],[128.378,35.036],[128.386,35.042],[128.573,35.17],[128.611,35.173],[128.62,35.149],[128.711,35.101],[128.735,35.093],[128.811,35.084],[128.919,35.089],[128.925,35.091],[128.929,35.094],[128.974,35.135],[128.979,35.085],[129.137,35.112],[129.175,35.147],[129.237,35.19],[129.242,35.209],[129.278,35.296],[129.281,35.301],[129.342,35.342],[129.347,35.345],[129.439,35.476],[129.466,35.537],[129.469,35.55],[129.474,35.58],[129.475,35.592],[129.473,35.603],[129.465,35.645],[129.487,35.683],[129.584,35.989],[129.587,36],[129.588,36.008],[129.588,36.019],[129.585,36.035],[129.574,36.064],[129.564,36.077],[129.557,36.079],[129.551,36.077],[129.528,36.051],[129.49,36.016],[129.482,36.008],[129.472,36],[129.463,35.995],[129.457,35.993],[129.45,35.993],[129.426,35.997],[129.419,36],[129.398,36.013],[129.394,36.017],[129.389,36.026],[129.387,36.036],[129.382,36.309],[129.382,36.314],[129.385,36.327],[129.391,36.339],[129.406,36.357],[129.418,36.37],[129.435,36.394],[129.438,36.4],[129.439,36.406],[129.451,36.501],[129.451,36.506],[129.441,36.536],[129.437,36.546],[129.427,36.558],[129.423,36.568],[129.42,36.578],[129.419,36.583],[129.417,36.617],[129.418,36.623],[129.422,36.634],[129.439,36.66],[129.442,36.665],[129.452,36.671],[129.462,36.676],[129.467,36.68],[129.47,36.686],[129.472,36.692],[129.473,36.71],[129.475,36.769],[129.475,36.774],[129.469,36.789],[129.459,36.807],[129.454,36.816],[129.431,36.869],[129.428,36.879],[129.424,36.9],[129.416,36.942],[129.414,37.016],[129.414,37.022],[129.415,37.028],[129.417,37.035],[129.424,37.045],[129.429,37.048],[129.432,37.053],[129.434,37.059],[129.429,37.068],[129.376,37.135],[129.366,37.147],[129.362,37.15],[129.354,37.228],[129.353,37.234],[129.342,37.257],[129.259,37.371],[129.19,37.465],[129.136,37.526],[129.066,37.624],[129.06,37.639],[129.063,37.657],[129.063,37.669],[129.05,37.686],[129.011,37.724],[128.999,37.736],[128.883,37.848],[128.878,37.852],[128.863,37.856],[128.858,37.859],[128.641,38.117],[128.638,38.121],[128.634,38.126],[128.626,38.144],[128.532,38.331],[128.389,38.579],[128.364,38.625],[128.321,38.599],[128.307,38.589],[128.304,38.584],[128.302,38.578],[128.306,38.563],[128.308,38.558],[128.314,38.532],[128.314,38.521],[128.313,38.514],[128.308,38.489],[128.301,38.468],[128.293,38.451],[128.28,38.43],[128.27,38.42],[128.144,38.535],[127.956,38.694],[127.405,39.075],[127.277,39.222],[127.441,39.624],[127.552,39.764],[127.672,39.866],[127.931,39.956],[128.236,39.97],[128.447,40.066],[128.791,40.354],[129.015,40.528],[129.177,40.63],[129.478,40.682],[129.561,41.073],[129.631,41.278],[129.591,41.47],[129.641,41.656],[129.825,41.861],[130.435,42.277],[130.36,42.454],[130.226,42.651],[129.966,42.957],[129.854,42.957],[129.74,42.898],[129.568,42.737],[129.464,42.417],[129.035,42.177],[128.756,42.061],[128.514,42.053],[128.31,42.077],[128.16,42.134],[127.984,42.108],[127.861,41.998],[127.849,41.845],[128.078,41.5],[128.098,41.449],[127.861,41.378],[127.423,41.356],[127.194,41.425],[126.972,41.539],[126.849,41.718],[126.648,41.71],[126.474,41.652],[126.166,41.189],[125.879,40.945],[125.415,40.7],[124.725,40.428],[124.491,40.28],[124.304,40.081],[124.134,39.843]]],[[[126.599,33.233],[126.622,33.24],[126.725,33.27],[126.765,33.283],[126.843,33.308],[126.847,33.312],[126.908,33.379],[126.916,33.388],[126.919,33.393],[126.937,33.424],[126.941,33.454],[126.898,33.523],[126.891,33.525],[126.84,33.536],[126.836,33.541],[126.827,33.548],[126.821,33.551],[126.813,33.552],[126.793,33.551],[126.696,33.54],[126.634,33.532],[126.378,33.475],[126.372,33.473],[126.317,33.453],[126.312,33.45],[126.27,33.423],[126.184,33.353],[126.176,33.344],[126.158,33.315],[126.155,33.289],[126.158,33.279],[126.171,33.262],[126.186,33.247],[126.207,33.229],[126.227,33.216],[126.261,33.194],[126.266,33.191],[126.274,33.19],[126.286,33.193],[126.291,33.196],[126.297,33.205],[126.301,33.209],[126.31,33.216],[126.315,33.219],[126.331,33.226],[126.341,33.227],[126.417,33.236],[126.425,33.235],[126.446,33.229],[126.476,33.222],[126.482,33.221],[126.509,33.224],[126.587,33.231],[126.599,33.233]]],[[[126.739,34.279],[126.766,34.281],[126.772,34.282],[126.775,34.287],[126.771,34.296],[126.731,34.364],[126.714,34.378],[126.701,34.387],[126.694,34.389],[126.687,34.389],[126.669,34.385],[126.664,34.382],[126.658,34.376],[126.655,34.371],[126.649,34.35],[126.646,34.325],[126.648,34.32],[126.651,34.316],[126.696,34.287],[126.701,34.284],[126.731,34.279],[126.739,34.279]]],[[[127.161,34.414],[127.214,34.419],[127.219,34.421],[127.229,34.427],[127.233,34.431],[127.242,34.447],[127.244,34.453],[127.246,34.466],[127.244,34.471],[127.239,34.474],[127.223,34.484],[127.213,34.486],[127.199,34.485],[127.132,34.474],[127.126,34.472],[127.114,34.464],[127.111,34.46],[127.116,34.434],[127.134,34.42],[127.146,34.415],[127.161,34.414]]],[[[127.786,34.474],[127.791,34.476],[127.795,34.48],[127.798,34.485],[127.798,34.491],[127.786,34.519],[127.776,34.534],[127.771,34.538],[127.764,34.541],[127.751,34.542],[127.741,34.539],[127.716,34.531],[127.712,34.527],[127.713,34.521],[127.716,34.517],[127.758,34.487],[127.781,34.475],[127.786,34.474]]],[[[126.18,34.351],[126.187,34.351],[126.199,34.353],[126.256,34.37],[126.262,34.371],[126.342,34.401],[126.347,34.405],[126.368,34.442],[126.383,34.472],[126.384,34.478],[126.383,34.484],[126.381,34.492],[126.38,34.495],[126.377,34.499],[126.335,34.54],[126.298,34.556],[126.273,34.566],[126.253,34.573],[126.243,34.573],[126.239,34.57],[126.102,34.425],[126.1,34.419],[126.099,34.413],[126.099,34.407],[126.102,34.397],[126.106,34.387],[126.112,34.379],[126.144,34.356],[126.15,34.354],[126.172,34.352],[126.18,34.351]]],[[[127.8,34.572],[127.804,34.576],[127.807,34.582],[127.813,34.622],[127.812,34.641],[127.794,34.661],[127.768,34.664],[127.737,34.64],[127.733,34.636],[127.733,34.619],[127.734,34.613],[127.737,34.609],[127.74,34.604],[127.748,34.597],[127.759,34.591],[127.787,34.576],[127.793,34.573],[127.8,34.572]]],[[[125.972,34.647],[125.991,34.668],[126.002,34.681],[126.006,34.686],[126.009,34.691],[126.006,34.696],[126.003,34.7],[125.994,34.708],[125.981,34.717],[125.956,34.713],[125.923,34.7],[125.918,34.697],[125.915,34.692],[125.914,34.686],[125.916,34.681],[125.918,34.676],[125.926,34.669],[125.964,34.649],[125.972,34.647]]],[[[126.001,34.79],[125.993,34.792],[125.986,34.792],[125.979,34.792],[125.974,34.79],[125.956,34.776],[125.951,34.773],[125.944,34.772],[125.922,34.774],[125.915,34.773],[125.908,34.773],[125.898,34.767],[125.894,34.764],[125.892,34.751],[125.889,34.739],[125.888,34.732],[125.891,34.728],[125.904,34.718],[125.912,34.717],[125.932,34.718],[125.936,34.723],[125.939,34.728],[125.938,34.745],[125.941,34.751],[125.945,34.755],[125.951,34.757],[125.967,34.754],[125.974,34.752],[125.98,34.753],[125.984,34.758],[125.988,34.761],[125.996,34.759],[126.003,34.758],[126.009,34.76],[126.009,34.764],[126.005,34.768],[126.003,34.773],[126.006,34.785],[126.004,34.79],[126.001,34.792],[126.001,34.79]]],[[[128.081,34.828],[128.086,34.83],[128.079,34.87],[128.076,34.874],[128.066,34.879],[128.036,34.908],[128.031,34.912],[128.024,34.914],[128.017,34.914],[128.008,34.908],[127.977,34.864],[127.974,34.858],[127.973,34.852],[127.98,34.844],[127.99,34.837],[127.997,34.835],[128.013,34.833],[128.081,34.828]]],[[[126.042,34.854],[126.064,34.854],[126.074,34.859],[126.079,34.862],[126.082,34.867],[126.09,34.885],[126.091,34.89],[126.094,34.91],[126.077,34.921],[126.075,34.923],[126.07,34.926],[126.063,34.928],[126.058,34.926],[126.002,34.89],[125.985,34.868],[125.984,34.865],[125.987,34.861],[125.993,34.858],[126.042,34.854]]],[[[127.962,34.798],[127.956,34.801],[127.916,34.833],[127.91,34.842],[127.909,34.847],[127.907,34.869],[127.91,34.874],[127.938,34.902],[127.936,34.911],[127.934,34.916],[127.931,34.921],[127.927,34.924],[127.921,34.927],[127.915,34.93],[127.899,34.933],[127.886,34.931],[127.88,34.929],[127.876,34.926],[127.868,34.917],[127.837,34.88],[127.827,34.856],[127.822,34.843],[127.853,34.739],[127.857,34.724],[127.861,34.72],[127.88,34.712],[127.889,34.711],[127.977,34.698],[127.985,34.697],[128.044,34.695],[128.057,34.697],[128.061,34.701],[128.062,34.706],[128.076,34.8],[128.073,34.805],[128.069,34.808],[128.056,34.813],[128.032,34.818],[128.002,34.821],[127.99,34.817],[127.968,34.8],[127.962,34.798]]],[[[128.743,34.788],[128.754,34.877],[128.754,34.883],[128.735,34.933],[128.73,34.942],[128.728,34.943],[128.711,34.977],[128.664,34.96],[128.641,34.952],[128.507,34.89],[128.502,34.887],[128.494,34.88],[128.491,34.869],[128.489,34.856],[128.491,34.846],[128.495,34.836],[128.498,34.832],[128.521,34.809],[128.526,34.806],[128.536,34.812],[128.54,34.816],[128.552,34.824],[128.592,34.837],[128.598,34.835],[128.601,34.831],[128.604,34.809],[128.601,34.76],[128.585,34.704],[128.588,34.699],[128.594,34.698],[128.612,34.701],[128.636,34.707],[128.642,34.709],[128.68,34.722],[128.686,34.724],[128.742,34.782],[128.743,34.788]]],[[[126.1,35.046],[126.106,35.047],[126.116,35.053],[126.144,35.08],[126.147,35.133],[126.15,35.133],[126.162,35.143],[126.156,35.146],[126.149,35.146],[126.137,35.142],[126.117,35.131],[126.068,35.099],[126.064,35.095],[126.06,35.091],[126.058,35.084],[126.056,35.059],[126.059,35.055],[126.093,35.047],[126.1,35.046]]],[[[126.421,36.399],[126.428,36.4],[126.432,36.404],[126.434,36.411],[126.379,36.586],[126.376,36.591],[126.36,36.593],[126.353,36.593],[126.347,36.591],[126.342,36.588],[126.334,36.581],[126.327,36.572],[126.325,36.566],[126.325,36.56],[126.336,36.439],[126.338,36.434],[126.366,36.411],[126.375,36.404],[126.382,36.403],[126.421,36.399]]],[[[126.164,36.824],[126.169,36.826],[126.174,36.829],[126.172,36.837],[126.167,36.84],[126.161,36.838],[126.158,36.833],[126.159,36.828],[126.164,36.824]]],[[[130.876,37.45],[130.887,37.453],[130.921,37.477],[130.922,37.482],[130.922,37.515],[130.924,37.519],[130.919,37.545],[130.912,37.546],[130.845,37.531],[130.839,37.53],[130.807,37.518],[130.806,37.513],[130.806,37.507],[130.812,37.481],[130.816,37.472],[130.819,37.468],[130.869,37.451],[130.876,37.45]]],[[[124.652,37.914],[124.696,37.916],[124.701,37.918],[124.739,37.946],[124.744,37.95],[124.747,37.955],[124.746,37.96],[124.743,37.965],[124.732,37.976],[124.726,37.978],[124.726,37.982],[124.718,37.984],[124.71,37.984],[124.689,37.982],[124.624,37.974],[124.615,37.969],[124.61,37.957],[124.613,37.947],[124.633,37.922],[124.637,37.918],[124.643,37.916],[124.652,37.914]]]]},"properties":{"NAME":"Korea","SUBJECTO":"Korea","PARTOF":"Korea","ABBREVN":"Korea","BORDERPRECISION":3,"fid":748}},
{"type":"Feature","geometry":{"type":"Polygon","coordinates":[[[173.304,61.519],[165.254,62.309],[165.286,62.288],[165.055,62.26],[164.277,62.223],[164.008,62.131],[163.926,61.955],[163.942,61.737],[163.576,61.33],[163.831,61.233],[163.793,61.128],[163.445,60.89],[163.329,60.695],[162.381,60.464],[161.818,60.268],[161.701,60.074],[161.535,59.942],[160.844,59.554],[160.452,59.354],[159.649,58.954],[159.586,58.803],[159.393,58.61],[159.104,58.425],[158.326,58.027],[157.962,57.883],[157.511,57.745],[156.777,57.58],[156.839,57.506],[156.878,57.363],[156.815,57.261],[156.694,57.114],[161.984,55.963],[162.318,56.24],[162.522,56.349],[162.722,56.342],[162.547,56.105],[162.555,56.011],[162.771,55.917],[163.009,55.944],[163.166,56.106],[163.172,56.384],[163.098,56.56],[162.744,56.6],[162.613,56.803],[162.512,57.033],[162.593,57.17],[162.932,57.374],[163.128,57.552],[163.078,57.626],[162.826,57.701],[162.204,57.679],[161.989,57.72],[161.8,57.863],[161.804,58.102],[161.938,58.259],[162.22,58.486],[162.616,58.733],[162.907,58.891],[162.753,58.966],[162.835,59.056],[163.255,59.29],[163.1,59.359],[163.043,59.462],[163.106,59.579],[163.389,59.814],[163.516,59.856],[163.767,59.884],[163.65,59.792],[164.111,60.078],[164.328,59.961],[164.442,59.74],[164.585,59.665],[164.882,59.734],[164.933,59.962],[165.114,60.031],[165.415,60.115],[165.78,60.354],[165.956,60.311],[166.203,60.353],[165.945,59.771],[166.027,59.709],[166.269,59.833],[166.868,60.173],[167.104,60.271],[167.69,60.355],[168.211,60.433],[168.671,60.455],[169.154,60.435],[169.456,60.296],[169.532,60.13],[169.614,60.012],[169.877,59.875],[170.06,59.882],[170.273,60.013],[170.268,60.145],[170.337,60.277],[170.52,60.34],[171.072,60.452],[171.248,60.654],[172,60.858],[172.108,60.983],[172.492,61.263],[172.918,61.278],[173.126,61.369],[173.304,61.519]]]},"properties":{"NAME":"Koryaks","SUBJECTO":"Koryaks","PARTOF":"Koryaks","ABBREVN":"Koryaks","BORDERPRECISION":1,"fid":749}},
{"type":"Feature","geometry":{"type":"Polygon","coordinates":[[[161.984,55.963],[156.694,57.114],[156.558,56.947],[156.236,56.757],[155.703,56.37],[155.628,56.268],[155.506,55.64],[155.453,55.276],[155.465,54.92],[155.583,54.552],[155.63,54.465],[155.638,54.318],[155.707,54.065],[155.711,53.805],[155.942,53.193],[156.038,52.781],[156.175,52.609],[156.333,52.272],[156.362,51.914],[156.475,51.604],[156.564,51.234],[156.696,50.958],[156.825,51.004],[157.21,51.229],[157.898,51.666],[158.258,52.017],[158.39,52.203],[158.462,52.587],[158.432,52.713],[158.461,52.826],[158.788,52.959],[159.32,53.126],[159.592,53.134],[159.897,53.241],[159.922,53.3],[159.905,53.4],[159.683,53.579],[159.633,53.706],[159.695,53.859],[159.931,54.086],[160.027,54.153],[160.404,54.368],[160.683,54.448],[160.838,54.449],[161.136,54.409],[161.567,54.423],[161.876,54.564],[162.008,54.738],[161.939,54.845],[161.647,54.985],[161.503,55.287],[161.609,55.557],[161.861,55.861],[161.984,55.963]]]},"properties":{"NAME":"Itelmen","SUBJECTO":"Itelmen","PARTOF":"Itelmen","ABBREVN":"Itelmen","BORDERPRECISION":1,"fid":750}},
{"type":"Feature","geometry":{"type":"Polygon","coordinates":[[[30.735,69.752],[30.361,69.767],[30.056,69.721],[29.729,69.698],[29.556,69.833],[29.08,69.961],[29.049,69.977],[23.422,69.527],[23.436,69.477],[23.03,69.324],[27.383,68.874],[29.108,68.81],[30.735,69.752]]]},"properties":{"NAME":"Finnmark","SUBJECTO":"Denmark-Norway","PARTOF":"Finnmark","ABBREVN":"Finnmark","BORDERPRECISION":3,"fid":751}},
{"type":"Feature","geometry":{"type":"Polygon","coordinates":[[[6.381,51.82],[6.756,51.605],[6.408,50.257],[6.647,49.931],[7.06,49.952],[6.799,49.104],[6.451,49.126],[6.451,49.387],[6.126,49.405],[5.909,49.201],[5.904,49.196],[5.612,49.21],[5.723,48.959],[5.876,49.071],[6.001,48.904],[5.834,48.778],[6.015,48.653],[5.946,48.347],[6.238,48.291],[6.252,47.957],[6.641,47.985],[6.795,47.86],[6.697,47.762],[6.781,47.679],[6.628,47.512],[6.823,47.378],[6.881,47.458],[6.922,47.514],[7.123,47.511],[7.121,47.468],[7.333,47.465],[7.507,47.604],[7.628,47.564],[7.751,47.616],[7.873,47.573],[8.128,47.644],[8.253,47.594],[8.412,47.604],[8.332,47.693],[8.635,47.779],[8.659,47.715],[8.748,47.721],[8.815,47.681],[8.983,47.68],[8.995,47.684],[9.006,47.695],[8.994,47.707],[8.94,47.726],[8.959,47.737],[9.014,47.72],[8.987,47.743],[9.101,47.702],[9.109,47.69],[9.084,47.69],[9.048,47.708],[9.043,47.693],[9.081,47.683],[9.113,47.686],[9.118,47.679],[9.199,47.678],[9.216,47.671],[9.211,47.683],[9.188,47.699],[9.201,47.707],[9.18,47.705],[9.174,47.734],[9.067,47.78],[9.031,47.805],[9.043,47.818],[9.106,47.792],[9.132,47.772],[9.226,47.739],[9.237,47.711],[9.288,47.684],[9.348,47.661],[9.421,47.666],[9.466,47.648],[9.488,47.652],[9.502,47.646],[9.534,47.597],[9.563,47.585],[9.601,47.585],[9.607,47.572],[9.628,47.57],[9.653,47.556],[9.68,47.556],[9.68,47.543],[9.712,47.551],[9.752,47.511],[9.743,47.505],[9.699,47.506],[9.678,47.489],[9.666,47.496],[9.648,47.488],[9.641,47.507],[9.598,47.487],[9.561,47.5],[9.539,47.487],[9.584,47.409],[9.465,47.286],[9.561,47.156],[9.521,47.069],[9.801,47.042],[9.804,46.977],[10.052,46.868],[10.312,47.017],[10.409,46.965],[10.396,46.887],[10.558,46.718],[10.558,46.313],[10.457,46.212],[10.525,45.739],[10.66,45.807],[10.795,45.638],[10.93,45.84],[11.166,45.739],[11.233,46.009],[11.335,46.009],[11.571,45.975],[11.571,46.245],[11.908,46.414],[11.74,46.752],[12.075,46.928],[12.218,46.884],[12.328,46.967],[12.407,46.964],[12.698,46.951],[13.292,47.064],[13.516,47],[13.521,46.989],[13.581,46.839],[13.709,46.839],[13.725,46.646],[13.621,46.421],[13.606,46.132],[13.5,45.94],[13.368,45.694],[13.438,45.638],[13.565,45.727],[13.673,45.715],[14.076,45.678],[14.219,45.477],[13.99,45.42],[14.076,45.276],[14.354,45.323],[14.527,45.783],[14.798,45.865],[14.88,45.484],[15.424,45.43],[15.47,45.734],[16.122,45.582],[16.209,45.734],[16.079,45.886],[16.209,46.147],[16.448,46.104],[16.535,46.365],[17.517,47.642],[18.186,48.056],[18.314,48.279],[18.223,48.99],[18.25,49.181],[18.522,49.561],[18.927,49.622],[18.896,49.713],[18.796,49.713],[18.769,50.177],[18.746,50.266],[18.646,50.645],[18.14,50.988],[17.64,51.437],[17.553,51.655],[17.291,51.786],[17.204,51.611],[16.855,51.655],[16.855,51.917],[16.506,52.178],[16.506,52.004],[16.095,52.124],[15.894,52.21],[15.765,52.265],[15.76,52.571],[15.816,52.571],[15.844,52.71],[16.053,52.716],[16.204,53.343],[16.416,53.525],[16.204,53.706],[16.658,53.858],[16.809,53.464],[16.809,53.858],[16.688,54.039],[16.99,54.19],[17.111,54.13],[17.747,54.433],[17.658,54.685],[16.976,54.549],[16.473,54.415],[16.115,54.2],[15.898,54.128],[15.312,54.071],[15.205,54.039],[15.12,53.246],[13.209,53.534],[12.429,54.243],[12.312,54.202],[12.041,54.097],[11.565,54.035],[11.408,53.859],[11.202,53.857],[11.151,53.938],[10.96,53.898],[10.894,53.884],[10.884,53.882],[10.859,53.877],[10.771,53.931],[10.717,53.964],[11.016,54.097],[11.041,54.153],[11.073,54.22],[11.039,54.313],[10.649,54.259],[10.446,54.292],[10.34,54.362],[10.213,54.372],[10.142,54.337],[9.885,54.254],[9.827,54.276],[9.739,54.276],[9.674,54.189],[9.449,54.189],[9.441,54.247],[9.296,54.247],[9.26,54.305],[9.216,54.29],[9.165,54.32],[9.136,54.298],[9.056,54.349],[8.962,54.276],[8.884,54.229],[8.853,54.168],[8.779,54.132],[8.833,54.066],[8.946,54.015],[8.819,53.969],[8.977,53.905],[9.181,53.879],[9.066,53.854],[9.335,53.591],[8.803,53.542],[8.436,53.625],[8.429,53.612],[8.502,53.449],[8.306,53.525],[8.189,53.531],[8.261,53.439],[8.242,53.352],[8.175,53.322],[8.029,53.373],[8.099,53.444],[8.011,53.566],[7.969,53.638],[7.875,53.634],[7.836,53.632],[7.332,53.604],[7.166,53.592],[7.037,53.51],[6.981,53.317],[7.19,53.23],[7.16,53.164],[7.228,52.967],[7.073,52.804],[7.035,52.624],[6.778,52.64],[6.727,52.558],[6.714,52.476],[6.912,52.416],[6.997,52.443],[7.069,52.366],[7.068,52.273],[7.068,52.219],[6.882,52.126],[6.825,51.956],[6.68,51.888],[6.381,51.82]]]},"properties":{"NAME":"Holy Roman Empire","SUBJECTO":"Holy Roman Empire","PARTOF":"Holy Roman Empire","ABBREVN":"Holy Roman E","BORDERPRECISION":3,"fid":752}},
{"type":"Feature","geometry":{"type":"MultiPolygon","coordinates":[[[[29.049,69.977],[28.817,70.098],[28.73,70.136],[29.735,70.115],[30.252,70.131],[30.799,70.308],[30.754,70.43],[30.462,70.537],[30.041,70.544],[29.741,70.605],[28.984,70.857],[28.795,70.865],[28.389,70.572],[28.29,70.372],[27.875,70.425],[28.019,70.609],[27.985,70.717],[28.136,70.833],[28.308,70.949],[28.211,71.018],[27.948,71.017],[27.516,70.97],[27.131,70.577],[26.934,70.469],[26.617,70.392],[26.619,70.799],[26.607,70.915],[26.263,70.791],[25.574,70.367],[25.263,70.107],[25.074,70.144],[25.122,70.435],[25.231,70.558],[25.832,70.898],[25.389,70.905],[24.849,70.827],[24.571,70.741],[24.36,70.61],[24.208,70.472],[23.955,70.502],[23.827,70.479],[23.508,70.279],[23.292,70.011],[23.204,69.943],[22.746,70.171],[22.306,70.216],[22.163,70.093],[21.908,69.804],[21.609,69.963],[21.412,70.015],[21.103,69.818],[20.734,69.779],[20.553,69.522],[20.197,69.318],[20.278,69.582],[20.358,69.71],[20.286,69.786],[20.158,69.748],[19.821,69.37],[19.58,69.181],[19.289,69.211],[19.17,69.256],[18.985,69.315],[18.553,69.247],[18.319,69.359],[18.097,69.058],[18.052,69.028],[17.928,69.005],[17.895,69.035],[17.566,68.974],[17.449,68.887],[17.407,68.772],[17.04,68.659],[16.855,68.558],[17.126,68.416],[17.033,68.338],[16.719,68.311],[16.522,68.341],[16.649,68.046],[16.412,67.874],[16.233,67.911],[16.071,68.045],[15.92,68.049],[15.854,67.925],[15.572,67.821],[15.762,67.676],[15.746,67.597],[15.58,67.583],[15.385,67.464],[15.227,67.509],[14.976,67.523],[14.699,67.374],[14.569,67.329],[14.616,67.245],[14.778,67.217],[14.639,67.123],[14.373,67.093],[14.055,66.975],[13.859,66.959],[13.747,66.922],[13.992,66.687],[13.592,66.657],[13.383,66.679],[13.242,66.569],[13.169,66.458],[13.255,66.393],[13.403,66.349],[13.581,66.188],[13.152,66.136],[13.109,66.034],[13.087,65.88],[12.709,65.909],[12.479,65.617],[12.284,65.435],[12.496,65.384],[12.526,65.109],[12.222,65.101],[12.112,65.13],[11.896,64.913],[11.69,64.776],[11.47,64.675],[11.407,64.617],[11.508,64.517],[11.364,64.416],[11.214,64.416],[10.997,64.494],[10.891,64.473],[10.74,64.386],[10.066,64.056],[9.87,63.876],[9.832,63.684],[9.441,63.498],[9.216,63.284],[9.154,63.319],[8.957,63.404],[8.606,63.325],[8.472,63.176],[8.258,63.054],[8.231,62.841],[7.989,62.94],[7.606,62.904],[7.088,62.91],[6.982,62.846],[7.102,62.705],[7.547,62.599],[7.289,62.486],[6.989,62.542],[6.613,62.583],[6.533,62.336],[6.308,62.286],[6.053,62.335],[5.824,62.179],[5.565,62.15],[5.47,62.094],[5.426,62.009],[5.528,61.933],[5.719,61.88],[5.834,61.819],[5.797,61.77],[5.592,61.79],[5.416,61.77],[5.149,61.741],[5.101,61.699],[5.141,61.39],[5.018,61.305],[5.12,61.137],[5.387,61.026],[5.109,60.906],[4.98,60.689],[5.075,60.592],[5.255,60.564],[5.456,60.592],[5.551,60.509],[5.262,60.327],[5.096,60.264],[5.279,60.125],[5.525,60.168],[5.894,60.161],[5.806,59.949],[5.632,59.884],[5.543,59.824],[5.694,59.753],[5.91,59.753],[6.185,59.824],[5.97,59.711],[5.667,59.676],[5.741,59.628],[5.646,59.586],[5.449,59.658],[5.419,59.515],[5.383,59.711],[5.087,59.509],[5.177,59.307],[5.283,59.272],[5.35,59.39],[5.344,59.266],[5.529,59.266],[5.717,59.337],[5.683,59.414],[5.68,59.509],[5.8,59.432],[5.816,59.313],[6.113,59.527],[6.076,59.42],[5.877,59.313],[6.02,59.254],[6.238,59.284],[6.033,59.201],[5.772,59.076],[5.822,59.017],[5.94,58.934],[6.051,58.981],[6.266,58.993],[6.041,58.952],[5.984,58.887],[6.094,58.798],[5.794,58.916],[5.666,58.822],[5.627,58.964],[5.475,58.976],[5.531,58.881],[5.4,58.715],[5.615,58.455],[5.874,58.432],[6.231,58.278],[6.652,58.172],[6.479,58.09],[6.644,58.042],[6.726,58.137],[6.874,58.078],[6.959,57.972],[7.908,58.066],[8.03,58.066],[8.154,58.09],[8.175,58.172],[8.922,58.538],[9.146,58.656],[9.372,58.786],[9.346,58.845],[9.698,58.999],[9.938,58.94],[10.172,58.987],[10.211,59.07],[10.363,59.213],[10.43,59.26],[10.379,59.367],[10.407,59.497],[10.57,59.581],[10.634,59.45],[10.549,59.379],[10.657,59.224],[10.769,59.118],[10.829,59.106],[11.112,59.165],[11.179,59.07],[11.039,58.91],[11.14,58.851],[11.221,58.308],[11.407,58.331],[11.431,58.202],[11.614,58.247],[11.802,58.178],[11.709,58.025],[11.61,57.807],[11.642,57.779],[12.095,58.129],[11.629,59.012],[11.709,59.195],[11.61,59.569],[11.838,59.67],[11.891,59.86],[12.077,59.866],[12.423,60.039],[12.436,60.278],[12.548,60.434],[12.431,60.626],[12.174,60.956],[12.597,61.029],[12.792,61.33],[12.658,61.44],[12.337,61.523],[12.075,61.698],[12.226,62.226],[11.933,62.554],[12.09,63.046],[12.124,63.345],[12.299,63.566],[12.577,63.782],[12.853,63.897],[13.131,63.949],[13.551,63.937],[13.88,63.953],[14.078,64.032],[14.155,64.111],[14.042,64.376],[13.87,64.497],[13.718,64.553],[13.94,64.799],[14.199,65.023],[14.371,65.234],[14.515,65.503],[14.542,65.94],[14.597,66.05],[15.038,66.06],[15.347,66.259],[15.944,66.672],[16.221,66.828],[16.305,66.983],[16.228,67.211],[16.206,67.307],[16.874,67.837],[17.083,67.912],[17.209,67.905],[17.601,67.863],[17.914,67.864],[18.057,67.999],[18.094,68.088],[18.104,68.386],[18.179,68.469],[18.959,68.294],[19.396,68.229],[19.697,68.171],[19.843,68.164],[19.965,68.276],[20.039,68.478],[20.166,68.958],[20.555,68.975],[20.739,68.961],[20.791,68.932],[21.246,69.228],[21.406,69.273],[21.625,69.237],[22.072,68.961],[23.03,69.324],[23.436,69.477],[23.422,69.527],[29.049,69.977]]],[[[10.142,54.337],[10.065,54.434],[9.865,54.411],[9.978,54.49],[9.987,54.592],[9.864,54.726],[9.61,54.88],[9.496,54.938],[9.421,54.976],[9.518,55.129],[9.517,55.223],[9.544,55.351],[9.63,55.459],[9.704,55.483],[9.729,55.474],[9.768,55.467],[9.811,55.437],[9.887,55.342],[9.888,55.337],[9.897,55.286],[9.897,55.28],[10.006,55.193],[10.099,55.188],[10.108,55.186],[10.119,55.179],[10.15,55.137],[10.153,55.133],[10.154,55.127],[10.151,55.122],[10.135,55.117],[10.153,55.084],[10.498,55.029],[10.519,55.029],[10.529,55.029],[10.584,55.053],[10.599,55.058],[10.616,55.061],[10.627,55.061],[10.666,55.061],[10.726,55.062],[10.733,55.064],[10.74,55.067],[10.779,55.118],[10.783,55.122],[10.786,55.128],[10.812,55.186],[10.816,55.205],[10.834,55.29],[10.835,55.294],[10.828,55.307],[10.791,55.363],[10.745,55.482],[10.747,55.491],[10.744,55.497],[10.662,55.585],[10.658,55.59],[10.634,55.61],[10.627,55.617],[10.619,55.619],[10.614,55.619],[10.611,55.617],[10.603,55.607],[10.607,55.602],[10.613,55.592],[10.617,55.564],[10.614,55.519],[10.609,55.492],[10.606,55.486],[10.6,55.483],[10.479,55.438],[10.469,55.437],[10.437,55.438],[10.426,55.439],[10.42,55.442],[10.418,55.447],[10.416,55.453],[10.422,55.464],[10.428,55.468],[10.445,55.479],[10.452,55.482],[10.474,55.515],[10.485,55.532],[10.406,55.586],[10.399,55.589],[10.327,55.612],[10.31,55.617],[10.299,55.617],[10.29,55.615],[10.213,55.599],[10.178,55.584],[10.165,55.579],[10.149,55.574],[10.125,55.568],[10.074,55.557],[10,55.541],[9.936,55.515],[9.922,55.51],[9.905,55.506],[9.895,55.506],[9.883,55.506],[9.865,55.51],[9.856,55.512],[9.843,55.519],[9.838,55.522],[9.835,55.527],[9.835,55.54],[9.832,55.545],[9.824,55.547],[9.813,55.547],[9.749,55.54],[9.738,55.534],[9.69,55.605],[9.976,55.62],[10.007,55.73],[10.147,55.765],[10.23,55.951],[10.175,56.076],[10.293,56.137],[10.442,56.151],[10.496,56.034],[10.751,56.097],[10.889,56.369],[10.826,56.443],[10.314,56.469],[10.23,56.605],[10.216,56.85],[9.835,56.89],[9.37,56.882],[9.322,56.719],[9.312,56.481],[9.136,56.46],[9.003,56.657],[8.869,56.616],[8.675,56.358],[8.452,56.412],[8.309,56.479],[8.183,56.431],[8.124,56.207],[8.117,56.092],[8.317,55.849],[8.32,55.768],[8.125,55.636],[8.035,55.476],[8.214,55.399],[8.319,55.481],[8.481,55.349],[8.56,55.356],[8.645,55.069],[8.616,54.887],[8.596,54.761],[8.742,54.608],[8.951,54.419],[8.852,54.332],[8.554,54.275],[8.581,54.194],[8.884,54.229],[8.962,54.276],[9.056,54.349],[9.136,54.298],[9.165,54.32],[9.216,54.29],[9.26,54.305],[9.296,54.247],[9.441,54.247],[9.449,54.189],[9.674,54.189],[9.739,54.276],[9.827,54.276],[9.885,54.254],[10.142,54.337]]],[[[11.568,55.885],[11.296,55.675],[11.102,55.634],[11.23,55.337],[11.285,55.189],[11.585,55.162],[11.767,55.176],[11.907,55.021],[11.97,54.954],[12.077,54.995],[12.301,55.17],[12.43,55.245],[12.158,55.379],[12.344,55.508],[12.409,55.548],[12.469,55.711],[12.444,55.968],[12.238,55.988],[12.088,55.967],[12.053,55.703],[11.962,55.581],[11.728,55.662],[11.568,55.885]]],[[[16.063,56.396],[15.427,56.766],[14.485,56.68],[14.175,56.813],[13.432,56.524],[13.226,57.102],[12.896,56.978],[12.731,57.432],[12.524,57.391],[12.318,57.68],[11.877,57.325],[12.005,57.325],[12.289,56.88],[12.526,56.78],[12.657,56.611],[12.786,56.617],[12.872,56.512],[12.805,56.401],[12.615,56.436],[12.652,56.296],[12.414,56.243],[12.513,56.121],[12.699,55.905],[12.986,55.667],[12.859,55.533],[12.888,55.452],[12.802,55.417],[12.802,55.353],[13.302,55.301],[13.823,55.422],[13.901,55.405],[14.117,55.347],[14.286,55.515],[14.126,55.667],[14.259,55.899],[14.492,56.018],[14.605,55.981],[14.653,56.121],[15.221,56.08],[15.497,56.167],[15.696,56.061],[15.771,56.033],[16.031,56.353],[16.063,56.396]]],[[[15.091,55.155],[15.074,55.16],[15.065,55.162],[14.997,55.187],[14.887,55.229],[14.839,55.251],[14.825,55.257],[14.82,55.261],[14.813,55.269],[14.806,55.276],[14.799,55.282],[14.77,55.306],[14.764,55.306],[14.76,55.304],[14.746,55.296],[14.744,55.292],[14.699,55.215],[14.678,55.102],[14.68,55.1],[14.729,55.073],[14.747,55.065],[14.882,55.029],[14.942,55.013],[15.043,54.995],[15.052,54.995],[15.061,54.996],[15.077,55.001],[15.103,55.021],[15.107,55.026],[15.148,55.082],[15.15,55.089],[15.149,55.129],[15.141,55.139],[15.134,55.144],[15.123,55.149],[15.091,55.155]]],[[[12.078,54.789],[12.089,54.794],[12.107,54.8],[12.12,54.806],[12.158,54.829],[12.167,54.834],[12.169,54.836],[12.169,54.839],[12.168,54.842],[12.137,54.869],[12.119,54.882],[12.111,54.887],[12.104,54.89],[12.096,54.892],[12.085,54.894],[12.079,54.894],[12.061,54.891],[12.038,54.892],[12.02,54.896],[11.997,54.904],[11.865,54.948],[11.851,54.955],[11.847,54.956],[11.767,54.962],[11.751,54.961],[11.742,54.959],[11.732,54.954],[11.713,54.942],[11.709,54.937],[11.752,54.859],[11.756,54.855],[11.782,54.849],[11.793,54.845],[11.802,54.839],[11.856,54.774],[11.899,54.719],[11.892,54.701],[11.878,54.688],[11.871,54.667],[11.872,54.651],[11.923,54.576],[11.929,54.573],[11.945,54.567],[11.964,54.562],[11.969,54.562],[11.979,54.567],[11.98,54.57],[11.979,54.576],[11.974,54.587],[11.968,54.609],[11.963,54.63],[11.96,54.648],[11.959,54.663],[11.961,54.676],[11.963,54.685],[11.97,54.699],[11.981,54.71],[12.055,54.775],[12.072,54.786],[12.078,54.789]]],[[[9.302,57.166],[8.96,57.132],[8.661,57.104],[8.534,57.141],[8.359,57.023],[8.183,56.798],[8.368,56.667],[8.471,56.597],[8.507,56.647],[8.666,56.7],[8.778,56.798],[8.847,56.986],[8.971,57],[9.079,57.037],[9.141,57.009],[9.334,57.023],[9.503,56.975],[10.257,57.006],[10.333,57.171],[10.463,57.242],[10.451,57.458],[10.401,57.506],[10.558,57.745],[10.479,57.759],[10.39,57.661],[10.29,57.672],[9.849,57.582],[9.449,57.228],[9.302,57.166]]],[[[14.317,79.722],[14.258,79.534],[14.159,79.364],[13.397,79.434],[13.283,79.487],[13.252,79.801],[12.717,79.782],[12.458,79.754],[12,79.771],[11.517,79.717],[11.284,79.707],[10.919,79.545],[11.335,79.207],[11.545,79.172],[12.157,79.315],[12.525,79.059],[11.76,78.88],[12.075,78.696],[12.437,78.591],[12.91,78.425],[13.062,78.347],[13.618,78.269],[13.872,78.296],[14.353,78.428],[14.819,78.718],[15.084,78.781],[15.48,78.649],[16.617,78.467],[15.921,78.265],[14.953,78.124],[14.337,78.027],[13.905,78],[14.131,77.766],[14.893,77.785],[15.598,77.838],[16.418,77.901],[16.712,77.789],[16.287,77.615],[15.482,77.553],[14.778,77.535],[14.485,77.371],[15.099,77.115],[15.946,76.887],[16.663,76.727],[16.913,76.719],[17.267,76.813],[17.28,76.983],[17.485,77.248],[17.829,77.489],[18.389,77.542],[18.787,77.94],[19.116,78.455],[19.429,78.587],[20.321,78.685],[20.908,78.809],[20.684,78.915],[19.932,79.108],[19.505,79.161],[19.152,79.231],[18.846,79.382],[18.549,79.56],[18.351,79.515],[18.016,79.362],[17.769,79.415],[17.722,79.487],[17.798,79.621],[17.834,79.809],[17.571,79.89],[16.995,79.898],[16.777,79.979],[16.326,80.025],[15.917,79.842],[15.935,79.743],[16.082,79.528],[16.289,79.368],[16.389,79.235],[16.133,79.136],[15.774,79.242],[15.237,79.589],[14.81,79.804],[14.575,79.785],[14.317,79.722]]],[[[11.834,54.661],[11.844,54.669],[11.856,54.683],[11.858,54.689],[11.862,54.743],[11.862,54.746],[11.849,54.766],[11.845,54.77],[11.735,54.855],[11.709,54.875],[11.657,54.904],[11.649,54.907],[11.644,54.906],[11.642,54.904],[11.642,54.901],[11.643,54.878],[11.564,54.822],[11.514,54.83],[11.409,54.862],[11.393,54.868],[11.361,54.884],[11.351,54.892],[11.347,54.896],[11.34,54.911],[11.336,54.916],[11.331,54.919],[11.288,54.943],[11.276,54.95],[11.24,54.957],[11.193,54.957],[11.164,54.957],[11.136,54.954],[11.119,54.951],[11.071,54.941],[11.058,54.935],[11.042,54.923],[11.032,54.915],[11.027,54.91],[11.014,54.896],[11.014,54.89],[11.025,54.814],[10.99,54.791],[10.991,54.787],[10.995,54.783],[11.02,54.763],[11.026,54.759],[11.032,54.756],[11.099,54.742],[11.126,54.74],[11.144,54.737],[11.191,54.726],[11.246,54.712],[11.262,54.707],[11.278,54.7],[11.315,54.676],[11.35,54.659],[11.377,54.647],[11.451,54.621],[11.456,54.619],[11.461,54.619],[11.466,54.62],[11.473,54.623],[11.522,54.642],[11.579,54.663],[11.588,54.664],[11.641,54.662],[11.694,54.656],[11.723,54.651],[11.736,54.645],[11.776,54.641],[11.785,54.64],[11.834,54.661]]]]},"properties":{"NAME":"Denmark-Norway","SUBJECTO":"Denmark-Norway","PARTOF":"Denmark-Norway","ABBREVN":"DenmarkNorwa","BORDERPRECISION":3,"fid":753}},
{"type":"Feature","geometry":{"type":"MultiPolygon","coordinates":[[[[29.518,58.075],[28.173,58.986],[29.041,59.29],[29.518,59.247],[29.995,59.463],[31.318,59.594],[31.298,59.936],[31.274,59.938],[31.176,59.926],[31.106,59.928],[31.064,59.943],[31.043,59.951],[31.063,59.963],[31.145,60.006],[31.143,60.032],[31.106,60.056],[31.095,60.084],[31.115,60.135],[31.109,60.146],[31.019,60.193],[30.957,60.264],[30.849,60.443],[30.832,60.458],[30.817,60.459],[30.803,60.447],[30.776,60.448],[30.774,60.492],[30.759,60.525],[30.724,60.562],[30.663,60.593],[30.534,60.63],[30.524,60.655],[30.504,60.704],[30.504,60.732],[30.525,60.739],[30.533,60.766],[30.528,60.812],[30.502,60.843],[30.456,60.86],[30.441,60.874],[30.436,60.903],[30.409,60.928],[30.293,61.005],[30.125,61.087],[29.857,61.188],[29.825,61.216],[29.837,61.226],[29.86,61.239],[29.865,61.251],[29.855,61.271],[29.891,61.295],[29.949,61.289],[30.029,61.254],[30.079,61.243],[30.094,61.259],[30.089,61.271],[30.09,61.299],[30.13,61.313],[30.174,61.314],[30.193,61.327],[30.196,61.348],[30.183,61.361],[30.179,61.373],[30.201,61.389],[30.21,61.418],[30.217,61.431],[30.237,61.446],[30.252,61.459],[30.252,61.473],[30.235,61.493],[30.239,61.515],[30.285,61.517],[30.466,61.487],[30.481,61.49],[30.486,61.515],[30.513,61.525],[30.551,61.535],[30.606,61.541],[30.617,61.56],[30.593,61.579],[30.594,61.606],[30.758,61.733],[30.852,61.775],[30.888,61.765],[30.896,61.754],[30.906,61.742],[31.026,61.714],[31.057,61.689],[31.071,61.645],[31.098,61.62],[31.161,61.619],[31.172,61.63],[31.194,61.634],[31.123,62.804],[30.559,63.108],[30.603,65.147],[30.993,65.754],[30.603,66.665],[30.661,67.517],[29.099,68.804],[29.108,68.81],[27.383,68.874],[23.03,69.324],[22.072,68.961],[21.625,69.237],[21.406,69.273],[21.246,69.228],[20.791,68.932],[20.739,68.961],[20.555,68.975],[20.166,68.958],[20.039,68.478],[19.965,68.276],[19.843,68.164],[19.697,68.171],[19.396,68.229],[18.959,68.294],[18.179,68.469],[18.104,68.386],[18.094,68.088],[18.057,67.999],[17.914,67.864],[17.601,67.863],[17.209,67.905],[17.083,67.912],[16.874,67.837],[16.206,67.307],[16.228,67.211],[16.305,66.983],[16.221,66.828],[15.944,66.672],[15.347,66.259],[15.038,66.06],[14.597,66.05],[14.542,65.94],[14.515,65.503],[14.371,65.234],[14.199,65.023],[13.94,64.799],[13.718,64.553],[13.87,64.497],[14.042,64.376],[14.155,64.111],[14.078,64.032],[13.88,63.953],[13.551,63.937],[13.131,63.949],[12.853,63.897],[12.577,63.782],[12.299,63.566],[12.124,63.345],[12.09,63.046],[11.933,62.554],[12.226,62.226],[12.075,61.698],[12.337,61.523],[12.658,61.44],[12.792,61.33],[12.597,61.029],[12.174,60.956],[12.431,60.626],[12.548,60.434],[12.436,60.278],[12.423,60.039],[12.077,59.866],[11.891,59.86],[11.838,59.67],[11.61,59.569],[11.709,59.195],[11.629,59.012],[12.095,58.129],[11.642,57.779],[11.766,57.673],[11.881,57.509],[11.877,57.325],[12.318,57.68],[12.524,57.391],[12.731,57.432],[12.896,56.978],[13.226,57.102],[13.432,56.524],[14.175,56.813],[14.485,56.68],[15.427,56.766],[16.063,56.396],[16.376,56.822],[16.395,57.074],[16.494,57.279],[16.659,57.443],[16.55,57.545],[16.607,57.666],[16.477,57.702],[16.46,57.895],[16.598,57.866],[16.725,57.889],[16.774,58.038],[16.744,58.312],[16.513,58.428],[16.443,58.634],[17.081,58.65],[17.083,58.748],[17.245,58.717],[17.357,58.743],[17.582,58.893],[17.623,59.1],[17.739,59.11],[17.745,58.986],[17.726,58.914],[17.766,58.872],[17.94,58.908],[18.016,59.038],[18.372,59.157],[18.273,59.287],[18.598,59.297],[18.611,59.333],[18.515,59.401],[18.441,59.401],[18.43,59.333],[18.328,59.37],[18.111,59.323],[17.978,59.328],[17.976,59.327],[17.862,59.24],[17.612,59.268],[17.584,59.268],[17.575,59.214],[17.358,59.245],[17.325,59.279],[17.305,59.272],[17.193,59.344],[17,59.359],[16.849,59.44],[16.742,59.431],[16.61,59.454],[16.456,59.452],[16.408,59.447],[16.411,59.451],[16.144,59.448],[16.044,59.478],[16.252,59.493],[16.469,59.519],[16.523,59.583],[16.538,59.579],[16.574,59.612],[16.647,59.559],[16.743,59.545],[16.786,59.577],[16.814,59.574],[16.841,59.588],[16.942,59.56],[16.995,59.554],[17.063,59.569],[17.372,59.496],[17.391,59.584],[17.534,59.539],[17.687,59.542],[17.672,59.595],[17.76,59.621],[17.786,59.598],[17.809,59.553],[17.773,59.414],[17.829,59.379],[17.953,59.361],[18.03,59.359],[18.251,59.432],[18.639,59.567],[18.868,59.712],[19.044,59.712],[19.037,59.863],[18.893,59.926],[18.804,60.108],[18.417,60.182],[18.224,60.323],[17.931,60.59],[17.706,60.554],[17.605,60.638],[17.188,60.674],[17.318,60.753],[17.146,60.953],[17.15,61.198],[17.065,61.538],[17.163,61.63],[17.387,61.658],[17.497,62.088],[17.387,62.201],[17.29,62.441],[17.718,62.357],[17.936,62.548],[17.868,62.789],[17.967,62.775],[18.303,62.789],[18.389,62.853],[18.487,62.981],[18.785,63.138],[19.076,63.202],[19.318,63.445],[19.465,63.481],[19.67,63.389],[19.985,63.517],[20.701,63.818],[20.866,64.026],[21.049,64.219],[21.386,64.385],[21.237,64.521],[21.064,64.592],[20.921,64.714],[21.329,64.894],[21.489,65.017],[21.424,65.104],[21.277,65.212],[21.522,65.372],[21.819,65.38],[21.957,65.446],[22.202,65.715],[22.49,65.883],[22.646,65.935],[22.798,65.855],[23.204,65.681],[23.406,65.725],[23.844,65.798],[23.948,65.797],[24.215,65.786],[24.591,65.583],[25.104,65.54],[25.252,65.417],[25.186,65.243],[25.133,65.076],[25.293,65.004],[25.352,64.939],[25.325,64.802],[24.932,64.816],[24.47,64.636],[24.094,64.377],[23.58,64.082],[22.826,63.581],[22.704,63.581],[22.569,63.723],[22.476,63.602],[22.429,63.395],[22.292,63.203],[22.075,63.103],[21.951,63.131],[21.666,63.187],[21.495,63.123],[21.546,62.974],[21.481,62.889],[21.195,62.761],[21.062,62.612],[21.034,62.477],[21.2,62.435],[21.338,62.344],[21.346,62.167],[21.211,61.871],[21.405,61.702],[21.561,61.485],[21.521,61.38],[21.498,61.183],[21.427,61.015],[21.443,60.694],[21.56,60.512],[21.747,60.408],[21.931,60.381],[22.221,60.259],[22.421,60.293],[22.392,60.121],[22.625,60.201],[23.005,60.209],[22.882,60.056],[22.982,59.932],[23.201,59.818],[23.419,59.83],[23.665,59.836],[23.961,59.932],[23.979,59.881],[24.281,59.938],[24.421,59.87],[24.516,59.989],[24.743,60.038],[24.969,60.087],[24.993,60.03],[25.146,60.11],[25.45,60.138],[25.581,60.262],[25.846,60.115],[25.89,60.236],[26.038,60.249],[26.323,60.27],[26.443,60.333],[26.552,60.571],[26.526,60.396],[26.613,60.348],[26.922,60.316],[26.946,60.376],[27.178,60.442],[27.406,60.345],[27.474,60.426],[28.011,60.511],[28.432,60.603],[28.522,60.623],[28.551,60.533],[28.435,60.337],[28.569,60.198],[28.692,60.15],[28.969,60.109],[29.511,60.145],[29.687,60.131],[29.953,59.986],[30.127,59.806],[29.963,59.737],[29.765,59.736],[29.414,59.86],[29.076,59.908],[28.936,59.825],[28.796,59.672],[28.663,59.644],[28.444,59.734],[28.309,59.664],[28.351,59.602],[28.266,59.562],[28.163,59.591],[28.094,59.665],[27.942,59.648],[27.897,59.534],[27.973,59.517],[28.013,59.458],[28.016,59.454],[27.894,59.346],[27.702,59.298],[27.265,59.338],[26.999,59.318],[26.862,59.372],[26.343,59.447],[25.721,59.46],[25.49,59.42],[25.449,59.494],[25.248,59.362],[24.751,59.448],[24.714,59.352],[24.571,59.374],[24.538,59.323],[24.342,59.369],[24.282,59.284],[24.03,59.235],[24.032,59.176],[23.57,59.138],[23.416,59.119],[23.457,59.005],[23.338,58.972],[23.432,58.858],[23.361,58.767],[23.512,58.581],[23.69,58.665],[23.671,58.241],[23.908,58.224],[24.058,58.112],[24.331,58.308],[24.497,58.213],[24.414,58.106],[24.416,57.948],[24.346,57.862],[24.325,57.837],[24.236,57.728],[24.323,57.337],[24.346,57.16],[24.266,57.03],[24.158,56.975],[23.774,56.868],[23.768,56.866],[23.414,56.892],[23.215,56.981],[23.211,56.988],[23.118,56.825],[24.38,56.719],[25.434,56.588],[25.79,56.583],[25.856,56.557],[28.091,56.748],[29.518,58.075]],[[13.8,59.337],[13.83,59.341],[13.867,59.335],[13.904,59.328],[13.933,59.33],[13.962,59.334],[13.997,59.329],[14.028,59.32],[14.046,59.314],[14.052,59.305],[14.056,59.29],[14.054,59.268],[14.047,59.241],[14.027,59.204],[13.994,59.157],[13.946,59.113],[13.931,59.09],[13.945,59.067],[13.973,59.066],[14.005,59.068],[14.038,59.083],[14.066,59.097],[14.083,59.1],[14.089,59.092],[14.091,59.079],[14.083,59.064],[14.072,59.028],[14.056,59.017],[14.05,59.012],[14.039,59.004],[14.012,59.004],[13.993,58.986],[13.995,58.945],[13.987,58.898],[13.975,58.865],[13.954,58.844],[13.924,58.823],[13.89,58.8],[13.859,58.772],[13.83,58.744],[13.8,58.722],[13.737,58.704],[13.631,58.684],[13.517,58.663],[13.437,58.642],[13.358,58.617],[13.3,58.561],[13.24,58.515],[13.195,58.511],[13.172,58.512],[13.148,58.521],[13.137,58.541],[13.149,58.559],[13.149,58.573],[13.148,58.597],[13.115,58.608],[13.041,58.604],[12.952,58.572],[12.913,58.546],[12.869,58.504],[12.798,58.486],[12.728,58.452],[12.679,58.421],[12.65,58.397],[12.624,58.382],[12.602,58.376],[12.58,58.372],[12.562,58.373],[12.551,58.379],[12.554,58.394],[12.573,58.419],[12.571,58.432],[12.554,58.43],[12.507,58.397],[12.375,58.383],[12.335,58.374],[12.313,58.395],[12.329,58.434],[12.488,58.513],[12.607,58.617],[12.611,58.641],[12.563,58.65],[12.525,58.661],[12.504,58.695],[12.501,58.728],[12.5,58.764],[12.471,58.783],[12.448,58.783],[12.425,58.801],[12.432,58.813],[12.459,58.817],[12.474,58.84],[12.472,58.877],[12.464,58.921],[12.469,58.935],[12.482,58.931],[12.497,58.92],[12.51,58.901],[12.52,58.867],[12.526,58.846],[12.535,58.832],[12.557,58.819],[12.576,58.826],[12.6,58.846],[12.618,58.887],[12.647,58.931],[12.676,58.987],[12.708,59.036],[12.746,59.065],[12.784,59.076],[12.818,59.082],[12.869,59.073],[12.945,59.048],[13.041,59.014],[13.062,58.977],[13.088,58.947],[13.122,58.921],[13.16,58.905],[13.195,58.899],[13.236,58.905],[13.244,58.93],[13.221,58.993],[13.177,59.097],[13.123,59.198],[13.103,59.255],[13.103,59.274],[13.108,59.284],[13.118,59.296],[13.13,59.319],[13.143,59.342],[13.155,59.353],[13.173,59.348],[13.191,59.325],[13.218,59.311],[13.246,59.31],[13.252,59.315],[13.251,59.325],[13.249,59.336],[13.251,59.345],[13.261,59.352],[13.278,59.357],[13.316,59.361],[13.378,59.364],[13.461,59.37],[13.548,59.381],[13.628,59.39],[13.68,59.39],[13.72,59.378],[13.738,59.359],[13.744,59.341],[13.752,59.331],[13.766,59.331],[13.8,59.337]],[[29.926,62.434],[29.835,62.389],[29.802,62.362],[29.793,62.335],[29.768,62.313],[29.688,62.316],[29.641,62.31],[29.62,62.294],[29.599,62.27],[29.648,62.223],[29.727,62.199],[29.791,62.2],[29.874,62.185],[29.96,62.164],[29.982,62.133],[29.911,62.115],[29.708,62.151],[29.688,62.138],[29.607,62.145],[29.518,62.123],[29.492,62.089],[29.47,62.08],[29.492,62.046],[29.552,62.003],[29.615,61.983],[29.638,62.005],[29.685,62.004],[29.757,61.949],[29.775,61.906],[29.777,61.889],[29.733,61.874],[29.727,61.848],[29.694,61.834],[29.66,61.826],[29.61,61.802],[29.531,61.778],[29.477,61.742],[29.426,61.734],[29.29,61.649],[29.266,61.615],[29.115,61.6],[29.098,61.578],[28.941,61.626],[28.73,61.671],[28.629,61.642],[28.608,61.617],[28.76,61.61],[28.79,61.59],[28.722,61.581],[28.68,61.558],[28.679,61.524],[28.693,61.484],[28.646,61.476],[28.582,61.473],[28.568,61.441],[28.464,61.399],[28.406,61.37],[28.345,61.349],[28.36,61.331],[28.477,61.332],[28.641,61.352],[28.663,61.368],[28.714,61.352],[28.82,61.297],[28.867,61.247],[28.788,61.204],[28.61,61.162],[28.359,61.093],[28.292,61.08],[27.988,61.08],[27.947,61.068],[27.919,61.08],[27.892,61.114],[27.882,61.157],[27.966,61.188],[28.082,61.179],[28.172,61.153],[28.197,61.163],[28.174,61.188],[28.072,61.233],[27.862,61.252],[27.678,61.232],[27.625,61.214],[27.519,61.23],[27.406,61.259],[27.432,61.27],[27.435,61.296],[27.368,61.326],[27.303,61.329],[27.27,61.324],[27.265,61.379],[27.301,61.433],[27.274,61.468],[27.298,61.484],[27.296,61.557],[27.276,61.653],[27.329,61.693],[27.327,61.632],[27.339,61.597],[27.359,61.531],[27.459,61.523],[27.476,61.539],[27.472,61.55],[27.471,61.599],[27.488,61.618],[27.499,61.6],[27.515,61.577],[27.593,61.581],[27.665,61.607],[27.678,61.636],[27.758,61.656],[27.773,61.685],[27.705,61.731],[27.623,61.764],[27.605,61.781],[27.626,61.801],[27.816,61.728],[27.866,61.696],[27.918,61.657],[27.921,61.627],[27.946,61.601],[28,61.549],[28.054,61.511],[28.104,61.522],[28.129,61.549],[28.147,61.551],[28.185,61.544],[28.234,61.621],[28.248,61.716],[28.262,61.744],[28.306,61.756],[28.339,61.749],[28.369,61.751],[28.442,61.768],[28.539,61.841],[28.672,61.826],[28.807,61.828],[28.84,61.846],[28.838,61.863],[28.737,61.891],[28.697,61.921],[28.579,61.993],[28.427,62.052],[28.403,62.069],[28.297,62.097],[28.168,62.096],[28.086,62.1],[28.032,62.108],[27.926,62.133],[27.899,62.157],[27.902,62.244],[27.885,62.306],[27.877,62.329],[27.852,62.354],[27.844,62.376],[27.8,62.429],[27.755,62.429],[27.679,62.412],[27.597,62.418],[27.547,62.412],[27.489,62.443],[27.459,62.479],[27.419,62.496],[27.367,62.482],[27.297,62.477],[27.236,62.507],[27.178,62.553],[27.159,62.577],[27.191,62.572],[27.295,62.518],[27.339,62.519],[27.352,62.544],[27.373,62.562],[27.398,62.576],[27.6,62.494],[27.647,62.498],[27.67,62.513],[27.669,62.528],[27.608,62.601],[27.619,62.71],[27.648,62.735],[27.666,62.76],[27.65,62.816],[27.667,62.874],[27.684,62.912],[27.652,62.925],[27.621,62.916],[27.588,62.9],[27.564,62.877],[27.56,62.851],[27.494,62.863],[27.415,62.902],[27.391,62.941],[27.33,63.001],[27.176,63.084],[27.195,63.099],[27.207,63.122],[27.193,63.169],[27.197,63.229],[27.193,63.289],[27.213,63.309],[27.246,63.308],[27.239,63.332],[27.19,63.388],[27.175,63.438],[27.135,63.496],[27.068,63.523],[27.038,63.517],[27.02,63.501],[26.959,63.524],[26.899,63.566],[26.899,63.584],[27.113,63.546],[27.183,63.518],[27.234,63.457],[27.234,63.427],[27.211,63.417],[27.25,63.376],[27.297,63.356],[27.338,63.346],[27.363,63.316],[27.347,63.279],[27.337,63.213],[27.264,63.146],[27.358,63.068],[27.44,63.023],[27.559,63.001],[27.605,63.015],[27.677,62.979],[27.723,62.954],[27.77,62.946],[27.774,62.996],[27.736,63.059],[27.767,63.1],[27.81,63.092],[27.848,63.071],[27.851,63.032],[27.888,63.019],[28.006,63.04],[28.106,63.009],[28.279,63.031],[28.352,63.04],[28.35,63.026],[28.308,63.003],[28.262,62.984],[28.192,62.964],[28.154,62.933],[28.187,62.857],[28.144,62.825],[28.149,62.804],[28.181,62.772],[28.211,62.73],[28.239,62.706],[28.268,62.689],[28.264,62.663],[28.653,62.527],[28.799,62.456],[28.898,62.39],[28.81,62.382],[28.659,62.42],[28.529,62.474],[28.496,62.501],[28.565,62.499],[28.555,62.523],[28.482,62.555],[28.424,62.575],[28.367,62.587],[28.34,62.577],[28.274,62.565],[28.211,62.508],[28.191,62.448],[28.169,62.434],[28.103,62.442],[28.106,62.476],[28.138,62.538],[28.057,62.69],[27.979,62.732],[27.849,62.719],[27.766,62.68],[27.755,62.652],[27.801,62.627],[27.758,62.583],[27.846,62.524],[27.915,62.43],[28.04,62.409],[28.042,62.379],[27.991,62.337],[27.963,62.298],[27.97,62.259],[28.067,62.244],[28.144,62.252],[28.276,62.256],[28.277,62.276],[28.324,62.287],[28.358,62.27],[28.406,62.237],[28.506,62.22],[28.566,62.222],[28.608,62.279],[28.63,62.294],[28.67,62.306],[28.699,62.328],[28.668,62.368],[28.666,62.387],[28.693,62.383],[28.765,62.348],[28.835,62.267],[28.87,62.235],[28.852,62.212],[28.837,62.185],[28.786,62.177],[28.826,62.134],[28.976,62.142],[29.139,62.169],[29.198,62.177],[29.33,62.166],[29.345,62.186],[29.353,62.219],[29.319,62.242],[29.298,62.275],[29.298,62.313],[29.278,62.349],[29.265,62.394],[29.297,62.426],[29.3,62.476],[29.261,62.551],[29.279,62.599],[29.335,62.6],[29.352,62.571],[29.364,62.53],[29.422,62.523],[29.509,62.467],[29.626,62.419],[29.65,62.427],[29.612,62.462],[29.589,62.5],[29.593,62.527],[29.616,62.559],[29.633,62.597],[29.697,62.609],[29.776,62.577],[29.825,62.518],[29.885,62.463],[29.926,62.434]],[[26.59,62.901],[26.68,62.846],[26.73,62.836],[26.743,62.866],[26.713,62.929],[26.729,62.957],[26.762,62.959],[26.765,62.98],[26.917,63.007],[26.996,63.031],[27.033,63.019],[26.978,62.998],[26.931,62.941],[26.948,62.916],[26.93,62.913],[26.894,62.917],[26.889,62.895],[26.927,62.859],[26.95,62.852],[26.986,62.858],[27.092,62.842],[27.084,62.833],[27.018,62.832],[27.018,62.8],[26.957,62.794],[26.88,62.796],[26.916,62.744],[26.983,62.686],[26.952,62.652],[26.999,62.613],[26.984,62.603],[26.896,62.624],[26.853,62.606],[26.819,62.564],[26.825,62.526],[26.851,62.497],[26.886,62.495],[26.93,62.482],[26.909,62.456],[26.778,62.479],[26.736,62.494],[26.724,62.553],[26.69,62.596],[26.662,62.583],[26.665,62.551],[26.629,62.479],[26.58,62.412],[26.5,62.391],[26.426,62.366],[26.432,62.329],[26.42,62.318],[26.379,62.346],[26.384,62.381],[26.407,62.418],[26.465,62.427],[26.508,62.424],[26.51,62.453],[26.558,62.49],[26.526,62.539],[26.383,62.567],[26.273,62.551],[26.239,62.522],[26.238,62.481],[26.254,62.437],[26.288,62.407],[26.312,62.368],[26.277,62.34],[26.173,62.358],[26.128,62.329],[26.128,62.28],[26.089,62.295],[26.05,62.348],[25.992,62.373],[25.956,62.356],[25.979,62.311],[26.002,62.277],[25.974,62.254],[25.946,62.21],[25.951,62.145],[25.923,62.149],[25.898,62.2],[25.876,62.206],[25.826,62.148],[25.821,62.072],[25.878,62.021],[25.858,62.001],[25.79,61.992],[25.774,61.967],[25.703,61.964],[25.641,61.95],[25.632,61.916],[25.651,61.903],[25.701,61.885],[25.682,61.869],[25.615,61.842],[25.588,61.793],[25.622,61.774],[25.683,61.802],[25.721,61.813],[25.723,61.778],[25.68,61.712],[25.682,61.638],[25.706,61.601],[25.63,61.602],[25.586,61.591],[25.583,61.541],[25.573,61.494],[25.641,61.467],[25.607,61.442],[25.543,61.423],[25.557,61.393],[25.547,61.335],[25.58,61.308],[25.759,61.278],[25.977,61.255],[26.013,61.235],[26.027,61.212],[26.082,61.196],[26.118,61.211],[26.106,61.246],[26.163,61.31],[26.275,61.374],[26.278,61.36],[26.238,61.317],[26.255,61.284],[26.257,61.247],[26.234,61.242],[26.212,61.263],[26.173,61.271],[26.148,61.256],[26.175,61.218],[26.197,61.175],[26.184,61.148],[26.241,61.102],[26.216,61.081],[26.178,61.059],[26.175,61.041],[26.15,61.003],[26.095,60.964],[26.025,60.961],[26.071,61.004],[26.102,61.101],[26.026,61.17],[25.961,61.19],[25.913,61.184],[25.871,61.168],[25.788,61.215],[25.67,61.273],[25.621,61.263],[25.645,61.235],[25.657,61.206],[25.583,61.166],[25.531,61.115],[25.564,61.08],[25.603,61.055],[25.592,61.024],[25.549,61.027],[25.518,61.062],[25.48,61.088],[25.454,61.073],[25.405,61.058],[25.356,61.076],[25.397,61.116],[25.459,61.156],[25.5,61.229],[25.465,61.28],[25.442,61.273],[25.431,61.25],[25.406,61.251],[25.394,61.284],[25.356,61.315],[25.303,61.334],[25.271,61.352],[25.255,61.366],[25.263,61.388],[25.194,61.475],[25.188,61.532],[25.233,61.546],[25.27,61.568],[25.338,61.58],[25.398,61.584],[25.418,61.626],[25.403,61.67],[25.358,61.697],[25.228,61.759],[25.209,61.794],[25.237,61.796],[25.306,61.777],[25.389,61.794],[25.444,61.844],[25.393,61.872],[25.314,61.878],[25.317,61.902],[25.423,61.921],[25.51,61.931],[25.506,61.95],[25.543,61.989],[25.625,62.005],[25.671,62.059],[25.586,62.101],[25.498,62.111],[25.472,62.142],[25.55,62.143],[25.668,62.136],[25.713,62.162],[25.716,62.194],[25.735,62.219],[25.761,62.235],[25.824,62.252],[25.881,62.292],[25.907,62.33],[25.922,62.385],[25.897,62.441],[25.865,62.443],[25.841,62.433],[25.825,62.448],[25.815,62.491],[25.763,62.534],[25.69,62.543],[25.644,62.589],[25.632,62.627],[25.781,62.652],[25.795,62.705],[25.827,62.725],[25.894,62.72],[25.888,62.756],[25.831,62.783],[25.818,62.794],[25.857,62.825],[25.866,62.875],[25.934,62.913],[25.87,62.987],[25.832,63.014],[25.737,63.046],[25.617,63.071],[25.541,63.03],[25.522,62.966],[25.495,62.957],[25.436,62.975],[25.368,63.007],[25.384,63.028],[25.444,63.052],[25.449,63.098],[25.44,63.128],[25.505,63.145],[25.589,63.211],[25.623,63.216],[25.621,63.182],[25.681,63.137],[25.792,63.092],[25.822,63.103],[25.837,63.13],[25.903,63.111],[25.932,63.082],[25.991,63.043],[26.084,62.993],[26.079,62.981],[26.015,62.991],[26.014,62.972],[26.077,62.93],[26.22,62.854],[26.364,62.768],[26.371,62.725],[26.302,62.729],[26.203,62.781],[26.103,62.826],[26.067,62.819],[26.038,62.796],[26.013,62.752],[26.007,62.71],[25.98,62.706],[26.02,62.665],[26.029,62.632],[25.913,62.648],[25.821,62.613],[25.834,62.535],[25.938,62.462],[26.024,62.477],[26.056,62.521],[26.096,62.519],[26.103,62.488],[26.069,62.454],[26.084,62.421],[26.16,62.388],[26.185,62.46],[26.178,62.55],[26.217,62.572],[26.342,62.608],[26.359,62.633],[26.451,62.633],[26.469,62.704],[26.387,62.789],[26.358,62.826],[26.359,62.854],[26.447,62.797],[26.502,62.75],[26.563,62.706],[26.69,62.637],[26.785,62.609],[26.813,62.623],[26.827,62.659],[26.822,62.697],[26.75,62.742],[26.689,62.787],[26.671,62.817],[26.595,62.872],[26.568,62.9],[26.59,62.901]],[[28.073,64.121],[28.009,64.128],[27.929,64.145],[27.653,64.225],[27.562,64.274],[27.506,64.27],[27.481,64.25],[27.421,64.23],[27.323,64.209],[27.282,64.173],[27.288,64.131],[27.258,64.12],[27.2,64.158],[27.073,64.201],[26.942,64.238],[26.921,64.278],[26.793,64.362],[26.78,64.391],[26.815,64.415],[26.831,64.44],[26.814,64.469],[26.827,64.505],[26.866,64.53],[27.112,64.523],[27.214,64.497],[27.217,64.414],[27.262,64.369],[27.365,64.33],[27.469,64.339],[27.578,64.38],[27.727,64.397],[27.925,64.381],[27.913,64.333],[27.93,64.307],[27.883,64.309],[27.801,64.304],[27.738,64.282],[27.765,64.245],[27.859,64.233],[27.94,64.205],[28.058,64.178],[28.157,64.16],[28.186,64.142],[28.188,64.131],[28.164,64.121],[28.073,64.121]],[[27.324,58.402],[27.237,58.452],[27.157,58.648],[26.966,58.806],[26.974,58.884],[27.107,58.954],[27.298,58.995],[27.524,59.007],[27.683,58.98],[27.748,58.912],[27.814,58.571],[27.821,58.485],[27.798,58.447],[27.748,58.43],[27.583,58.306],[27.561,58.257],[27.569,58.215],[27.497,58.184],[27.473,58.217],[27.425,58.303],[27.324,58.402]],[[14.543,58.138],[14.499,58.085],[14.339,57.933],[14.245,57.809],[14.159,57.796],[14.121,57.925],[14.213,58.15],[14.391,58.406],[14.507,58.561],[14.632,58.68],[14.726,58.731],[14.817,58.791],[14.932,58.854],[14.968,58.849],[14.962,58.835],[14.933,58.784],[14.941,58.756],[14.929,58.7],[14.9,58.635],[14.891,58.592],[14.963,58.539],[14.946,58.511],[14.827,58.462],[14.686,58.395],[14.622,58.299],[14.582,58.202],[14.543,58.138]],[[26.64,62.011],[26.705,61.993],[26.755,61.975],[26.819,61.948],[26.873,61.902],[26.881,61.871],[26.877,61.855],[26.894,61.797],[26.9,61.753],[26.927,61.73],[26.983,61.712],[27.028,61.704],[27.043,61.688],[27.045,61.671],[27.037,61.662],[26.998,61.664],[26.938,61.67],[26.863,61.696],[26.795,61.703],[26.743,61.694],[26.77,61.666],[26.837,61.648],[26.879,61.626],[26.884,61.594],[26.886,61.581],[26.89,61.569],[26.87,61.564],[26.834,61.573],[26.811,61.571],[26.796,61.558],[26.778,61.576],[26.758,61.612],[26.665,61.681],[26.554,61.758],[26.468,61.791],[26.406,61.809],[26.35,61.834],[26.29,61.854],[26.276,61.866],[26.305,61.9],[26.351,61.935],[26.412,61.976],[26.442,61.962],[26.428,61.945],[26.391,61.905],[26.376,61.87],[26.418,61.863],[26.464,61.875],[26.491,61.89],[26.524,61.9],[26.54,61.915],[26.527,61.928],[26.531,61.939],[26.575,61.937],[26.603,61.917],[26.631,61.886],[26.668,61.868],[26.684,61.872],[26.686,61.881],[26.692,61.888],[26.713,61.886],[26.744,61.871],[26.774,61.861],[26.796,61.871],[26.81,61.887],[26.809,61.902],[26.764,61.913],[26.698,61.931],[26.644,61.968],[26.591,62.022],[26.588,62.037],[26.64,62.011]],[[26.246,61.822],[26.265,61.785],[26.278,61.751],[26.279,61.733],[26.295,61.716],[26.329,61.714],[26.354,61.715],[26.406,61.717],[26.438,61.735],[26.466,61.735],[26.507,61.718],[26.543,61.688],[26.563,61.648],[26.57,61.623],[26.567,61.616],[26.545,61.609],[26.473,61.612],[26.346,61.655],[26.24,61.718],[26.183,61.73],[26.121,61.716],[26.077,61.704],[26.072,61.679],[26.085,61.657],[26.103,61.648],[26.123,61.657],[26.144,61.669],[26.167,61.653],[26.183,61.629],[26.172,61.6],[26.158,61.565],[26.148,61.546],[26.114,61.542],[26.059,61.555],[26.007,61.59],[25.958,61.619],[25.9,61.647],[25.891,61.675],[25.931,61.691],[25.955,61.717],[25.966,61.743],[25.953,61.767],[25.936,61.786],[25.944,61.796],[26.032,61.772],[26.126,61.767],[26.176,61.798],[26.219,61.841],[26.237,61.841],[26.246,61.822]],[[24.422,61.621],[24.454,61.626],[24.481,61.647],[24.497,61.668],[24.491,61.679],[24.524,61.687],[24.604,61.703],[24.691,61.721],[24.702,61.702],[24.674,61.668],[24.659,61.656],[24.635,61.656],[24.608,61.654],[24.558,61.64],[24.493,61.614],[24.456,61.59],[24.507,61.552],[24.469,61.528],[24.342,61.52],[24.265,61.496],[24.194,61.457],[24.172,61.423],[24.169,61.404],[24.153,61.376],[24.128,61.344],[24.158,61.328],[24.24,61.315],[24.279,61.293],[24.245,61.289],[24.161,61.28],[24.08,61.26],[24.024,61.247],[24.014,61.231],[24.041,61.207],[24.092,61.185],[24.176,61.183],[24.242,61.195],[24.296,61.187],[24.355,61.162],[24.372,61.145],[24.354,61.142],[24.33,61.139],[24.337,61.12],[24.396,61.071],[24.439,61.031],[24.414,61.036],[24.352,61.073],[24.277,61.093],[24.03,61.154],[23.875,61.183],[23.781,61.214],[23.773,61.283],[23.803,61.26],[23.845,61.228],[23.919,61.211],[23.952,61.224],[23.981,61.256],[24.021,61.282],[24.035,61.312],[24.017,61.369],[24.043,61.423],[24.171,61.484],[24.254,61.529],[24.306,61.553],[24.358,61.587],[24.333,61.607],[24.309,61.621],[24.321,61.633],[24.368,61.629],[24.422,61.621]],[[23.743,61.673],[23.739,61.651],[23.82,61.646],[23.834,61.636],[23.772,61.618],[23.784,61.612],[23.798,61.599],[23.791,61.56],[23.776,61.521],[23.73,61.495],[23.611,61.46],[23.511,61.419],[23.507,61.391],[23.528,61.369],[23.568,61.348],[23.646,61.331],[23.707,61.317],[23.712,61.304],[23.717,61.287],[23.725,61.27],[23.717,61.262],[23.675,61.276],[23.572,61.296],[23.485,61.331],[23.44,61.371],[23.38,61.382],[23.349,61.39],[23.365,61.403],[23.416,61.418],[23.509,61.451],[23.639,61.491],[23.709,61.511],[23.677,61.531],[23.638,61.556],[23.627,61.589],[23.599,61.623],[23.57,61.641],[23.603,61.647],[23.632,61.652],[23.627,61.665],[23.603,61.688],[23.621,61.712],[23.667,61.728],[23.667,61.745],[23.68,61.777],[23.692,61.81],[23.703,61.825],[23.725,61.836],[23.708,61.865],[23.751,61.877],[23.838,61.87],[23.861,61.879],[23.859,61.894],[23.865,61.911],[23.951,61.944],[24.032,61.974],[24.025,61.987],[24.016,62],[24.015,62.038],[24.003,62.076],[23.974,62.09],[23.873,62.095],[23.738,62.103],[23.681,62.116],[23.684,62.125],[23.673,62.137],[23.649,62.166],[23.638,62.197],[23.645,62.215],[23.675,62.227],[23.699,62.227],[23.691,62.213],[23.683,62.191],[23.701,62.164],[23.75,62.159],[23.81,62.155],[23.855,62.14],[23.885,62.142],[23.906,62.154],[23.915,62.188],[23.928,62.221],[23.968,62.233],[23.999,62.232],[23.979,62.208],[23.953,62.178],[23.954,62.16],[23.98,62.16],[24.034,62.154],[24.122,62.151],[24.181,62.157],[24.146,62.143],[24.123,62.123],[24.117,62.092],[24.126,62.057],[24.181,62.045],[24.22,62.045],[24.257,62.08],[24.285,62.117],[24.301,62.12],[24.321,62.115],[24.335,62.103],[24.319,62.073],[24.304,62.042],[24.324,62.03],[24.375,62.029],[24.498,62.027],[24.565,62.045],[24.524,62.081],[24.459,62.099],[24.384,62.119],[24.343,62.146],[24.363,62.156],[24.438,62.141],[24.533,62.106],[24.595,62.09],[24.611,62.109],[24.599,62.146],[24.582,62.18],[24.585,62.197],[24.601,62.201],[24.615,62.205],[24.613,62.227],[24.611,62.251],[24.63,62.263],[24.662,62.266],[24.674,62.229],[24.682,62.194],[24.722,62.198],[24.728,62.181],[24.709,62.134],[24.686,62.095],[24.63,62.043],[24.634,61.986],[24.684,61.949],[24.706,61.921],[24.678,61.929],[24.599,61.965],[24.549,61.993],[24.482,62.001],[24.417,61.995],[24.417,61.987],[24.377,61.99],[24.294,61.996],[24.181,62.01],[24.094,62.02],[24.119,61.988],[24.105,61.951],[24.053,61.927],[24.004,61.907],[23.962,61.894],[23.954,61.88],[23.852,61.835],[23.758,61.786],[23.776,61.756],[23.786,61.729],[23.767,61.703],[23.743,61.673]]],[[[9.066,53.854],[8.872,53.811],[8.746,53.84],[8.663,53.902],[8.516,53.761],[8.436,53.625],[8.803,53.542],[9.335,53.591],[9.066,53.854]]],[[[15.205,54.039],[15.08,54.003],[14.886,53.98],[14.58,53.929],[14.467,53.91],[14.473,53.877],[14.483,53.819],[14.557,53.76],[14.565,53.694],[14.495,53.625],[14.537,53.538],[14.433,53.594],[14.28,53.613],[14.19,53.625],[14.177,53.683],[14.01,53.673],[13.85,53.729],[13.78,53.775],[13.764,53.877],[13.738,54.03],[13.668,54.084],[13.431,54.03],[13.349,54.063],[13.064,54.194],[13.026,54.265],[12.943,54.347],[12.765,54.27],[12.653,54.321],[12.463,54.255],[12.429,54.243],[13.209,53.534],[15.12,53.246],[15.205,54.039]]],[[[19.915,80.633],[19.399,80.369],[19.068,80.165],[18.696,80.087],[18.331,79.882],[19.218,79.74],[19.562,79.768],[20.344,79.796],[21.253,79.789],[21.971,79.783],[21.655,79.478],[20.983,79.361],[20.998,79.191],[23.821,79.147],[24.416,79.312],[24.855,79.375],[25.337,79.403],[26.067,79.574],[26.969,79.854],[27.197,79.944],[26.949,80.114],[26.254,80.199],[25.351,80.149],[25.034,80.167],[24.783,80.38],[24.421,80.437],[23.944,80.32],[23.498,80.097],[23.115,80.096],[23.077,80.241],[23.216,80.611],[22.826,80.473],[22.587,80.269],[22.198,80.123],[21.881,80.277],[21.476,80.315],[20.974,80.275],[20.524,80.322],[19.915,80.633]]],[[[19.037,57.896],[19.073,57.862],[19.078,57.858],[19.093,57.852],[19.126,57.84],[19.14,57.902],[19.142,57.908],[19.146,57.914],[19.151,57.919],[19.163,57.927],[19.171,57.929],[19.238,57.947],[19.257,57.949],[19.268,57.949],[19.274,57.945],[19.277,57.94],[19.287,57.937],[19.334,57.956],[19.336,57.961],[19.332,57.965],[19.307,57.974],[19.296,57.977],[19.286,57.977],[19.105,57.975],[19.096,57.974],[19.089,57.97],[19.036,57.919],[19.034,57.912],[19.034,57.901],[19.037,57.896]]],[[[18.119,57.531],[18.111,57.519],[18.11,57.513],[18.11,57.496],[18.115,57.481],[18.142,57.409],[18.158,57.316],[18.148,57.235],[18.173,57.142],[18.254,57.079],[18.257,57.032],[18.209,56.989],[18.158,56.942],[18.142,56.92],[18.14,56.915],[18.148,56.912],[18.169,56.91],[18.206,56.912],[18.216,56.913],[18.295,56.935],[18.302,56.937],[18.347,56.999],[18.343,57.014],[18.336,57.017],[18.336,57.023],[18.339,57.069],[18.341,57.074],[18.346,57.08],[18.387,57.125],[18.391,57.13],[18.397,57.134],[18.417,57.144],[18.439,57.153],[18.456,57.157],[18.498,57.165],[18.515,57.169],[18.552,57.183],[18.658,57.221],[18.712,57.242],[18.714,57.247],[18.788,57.448],[18.769,57.467],[18.768,57.472],[18.76,57.508],[18.793,57.659],[18.809,57.704],[18.849,57.721],[18.929,57.74],[19.033,57.827],[19.004,57.899],[19.006,57.904],[19.005,57.909],[18.914,57.917],[18.902,57.918],[18.882,57.92],[18.725,57.923],[18.716,57.921],[18.69,57.916],[18.682,57.914],[18.481,57.819],[18.467,57.812],[18.461,57.808],[18.456,57.803],[18.42,57.76],[18.402,57.739],[18.382,57.719],[18.356,57.696],[18.339,57.682],[18.295,57.646],[18.276,57.634],[18.249,57.621],[18.242,57.617],[18.228,57.611],[18.212,57.606],[18.191,57.596],[18.179,57.588],[18.139,57.551],[18.119,57.531]]],[[[27.842,62.911],[27.886,62.834],[28.011,62.775],[28.072,62.746],[28.109,62.755],[28.109,62.788],[28.099,62.852],[28.075,62.935],[28.062,62.976],[27.991,62.978],[27.986,62.977],[27.903,62.973],[27.849,62.951],[27.842,62.911]]],[[[27.588,61.266],[27.637,61.273],[27.677,61.31],[27.659,61.355],[27.629,61.383],[27.556,61.397],[27.509,61.409],[27.418,61.437],[27.36,61.422],[27.328,61.4],[27.368,61.369],[27.475,61.315],[27.588,61.266]]],[[[27.662,61.435],[27.712,61.403],[27.75,61.401],[27.798,61.405],[27.914,61.442],[27.959,61.48],[27.969,61.503],[27.946,61.527],[27.923,61.526],[27.859,61.519],[27.794,61.538],[27.732,61.547],[27.712,61.534],[27.7,61.488],[27.666,61.483],[27.59,61.486],[27.548,61.491],[27.52,61.485],[27.564,61.456],[27.662,61.435]]],[[[28.495,61.444],[28.496,61.478],[28.445,61.516],[28.459,61.558],[28.493,61.602],[28.536,61.622],[28.515,61.699],[28.476,61.723],[28.388,61.712],[28.328,61.73],[28.277,61.71],[28.281,61.665],[28.286,61.623],[28.308,61.582],[28.243,61.539],[28.24,61.523],[28.255,61.497],[28.245,61.473],[28.226,61.443],[28.24,61.394],[28.307,61.408],[28.416,61.416],[28.495,61.444]]],[[[29.442,62.038],[29.363,62.105],[29.322,62.13],[29.232,62.126],[29.187,62.122],[29.102,62.118],[29.019,62.125],[28.939,62.105],[28.809,62.082],[28.703,62.082],[28.691,62.036],[28.714,61.995],[28.828,61.963],[28.944,61.873],[28.99,61.802],[29.137,61.775],[29.255,61.807],[29.309,61.87],[29.327,61.944],[29.342,61.971],[29.403,61.975],[29.445,61.948],[29.474,61.951],[29.477,61.967],[29.442,62.038]]],[[[16.416,56.215],[16.421,56.211],[16.43,56.209],[16.437,56.211],[16.474,56.224],[16.486,56.231],[16.496,56.241],[16.553,56.326],[16.572,56.355],[16.576,56.361],[16.575,56.367],[16.572,56.372],[16.57,56.377],[16.569,56.388],[16.571,56.394],[16.577,56.407],[16.636,56.519],[16.727,56.702],[16.77,56.796],[16.779,56.806],[16.785,56.81],[16.808,56.824],[16.817,56.826],[16.828,56.825],[16.837,56.827],[16.841,56.832],[16.848,56.844],[16.88,56.93],[16.927,57.038],[16.961,57.075],[17.009,57.132],[17.051,57.187],[17.124,57.321],[17.106,57.348],[17.099,57.351],[17.057,57.359],[17.036,57.352],[17.022,57.345],[17.01,57.337],[16.993,57.325],[16.983,57.316],[16.973,57.305],[16.966,57.294],[16.961,57.28],[16.959,57.274],[16.96,57.257],[16.966,57.242],[16.963,57.229],[16.959,57.224],[16.9,57.135],[16.848,57.064],[16.749,56.94],[16.645,56.884],[16.629,56.879],[16.617,56.874],[16.612,56.868],[16.543,56.776],[16.42,56.586],[16.396,56.536],[16.393,56.529],[16.392,56.465],[16.403,56.274],[16.411,56.225],[16.416,56.215]]],[[[22.475,58.242],[22.487,58.242],[22.521,58.242],[22.582,58.241],[22.649,58.23],[22.757,58.24],[23.029,58.358],[23.064,58.386],[23.077,58.414],[23.142,58.444],[23.198,58.45],[23.206,58.445],[23.226,58.437],[23.25,58.43],[23.267,58.429],[23.328,58.434],[23.333,58.442],[23.332,58.45],[23.32,58.462],[23.289,58.482],[23.273,58.492],[23.263,58.496],[23.091,58.564],[22.991,58.598],[22.979,58.601],[22.917,58.616],[22.905,58.617],[22.872,58.618],[22.824,58.617],[22.808,58.616],[22.776,58.606],[22.768,58.6],[22.624,58.593],[22.502,58.602],[22.327,58.577],[22.198,58.549],[22.189,58.545],[22.112,58.492],[22.001,58.515],[21.985,58.516],[21.925,58.517],[21.843,58.508],[21.832,58.505],[21.851,58.488],[21.868,58.478],[21.878,58.474],[21.902,58.468],[21.91,58.463],[21.917,58.457],[21.996,58.381],[22.006,58.36],[22.008,58.353],[21.956,58.343],[21.899,58.343],[21.885,58.343],[21.874,58.34],[21.844,58.299],[21.841,58.293],[21.844,58.286],[21.849,58.279],[21.87,58.262],[21.884,58.252],[22.069,58.175],[22.079,58.171],[22.132,58.161],[22.145,58.159],[22.177,58.159],[22.189,58.156],[22.197,58.151],[22.201,58.145],[22.197,58.137],[22.151,58.086],[22.112,58.084],[22.101,58.085],[22.09,58.082],[22.082,58.077],[21.986,57.976],[21.981,57.958],[21.994,57.923],[22.001,57.917],[22.01,57.913],[22.022,57.91],[22.038,57.908],[22.052,57.91],[22.073,57.917],[22.099,57.931],[22.202,57.986],[22.262,58.094],[22.265,58.102],[22.276,58.142],[22.274,58.15],[22.269,58.156],[22.266,58.164],[22.267,58.171],[22.272,58.179],[22.279,58.184],[22.289,58.188],[22.367,58.22],[22.378,58.223],[22.475,58.242]]],[[[22.816,58.773],[22.848,58.774],[22.884,58.78],[22.887,58.788],[22.889,58.811],[22.882,58.817],[22.868,58.819],[22.866,58.824],[22.884,58.833],[22.948,58.844],[22.961,58.845],[23.005,58.831],[23.022,58.821],[23.045,58.836],[23.048,58.844],[23.044,58.851],[22.952,58.967],[22.93,58.982],[22.861,59.002],[22.843,59.002],[22.801,58.997],[22.75,59],[22.734,59.001],[22.72,59.004],[22.703,59.014],[22.699,59.02],[22.695,59.044],[22.699,59.051],[22.576,59.069],[22.524,59.022],[22.488,58.992],[22.468,58.978],[22.434,58.966],[22.376,58.952],[22.191,58.947],[22.065,58.952],[22.052,58.95],[22.046,58.945],[22.042,58.94],[22.045,58.932],[22.053,58.928],[22.064,58.924],[22.165,58.892],[22.177,58.889],[22.229,58.878],[22.246,58.879],[22.277,58.889],[22.336,58.892],[22.37,58.89],[22.382,58.887],[22.39,58.882],[22.405,58.872],[22.426,58.855],[22.446,58.838],[22.45,58.831],[22.472,58.764],[22.469,58.716],[22.465,58.71],[22.47,58.704],[22.48,58.7],[22.518,58.691],[22.532,58.689],[22.547,58.687],[22.565,58.687],[22.596,58.688],[22.624,58.691],[22.646,58.698],[22.667,58.705],[22.675,58.711],[22.681,58.717],[22.69,58.731],[22.692,58.739],[22.701,58.754],[22.721,58.782],[22.739,58.8],[22.747,58.806],[22.776,58.819],[22.798,58.825],[22.812,58.826],[22.826,58.824],[22.829,58.818],[22.823,58.812],[22.804,58.804],[22.793,58.8],[22.783,58.796],[22.777,58.79],[22.778,58.782],[22.784,58.776],[22.798,58.774],[22.816,58.773]]],[[[20.211,59.98],[20.226,60],[20.227,60.003],[20.212,60.06],[20.205,60.064],[20.193,60.065],[20.164,60.069],[20.123,60.081],[20.11,60.088],[20.109,60.092],[20.103,60.096],[20.094,60.093],[20.008,60.067],[20.003,60.062],[19.999,60.055],[20.004,60.051],[20.129,59.995],[20.137,59.992],[20.203,59.977],[20.211,59.98]]],[[[19.612,60.253],[19.602,60.256],[19.589,60.257],[19.58,60.255],[19.572,60.252],[19.565,60.249],[19.541,60.23],[19.536,60.225],[19.512,60.181],[19.511,60.175],[19.523,60.151],[19.543,60.128],[19.551,60.125],[19.563,60.123],[19.575,60.122],[19.604,60.153],[19.673,60.15],[19.677,60.157],[19.674,60.173],[19.669,60.189],[19.666,60.193],[19.627,60.244],[19.612,60.253]]],[[[20.037,60.311],[20.047,60.308],[20.062,60.301],[20.067,60.296],[20.12,60.24],[20.123,60.226],[20.106,60.221],[20.101,60.216],[20.082,60.179],[20.086,60.174],[20.092,60.17],[20.162,60.162],[20.172,60.164],[20.218,60.208],[20.277,60.274],[20.085,60.35],[19.906,60.4],[19.869,60.404],[19.857,60.404],[19.825,60.392],[19.808,60.377],[19.783,60.354],[19.78,60.349],[19.834,60.322],[19.839,60.32],[19.862,60.312],[19.868,60.317],[19.872,60.323],[19.874,60.329],[19.878,60.336],[19.883,60.342],[19.892,60.343],[19.899,60.34],[19.931,60.304],[19.937,60.295],[19.937,60.289],[19.935,60.283],[19.931,60.277],[19.817,60.188],[19.809,60.185],[19.796,60.187],[19.793,60.191],[19.761,60.238],[19.762,60.244],[19.768,60.249],[19.777,60.261],[19.783,60.293],[19.749,60.305],[19.649,60.262],[19.648,60.257],[19.696,60.164],[19.699,60.159],[19.722,60.126],[19.751,60.095],[19.772,60.081],[19.848,60.076],[19.859,60.076],[19.868,60.077],[19.873,60.081],[19.87,60.086],[19.869,60.091],[19.875,60.095],[19.895,60.097],[19.908,60.095],[19.918,60.093],[19.925,60.089],[19.928,60.084],[19.939,60.059],[19.944,60.043],[19.948,60.079],[19.951,60.085],[19.958,60.089],[19.968,60.09],[19.999,60.089],[20.022,60.086],[20.044,60.086],[20.051,60.09],[20.053,60.096],[20.051,60.101],[20.026,60.154],[19.987,60.17],[19.946,60.181],[19.937,60.184],[19.931,60.188],[19.927,60.193],[19.914,60.212],[19.914,60.217],[20.025,60.311],[20.037,60.311]]],[[[14.473,53.877],[14.425,53.915],[14.305,53.915],[14.227,53.91],[14.248,53.816],[14.334,53.83],[14.459,53.819],[14.473,53.877]]],[[[13.778,54.044],[13.777,53.949],[13.828,53.83],[14.029,53.865],[14.068,53.843],[14.145,53.826],[14.205,53.813],[14.174,53.907],[14.07,53.918],[13.778,54.044]]]]},"properties":{"NAME":"Sweden","SUBJECTO":"Sweden","PARTOF":"Sweden","ABBREVN":"Sweden","BORDERPRECISION":3,"fid":754}},
{"type":"Feature","geometry":{"type":"Polygon","coordinates":[[[51.369,47.09],[51.512,47.065],[51.675,47.036],[51.791,47.009],[51.935,46.892],[52.142,46.838],[52.376,46.874],[52.466,46.91],[52.556,46.982],[52.862,46.937],[53.023,46.919],[53.185,46.865],[53.23,46.73],[53.284,46.676],[53.167,46.586],[53.122,46.497],[53.185,46.425],[53.257,46.317],[53.203,46.191],[53.149,45.957],[53.05,45.831],[52.98,45.776],[57.728,44.635],[60.954,45.245],[60.611,45.434],[57.152,51.229],[55.245,51.706],[51.387,51.063],[51.13,50.42],[51.901,49.391],[51.387,48.105],[51.745,47.508],[51.773,47.462],[51.369,47.09]]]},"properties":{"NAME":"Nogai Horde","SUBJECTO":"Nogai Horde","PARTOF":"Nogai Horde","ABBREVN":"Nogai Horde","BORDERPRECISION":1,"fid":755}},
{"type":"Feature","geometry":{"type":"Polygon","coordinates":[[[69.816,41.211],[68.782,40.944],[60.954,45.245],[57.728,44.635],[52.98,45.776],[52.924,45.732],[52.835,45.642],[52.844,45.507],[53.059,45.453],[53.212,45.364],[53.284,45.328],[53.059,45.337],[52.61,45.4],[52.106,45.382],[51.998,45.382],[51.845,45.436],[51.773,45.391],[51.63,45.355],[51.513,45.373],[51.459,45.31],[51.378,45.175],[51.342,45.058],[51.216,45.04],[51.099,44.878],[51.189,44.77],[51.369,44.68],[51.486,44.626],[51.576,44.554],[51.414,44.518],[51.333,44.482],[51.09,44.563],[50.874,44.626],[50.721,44.635],[50.542,44.644],[50.407,44.617],[50.335,44.563],[50.326,44.365],[50.389,44.294],[50.703,44.258],[50.955,44.204],[50.991,44.078],[51.171,43.718],[51.261,43.61],[51.369,43.556],[51.459,43.385],[51.423,43.259],[51.423,43.17],[51.585,43.179],[51.738,43.179],[51.881,43.053],[51.98,42.909],[52.07,42.828],[52.16,42.846],[52.295,42.873],[52.376,42.801],[52.583,42.828],[52.763,42.756],[52.835,42.648],[52.754,42.558],[52.736,42.423],[52.673,42.279],[52.583,42.189],[52.52,42.073],[52.574,42.019],[52.601,41.938],[52.559,41.758],[52.683,41.694],[52.711,41.607],[52.692,41.531],[52.855,41.387],[52.97,41.138],[52.96,41.272],[52.932,41.378],[52.97,41.56],[52.999,41.684],[52.941,41.77],[52.98,41.904],[53.066,42.029],[53.267,42.086],[53.458,42.096],[53.736,42.134],[53.985,42.106],[54.024,42.048],[54.024,41.952],[54.024,41.857],[54.119,41.78],[54.138,41.627],[54.167,41.483],[54.359,41.387],[54.598,41.244],[54.751,41.138],[54.828,40.985],[54.818,40.88],[54.723,40.851],[54.608,40.813],[54.502,40.851],[54.455,40.918],[54.368,40.899],[54.387,40.803],[54.455,40.717],[54.416,40.659],[54.33,40.688],[54.225,40.726],[54.11,40.678],[53.976,40.65],[53.842,40.64],[53.794,40.726],[53.765,40.87],[53.698,40.88],[53.65,40.88],[53.66,40.813],[53.612,40.745],[53.439,40.803],[53.257,40.765],[53.181,40.841],[53.152,40.899],[53.056,41.052],[53.018,40.947],[52.97,40.822],[52.951,40.707],[52.903,40.563],[52.826,40.468],[52.845,40.334],[52.845,40.18],[52.912,40.046],[52.989,39.931],[53.047,39.998],[53.19,39.96],[53.363,39.96],[53.506,39.998],[53.688,39.979],[53.593,39.893],[53.516,39.778],[53.554,39.654],[53.669,39.644],[53.813,39.548],[53.794,39.491],[53.736,39.5],[53.545,39.539],[53.372,39.52],[53.315,39.567],[53.248,39.452],[53.209,39.405],[53.248,39.299],[53.334,39.385],[53.497,39.338],[53.583,39.318],[53.66,39.318],[53.679,39.251],[53.775,39.136],[53.918,39.05],[54.033,38.993],[54.071,38.897],[54.033,38.792],[53.985,38.657],[53.937,38.571],[53.937,38.332],[53.937,38.159],[56.43,38.21],[58.619,39.052],[60.377,39.178],[60.978,39.22],[62.114,39.22],[62.662,39.22],[64.347,37.873],[64.405,37.64],[64.684,36.525],[66.336,36.307],[69.232,37.368],[70.095,37.907],[69.816,41.211]]]},"properties":{"NAME":"Khiva Khanate","SUBJECTO":"Khiva Khanate","PARTOF":"Khiva Khanate","ABBREVN":"Khiva Khanate","BORDERPRECISION":1,"fid":756}},
{"type":"Feature","geometry":{"type":"Polygon","coordinates":[[[85.605,48.234],[85.601,48.231],[85.383,48.148],[83.116,48.283],[84.267,49.205],[81.479,50.291],[78.65,50.806],[74.921,54.149],[74.63,54.324],[72.992,55.307],[64.687,54.272],[64.457,53.581],[63.995,52.798],[63.038,51.176],[60.82,50.859],[58.331,50.934],[57.152,51.229],[60.611,45.434],[60.954,45.245],[68.782,40.944],[69.816,41.211],[80.94,44.078],[85.535,47.181],[85.605,48.234]]]},"properties":{"NAME":"Quazaq Khanate","SUBJECTO":"Quazaq Khanate","PARTOF":"Quazaq Khanate","ABBREVN":"Quazaq Khanate","BORDERPRECISION":1,"fid":757}},
{"type":"Feature","geometry":{"type":"Polygon","coordinates":[[[49.478,30.053],[49.511,30.021],[49.718,30.002],[50.132,30.066],[50.36,29.743],[50.705,29.401],[50.702,29.134],[50.797,29.013],[51.082,28.512],[51.35,28.036],[51.611,27.827],[51.699,27.815],[51.962,27.777],[52.41,27.581],[52.634,27.315],[52.78,27.188],[52.891,27.052],[53.381,26.91],[53.634,26.748],[54.065,26.701],[54.646,26.391],[54.76,26.411],[54.926,26.538],[55.098,26.737],[55.34,26.799],[55.425,26.963],[55.658,26.997],[55.805,27.005],[55.9,27.105],[56.068,27.112],[56.431,27.107],[56.668,27.05],[56.684,26.968],[56.79,26.974],[56.929,26.752],[56.935,26.465],[57.066,26.307],[57.112,26.076],[57.245,26.018],[57.255,25.793],[57.328,25.787],[57.465,25.705],[57.805,25.648],[57.9,25.541],[58.11,25.547],[58.369,25.548],[58.744,25.536],[58.818,25.479],[59.031,25.308],[59.302,25.34],[59.655,25.322],[60.298,25.323],[60.48,25.298],[60.752,25.184],[60.858,25.096],[61.344,25.027],[61.57,25.04],[61.813,25.053],[62.138,25.105],[62.45,25.163],[63.018,25.157],[63.404,25.165],[63.65,25.337],[64.059,25.401],[64.12,25.312],[64.238,25.211],[64.425,25.173],[64.851,25.206],[65.216,25.27],[65.769,25.309],[66.3,25.495],[66.928,28.112],[66.767,30.415],[67.629,31.134],[67.486,32.427],[67.773,33.433],[67.054,35.589],[65.474,35.014],[66.336,36.307],[64.684,36.525],[64.405,37.64],[64.347,37.873],[62.662,39.22],[62.114,39.22],[60.978,39.22],[60.377,39.178],[58.619,39.052],[56.43,38.21],[53.937,38.159],[53.88,38.025],[53.928,37.824],[53.985,37.518],[54.015,37.348],[54.009,37.349],[54.067,36.942],[53.984,36.782],[53.8,36.679],[53.139,36.644],[52.602,36.577],[51.993,36.459],[51.796,36.432],[51.417,36.456],[50.561,36.686],[50.469,36.748],[49.557,34.256],[49.478,30.053]]]},"properties":{"NAME":"Safavid Empire","SUBJECTO":"Safavid Empire","PARTOF":"Safavid Empire","ABBREVN":"Safavid Empi","BORDERPRECISION":3,"fid":759}},
{"type":"Feature","geometry":{"type":"Polygon","coordinates":[[[3.039,42.869],[3.068,42.945],[3.318,43.196],[3.479,43.312],[3.807,43.467],[4.078,43.487],[4.417,43.346],[4.647,43.321],[4.751,43.353],[4.91,43.366],[5.052,43.328],[5.434,43.104],[5.647,43.033],[5.829,43.021],[6.188,43.092],[6.331,43.112],[6.523,43.151],[6.923,43.448],[7.298,43.667],[7.397,43.764],[7.355,43.902],[6.923,43.815],[6.886,43.902],[6.96,43.914],[6.923,43.976],[6.997,44.05],[6.972,44.062],[6.935,44.136],[6.886,44.149],[6.836,44.112],[6.787,44.198],[6.787,44.297],[6.87,44.349],[6.783,44.548],[6.925,44.715],[7.003,44.72],[6.943,44.869],[6.665,44.955],[6.507,45.116],[6.28,45.199],[6.243,45.297],[6.268,45.322],[6.219,45.347],[6.145,45.322],[6.083,45.372],[6.033,45.334],[6.058,45.223],[5.947,45.26],[5.935,45.322],[5.823,45.396],[5.607,45.847],[5.357,45.876],[5.357,46.053],[5.533,46.009],[5.533,46.097],[5.268,46.318],[5.416,46.524],[5.646,46.457],[5.725,46.48],[5.74,46.598],[5.626,46.649],[5.646,46.85],[5.757,46.887],[5.794,46.997],[5.667,47.108],[5.737,47.234],[5.779,47.359],[5.793,47.512],[5.918,47.595],[5.82,47.735],[5.96,47.804],[5.96,47.985],[6.057,47.957],[6.099,48.027],[6.252,47.957],[6.238,48.291],[5.946,48.347],[6.015,48.653],[5.834,48.778],[6.001,48.904],[5.876,49.071],[5.723,48.959],[5.612,49.21],[5.904,49.196],[5.909,49.201],[5.361,49.697],[4.255,49.887],[3.82,50.039],[3.483,49.92],[2.907,49.943],[2.677,50.151],[2.401,50.197],[2.148,50.059],[1.987,50.082],[1.987,50.22],[1.826,50.243],[1.796,50.921],[1.589,50.822],[1.528,50.578],[1.552,50.229],[1.416,50.11],[1.275,50.004],[0.869,49.907],[0.529,49.826],[0.189,49.681],[0.115,49.602],[0.09,49.511],[0.331,49.455],[0.033,49.334],[-0.204,49.292],[-0.239,49.285],[-0.465,49.351],[-1.023,49.398],[-1.177,49.333],[-1.289,49.521],[-1.251,49.7],[-1.524,49.653],[-1.941,49.709],[-1.892,49.526],[-1.639,49.22],[-1.58,49.229],[-1.563,49.036],[-1.588,48.881],[-1.576,48.768],[-1.457,48.684],[-1.591,48.638],[-1.858,48.608],[-1.871,48.712],[-2.076,48.656],[-2.2,48.599],[-2.343,48.674],[-2.636,48.552],[-2.791,48.59],[-2.914,48.707],[-3.091,48.872],[-3.435,48.836],[-3.558,48.81],[-3.608,48.693],[-3.821,48.721],[-3.902,48.646],[-3.999,48.731],[-4.251,48.652],[-4.488,48.612],[-4.626,48.547],[-4.762,48.552],[-4.78,48.355],[-4.592,48.392],[-4.474,48.383],[-4.35,48.391],[-4.389,48.298],[-4.588,48.251],[-4.351,48.205],[-4.313,48.101],[-4.7,48.064],[-4.675,48.017],[-4.51,47.998],[-4.391,47.942],[-4.364,47.829],[-3.955,47.904],[-3.858,47.792],[-3.712,47.798],[-3.434,47.717],[-3.063,47.604],[-2.842,47.492],[-2.614,47.572],[-2.466,47.494],[-2.576,47.325],[-2.494,47.247],[-2.264,47.183],[-2.109,47.124],[-2.005,47.043],[-2.13,46.851],[-1.942,46.706],[-1.711,46.449],[-1.403,46.404],[-1.256,46.307],[-1.166,46.184],[-1.075,46.015],[-1.237,45.8],[-1.247,45.688],[-1.138,45.583],[-0.855,45.321],[-0.728,45.019],[-0.814,45.122],[-0.9,45.294],[-1.123,45.432],[-1.175,45.501],[-1.276,45.129],[-1.332,44.614],[-1.23,44.73],[-1.136,44.6],[-1.314,44.559],[-1.561,43.524],[-1.746,43.36],[-1.915,43.305],[-1.702,43.196],[-1.491,43.21],[-1.466,43.155],[-1.558,43.045],[-1.515,42.998],[-1.448,42.984],[-1.397,43.032],[-0.907,42.881],[-0.84,42.909],[-0.612,42.731],[-0.587,42.765],[-0.469,42.751],[-0.41,42.786],[-0.216,42.717],[-0.204,42.7],[-0.166,42.649],[0.18,42.663],[0.196,42.608],[0.348,42.635],[0.592,42.628],[0.584,42.772],[0.744,42.772],[1.307,42.635],[1.316,42.614],[1.456,42.619],[1.577,42.648],[1.755,42.597],[1.792,42.579],[1.731,42.546],[1.728,42.501],[2.103,42.615],[2.272,42.69],[2.481,42.686],[2.49,42.719],[2.701,42.73],[2.825,42.85],[2.949,42.883],[3.039,42.869]]]},"properties":{"NAME":"France","SUBJECTO":"France","PARTOF":"France","ABBREVN":"France","BORDERPRECISION":3,"fid":760}},
{"type":"Feature","geometry":{"type":"Polygon","coordinates":[[[92.51,22.11],[92.529,22.595],[92.266,22.945],[92.179,23.427],[92.047,23.69],[91.916,23.515],[91.828,23.558],[91.828,23.734],[91.478,24.084],[91.259,24.128],[91.303,24.346],[91.566,24.346],[91.522,25.003],[91.741,25.003],[91.434,25.266],[91.478,25.485],[91.566,25.704],[91.434,25.791],[91.566,26.054],[91.434,26.098],[90,25.966],[90,26.36],[91.162,26.75],[91.064,26.753],[90.597,26.764],[90,26.779],[90,26.719],[89.834,26.685],[89.796,26.695],[89.405,26.791],[89.154,26.828],[88.868,26.908],[88.602,26.64],[88.232,26.757],[88.039,27.129],[88.071,27.523],[88.162,27.741],[88.214,27.866],[88.197,27.876],[87.902,27.947],[87.75,27.821],[87.597,27.873],[87.214,27.843],[87.071,28.007],[86.787,28.133],[86.604,28.133],[86.568,27.985],[86.446,27.947],[86.138,28.119],[86.142,27.955],[86.036,27.91],[85.972,28.119],[85.876,28.206],[85.859,28.202],[85.862,28.201],[84.509,27.312],[83.079,27.277],[80.103,29.015],[81.108,30.191],[81.343,30.191],[81.407,30.441],[80.175,31.573],[79.619,34.137],[79.329,35.628],[77.264,36.844],[75.246,38.032],[73.809,38.032],[69.497,35.876],[66.336,36.307],[65.474,35.014],[67.054,35.589],[67.773,33.433],[67.486,32.427],[67.629,31.134],[66.767,30.415],[66.928,28.112],[66.3,25.495],[66.432,25.489],[66.621,25.317],[66.701,25.114],[66.648,24.905],[66.654,24.784],[66.702,24.752],[67,24.715],[67.154,24.652],[67.204,24.588],[67.316,24.093],[67.486,23.928],[67.692,23.814],[68.047,23.764],[68.072,23.675],[68.373,23.326],[68.791,23.029],[68.882,22.997],[69.107,22.899],[69.392,22.839],[69.665,22.789],[70.046,22.777],[70.31,22.829],[70.381,22.861],[70.411,22.753],[70.176,22.479],[69.969,22.351],[69.769,22.288],[69.492,22.249],[69.014,22.305],[68.894,22.286],[69.126,21.969],[69.752,21.398],[70.21,20.948],[70.467,20.777],[70.855,20.651],[71.024,20.657],[71.303,20.772],[71.529,20.824],[71.894,20.99],[72.121,21.155],[72.256,21.353],[72.289,21.55],[72.256,21.632],[72.131,21.746],[72.127,21.829],[72.233,22.02],[72.319,22.115],[72.696,22.129],[72.666,21.849],[72.715,21.436],[72.766,21.15],[72.931,20.954],[73.113,20.827],[73.11,20.687],[72.864,20.312],[72.759,20.058],[72.783,19.95],[74.093,21.109],[74.801,21.109],[75.297,19.41],[77.279,19.622],[77.053,20.811],[76.996,21.109],[77.279,22.029],[77.067,22.808],[77.492,23.658],[82.377,23.658],[84.289,24.224],[85.634,23.87],[85.705,23.162],[85.209,22.383],[85.351,21.534],[86.844,20.875],[86.796,21.136],[86.819,21.187],[86.937,21.288],[87.194,21.384],[87.641,21.563],[87.867,21.697],[88.053,21.939],[88.122,21.863],[88.248,21.596],[88.3,21.552],[88.377,21.577],[88.454,21.736],[88.568,21.895],[88.657,21.857],[88.723,21.54],[88.881,21.515],[89.026,21.547],[88.995,21.629],[89.072,21.774],[89.234,21.655],[89.457,21.942],[89.579,21.701],[89.67,21.72],[89.796,21.832],[89.87,22.133],[89.903,22.108],[90,21.93],[90,22.02],[90,22.058],[90,22.135],[90,22.325],[90,22.561],[91.081,22.561],[91.41,22.721],[91.571,22.543],[91.846,21.909],[91.946,21.363],[92.067,21.115],[92.124,20.996],[92.237,21.15],[92.598,21.387],[92.51,22.11]]]},"properties":{"NAME":"Mughal Empire","SUBJECTO":"Mughal Empire","PARTOF":"Mughal Empire","ABBREVN":"MughalEmpire","BORDERPRECISION":3,"fid":761}},
{"type":"Feature","geometry":{"type":"Polygon","coordinates":[[[85.876,28.206],[85.729,28.342],[85.608,28.32],[85.167,28.526],[85.217,28.639],[85.07,28.647],[85.008,28.6],[84.269,28.946],[84.298,29.064],[84.219,29.235],[84.088,29.309],[83.769,29.257],[83.718,29.203],[83.657,29.232],[83.402,29.54],[83.197,29.666],[83.13,29.607],[82.918,29.703],[82.591,29.971],[82.207,30.089],[82.201,30.092],[82.142,30.366],[81.656,30.455],[81.573,30.373],[81.449,30.403],[81.407,30.441],[81.343,30.191],[81.108,30.191],[80.103,29.015],[83.079,27.277],[84.509,27.312],[85.862,28.201],[85.859,28.202],[85.876,28.206]]]},"properties":{"NAME":"Nepal","SUBJECTO":"Nepal","PARTOF":"Nepal","ABBREVN":"Nepal","BORDERPRECISION":3,"fid":762}},
{"type":"Feature","geometry":{"type":"Polygon","coordinates":[[[98.637,27.479],[100.682,28.691],[102.406,33.721],[101.688,36.307],[100.394,37.744],[99.245,38.75],[89.616,36.882],[80.132,36.882],[79.329,35.628],[79.619,34.137],[80.175,31.573],[81.407,30.441],[81.449,30.403],[81.573,30.373],[81.656,30.455],[82.142,30.366],[82.201,30.092],[82.207,30.089],[82.591,29.971],[82.918,29.703],[83.13,29.607],[83.197,29.666],[83.402,29.54],[83.657,29.232],[83.718,29.203],[83.769,29.257],[84.088,29.309],[84.219,29.235],[84.298,29.064],[84.269,28.946],[85.008,28.6],[85.07,28.647],[85.217,28.639],[85.167,28.526],[85.608,28.32],[85.729,28.342],[85.876,28.206],[85.972,28.119],[86.036,27.91],[86.142,27.955],[86.138,28.119],[86.446,27.947],[86.568,27.985],[86.604,28.133],[86.787,28.133],[87.071,28.007],[87.214,27.843],[87.597,27.873],[87.75,27.821],[87.902,27.947],[88.197,27.876],[88.214,27.866],[88.162,27.741],[89.672,28.197],[89.785,28.023],[91.301,27.997],[92.17,26.987],[91.064,26.753],[91.162,26.75],[90,26.36],[91.547,26.285],[92.401,26.584],[94.324,26.883],[94.837,27.567],[95.478,27.909],[97.34,28.182],[97.341,28.239],[97.478,28.392],[97.603,28.412],[97.83,28.286],[98.009,28.091],[98.118,27.685],[98.216,27.546],[98.345,27.528],[98.572,27.542],[98.637,27.479]]]},"properties":{"NAME":"Tibet","SUBJECTO":"Tibet","PARTOF":"Tibet","ABBREVN":"Tibet","BORDERPRECISION":3,"fid":763}},
{"type":"Feature","geometry":{"type":"Polygon","coordinates":[[[91.064,26.753],[92.17,26.987],[91.301,27.997],[89.785,28.023],[89.672,28.197],[88.162,27.741],[88.071,27.523],[88.039,27.129],[88.232,26.757],[88.602,26.64],[88.868,26.908],[89.154,26.828],[89.405,26.791],[89.796,26.695],[89.834,26.685],[90,26.719],[90,26.779],[90.597,26.764],[91.064,26.753]]]},"properties":{"NAME":"Bhutan","SUBJECTO":"Bhutan","PARTOF":"Bhutan","ABBREVN":"Bhutan","BORDERPRECISION":3,"fid":764}},
{"type":"Feature","geometry":{"type":"Polygon","coordinates":[[[77.387,18.771],[77.071,17.361],[77.174,16.658],[77.997,16.465],[78.322,17.415],[78.173,19.013],[77.387,18.771]]]},"properties":{"NAME":"Bidar","SUBJECTO":"Bidar","PARTOF":"Deccan Sultanates","ABBREVN":"Bidar","BORDERPRECISION":1,"fid":765}},
{"type":"Feature","geometry":{"type":"Polygon","coordinates":[[[77.387,18.771],[77.255,18.73],[75.412,18.5],[73.396,16.616],[73.409,16.559],[73.494,16.288],[74.376,16.312],[75.067,15.966],[76.103,15.966],[76.91,16.312],[77.225,16.312],[77.31,16.312],[77.485,16.312],[77.922,16.246],[77.997,16.465],[77.174,16.658],[77.071,17.361],[77.387,18.771]]]},"properties":{"NAME":"Bijapur","SUBJECTO":"Bijapur","PARTOF":"Deccan Sultanates","ABBREVN":"Bijapur","BORDERPRECISION":1,"fid":766}},
{"type":"Feature","geometry":{"type":"Polygon","coordinates":[[[77.053,20.811],[77.279,19.622],[75.297,19.41],[74.801,21.109],[74.093,21.109],[72.783,19.95],[72.853,19.245],[72.976,18.539],[73.064,18.032],[73.185,17.517],[73.396,16.616],[75.412,18.5],[77.255,18.73],[77.387,18.771],[78.173,19.013],[78.533,19.124],[78.573,20.438],[77.053,20.811]]]},"properties":{"NAME":"Ahmadnagar","SUBJECTO":"Ahmadnagar","PARTOF":"Deccan Sultanates","ABBREVN":"Ahmadnagar","BORDERPRECISION":1,"fid":767}},
{"type":"Feature","geometry":{"type":"Polygon","coordinates":[[[78.533,19.124],[78.173,19.013],[78.322,17.415],[77.997,16.465],[77.922,16.246],[77.485,16.312],[77.31,16.312],[77.35,15.869],[77.846,14.878],[77.916,13.533],[78.412,12.896],[79.769,11.731],[79.867,11.969],[79.923,12.106],[80.224,12.831],[80.313,13.104],[80.32,13.333],[80.202,13.492],[80.178,13.524],[80.076,13.669],[80.17,13.892],[80.162,14.254],[80.087,14.946],[80.089,15.175],[80.163,15.391],[80.3,15.646],[80.46,15.773],[80.736,15.837],[80.963,15.723],[81.088,15.827],[81.253,16.226],[81.369,16.347],[81.597,16.303],[81.742,16.322],[81.789,16.329],[82.081,16.463],[82.235,16.647],[82.267,16.857],[82.323,17.004],[82.354,17.086],[82.546,17.226],[82.75,17.335],[82.846,17.383],[83.077,17.5],[83.381,17.711],[83.685,18.083],[83.988,18.207],[84.263,18.456],[84.325,18.53],[83.227,18.418],[81.081,17.601],[80.636,17.431],[79.956,17.604],[79.417,17.285],[79.305,17.285],[78.867,18.27],[79.213,18.845],[78.752,19.191],[78.533,19.124]]]},"properties":{"NAME":"Golkonda","SUBJECTO":"Golkonda","PARTOF":"Deccan Sultanates","ABBREVN":"Golkonda","BORDERPRECISION":1,"fid":768}},
{"type":"Feature","geometry":{"type":"Polygon","coordinates":[[[73.494,16.288],[73.508,16.244],[73.573,16.038],[73.841,15.39],[74.032,15.059],[74.153,14.85],[74.377,14.462],[74.402,14.42],[74.421,14.375],[74.703,13.751],[74.734,13.683],[74.778,13.528],[74.962,12.877],[75.211,12.102],[75.591,11.518],[75.652,11.423],[76.075,10.554],[76.248,10.104],[76.294,9.985],[76.385,9.748],[76.467,9.41],[76.538,9.119],[76.662,8.884],[76.704,8.706],[77.341,8.053],[77.419,8.028],[77.484,8.028],[77.589,8.098],[77.619,8.117],[77.663,8.143],[77.734,8.177],[77.848,8.233],[77.9,8.258],[78.065,8.385],[78.136,8.5],[78.181,8.811],[78.314,8.996],[78.66,9.124],[78.798,9.13],[79.16,9.277],[78.938,9.436],[78.927,9.493],[79.072,9.76],[79.222,10.192],[79.306,10.256],[79.501,10.25],[79.79,10.251],[79.826,10.359],[79.732,11.153],[79.711,11.445],[79.725,11.516],[79.769,11.731],[78.412,12.896],[77.916,13.533],[77.846,14.878],[77.35,15.869],[77.31,16.312],[77.225,16.312],[76.91,16.312],[76.103,15.966],[75.067,15.966],[74.376,16.312],[73.494,16.288]]]},"properties":{"NAME":"Vijayanagara","SUBJECTO":"Vijayanagara","PARTOF":"Vijayanagara","ABBREVN":"Vijayanagara","BORDERPRECISION":1,"fid":769}},
{"type":"Feature","geometry":{"type":"Polygon","coordinates":[[[120.67,23.865],[120.937,24.04],[120.582,24.414],[120.579,24.41],[120.572,24.402],[120.559,24.385],[120.545,24.362],[120.511,24.292],[120.508,24.287],[120.476,24.21],[120.472,24.193],[120.427,24.15],[120.421,24.141],[120.363,24.048],[120.352,24.028],[120.67,23.865]]]},"properties":{"NAME":"Middag Kingdom","SUBJECTO":"Manchu Empire","PARTOF":"Middag Kingdom","ABBREVN":"Middag Kingdom","BORDERPRECISION":3,"fid":770}},
{"type":"Feature","geometry":{"type":"Polygon","coordinates":[[[121.382,23.747],[121.454,23.965],[121.603,24.506],[121.701,24.865],[121.445,25.046],[121.165,24.95],[121.042,24.932],[120.905,24.841],[120.903,24.837],[120.872,24.74],[120.865,24.741],[120.86,24.737],[120.751,24.647],[120.698,24.601],[120.695,24.596],[120.666,24.533],[120.657,24.511],[120.651,24.494],[120.643,24.479],[120.629,24.464],[120.594,24.428],[120.582,24.414],[120.937,24.04],[120.67,23.865],[120.681,23.859],[120.489,22.879],[120.656,22.714],[121.007,23.637],[121.382,23.747]]]},"properties":{"BORDERPRECISION":3,"fid":771}},
{"type":"Feature","geometry":{"type":"Polygon","coordinates":[[[121.562,23.785],[121.596,23.9],[121.611,23.983],[121.616,24.034],[121.609,24.042],[121.603,24.056],[121.602,24.061],[121.605,24.081],[121.607,24.086],[121.659,24.185],[121.676,24.205],[121.745,24.286],[121.753,24.293],[121.772,24.302],[121.761,24.324],[121.759,24.329],[121.759,24.335],[121.777,24.414],[121.781,24.426],[121.796,24.448],[121.804,24.456],[121.817,24.464],[121.831,24.471],[121.84,24.476],[121.853,24.534],[121.853,24.564],[121.849,24.592],[121.844,24.606],[121.828,24.614],[121.822,24.622],[121.82,24.627],[121.817,24.637],[121.801,24.745],[121.8,24.757],[121.805,24.79],[121.814,24.835],[121.817,24.848],[121.819,24.853],[121.828,24.867],[121.879,24.929],[121.882,24.933],[121.914,24.96],[121.947,24.976],[121.97,24.985],[121.978,24.987],[121.993,24.994],[121.997,24.997],[122.001,25],[122.002,25.007],[121.999,25.011],[121.882,25.115],[121.789,25.127],[121.735,25.139],[121.681,25.169],[121.637,25.214],[121.617,25.249],[121.611,25.258],[121.607,25.261],[121.598,25.267],[121.583,25.276],[121.567,25.283],[121.559,25.284],[121.518,25.283],[121.512,25.282],[121.481,25.272],[121.476,25.269],[121.443,25.244],[121.435,25.237],[121.398,25.191],[121.395,25.187],[121.395,25.181],[121.397,25.176],[121.444,25.135],[121.441,25.129],[121.418,25.149],[121.409,25.155],[121.397,25.159],[121.391,25.159],[121.385,25.157],[121.376,25.153],[121.372,25.149],[121.363,25.143],[121.339,25.132],[121.311,25.126],[121.276,25.119],[121.224,25.116],[121.195,25.11],[121.063,25.05],[121.058,25.047],[121.009,25.009],[121.002,25.002],[120.959,24.933],[120.951,24.923],[120.921,24.876],[120.905,24.841],[121.042,24.932],[121.165,24.95],[121.445,25.046],[121.701,24.865],[121.603,24.506],[121.454,23.965],[121.382,23.747],[121.562,23.785]]]},"properties":{"BORDERPRECISION":3,"fid":772}},
{"type":"Feature","geometry":{"type":"Polygon","coordinates":[[[100.001,20.459],[99.965,20.42],[99.894,20.388],[99.604,20.361],[99.408,20.284],[99.17,20.13],[98.993,19.862],[98.508,19.72],[98.229,19.712],[98.016,19.749],[97.853,19.563],[97.789,19.398],[97.772,19.03],[97.721,18.801],[97.75,18.617],[97.711,18.509],[97.638,18.508],[97.373,18.449],[97.706,18.051],[97.737,17.969],[97.788,17.575],[97.902,17.513],[98.393,17.084],[98.46,16.938],[98.638,16.65],[99.717,16.841],[100.913,17.545],[100.888,17.6],[100.901,17.822],[100.954,18.02],[101.192,18.726],[101.229,18.91],[101.118,19.5],[101.097,19.551],[100.911,19.531],[100.691,19.44],[100.5,19.439],[100.417,19.509],[100.387,19.674],[100.435,20.036],[100.431,20.226],[100.377,20.302],[100.245,20.384],[100.001,20.459]]]},"properties":{"NAME":"Lan Na","SUBJECTO":"Lan Na","PARTOF":"Lan Na","ABBREVN":"Ayutthaya","BORDERPRECISION":3,"fid":773}},
{"type":"Feature","geometry":{"type":"MultiPolygon","coordinates":[[[[-3.174,54.845],[-3.153,54.838],[-3.43,54.643],[-3.569,54.415],[-3.479,54.275],[-3.261,54.141],[-2.886,54.169],[-2.865,54.028],[-2.98,53.821],[-3.057,53.514],[-2.914,53.267],[-3.33,53.233],[-3.957,53.205],[-4.318,53.091],[-4.492,52.991],[-4.621,52.831],[-4.468,52.811],[-4.148,52.832],[-4.094,52.746],[-4.124,52.373],[-4.295,52.2],[-4.619,52.094],[-5.061,52.006],[-5.249,51.86],[-5.179,51.787],[-4.999,51.702],[-4.159,51.677],[-3.499,51.46],[-3.173,51.467],[-2.75,51.644],[-2.895,51.394],[-3.033,51.33],[-3.066,51.178],[-3.483,51.181],[-3.825,51.235],[-4.281,51.187],[-4.277,51.064],[-4.443,50.969],[-4.552,50.997],[-4.605,50.779],[-4.815,50.604],[-5.017,50.561],[-5.238,50.346],[-5.778,50.134],[-5.429,50.068],[-5.282,49.964],[-4.967,50.212],[-4.541,50.358],[-4.303,50.324],[-4.243,50.391],[-4.004,50.314],[-3.882,50.2],[-3.715,50.219],[-3.563,50.361],[-3.521,50.617],[-3.111,50.657],[-2.961,50.722],[-2.551,50.57],[-2.432,50.646],[-2.024,50.57],[-2.085,50.703],[-1.373,50.766],[-1.103,50.817],[-0.839,50.722],[-0.336,50.817],[-0.204,50.795],[0.192,50.731],[0.673,50.931],[0.888,50.893],[0.886,50.982],[1.335,51.121],[1.365,51.353],[1.189,51.405],[1.03,51.359],[0.804,51.378],[0.254,51.454],[0.686,51.56],[1.031,51.813],[1.512,52.026],[1.657,52.212],[1.692,52.311],[1.586,52.65],[1.376,52.809],[1.013,52.888],[0.742,52.901],[0.505,52.848],[0.327,52.707],[0.006,52.787],[0.251,53.04],[0.268,53.127],[0.175,53.293],[0.081,53.386],[-0.204,53.523],[-0.319,53.579],[-0.235,53.799],[-0.296,54.033],[-0.605,54.3],[-0.871,54.547],[-1.192,54.595],[-1.389,54.68],[-1.556,54.922],[-1.696,55.273],[-1.666,55.38],[-1.719,55.454],[-1.942,55.556],[-2.245,55.811],[-2.297,55.824],[-2.454,55.382],[-2.755,54.916],[-3.174,54.845]]],[[[-6.335,53.786],[-6.443,53.899],[-6.343,53.94],[-6.206,53.957],[-6.072,53.974],[-5.912,54.027],[-5.731,54.175],[-5.662,54.322],[-5.8,54.523],[-5.764,54.657],[-5.785,54.737],[-6.018,55.093],[-6.117,55.16],[-6.279,55.14],[-6.454,55.187],[-6.645,55.206],[-6.997,55.172],[-6.963,55.241],[-7.112,55.315],[-7.334,55.384],[-7.427,55.294],[-7.756,55.253],[-8.118,55.177],[-8.345,55.095],[-8.476,54.88],[-8.504,54.75],[-8.76,54.701],[-8.829,54.634],[-8.211,54.634],[-8.301,54.489],[-8.687,54.364],[-8.59,54.203],[-9.086,54.258],[-9.323,54.275],[-9.474,54.241],[-9.892,54.326],[-9.989,54.254],[-10.16,54.133],[-10.179,53.912],[-9.913,53.97],[-9.696,53.873],[-9.872,53.768],[-9.81,53.632],[-10.151,53.576],[-10.021,53.512],[-10.16,53.374],[-9.885,53.297],[-9.803,53.345],[-9.617,53.346],[-9.441,53.266],[-9.297,53.28],[-9.158,53.221],[-9.002,53.3],[-8.924,53.161],[-8.997,53.12],[-9.309,53.115],[-9.526,52.905],[-9.442,52.833],[-9.616,52.637],[-9.134,52.681],[-9.193,52.554],[-9.504,52.541],[-9.736,52.48],[-9.784,52.341],[-9.802,52.241],[-9.891,52.194],[-10.469,52.207],[-10.497,52.102],[-9.964,52.092],[-10.294,51.978],[-10.217,51.758],[-9.835,51.803],[-9.795,51.605],[-9.819,51.435],[-9.243,51.473],[-8.848,51.6],[-8.565,51.615],[-8.159,51.84],[-7.862,51.968],[-7.751,52.033],[-7.372,52.092],[-6.962,52.111],[-6.894,52.207],[-6.617,52.221],[-6.489,52.194],[-6.406,52.214],[-6.341,52.427],[-6.232,52.613],[-6.071,52.767],[-6.043,52.893],[-6.172,53.439],[-6.335,53.786]]],[[[-5.482,55.443],[-5.518,55.668],[-5.689,55.628],[-5.756,55.477],[-5.698,55.331],[-5.62,55.33],[-5.482,55.443]]],[[[-4.326,53.145],[-4.218,53.2],[-4.153,53.226],[-4.101,53.248],[-4.09,53.255],[-4.046,53.3],[-4.047,53.303],[-4.06,53.306],[-4.11,53.312],[-4.116,53.312],[-4.122,53.312],[-4.127,53.311],[-4.222,53.322],[-4.27,53.389],[-4.277,53.398],[-4.284,53.403],[-4.292,53.407],[-4.314,53.412],[-4.416,53.425],[-4.423,53.425],[-4.429,53.424],[-4.475,53.419],[-4.56,53.397],[-4.567,53.391],[-4.569,53.388],[-4.567,53.273],[-4.494,53.189],[-4.479,53.177],[-4.402,53.126],[-4.351,53.124],[-4.326,53.145]]],[[[-4.784,54.057],[-4.778,54.056],[-4.721,54.076],[-4.705,54.08],[-4.691,54.078],[-4.684,54.077],[-4.624,54.069],[-4.551,54.098],[-4.491,54.127],[-4.471,54.137],[-4.394,54.186],[-4.386,54.196],[-4.322,54.277],[-4.309,54.293],[-4.308,54.297],[-4.308,54.301],[-4.353,54.409],[-4.354,54.411],[-4.36,54.416],[-4.368,54.417],[-4.443,54.398],[-4.485,54.387],[-4.527,54.367],[-4.541,54.356],[-4.553,54.344],[-4.553,54.335],[-4.555,54.331],[-4.578,54.297],[-4.588,54.284],[-4.596,54.274],[-4.602,54.268],[-4.618,54.254],[-4.625,54.249],[-4.641,54.24],[-4.646,54.238],[-4.699,54.219],[-4.71,54.217],[-4.714,54.214],[-4.789,54.067],[-4.789,54.063],[-4.787,54.059],[-4.784,54.057]]]]},"properties":{"NAME":"England and Ireland","SUBJECTO":"England and Ireland","PARTOF":"England and Ireland","ABBREVN":"England and Ireland","BORDERPRECISION":3,"fid":774}},
{"type":"Feature","geometry":{"type":"MultiPolygon","coordinates":[[[[-170.55,-14.298],[-170.546,-14.299],[-170.543,-14.298],[-170.537,-14.289],[-170.54,-14.284],[-170.548,-14.283],[-170.561,-14.288],[-170.556,-14.295],[-170.55,-14.298]]],[[[-170.66,-14.255],[-170.668,-14.256],[-170.682,-14.258],[-170.795,-14.298],[-170.8,-14.301],[-170.809,-14.308],[-170.822,-14.32],[-170.826,-14.325],[-170.822,-14.329],[-170.766,-14.364],[-170.749,-14.374],[-170.744,-14.376],[-170.637,-14.289],[-170.579,-14.279],[-170.563,-14.273],[-170.561,-14.269],[-170.56,-14.266],[-170.566,-14.256],[-170.57,-14.253],[-170.66,-14.255]]],[[[-169.509,-14.277],[-169.444,-14.262],[-169.44,-14.261],[-169.438,-14.257],[-169.439,-14.232],[-169.446,-14.227],[-169.45,-14.226],[-169.515,-14.227],[-169.522,-14.227],[-169.534,-14.23],[-169.536,-14.232],[-169.537,-14.238],[-169.536,-14.243],[-169.522,-14.268],[-169.518,-14.273],[-169.513,-14.276],[-169.509,-14.277]]],[[[-169.623,-14.184],[-169.622,-14.176],[-169.622,-14.169],[-169.626,-14.167],[-169.641,-14.172],[-169.645,-14.176],[-169.644,-14.181],[-169.642,-14.186],[-169.631,-14.191],[-169.626,-14.19],[-169.623,-14.184]]],[[[-169.683,-14.167],[-169.687,-14.166],[-169.691,-14.168],[-169.694,-14.174],[-169.694,-14.185],[-169.693,-14.189],[-169.687,-14.192],[-169.686,-14.192],[-169.681,-14.192],[-169.661,-14.183],[-169.66,-14.181],[-169.66,-14.179],[-169.662,-14.175],[-169.666,-14.173],[-169.683,-14.167]]],[[[-178.721,-20.648],[-178.724,-20.645],[-178.731,-20.646],[-178.733,-20.65],[-178.738,-20.66],[-178.737,-20.666],[-178.733,-20.669],[-178.715,-20.674],[-178.708,-20.674],[-178.706,-20.671],[-178.721,-20.648]]],[[[-178.211,-19.853],[-178.202,-19.844],[-178.2,-19.841],[-178.198,-19.836],[-178.2,-19.831],[-178.204,-19.827],[-178.21,-19.826],[-178.213,-19.827],[-178.222,-19.84],[-178.223,-19.846],[-178.222,-19.851],[-178.216,-19.853],[-178.211,-19.853]]],[[[-178.391,-19.176],[-178.386,-19.159],[-178.386,-19.139],[-178.388,-19.134],[-178.393,-19.131],[-178.399,-19.129],[-178.411,-19.144],[-178.423,-19.173],[-178.425,-19.178],[-178.423,-19.182],[-178.419,-19.185],[-178.397,-19.185],[-178.391,-19.176]]],[[[179.773,-19.123],[179.758,-19.13],[179.754,-19.133],[179.74,-19.182],[179.74,-19.188],[179.747,-19.196],[179.775,-19.197],[179.78,-19.195],[179.794,-19.188],[179.797,-19.184],[179.797,-19.178],[179.789,-19.142],[179.777,-19.125],[179.773,-19.123]]],[[[-178.593,-19.121],[-178.599,-19.129],[-178.601,-19.134],[-178.602,-19.14],[-178.601,-19.146],[-178.597,-19.156],[-178.593,-19.159],[-178.58,-19.168],[-178.556,-19.179],[-178.546,-19.182],[-178.539,-19.182],[-178.551,-19.118],[-178.554,-19.114],[-178.559,-19.112],[-178.564,-19.109],[-178.57,-19.108],[-178.576,-19.109],[-178.586,-19.114],[-178.593,-19.121]]],[[[178.372,-18.932],[178.345,-18.926],[178.339,-18.927],[178.307,-18.936],[178.182,-18.982],[178.178,-18.986],[178.175,-18.99],[178.171,-19],[178.069,-19.066],[177.972,-19.103],[177.968,-19.106],[177.952,-19.125],[177.951,-19.131],[177.953,-19.136],[177.956,-19.141],[177.961,-19.143],[177.999,-19.162],[178.005,-19.163],[178.016,-19.159],[178.033,-19.148],[178.039,-19.148],[178.086,-19.158],[178.094,-19.163],[178.136,-19.138],[178.171,-19.094],[178.169,-19.088],[178.17,-19.075],[178.172,-19.071],[178.188,-19.049],[178.192,-19.046],[178.303,-18.999],[178.307,-18.999],[178.326,-19.003],[178.329,-19.006],[178.328,-19.013],[178.328,-19.028],[178.337,-19.051],[178.342,-19.051],[178.374,-19.053],[178.381,-19.052],[178.417,-19.047],[178.423,-19.046],[178.466,-19.034],[178.486,-19.019],[178.498,-19.009],[178.498,-18.99],[178.496,-18.978],[178.494,-18.973],[178.491,-18.97],[178.468,-18.956],[178.372,-18.932]]],[[[-178.943,-18.925],[-178.949,-18.926],[-178.963,-18.934],[-178.969,-18.942],[-178.972,-18.953],[-178.967,-18.978],[-178.962,-18.987],[-178.959,-18.991],[-178.953,-18.993],[-178.947,-18.994],[-178.937,-18.989],[-178.934,-18.985],[-178.931,-18.974],[-178.931,-18.961],[-178.931,-18.949],[-178.933,-18.937],[-178.939,-18.928],[-178.943,-18.925]]],[[[-179.853,-18.973],[-179.853,-18.967],[-179.848,-18.957],[-179.84,-18.951],[-179.834,-18.949],[-179.827,-18.949],[-179.816,-18.953],[-179.812,-18.956],[-179.809,-18.961],[-179.806,-18.971],[-179.804,-18.984],[-179.803,-18.986],[-179.795,-18.98],[-179.788,-18.973],[-179.782,-18.959],[-179.784,-18.946],[-179.789,-18.937],[-179.817,-18.927],[-179.822,-18.925],[-179.839,-18.923],[-179.845,-18.923],[-179.853,-18.929],[-179.857,-18.938],[-179.866,-18.977],[-179.87,-19.001],[-179.869,-19.005],[-179.865,-19.009],[-179.857,-19.012],[-179.851,-19.013],[-179.853,-18.973]]],[[[178.528,-18.867],[178.526,-18.862],[178.522,-18.86],[178.509,-18.859],[178.504,-18.861],[178.48,-18.88],[178.477,-18.883],[178.472,-18.897],[178.471,-18.91],[178.473,-18.915],[178.497,-18.934],[178.502,-18.935],[178.528,-18.911],[178.534,-18.902],[178.536,-18.898],[178.536,-18.892],[178.528,-18.867]]],[[[-178.477,-18.647],[-178.501,-18.637],[-178.507,-18.635],[-178.517,-18.645],[-178.52,-18.649],[-178.521,-18.654],[-178.521,-18.661],[-178.519,-18.666],[-178.516,-18.671],[-178.512,-18.673],[-178.506,-18.675],[-178.499,-18.675],[-178.486,-18.673],[-178.478,-18.666],[-178.473,-18.658],[-178.473,-18.651],[-178.477,-18.647]]],[[[179.836,-18.582],[179.837,-18.587],[179.839,-18.591],[179.888,-18.638],[179.896,-18.644],[179.908,-18.645],[179.913,-18.642],[179.967,-18.56],[179.97,-18.549],[179.967,-18.544],[179.964,-18.541],[179.95,-18.54],[179.929,-18.54],[179.906,-18.546],[179.881,-18.552],[179.849,-18.567],[179.84,-18.572],[179.837,-18.576],[179.836,-18.582]]],[[[177.636,-18.491],[177.631,-18.492],[177.615,-18.505],[177.613,-18.51],[177.614,-18.516],[177.619,-18.538],[177.637,-18.569],[177.648,-18.586],[177.655,-18.594],[177.66,-18.594],[177.663,-18.59],[177.664,-18.584],[177.664,-18.578],[177.652,-18.51],[177.65,-18.505],[177.645,-18.496],[177.636,-18.491]]],[[[178.127,-18.354],[178.124,-18.357],[178.121,-18.362],[178.109,-18.408],[178.112,-18.412],[178.117,-18.415],[178.128,-18.417],[178.133,-18.417],[178.139,-18.416],[178.15,-18.407],[178.157,-18.378],[178.157,-18.371],[178.156,-18.365],[178.153,-18.361],[178.15,-18.356],[178.145,-18.353],[178.14,-18.352],[178.127,-18.354]]],[[[-178.748,-18.201],[-178.764,-18.188],[-178.773,-18.183],[-178.787,-18.183],[-178.808,-18.183],[-178.819,-18.185],[-178.824,-18.187],[-178.829,-18.19],[-178.843,-18.211],[-178.844,-18.217],[-178.837,-18.224],[-178.812,-18.243],[-178.803,-18.248],[-178.798,-18.25],[-178.792,-18.251],[-178.778,-18.25],[-178.765,-18.248],[-178.76,-18.246],[-178.751,-18.241],[-178.748,-18.237],[-178.745,-18.233],[-178.741,-18.223],[-178.741,-18.216],[-178.742,-18.21],[-178.745,-18.206],[-178.748,-18.201]]],[[[179.246,-18.036],[179.336,-18.121],[179.342,-18.123],[179.352,-18.121],[179.359,-18.114],[179.367,-18.094],[179.368,-18.088],[179.368,-18.082],[179.355,-18.014],[179.353,-18.009],[179.308,-17.948],[179.3,-17.942],[179.292,-17.937],[179.273,-17.936],[179.267,-17.936],[179.243,-17.951],[179.236,-17.968],[179.243,-18.025],[179.246,-18.036]]],[[[-178.991,-17.951],[-179.002,-17.94],[-179.017,-17.927],[-179.021,-17.924],[-179.027,-17.923],[-179.048,-17.924],[-179.059,-17.928],[-179.068,-17.933],[-179.078,-17.944],[-179.079,-17.95],[-179.076,-17.955],[-179.071,-17.963],[-179.06,-17.974],[-179.029,-17.992],[-179.024,-17.995],[-179.018,-17.996],[-179.012,-17.995],[-178.996,-17.99],[-178.993,-17.987],[-178.99,-17.98],[-178.988,-17.974],[-178.989,-17.956],[-178.991,-17.951]]],[[[-178.324,-17.883],[-178.335,-17.886],[-178.348,-17.894],[-178.351,-17.898],[-178.354,-17.909],[-178.358,-17.926],[-178.357,-17.931],[-178.355,-17.936],[-178.34,-17.956],[-178.331,-17.961],[-178.319,-17.963],[-178.301,-17.966],[-178.287,-17.966],[-178.263,-17.961],[-178.248,-17.955],[-178.244,-17.952],[-178.241,-17.947],[-178.239,-17.943],[-178.238,-17.932],[-178.239,-17.926],[-178.244,-17.918],[-178.256,-17.908],[-178.265,-17.902],[-178.298,-17.885],[-178.31,-17.883],[-178.324,-17.883]]],[[[179.422,-17.848],[179.429,-17.841],[179.43,-17.828],[179.421,-17.797],[179.416,-17.788],[179.397,-17.785],[179.393,-17.786],[179.386,-17.794],[179.396,-17.822],[179.408,-17.845],[179.412,-17.848],[179.417,-17.851],[179.422,-17.848]]],[[[-179.288,-17.781],[-179.285,-17.777],[-179.283,-17.772],[-179.282,-17.767],[-179.282,-17.76],[-179.285,-17.741],[-179.288,-17.737],[-179.292,-17.734],[-179.302,-17.73],[-179.313,-17.726],[-179.319,-17.728],[-179.326,-17.735],[-179.333,-17.75],[-179.335,-17.761],[-179.333,-17.767],[-179.331,-17.772],[-179.298,-17.785],[-179.293,-17.784],[-179.288,-17.781]]],[[[178.833,-17.627],[178.828,-17.624],[178.817,-17.621],[178.81,-17.621],[178.792,-17.621],[178.778,-17.629],[178.761,-17.639],[178.757,-17.643],[178.751,-17.651],[178.749,-17.656],[178.744,-17.673],[178.748,-17.72],[178.772,-17.754],[178.82,-17.743],[178.838,-17.732],[178.85,-17.715],[178.853,-17.705],[178.854,-17.688],[178.853,-17.67],[178.85,-17.659],[178.836,-17.631],[178.833,-17.627]]],[[[-179.148,-17.478],[-179.142,-17.477],[-179.133,-17.472],[-179.13,-17.468],[-179.128,-17.463],[-179.127,-17.456],[-179.128,-17.45],[-179.143,-17.431],[-179.153,-17.43],[-179.168,-17.43],[-179.179,-17.433],[-179.182,-17.437],[-179.183,-17.45],[-179.173,-17.468],[-179.166,-17.475],[-179.162,-17.478],[-179.148,-17.478]]],[[[178.176,-18.242],[178.182,-18.234],[178.194,-18.218],[178.219,-18.193],[178.231,-18.19],[178.244,-18.189],[178.273,-18.147],[178.339,-18.12],[178.349,-18.116],[178.396,-18.104],[178.401,-18.104],[178.532,-18.092],[178.553,-18.097],[178.557,-18.1],[178.561,-18.116],[178.588,-18.135],[178.661,-18.09],[178.678,-18.078],[178.681,-18.074],[178.692,-18.057],[178.697,-18.047],[178.693,-18.025],[178.621,-17.894],[178.598,-17.784],[178.595,-17.694],[178.599,-17.682],[178.601,-17.671],[178.601,-17.658],[178.598,-17.643],[178.591,-17.636],[178.372,-17.475],[178.303,-17.43],[178.281,-17.403],[178.282,-17.39],[178.28,-17.378],[178.271,-17.349],[178.269,-17.344],[178.244,-17.326],[178.24,-17.323],[178.217,-17.31],[178.193,-17.301],[178.189,-17.304],[178.187,-17.323],[178.171,-17.342],[178.125,-17.358],[177.959,-17.409],[177.954,-17.411],[177.946,-17.411],[177.898,-17.408],[177.833,-17.396],[177.835,-17.386],[177.835,-17.38],[177.834,-17.373],[177.831,-17.363],[177.825,-17.363],[177.82,-17.365],[177.625,-17.445],[177.519,-17.504],[177.51,-17.509],[177.388,-17.633],[177.385,-17.651],[177.387,-17.663],[177.39,-17.667],[177.42,-17.681],[177.422,-17.685],[177.424,-17.691],[177.432,-17.737],[177.433,-17.744],[177.432,-17.757],[177.43,-17.762],[177.371,-17.812],[177.294,-17.848],[177.279,-17.854],[177.275,-17.857],[177.259,-17.87],[177.257,-17.874],[177.248,-17.956],[177.249,-17.963],[177.259,-17.998],[177.299,-18.079],[177.33,-18.116],[177.333,-18.119],[177.473,-18.163],[177.516,-18.153],[177.606,-18.174],[177.612,-18.176],[177.616,-18.178],[177.62,-18.182],[177.864,-18.264],[177.96,-18.268],[178.019,-18.268],[178.155,-18.257],[178.16,-18.255],[178.165,-18.252],[178.176,-18.242]]],[[[177.1,-17.315],[177.112,-17.314],[177.117,-17.312],[177.143,-17.296],[177.158,-17.268],[177.158,-17.265],[177.146,-17.25],[177.142,-17.248],[177.111,-17.258],[177.1,-17.271],[177.1,-17.315]]],[[[-179.116,-17.268],[-179.118,-17.262],[-179.121,-17.259],[-179.147,-17.248],[-179.153,-17.247],[-179.158,-17.248],[-179.163,-17.251],[-179.163,-17.257],[-179.161,-17.269],[-179.157,-17.279],[-179.153,-17.282],[-179.148,-17.284],[-179.142,-17.285],[-179.129,-17.284],[-179.124,-17.282],[-179.12,-17.278],[-179.118,-17.273],[-179.116,-17.268]]],[[[179.442,-17.248],[179.433,-17.242],[179.419,-17.243],[179.357,-17.259],[179.358,-17.263],[179.371,-17.296],[179.379,-17.316],[179.384,-17.35],[179.384,-17.366],[179.383,-17.4],[179.399,-17.394],[179.424,-17.376],[179.427,-17.373],[179.441,-17.343],[179.444,-17.333],[179.448,-17.316],[179.45,-17.303],[179.447,-17.257],[179.445,-17.251],[179.442,-17.248]]],[[[-178.909,-17.218],[-178.909,-17.213],[-178.922,-17.198],[-179.008,-17.151],[-179.015,-17.151],[-179.02,-17.153],[-179.011,-17.182],[-178.986,-17.318],[-178.975,-17.298],[-178.973,-17.291],[-178.971,-17.289],[-178.941,-17.26],[-178.929,-17.261],[-178.925,-17.257],[-178.923,-17.253],[-178.909,-17.218]]],[[[177.208,-17.089],[177.187,-17.117],[177.178,-17.144],[177.177,-17.161],[177.177,-17.164],[177.188,-17.167],[177.199,-17.17],[177.264,-17.124],[177.27,-17.116],[177.276,-17.108],[177.282,-17.096],[177.289,-17.081],[177.291,-17.076],[177.291,-17.069],[177.288,-17.059],[177.285,-17.055],[177.281,-17.052],[177.246,-17.056],[177.24,-17.057],[177.236,-17.059],[177.208,-17.089]]],[[[178.34,-16.831],[178.339,-16.825],[178.331,-16.801],[178.33,-16.796],[178.325,-16.794],[178.277,-16.789],[178.274,-16.793],[178.277,-16.825],[178.279,-16.83],[178.282,-16.834],[178.287,-16.836],[178.294,-16.837],[178.333,-16.836],[178.338,-16.835],[178.34,-16.831]]],[[[179.893,-16.946],[179.885,-16.959],[179.882,-16.964],[179.883,-16.97],[179.887,-16.974],[179.919,-16.999],[179.929,-17.006],[179.947,-17.003],[179.957,-16.999],[179.985,-16.983],[180,-16.966],[180,-16.787],[179.969,-16.853],[179.959,-16.871],[179.954,-16.88],[179.947,-16.887],[179.932,-16.901],[179.904,-16.93],[179.893,-16.946]]],[[[-179.821,-16.781],[-179.853,-16.693],[-179.862,-16.68],[-179.868,-16.679],[-179.89,-16.686],[-179.895,-16.688],[-179.93,-16.71],[-179.939,-16.716],[-180,-16.787],[-180,-16.966],[-179.993,-16.955],[-179.988,-16.947],[-179.936,-16.9],[-179.902,-16.876],[-179.821,-16.781]]],[[[177.571,-16.698],[177.567,-16.709],[177.558,-16.722],[177.477,-16.796],[177.431,-16.844],[177.443,-16.838],[177.522,-16.79],[177.574,-16.736],[177.584,-16.719],[177.594,-16.699],[177.594,-16.693],[177.593,-16.688],[177.584,-16.683],[177.566,-16.678],[177.56,-16.677],[177.561,-16.68],[177.564,-16.684],[177.567,-16.688],[177.571,-16.698]]],[[[179.943,-16.652],[179.949,-16.644],[179.951,-16.638],[179.951,-16.624],[179.95,-16.618],[179.948,-16.613],[179.917,-16.626],[179.884,-16.658],[179.887,-16.66],[179.914,-16.662],[179.929,-16.659],[179.939,-16.654],[179.943,-16.652]]],[[[180,-16.494],[179.995,-16.496],[179.986,-16.502],[179.984,-16.506],[179.982,-16.511],[179.981,-16.524],[179.982,-16.531],[179.985,-16.535],[179.988,-16.538],[179.995,-16.539],[180,-16.538],[180,-16.494]]],[[[-179.971,-16.459],[-179.989,-16.477],[-179.998,-16.489],[-180,-16.494],[-180,-16.538],[-179.976,-16.535],[-179.97,-16.534],[-179.932,-16.521],[-179.927,-16.519],[-179.894,-16.435],[-179.896,-16.431],[-179.902,-16.429],[-179.915,-16.432],[-179.945,-16.444],[-179.949,-16.447],[-179.971,-16.459]]],[[[179.569,-16.758],[179.56,-16.764],[179.547,-16.765],[179.539,-16.765],[179.493,-16.762],[179.479,-16.701],[179.484,-16.693],[179.592,-16.54],[179.653,-16.502],[179.675,-16.495],[179.689,-16.488],[179.738,-16.459],[179.747,-16.453],[179.754,-16.446],[179.757,-16.442],[179.81,-16.361],[179.853,-16.291],[179.892,-16.245],[179.898,-16.237],[179.958,-16.197],[179.98,-16.184],[179.993,-16.176],[180,-16.173],[180,-16.155],[179.968,-16.152],[179.961,-16.153],[179.956,-16.156],[179.916,-16.179],[179.871,-16.206],[179.842,-16.207],[179.771,-16.204],[179.673,-16.228],[179.503,-16.274],[179.463,-16.292],[179.401,-16.349],[179.392,-16.382],[179.403,-16.399],[179.404,-16.403],[179.404,-16.41],[179.401,-16.413],[179.332,-16.413],[179.299,-16.413],[179.235,-16.407],[179.229,-16.398],[179.224,-16.397],[178.982,-16.47],[178.926,-16.499],[178.93,-16.503],[178.928,-16.515],[178.926,-16.52],[178.897,-16.548],[178.894,-16.552],[178.889,-16.555],[178.863,-16.567],[178.827,-16.575],[178.777,-16.599],[178.773,-16.602],[178.746,-16.624],[178.74,-16.632],[178.732,-16.646],[178.708,-16.675],[178.696,-16.674],[178.684,-16.671],[178.6,-16.644],[178.595,-16.642],[178.528,-16.707],[178.478,-16.759],[178.476,-16.764],[178.479,-16.782],[178.486,-16.798],[178.489,-16.803],[178.492,-16.806],[178.502,-16.811],[178.518,-16.816],[178.525,-16.816],[178.544,-16.814],[178.552,-16.808],[178.625,-16.836],[178.671,-16.922],[178.679,-16.962],[178.682,-16.973],[178.69,-16.992],[178.697,-17],[178.7,-17.003],[178.71,-17.007],[178.727,-17.012],[178.747,-17.012],[178.754,-17.011],[178.759,-17.009],[178.788,-16.99],[178.796,-16.984],[178.81,-16.95],[178.811,-16.932],[178.812,-16.926],[178.809,-16.914],[178.81,-16.908],[178.87,-16.861],[178.907,-16.855],[178.944,-16.879],[178.948,-16.889],[178.95,-16.894],[178.955,-16.904],[178.959,-16.906],[179.019,-16.927],[179.024,-16.925],[179.07,-16.893],[179.072,-16.888],[179.074,-16.883],[179.04,-16.875],[179.037,-16.879],[179.033,-16.889],[179.026,-16.897],[179.021,-16.898],[179.016,-16.895],[179.016,-16.89],[179.046,-16.808],[179.049,-16.804],[179.053,-16.801],[179.168,-16.724],[179.206,-16.705],[179.266,-16.691],[179.272,-16.691],[179.278,-16.693],[179.349,-16.732],[179.356,-16.739],[179.356,-16.752],[179.355,-16.757],[179.352,-16.761],[179.348,-16.764],[179.344,-16.767],[179.334,-16.771],[179.332,-16.802],[179.409,-16.811],[179.572,-16.801],[179.663,-16.74],[179.71,-16.73],[179.746,-16.726],[179.779,-16.727],[179.811,-16.735],[179.845,-16.744],[179.853,-16.756],[179.855,-16.761],[179.866,-16.772],[179.871,-16.773],[179.898,-16.771],[179.902,-16.769],[179.937,-16.754],[179.945,-16.75],[179.952,-16.742],[179.951,-16.736],[179.887,-16.671],[179.878,-16.666],[179.871,-16.665],[179.874,-16.637],[179.901,-16.577],[179.924,-16.536],[179.927,-16.533],[179.947,-16.517],[179.95,-16.513],[179.952,-16.508],[179.946,-16.475],[179.944,-16.469],[179.942,-16.464],[179.937,-16.462],[179.932,-16.461],[179.918,-16.468],[179.852,-16.509],[179.813,-16.541],[179.752,-16.591],[179.715,-16.625],[179.643,-16.691],[179.616,-16.721],[179.569,-16.758]]],[[[-169.894,-19.146],[-169.888,-19.144],[-169.859,-19.131],[-169.85,-19.126],[-169.824,-19.111],[-169.798,-19.087],[-169.781,-19.068],[-169.782,-19.063],[-169.813,-18.972],[-169.818,-18.968],[-169.869,-18.964],[-169.885,-18.963],[-169.895,-18.97],[-169.929,-19.011],[-169.932,-19.017],[-169.953,-19.07],[-169.951,-19.076],[-169.931,-19.124],[-169.894,-19.146]]],[[[-174.975,-21.366],[-174.974,-21.391],[-174.966,-21.418],[-174.934,-21.446],[-174.924,-21.452],[-174.917,-21.454],[-174.911,-21.427],[-174.911,-21.306],[-174.935,-21.325],[-174.971,-21.354],[-174.974,-21.359],[-174.975,-21.366]]],[[[-175.052,-21.162],[-175.046,-21.152],[-175.046,-21.146],[-175.047,-21.139],[-175.05,-21.134],[-175.061,-21.127],[-175.067,-21.125],[-175.073,-21.124],[-175.094,-21.125],[-175.107,-21.128],[-175.119,-21.133],[-175.123,-21.135],[-175.129,-21.145],[-175.132,-21.155],[-175.132,-21.163],[-175.135,-21.173],[-175.142,-21.179],[-175.146,-21.178],[-175.152,-21.176],[-175.277,-21.125],[-175.305,-21.074],[-175.302,-21.071],[-175.302,-21.068],[-175.305,-21.065],[-175.312,-21.064],[-175.316,-21.065],[-175.339,-21.073],[-175.343,-21.077],[-175.351,-21.086],[-175.355,-21.091],[-175.359,-21.099],[-175.361,-21.103],[-175.358,-21.129],[-175.357,-21.134],[-175.351,-21.143],[-175.336,-21.162],[-175.324,-21.174],[-175.314,-21.18],[-175.186,-21.253],[-175.145,-21.268],[-175.135,-21.268],[-175.124,-21.264],[-175.118,-21.26],[-175.052,-21.162]]],[[[-174.768,-20.278],[-174.761,-20.276],[-174.758,-20.273],[-174.756,-20.264],[-174.757,-20.242],[-174.76,-20.237],[-174.766,-20.235],[-174.779,-20.231],[-174.786,-20.232],[-174.792,-20.235],[-174.795,-20.239],[-174.796,-20.245],[-174.788,-20.266],[-174.785,-20.272],[-174.778,-20.276],[-174.768,-20.278]]],[[[-174.419,-19.928],[-174.414,-19.927],[-174.393,-19.905],[-174.389,-19.901],[-174.387,-19.894],[-174.388,-19.887],[-174.391,-19.882],[-174.396,-19.881],[-174.401,-19.884],[-174.405,-19.888],[-174.42,-19.906],[-174.423,-19.91],[-174.424,-19.915],[-174.423,-19.928],[-174.419,-19.928]]],[[[-174.319,-19.822],[-174.314,-19.817],[-174.312,-19.811],[-174.306,-19.772],[-174.31,-19.767],[-174.316,-19.764],[-174.323,-19.764],[-174.326,-19.768],[-174.354,-19.806],[-174.355,-19.812],[-174.353,-19.816],[-174.348,-19.819],[-174.333,-19.825],[-174.327,-19.825],[-174.319,-19.822]]],[[[-175.078,-19.708],[-175.082,-19.706],[-175.087,-19.708],[-175.09,-19.712],[-175.098,-19.741],[-175.099,-19.75],[-175.091,-19.768],[-175.086,-19.783],[-175.084,-19.786],[-175.081,-19.789],[-175.077,-19.794],[-175.07,-19.799],[-175.063,-19.801],[-175.057,-19.801],[-175.051,-19.799],[-175.048,-19.796],[-175.044,-19.792],[-175.042,-19.788],[-175.043,-19.781],[-175.044,-19.759],[-175.05,-19.728],[-175.055,-19.722],[-175.059,-19.718],[-175.078,-19.708]]],[[[-174.263,-19.745],[-174.249,-19.707],[-174.248,-19.697],[-174.251,-19.692],[-174.256,-19.688],[-174.262,-19.691],[-174.305,-19.737],[-174.307,-19.741],[-174.305,-19.745],[-174.299,-19.749],[-174.293,-19.751],[-174.279,-19.754],[-174.273,-19.753],[-174.266,-19.75],[-174.263,-19.745]]],[[[-175.015,-19.652],[-175.019,-19.654],[-175.025,-19.66],[-175.031,-19.668],[-175.036,-19.677],[-175.036,-19.679],[-175.035,-19.684],[-175.034,-19.687],[-175.032,-19.689],[-175.026,-19.692],[-175.021,-19.692],[-175.018,-19.691],[-175.014,-19.686],[-175.004,-19.664],[-175.003,-19.66],[-175.003,-19.657],[-175.006,-19.652],[-175.011,-19.651],[-175.015,-19.652]]],[[[-174.28,-19.593],[-174.286,-19.591],[-174.292,-19.594],[-174.294,-19.601],[-174.294,-19.607],[-174.291,-19.619],[-174.282,-19.634],[-174.274,-19.643],[-174.261,-19.652],[-174.25,-19.657],[-174.244,-19.656],[-174.241,-19.654],[-174.239,-19.651],[-174.239,-19.647],[-174.242,-19.643],[-174.28,-19.593]]],[[[-174.65,-18.783],[-174.656,-18.784],[-174.665,-18.787],[-174.671,-18.79],[-174.674,-18.794],[-174.675,-18.804],[-174.673,-18.813],[-174.667,-18.826],[-174.654,-18.83],[-174.647,-18.83],[-174.639,-18.827],[-174.63,-18.823],[-174.624,-18.814],[-174.623,-18.809],[-174.624,-18.807],[-174.646,-18.786],[-174.65,-18.783]]],[[[-174.074,-18.681],[-174.08,-18.681],[-174.086,-18.684],[-174.094,-18.691],[-174.098,-18.696],[-174.096,-18.701],[-174.09,-18.703],[-174.067,-18.706],[-174.061,-18.705],[-174.062,-18.699],[-174.066,-18.687],[-174.069,-18.682],[-174.074,-18.681]]],[[[-174.041,-18.68],[-174.043,-18.681],[-174.045,-18.684],[-174.044,-18.687],[-174.035,-18.714],[-174.033,-18.716],[-174.024,-18.72],[-174.02,-18.717],[-174.016,-18.712],[-174.015,-18.705],[-174.019,-18.694],[-174.03,-18.684],[-174.038,-18.681],[-174.041,-18.68]]],[[[-174.124,-18.678],[-174.126,-18.683],[-174.128,-18.69],[-174.128,-18.697],[-174.128,-18.703],[-174.124,-18.704],[-174.09,-18.674],[-174.087,-18.67],[-174.085,-18.666],[-174.091,-18.664],[-174.106,-18.667],[-174.116,-18.671],[-174.124,-18.678]]],[[[-174.07,-18.639],[-174.064,-18.656],[-174.062,-18.662],[-174.054,-18.67],[-173.987,-18.684],[-173.911,-18.638],[-173.907,-18.633],[-173.906,-18.627],[-173.908,-18.621],[-173.917,-18.6],[-173.932,-18.575],[-173.936,-18.571],[-173.939,-18.569],[-173.968,-18.568],[-173.989,-18.571],[-173.996,-18.573],[-174.001,-18.576],[-174.006,-18.58],[-174.013,-18.59],[-174.017,-18.603],[-174.023,-18.614],[-174.027,-18.619],[-174.033,-18.621],[-174.041,-18.621],[-174.049,-18.621],[-174.057,-18.621],[-174.062,-18.624],[-174.068,-18.626],[-174.071,-18.633],[-174.07,-18.639]]],[[[-175.679,-15.615],[-175.67,-15.624],[-175.666,-15.627],[-175.655,-15.63],[-175.645,-15.629],[-175.636,-15.625],[-175.612,-15.604],[-175.609,-15.601],[-175.607,-15.585],[-175.609,-15.571],[-175.617,-15.563],[-175.621,-15.561],[-175.627,-15.56],[-175.668,-15.566],[-175.672,-15.569],[-175.678,-15.576],[-175.684,-15.59],[-175.685,-15.594],[-175.683,-15.608],[-175.679,-15.615]]],[[[-178.141,-14.316],[-178.134,-14.318],[-178.061,-14.324],[-178.043,-14.319],[-178.042,-14.317],[-178.045,-14.314],[-178.125,-14.25],[-178.13,-14.247],[-178.178,-14.233],[-178.186,-14.232],[-178.189,-14.236],[-178.191,-14.243],[-178.188,-14.256],[-178.181,-14.273],[-178.178,-14.278],[-178.171,-14.288],[-178.154,-14.308],[-178.141,-14.316]]],[[[-176.168,-13.353],[-176.165,-13.353],[-176.161,-13.353],[-176.144,-13.347],[-176.141,-13.344],[-176.139,-13.338],[-176.121,-13.263],[-176.122,-13.256],[-176.124,-13.251],[-176.146,-13.218],[-176.15,-13.214],[-176.156,-13.214],[-176.161,-13.216],[-176.178,-13.232],[-176.183,-13.244],[-176.186,-13.258],[-176.191,-13.287],[-176.188,-13.314],[-176.177,-13.341],[-176.17,-13.351],[-176.168,-13.353]]],[[[-171.465,-14.053],[-171.442,-14.058],[-171.43,-14.02],[-171.429,-14.013],[-171.429,-14.005],[-171.432,-13.999],[-171.442,-13.986],[-171.446,-13.982],[-171.619,-13.879],[-171.748,-13.832],[-171.822,-13.808],[-171.884,-13.806],[-171.907,-13.807],[-172.028,-13.839],[-172.031,-13.841],[-172.058,-13.865],[-172.062,-13.869],[-172.065,-13.874],[-172.065,-13.882],[-172.06,-13.9],[-172.057,-13.906],[-172.053,-13.911],[-172.048,-13.914],[-171.911,-14.013],[-171.768,-14.036],[-171.648,-14.05],[-171.589,-14.053],[-171.546,-14.05],[-171.524,-14.048],[-171.517,-14.048],[-171.48,-14.051],[-171.465,-14.053]]],[[[-172.223,-13.563],[-172.286,-13.486],[-172.29,-13.482],[-172.299,-13.474],[-172.304,-13.471],[-172.311,-13.469],[-172.348,-13.461],[-172.361,-13.461],[-172.391,-13.464],[-172.475,-13.48],[-172.552,-13.497],[-172.596,-13.509],[-172.655,-13.519],[-172.729,-13.513],[-172.736,-13.509],[-172.742,-13.508],[-172.753,-13.509],[-172.758,-13.511],[-172.77,-13.516],[-172.775,-13.519],[-172.779,-13.527],[-172.78,-13.53],[-172.781,-13.533],[-172.78,-13.54],[-172.773,-13.55],[-172.753,-13.572],[-172.75,-13.576],[-172.691,-13.626],[-172.59,-13.74],[-172.574,-13.766],[-172.533,-13.801],[-172.527,-13.804],[-172.519,-13.805],[-172.509,-13.807],[-172.489,-13.807],[-172.483,-13.807],[-172.393,-13.792],[-172.262,-13.802],[-172.258,-13.806],[-172.252,-13.808],[-172.225,-13.809],[-172.214,-13.808],[-172.211,-13.805],[-172.168,-13.691],[-172.168,-13.684],[-172.169,-13.678],[-172.193,-13.613],[-172.203,-13.592],[-172.223,-13.563]]]]},"properties":{"NAME":"Tuʻi Tonga Empire","SUBJECTO":"Tuʻi Tonga Empire","PARTOF":"Tuʻi Tonga Empire","ABBREVN":"Tuʻi Tonga Empire","BORDERPRECISION":3,"fid":775}},
{"type":"Feature","geometry":{"type":"Polygon","coordinates":[[[-109.241,-27.133],[-109.236,-27.131],[-109.224,-27.121],[-109.218,-27.112],[-109.217,-27.106],[-109.218,-27.099],[-109.221,-27.096],[-109.366,-27.063],[-109.371,-27.064],[-109.391,-27.067],[-109.396,-27.068],[-109.409,-27.084],[-109.416,-27.093],[-109.421,-27.102],[-109.423,-27.108],[-109.445,-27.175],[-109.447,-27.181],[-109.449,-27.193],[-109.447,-27.198],[-109.442,-27.201],[-109.428,-27.202],[-109.416,-27.193],[-109.389,-27.177],[-109.334,-27.151],[-109.322,-27.149],[-109.291,-27.15],[-109.241,-27.133]]]},"properties":{"NAME":"Polynesians","SUBJECTO":"Polynesians","PARTOF":"Polynesians","ABBREVN":"Polynesians","BORDERPRECISION":3,"fid":776}},
{"type":"Feature","geometry":{"type":"MultiPolygon","coordinates":[[[[113.95,22.303],[113.902,22.291],[113.858,22.258],[113.836,22.214],[113.867,22.197],[113.904,22.219],[113.932,22.206],[113.955,22.234],[113.989,22.215],[114.022,22.228],[114.031,22.31],[114.046,22.34],[113.95,22.303]]],[[[114.029,22.508],[114.042,22.499],[113.981,22.469],[113.901,22.407],[113.925,22.367],[113.947,22.366],[114.008,22.372],[114.087,22.361],[114.102,22.329],[114.144,22.331],[114.161,22.314],[114.153,22.299],[114.116,22.278],[114.128,22.254],[114.099,22.217],[114.134,22.172],[114.207,22.222],[114.216,22.192],[114.231,22.222],[114.263,22.204],[114.259,22.222],[114.329,22.272],[114.398,22.396],[114.413,22.437],[114.358,22.505],[114.309,22.554],[114.219,22.551],[114.166,22.561],[114.084,22.528],[114.029,22.508]]]]},"properties":{"NAME":"Hong Kong","SUBJECTO":"Hong Kong","PARTOF":"Hong Kong","ABBREVN":"Hong Kong","BORDERPRECISION":3,"fid":777}}
]}